month,model_family,vehicle_class,model_year_latest,fleet_vehicle_days,booked_vehicle_days,revenue_krw,reservation_count,unique_joined_users,avg_reservation_price_krw,utilization_rate,revenue_per_fleet_day,family_month_revenue_krw,family_revenue_share
2025-01,BMW 420i,IMPORTED,2022.0,124,9.48263888888889,743041.2798301694,4.0,4.0,194093.75,0.0764728942652329,5992.268385727172,1810795.2659653511,0.4103397517079587
2025-01,BMW 420i,IMPORTED,2024.0,155,16.430555555555557,1067753.986135182,7.0,2.0,154235.7142857143,0.1060035842293906,6888.735394420529,1810795.2659653511,0.5896602482920412
2025-01,BMW Z4 로드스터,IMPORTED,2021.0,62,5.145833333333333,539100.0,2.0,0.0,269550.0,0.0829973118279569,8695.161290322581,539100.0,1.0
2025-01,EV3,EV,2025.0,93,6.75,281090.0,4.0,2.0,70272.5,0.0725806451612903,3022.47311827957,281090.0,1.0
2025-01,EV6,EV,2022.0,651,29.444444444444443,1179818.289749405,14.0,5.0,97128.57142857143,0.0452295613585936,1812.3168813354916,1179818.289749405,1.0
2025-01,G80,LUXURY,2019.0,62,0.0,0.0,0.0,0.0,,0.0,0.0,2787530.3508771933,0.0
2025-01,G80,LUXURY,2021.0,93,0.0,0.0,0.0,0.0,,0.0,0.0,2787530.3508771933,0.0
2025-01,G80,LUXURY,2024.0,93,10.145833333333334,685540.0,5.0,2.0,140628.0,0.109094982078853,7371.397849462365,2787530.3508771933,0.2459309545398388
2025-01,G80,LUXURY,2025.0,124,23.006944444444443,2101990.3508771933,12.0,2.0,177554.16666666666,0.1855398745519713,16951.5350877193,2787530.3508771933,0.7540690454601612
2025-01,GV70,SUV,2021.0,124,4.979166666666666,362815.5555555555,2.0,2.0,192470.0,0.0401545698924731,2925.9318996415773,1355375.5555555555,0.2676863649107505
2025-01,GV70,SUV,2023.0,155,13.147916666666667,992560.0,5.0,2.0,198512.0,0.0848252688172043,6403.612903225807,1355375.5555555555,0.7323136350892496
2025-01,GV80,SUV,2021.0,93,10.631944444444445,797424.0532590025,7.0,1.0,131930.0,0.1143219832735961,8574.452185580672,2547545.118913902,0.313016655657494
2025-01,GV80,SUV,2023.0,124,2.756944444444444,268090.0,1.0,1.0,268090.0,0.022233422939068,2162.016129032258,2547545.118913902,0.1052346425622071
2025-01,GV80,SUV,2025.0,116,13.434722222222222,1482031.0656548992,8.0,5.0,223956.25,0.115816570881226,12776.12987633534,2547545.118913902,0.5817487017802987
2025-01,K3,COMPACT,2018.0,62,0.0,0.0,0.0,0.0,,0.0,0.0,2345823.862228706,0.0
2025-01,K3,COMPACT,2019.0,372,0.0,0.0,0.0,0.0,,0.0,0.0,2345823.862228706,0.0
2025-01,K3,COMPACT,2020.0,310,0.0,0.0,0.0,0.0,,0.0,0.0,2345823.862228706,0.0
2025-01,K3,COMPACT,2021.0,310,12.194444444444445,331445.0,6.0,2.0,67068.33333333333,0.039336917562724,1069.1774193548388,2345823.862228706,0.1412915118380212
2025-01,K3,COMPACT,2022.0,775,31.208333333333332,771728.705978706,12.0,2.0,67312.5,0.040268817204301,995.7789754563948,2345823.862228706,0.3289798174554788
2025-01,K3,COMPACT,2024.0,310,39.96527777777778,1242650.15625,22.0,9.0,57046.13636363636,0.1289202508960573,4008.548891129032,2345823.862228706,0.5297286707064999
2025-01,K5,MIDSIZE,2020.0,775,8.694444444444445,311773.9294117647,4.0,2.0,98007.5,0.0112186379928315,402.2889411764706,2129266.864234126,0.1464231349525586
2025-01,K5,MIDSIZE,2021.0,310,8.458333333333334,254935.00000000003,3.0,1.0,84978.33333333333,0.0272849462365591,822.3709677419356,2129266.864234126,0.1197290035749921
2025-01,K5,MIDSIZE,2022.0,527,10.381944444444445,421906.2643678161,6.0,3.0,74072.5,0.0197000843348091,800.5811468080002,2129266.864234126,0.1981462593790803
2025-01,K5,MIDSIZE,2024.0,558,24.69097222222222,1140651.6704545454,16.0,6.0,78192.8125,0.0442490541616885,2044.178620886282,2129266.864234126,0.535701602093369
2025-01,K8,LUXURY,2021.0,186,7.0625,396820.0,3.0,2.0,132273.33333333334,0.0379704301075268,2133.440860215054,835095.0,0.4751794705991534
2025-01,K8,LUXURY,2023.0,93,8.9375,438275.0,3.0,1.0,146091.66666666666,0.0961021505376344,4712.634408602151,835095.0,0.5248205294008466
2025-01,QM6,SUV,2020.0,124,0.0,0.0,0.0,0.0,,0.0,0.0,216099.99999999997,0.0
2025-01,QM6,SUV,2021.0,93,4.8125,216099.99999999997,1.0,0.0,216100.0,0.0517473118279569,2323.6559139784945,216099.99999999997,1.0
2025-01,SM6,MIDSIZE,2020.0,62,0.0,0.0,0.0,0.0,,0.0,0.0,0.0,
2025-01,XM3,SUV,2022.0,62,2.25,119985.0,1.0,1.0,119985.0,0.0362903225806451,1935.241935483871,119985.0,1.0
2025-01,그랜져IG,LUXURY,2019.0,155,0.0,0.0,0.0,0.0,,0.0,0.0,0.0,
2025-01,니로 하이브리드,SUV,2022.0,248,3.3125,145000.0,1.0,0.0,145000.0,0.0133568548387096,584.6774193548387,145000.0,1.0
2025-01,더 뉴 K7,LUXURY,2021.0,124,11.854166666666666,741235.0,4.0,2.0,185308.75,0.0955981182795698,5977.701612903225,741235.0,1.0
2025-01,더 뉴 그랜저,LUXURY,2020.0,217,5.194444444444445,255480.5063291139,2.0,1.0,162627.5,0.0239375320020481,1177.3295222539812,255480.5063291139,1.0
2025-01,더 뉴 셀토스,SUV,2024.0,341,33.763888888888886,1280874.6268656717,12.0,6.0,107740.83333333331,0.0990143369175627,3756.2305773186854,1280874.6268656717,1.0
2025-01,더뉴그랜드스타렉스12인,RV,2019.0,62,1.375,49210.00000000001,1.0,1.0,49210.0,0.0221774193548387,793.709677419355,49210.00000000001,1.0
2025-01,더뉴그랜저 하이브리드,LUXURY,2024.0,155,20.84722222222222,1204666.369230769,9.0,2.0,136176.11111111112,0.1344982078853046,7772.041091811415,1204666.369230769,1.0
2025-01,디올뉴 그랜저,LUXURY,2023.0,155,4.125,181040.0,2.0,1.0,90520.0,0.0266129032258064,1168.0,181040.0,1.0
2025-01,랭글러,IMPORTED,2023.0,124,6.791666666666666,531200.0,3.0,0.0,177066.66666666666,0.054771505376344,4283.870967741936,531200.0,1.0
2025-01,레이,SUV,2022.0,248,6.770833333333333,304345.8095238095,2.0,2.0,155535.0,0.0273017473118279,1227.2008448540707,2073899.6998746905,0.1467504959580247
2025-01,레이,URBAN,2018.0,682,6.520833333333333,128403.65168539324,2.0,1.0,67347.5,0.0095613391984359,188.27514909881708,2073899.6998746905,0.0619141088130499
2025-01,레이,URBAN,2024.0,155,7.631944444444445,170170.0,3.0,1.0,56723.333333333336,0.0492383512544802,1097.8709677419354,2073899.6998746905,0.0820531484768921
2025-01,레이,URBAN,2025.0,310,47.425694444444446,1470980.2386654874,28.0,6.0,54841.25,0.1529861111111111,4745.097544082218,2073899.6998746905,0.7092822467520331
2025-01,머스탱,IMPORTED,2020.0,93,2.4583333333333335,197220.0,1.0,1.0,197220.0,0.0264336917562724,2120.6451612903224,1983701.039947894,0.0994202231225227
2025-01,머스탱,IMPORTED,2021.0,93,0.0,0.0,0.0,0.0,,0.0,0.0,1983701.039947894,0.0
2025-01,머스탱,IMPORTED,2023.0,124,2.625,150200.0,1.0,0.0,150200.0,0.0211693548387096,1211.2903225806451,1983701.039947894,0.0757170546242922
2025-01,머스탱,IMPORTED,2024.0,248,22.493055555555554,1636281.039947894,13.0,5.0,132675.76923076922,0.0906978046594982,6597.9074191447335,1983701.039947894,0.824862722253185
2025-01,모닝,URBAN,2018.0,155,0.0,0.0,0.0,0.0,,0.0,0.0,693245.0,0.0
2025-01,모닝,URBAN,2022.0,651,35.80555555555556,693245.0,15.0,3.0,46216.333333333336,0.0550008533879501,1064.8924731182797,693245.0,1.0
2025-01,미니,IMPORTED,2022.0,186,5.979166666666666,324450.00000000006,2.0,1.0,162225.0,0.0321460573476702,1744.3548387096778,857920.0,0.3781821148825066
2025-01,미니,IMPORTED,2024.0,124,11.920833333333334,533470.0,6.0,2.0,88911.66666666667,0.096135752688172,4302.177419354839,857920.0,0.6218178851174935
2025-01,베뉴,SUV,2019.0,62,0.0,0.0,0.0,0.0,,0.0,0.0,181212.7624309392,0.0
2025-01,베뉴,SUV,2022.0,62,5.645833333333334,181212.7624309392,2.0,2.0,109535.0,0.0910618279569892,2922.7864908216,181212.7624309392,1.0
2025-01,베리뉴티볼리,SUV,2020.0,124,4.979166666666667,336900.0,1.0,0.0,336900.0,0.0401545698924731,2716.935483870968,336900.0,1.0
2025-01,벤츠,IMPORTED,2019.0,93,0.0,0.0,0.0,0.0,,0.0,0.0,772300.0,0.0
2025-01,벤츠,IMPORTED,2020.0,124,0.0,0.0,0.0,0.0,,0.0,0.0,772300.0,0.0
2025-01,벤츠,IMPORTED,2021.0,62,0.0,0.0,0.0,0.0,,0.0,0.0,772300.0,0.0
2025-01,벤츠,IMPORTED,2024.0,155,4.145833333333334,270700.0,2.0,0.0,135350.0,0.0267473118279569,1746.451612903226,772300.0,0.3505114592774828
2025-01,벤츠,SUPERCAR,2021.0,31,0.9583333333333334,501600.0,1.0,1.0,501600.0,0.0309139784946236,16180.645161290322,772300.0,0.6494885407225172
2025-01,볼보 XC40,IMPORTED,2022.0,62,3.069444444444444,215550.0,1.0,1.0,215550.0,0.0495071684587813,3476.6129032258063,215550.0,1.0
2025-01,셀토스,SUV,2020.0,124,0.0,0.0,0.0,0.0,,0.0,0.0,0.0,
2025-01,스타리아,RV,2022.0,496,6.190277777777778,321568.8555347092,4.0,0.0,97225.0,0.0124803987455197,648.3243055135266,1859954.9056789535,0.172890673076466
2025-01,스타리아,RV,2023.0,310,10.46527777777778,575009.0,4.0,1.0,160896.25,0.0337589605734767,1854.867741935484,1859954.9056789535,0.3091521188198378
2025-01,스타리아,RV,2024.0,465,16.02916666666667,963377.0501442445,8.0,2.0,153080.0,0.0344713261648745,2071.7786024607403,1859954.9056789535,0.5179572081036962
2025-01,스포티지,SUV,2022.0,558,16.25,626109.4594594595,6.0,3.0,108028.33333333331,0.0291218637992831,1122.0599631889957,2785081.081758108,0.2248083416890046
2025-01,스포티지,SUV,2025.0,240,36.85763888888889,2158971.6222986486,17.0,14.0,149368.23529411765,0.1535734953703703,8995.715092911036,2785081.081758108,0.7751916583109953
2025-01,싼타페,SUV,2019.0,62,0.0,0.0,0.0,0.0,,0.0,0.0,1993931.3333333335,0.0
2025-01,싼타페,SUV,2024.0,620,33.625,1993931.3333333335,15.0,6.0,133234.0,0.0542338709677419,3216.018279569893,1993931.3333333335,1.0
2025-01,쏘나타,MIDSIZE,2020.0,651,13.375,326770.0,6.0,1.0,54461.666666666664,0.0205453149001536,501.9508448540707,3922568.246255036,0.0833051152932711
2025-01,쏘나타,MIDSIZE,2021.0,310,10.84027777777778,503709.6707071698,5.0,3.0,145288.0,0.0349686379928315,1624.8699055069994,3922568.246255036,0.1284132331382819
2025-01,쏘나타,MIDSIZE,2024.0,620,81.96527777777777,3092088.575547866,38.0,9.0,83402.5,0.1322020609318996,4987.2396379804295,3922568.246255036,0.7882816515684469
2025-01,쏘렌토,SUV,2018.0,93,0.0,0.0,0.0,0.0,,0.0,0.0,2847030.5113742044,0.0
2025-01,쏘렌토,SUV,2021.0,93,0.0,0.0,0.0,0.0,,0.0,0.0,2847030.5113742044,0.0
2025-01,쏘렌토,SUV,2022.0,93,0.0,0.0,0.0,0.0,,0.0,0.0,2847030.5113742044,0.0
2025-01,쏘렌토,SUV,2023.0,217,0.0,0.0,0.0,0.0,,0.0,0.0,2847030.5113742044,0.0
2025-01,쏘렌토,SUV,2024.0,682,50.13194444444444,2847030.5113742044,23.0,7.0,142682.39130434784,0.0735072499185402,4174.531541604405,2847030.5113742044,1.0
2025-01,쏘울 부스터,COMPACT,2019.0,124,1.9791666666666663,119400.0,1.0,0.0,119400.0,0.0159610215053763,962.9032258064516,119400.0,1.0
2025-01,쏠라티,RV,2019.0,93,0.0,0.0,0.0,0.0,,0.0,0.0,1313501.8868064568,0.0
2025-01,쏠라티,RV,2023.0,124,0.0,0.0,0.0,0.0,,0.0,0.0,1313501.8868064568,0.0
2025-01,쏠라티,RV,2024.0,31,2.0,285722.0338983051,1.0,0.0,351200.0,0.064516129032258,9216.839803171131,1313501.8868064568,0.2175269306943949
2025-01,쏠라티,RV,2025.0,120,6.715277777777778,1027779.8529081516,2.0,2.0,555600.0,0.0559606481481481,8564.83210756793,1313501.8868064568,0.782473069305605
2025-01,아반떼,COMPACT,2019.0,248,0.0,0.0,0.0,0.0,,0.0,0.0,2340988.985734587,0.0
2025-01,아반떼,COMPACT,2020.0,155,4.986111111111111,132000.46922271905,3.0,2.0,59250.0,0.032168458781362,851.6159304691552,2340988.985734587,0.0563866254933694
2025-01,아반떼,COMPACT,2021.0,465,8.770833333333334,318885.5263157895,3.0,2.0,108918.33333333331,0.0188620071684587,685.7753254103,2340988.985734587,0.1362182941735308
2025-01,아반떼,COMPACT,2024.0,496,56.69166666666666,1890102.9901960783,32.0,11.0,60020.46875,0.1142977150537634,3810.691512492094,2340988.985734587,0.8073950803330997
2025-01,아우디A5 카브리올레,IMPORTED,2021.0,31,0.0,0.0,0.0,0.0,,0.0,0.0,0.0,
2025-01,아이오닉,EV,2021.0,310,8.604166666666666,277500.0,3.0,0.0,92500.0,0.027755376344086,895.1612903225806,277500.0,1.0
2025-01,엑센트,URBAN,2019.0,31,0.2499999999999999,22000.0,1.0,0.0,22000.0,0.0080645161290322,709.6774193548387,22000.0,1.0
2025-01,카니발,RV,2018.0,527,1.7916666666666667,49209.99999999999,1.0,1.0,49210.0,0.0033997469955724,93.37760910815938,7917504.375577511,0.0062153423181923
2025-01,카니발,RV,2019.0,279,1.9791666666666663,82154.84848484848,1.0,1.0,142690.0,0.0070937873357228,294.46182252633866,7917504.375577511,0.010376356562336
2025-01,카니발,RV,2021.0,465,11.229166666666666,567556.6865310078,6.0,3.0,133029.16666666666,0.0241487455197132,1220.552014045178,7917504.375577511,0.0716837856486324
2025-01,카니발,RV,2023.0,1116,36.395833333333336,1994085.9187721608,17.0,7.0,129845.29411764706,0.0326127538829151,1786.8153394015778,7917504.375577511,0.2518578865485893
2025-01,카니발,RV,2024.0,837,40.88194444444444,2734990.245848157,18.0,6.0,177633.33333333334,0.0488434222753219,3267.610807464943,7917504.375577511,0.3454358995095173
2025-01,카니발,RV,2025.0,270,30.45138888888889,2489506.675941338,13.0,11.0,221768.84615384616,0.1127829218106995,9220.395096079028,7917504.375577511,0.3144307294127324
2025-01,캐스퍼,URBAN,2022.0,310,1.6041666666666663,44000.0,2.0,0.0,22000.0,0.0051747311827956,141.93548387096774,44000.0,1.0
2025-01,코나,EV,2020.0,1085,24.18402777777778,867624.3284695696,13.0,6.0,86226.92307692308,0.0222894265232974,799.6537589581286,1487359.3284695696,0.5833320246576318
2025-01,코나,SUV,2018.0,403,0.0,0.0,0.0,0.0,,0.0,0.0,1487359.3284695696,0.0
2025-01,코나,SUV,2024.0,155,15.17361111111111,619735.0,8.0,2.0,77466.875,0.0978942652329749,3998.290322580646,1487359.3284695696,0.4166679753423682
2025-01,테슬라 모델3,IMPORTED,2020.0,155,12.604166666666666,731748.2882882883,5.0,4.0,150910.0,0.0813172043010752,4720.956698634118,731748.2882882883,1.0
2025-01,투싼,SUV,2021.0,217,7.569444444444445,501260.0,3.0,2.0,167086.66666666666,0.0348822324628776,2309.9539170506914,4253175.508361952,0.1178554703455096
2025-01,투싼,SUV,2023.0,217,9.395833333333332,410572.4149659864,4.0,2.0,103108.75,0.0432987711213517,1892.0387786450983,4253175.508361952,0.0965331466239239
2025-01,투싼,SUV,2024.0,155,18.42361111111111,797278.1818181819,9.0,1.0,93984.44444444444,0.1188620071684587,5143.730205278593,4253175.508361952,0.1874548041224007
2025-01,투싼,SUV,2025.0,186,49.625,2544064.911577784,18.0,6.0,144793.61111111112,0.2668010752688172,13677.768341816043,4253175.508361952,0.5981565789081658
2025-01,팰리세이드,SUV,2023.0,403,15.36111111111111,788677.6086956521,6.0,2.0,152300.83333333334,0.0381169010201268,1957.0163987485164,788677.6086956521,1.0
2025-01,포르쉐,SUPERCAR,2022.0,62,0.0,0.0,0.0,0.0,,0.0,0.0,0.0,
2025-01,폭스바겐 제타,IMPORTED,2022.0,93,0.0,0.0,0.0,0.0,,0.0,0.0,0.0,
2025-02,BMW 420i,IMPORTED,2022.0,112,3.1666666666666665,161509.50141983066,2.0,2.0,104500.0,0.0282738095238095,1442.0491198199163,1391140.5152846486,0.116098625297232
2025-02,BMW 420i,IMPORTED,2024.0,140,15.86111111111111,1229631.013864818,8.0,7.0,152216.875,0.1132936507936508,8783.078670462986,1391140.5152846486,0.8839013747027681
2025-02,BMW Z4 로드스터,IMPORTED,2021.0,56,2.6875,178327.52747252746,3.0,3.0,84328.33333333333,0.0479910714285714,3184.4201334379904,178327.52747252746,1.0
2025-02,EV3,EV,2025.0,112,10.743055555555555,546751.1176470588,9.0,6.0,60887.22222222222,0.0959201388888888,4881.706407563025,546751.1176470588,1.0
2025-02,EV6,EV,2022.0,588,44.701388888888886,1536321.2326404324,18.0,14.0,90674.16666666669,0.0760227702191987,2612.7912119735247,1536321.2326404324,1.0
2025-02,G80,LUXURY,2019.0,56,0.0,0.0,0.0,0.0,,0.0,0.0,1881853.55763003,0.0
2025-02,G80,LUXURY,2021.0,84,2.020833333333333,97500.0,1.0,0.0,97500.0,0.0240575396825396,1160.7142857142858,1881853.55763003,0.0518106202284887
2025-02,G80,LUXURY,2024.0,84,1.5833333333333337,114785.0,1.0,1.0,97185.0,0.0188492063492063,1366.4880952380952,1881853.55763003,0.0609957132607906
2025-02,G80,LUXURY,2025.0,116,21.225694444444443,1669568.55763003,12.0,8.0,157308.33333333334,0.1829801245210728,14392.832393362329,1881853.55763003,0.8871936665107206
2025-02,GV70,SUV,2021.0,112,3.5902777777777777,223759.42677659995,2.0,2.0,104310.0,0.0320560515873015,1997.852024791071,1132875.9823321556,0.1975144943191093
2025-02,GV70,SUV,2023.0,140,5.760416666666667,361761.5555555555,4.0,4.0,106877.5,0.0411458333333333,2584.011111111111,1132875.9823321556,0.3193302366697083
2025-02,GV70,SUV,2025.0,38,7.635416666666666,547355.0,4.0,3.0,136838.75,0.2009320175438596,14404.078947368422,1132875.9823321556,0.4831552690111823
2025-02,GV80,SUV,2021.0,84,1.6666666666666663,126085.94674099752,0.0,0.0,,0.0198412698412698,1501.0231754880656,2466644.881086098,0.0511163758138869
2025-02,GV80,SUV,2023.0,112,4.0,294450.0,3.0,1.0,98150.0,0.0357142857142857,2629.0178571428573,2466644.881086098,0.1193726759201549
2025-02,GV80,SUV,2025.0,140,24.583333333333332,2046108.9343451003,9.0,6.0,192943.33333333337,0.175595238095238,14615.06381675072,2466644.881086098,0.8295109482659581
2025-02,K3,COMPACT,2018.0,56,0.0,0.0,0.0,0.0,,0.0,0.0,2325837.7705929666,0.0
2025-02,K3,COMPACT,2019.0,336,0.0,0.0,0.0,0.0,,0.0,0.0,2325837.7705929666,0.0
2025-02,K3,COMPACT,2020.0,280,1.9583333333333333,42900.0,1.0,0.0,42900.0,0.0069940476190476,153.21428571428572,2325837.7705929666,0.0184449666018893
2025-02,K3,COMPACT,2021.0,280,12.4375,225855.0,5.0,2.0,30978.0,0.0444196428571428,806.625,2325837.7705929666,0.0971069447988278
2025-02,K3,COMPACT,2022.0,700,35.50208333333333,695918.4440843457,17.0,9.0,49989.41176470588,0.0507172619047619,994.1692058347796,2325837.7705929666,0.29921194542598
2025-02,K3,COMPACT,2024.0,280,61.385416666666664,1361164.3265086208,35.0,24.0,40857.0,0.2192336309523809,4861.301166102217,2325837.7705929666,0.5852361431733027
2025-02,K5,MIDSIZE,2020.0,700,7.208333333333333,183176.9180458624,4.0,4.0,51505.0,0.010297619047619,261.68131149408913,3920110.022452349,0.0467274941256037
2025-02,K5,MIDSIZE,2021.0,280,8.0,138320.0,4.0,4.0,34580.0,0.0285714285714285,494.0,3920110.022452349,0.0352847239510562
2025-02,K5,MIDSIZE,2022.0,476,17.479166666666668,368378.5841170323,7.0,3.0,50346.42857142857,0.0367209383753501,773.9045884811604,3920110.022452349,0.0939714911079412
2025-02,K5,MIDSIZE,2024.0,504,115.95138888888889,3230234.5202894537,49.0,40.0,66269.48979591837,0.2300622795414462,6409.195476764789,3920110.022452349,0.8240162908153987
2025-02,K8,LUXURY,2021.0,168,3.0625,156750.0,1.0,1.0,156750.0,0.0182291666666666,933.0357142857144,767460.0,0.2042451723868344
2025-02,K8,LUXURY,2023.0,84,13.25,610710.0,7.0,6.0,87244.28571428571,0.1577380952380952,7270.357142857143,767460.0,0.7957548276131655
2025-02,QM6,SUV,2020.0,112,2.170138888888889,59685.03896103897,2.0,1.0,88290.0,0.019376240079365,532.902133580705,59685.03896103897,1.0
2025-02,QM6,SUV,2021.0,84,0.0,0.0,0.0,0.0,,0.0,0.0,59685.03896103897,0.0
2025-02,SM6,MIDSIZE,2020.0,56,3.798611111111111,116100.0,1.0,0.0,116100.0,0.0678323412698412,2073.214285714286,116100.0,1.0
2025-02,XM3,SUV,2022.0,56,1.4791666666666667,47526.30769230769,1.0,1.0,87020.0,0.0264136904761904,848.6840659340659,47526.30769230769,1.0
2025-02,그랜져IG,LUXURY,2019.0,140,0.0,0.0,0.0,0.0,,0.0,0.0,0.0,
2025-02,니로 하이브리드,SUV,2022.0,224,4.6875,218405.0,3.0,3.0,72801.66666666667,0.0209263392857142,975.0223214285714,218405.0,1.0
2025-02,더 뉴 K7,LUXURY,2021.0,112,0.0,0.0,0.0,0.0,,0.0,0.0,0.0,
2025-02,더 뉴 그랜저,LUXURY,2020.0,196,12.808333333333334,491224.493670886,4.0,2.0,105362.5,0.0653486394557823,2506.247416688194,491224.493670886,1.0
2025-02,더 뉴 셀토스,SUV,2024.0,308,41.583333333333336,1381355.921055072,22.0,16.0,88537.27272727272,0.1350108225108225,4484.921821607377,1381355.921055072,1.0
2025-02,더뉴그랜드스타렉스12인,RV,2019.0,56,0.0,0.0,0.0,0.0,,0.0,0.0,0.0,
2025-02,더뉴그랜저 하이브리드,LUXURY,2024.0,140,18.194444444444446,993443.6307692308,9.0,7.0,108058.33333333331,0.1299603174603174,7096.025934065934,993443.6307692308,1.0
2025-02,디올뉴 그랜저,LUXURY,2023.0,140,6.395833333333333,367919.387755102,4.0,2.0,94737.5,0.0456845238095238,2627.995626822157,367919.387755102,1.0
2025-02,랭글러,IMPORTED,2023.0,112,13.152777777777777,1114824.470338983,8.0,7.0,145886.875,0.1174355158730158,9953.78991374092,1114824.470338983,1.0
2025-02,레이,SUV,2022.0,224,13.25,285170.4404761905,4.0,3.0,84102.5,0.0591517857142857,1273.0823235544217,1968289.9956381305,0.1448823298945523
2025-02,레이,URBAN,2018.0,616,4.791666666666667,51041.34831460674,2.0,2.0,22375.0,0.0077786796536796,82.85933167955639,1968289.9956381305,0.0259318232718339
2025-02,레이,URBAN,2024.0,140,8.756944444444445,216078.6538461538,4.0,2.0,78576.25,0.0625496031746031,1543.418956043956,1968289.9956381305,0.1097798872752487
2025-02,레이,URBAN,2025.0,280,50.0,1415999.5530011794,33.0,19.0,41366.21212121212,0.1785714285714285,5057.1412607184975,1968289.9956381305,0.7194059595583651
2025-02,머스탱,IMPORTED,2020.0,84,5.416666666666666,321209.61937716266,3.0,2.0,112745.0,0.0644841269841269,3823.9240402043174,2371966.2540827803,0.1354191354216258
2025-02,머스탱,IMPORTED,2021.0,84,0.0,0.0,0.0,0.0,,0.0,0.0,2371966.2540827803,0.0
2025-02,머스탱,IMPORTED,2023.0,112,4.645833333333333,343900.0,2.0,2.0,171950.0,0.0414806547619047,3070.535714285714,2371966.2540827803,0.1449851992658231
2025-02,머스탱,IMPORTED,2024.0,224,23.09722222222222,1706856.6347056178,12.0,10.0,150581.25,0.1031125992063492,7619.89569065008,2371966.2540827803,0.719595665312551
2025-02,모닝,URBAN,2018.0,140,0.0,0.0,0.0,0.0,,0.0,0.0,257091.90476190476,0.0
2025-02,모닝,URBAN,2022.0,588,21.59861111111111,257091.90476190476,10.0,8.0,30158.0,0.0367323318216175,437.2311305474571,257091.90476190476,1.0
2025-02,미니,IMPORTED,2022.0,168,1.8125,83695.0,1.0,1.0,83695.0,0.0107886904761904,498.1845238095238,221369.6936336749,0.3780779501755079
2025-02,미니,IMPORTED,2024.0,112,2.256944444444444,137058.46368715086,2.0,2.0,128630.0,0.0201512896825396,1223.73628292099,221369.6936336749,0.6191383356836404
2025-02,미니,IMPORTED,2025.0,18,0.0069444444444444,616.2299465240641,1.0,1.0,115235.0,0.0003858024691358,34.23499702911467,221369.6936336749,0.0027837141408516
2025-02,베뉴,SUV,2019.0,56,0.0,0.0,0.0,0.0,,0.0,0.0,188539.2930657027,0.0
2025-02,베뉴,SUV,2022.0,56,7.173611111111111,188539.2930657027,2.0,2.0,82982.5,0.1281001984126984,3366.7730904589766,188539.2930657027,1.0
2025-02,베리뉴티볼리,SUV,2020.0,112,3.0416666666666665,62604.99999999999,1.0,1.0,62605.0,0.027157738095238,558.9732142857142,62604.99999999999,1.0
2025-02,벤츠,IMPORTED,2019.0,84,0.0,0.0,0.0,0.0,,0.0,0.0,1930132.527075812,0.0
2025-02,벤츠,IMPORTED,2020.0,112,0.0451388888888888,3272.5270758122747,1.0,1.0,69730.0,0.0004030257936507,29.21899174832388,1930132.527075812,0.0016954934595968
2025-02,벤츠,IMPORTED,2021.0,56,1.0,64980.0,1.0,1.0,64980.0,0.0178571428571428,1160.357142857143,1930132.527075812,0.0336660820376132
2025-02,벤츠,IMPORTED,2024.0,140,13.208333333333334,938385.0,7.0,5.0,134055.0,0.0943452380952381,6702.75,1930132.527075812,0.4861764603395764
2025-02,벤츠,SUPERCAR,2021.0,28,2.125,923495.0,1.0,1.0,923495.0,0.0758928571428571,32981.96428571428,1930132.527075812,0.4784619641632135
2025-02,볼보 XC40,IMPORTED,2022.0,56,5.416666666666667,419330.0,2.0,2.0,209665.0,0.0967261904761904,7488.035714285715,419330.0,1.0
2025-02,셀토스,SUV,2020.0,112,0.9444444444444444,41618.20143884892,1.0,1.0,170145.0,0.0084325396825396,371.5910842754368,41618.20143884892,1.0
2025-02,스타리아,RV,2022.0,448,1.2083333333333333,67331.14446529081,0.0,0.0,,0.0026971726190476,150.2927331814527,2236689.905080312,0.0301030305150293
2025-02,스타리아,RV,2023.0,280,6.458333333333333,436058.7027027027,4.0,3.0,188745.0,0.0230654761904761,1557.3525096525098,2236689.905080312,0.1949571559795837
2025-02,스타리아,RV,2024.0,420,30.40277777777778,1733300.0579123185,12.0,9.0,162041.25,0.0723875661375661,4126.904899791234,2236689.905080312,0.7749398135053869
2025-02,스포티지,SUV,2022.0,504,13.395833333333334,535234.8587223587,7.0,5.0,82308.57142857143,0.0265790343915343,1061.973926036426,3443103.876598077,0.1554512666202775
2025-02,스포티지,SUV,2025.0,280,56.673611111111114,2907869.0178757184,26.0,21.0,110979.80769230767,0.2024057539682539,10385.24649241328,3443103.876598077,0.8445487333797226
2025-02,싼타페,SUV,2019.0,56,0.0,0.0,0.0,0.0,,0.0,0.0,3874044.6100015193,0.0
2025-02,싼타페,SUV,2024.0,560,76.50069444444445,3874044.6100015193,36.0,29.0,115326.25,0.1366083829365079,6917.936803574142,3874044.6100015193,1.0
2025-02,쏘나타,MIDSIZE,2020.0,588,18.29861111111111,457405.0,7.0,3.0,65343.57142857143,0.0311200869236583,777.8996598639455,4686126.177054143,0.0976083406033126
2025-02,쏘나타,MIDSIZE,2021.0,280,7.416666666666667,222730.32929283017,0.0,0.0,,0.0264880952380952,795.4654617601077,4686126.177054143,0.0475297337027416
2025-02,쏘나타,MIDSIZE,2024.0,560,146.02083333333334,4005990.847761313,62.0,50.0,64078.95161290323,0.2607514880952381,7153.555085288058,4686126.177054143,0.8548619256939457
2025-02,쏘렌토,SUV,2018.0,84,0.0,0.0,0.0,0.0,,0.0,0.0,3682439.6904367106,0.0
2025-02,쏘렌토,SUV,2021.0,84,0.0,0.0,0.0,0.0,,0.0,0.0,3682439.6904367106,0.0
2025-02,쏘렌토,SUV,2022.0,84,3.8541666666666665,105179.6153846154,1.0,1.0,110865.0,0.0458829365079365,1252.1382783882784,3682439.6904367106,0.0285624814597145
2025-02,쏘렌토,SUV,2023.0,196,4.048611111111112,202520.0,2.0,1.0,101260.0,0.0206561791383219,1033.265306122449,3682439.6904367106,0.0549961484843714
2025-02,쏘렌토,SUV,2024.0,616,65.85069444444444,3374740.075052095,24.0,18.0,132241.66666666666,0.1069004779942279,5478.474147811843,3682439.6904367106,0.916441370055914
2025-02,쏘울 부스터,COMPACT,2019.0,112,0.0,0.0,0.0,0.0,,0.0,0.0,0.0,
2025-02,쏠라티,RV,2019.0,84,0.0,0.0,0.0,0.0,,0.0,0.0,1712842.2720720477,0.0
2025-02,쏠라티,RV,2023.0,112,2.9375,371300.0,1.0,0.0,371300.0,0.0262276785714285,3315.1785714285716,1712842.2720720477,0.2167741922616339
2025-02,쏠라티,RV,2024.0,28,4.819444444444445,608552.9661016949,2.0,1.0,271537.5,0.1721230158730158,21734.03450363196,1712842.2720720477,0.3552883858742698
2025-02,쏠라티,RV,2025.0,112,3.6458333333333335,732989.3059703528,2.0,2.0,524685.0,0.0325520833333333,6544.5473747352935,1712842.2720720477,0.4279374218640961
2025-02,아반떼,COMPACT,2019.0,224,0.0,0.0,0.0,0.0,,0.0,0.0,3392052.3275340786,0.0
2025-02,아반떼,COMPACT,2020.0,140,7.916666666666667,118614.53077728096,1.0,1.0,72865.0,0.056547619047619,847.2466484091497,3392052.3275340786,0.0349683670309149
2025-02,아반떼,COMPACT,2021.0,420,12.841666666666669,217964.36215847777,7.0,5.0,45084.28571428572,0.0305753968253968,518.9627670439946,3392052.3275340786,0.0642573702030508
2025-02,아반떼,COMPACT,2024.0,448,131.93055555555554,3055473.4345983197,58.0,40.0,55210.0,0.2944878472222222,6820.253202228392,3392052.3275340786,0.900774262766034
2025-02,아우디A5 카브리올레,IMPORTED,2021.0,28,0.0,0.0,0.0,0.0,,0.0,0.0,0.0,
2025-02,아이오닉,EV,2021.0,280,26.29861111111111,798376.4536184572,12.0,12.0,73649.58333333333,0.0939236111111111,2851.3444772087755,798376.4536184572,1.0
2025-02,엑센트,URBAN,2019.0,28,0.0,0.0,0.0,0.0,,0.0,0.0,0.0,
2025-02,카니발,RV,2018.0,476,5.958333333333333,242100.0,2.0,0.0,121050.0,0.0125175070028011,508.61344537815125,14228995.17362561,0.0170145535257998
2025-02,카니발,RV,2019.0,252,5.645833333333333,239487.34777683375,2.0,2.0,121667.5,0.0224041005291005,950.3466181620388,14228995.17362561,0.0168309388579131
2025-02,카니발,RV,2021.0,420,5.4375,270803.31346899224,1.0,1.0,40185.0,0.0129464285714285,644.769793973791,14228995.17362561,0.0190317945971999
2025-02,카니발,RV,2023.0,1008,29.756944444444443,1890556.2532670975,13.0,10.0,156259.23076923078,0.0295207782186948,1875.5518385586288,14228995.17362561,0.1328664624731456
2025-02,카니발,RV,2024.0,756,96.54166666666669,5671837.2368293805,40.0,29.0,153636.375,0.1277006172839506,7502.43020744627,14228995.17362561,0.3986112278218007
2025-02,카니발,RV,2025.0,421,89.28958333333333,5914211.022283306,33.0,29.0,190423.4848484849,0.2120892715756136,14048.007178820206,14228995.17362561,0.4156450227241408
2025-02,캐스퍼,URBAN,2022.0,280,27.614583333333332,595285.0,12.0,8.0,61284.166666666664,0.0986235119047619,2126.0178571428573,595285.0,1.0
2025-02,코나,EV,2020.0,980,41.80555555555556,1104915.6715304304,16.0,10.0,53224.375,0.0426587301587301,1127.4649709494188,1791717.7897038884,0.6166795227908277
2025-02,코나,SUV,2018.0,364,0.0,0.0,0.0,0.0,,0.0,0.0,1791717.7897038884,0.0
2025-02,코나,SUV,2024.0,140,20.583333333333332,686802.1181734579,10.0,8.0,101079.5,0.1470238095238095,4905.729415524699,1791717.7897038884,0.3833204772091723
2025-02,테슬라 모델3,IMPORTED,2020.0,140,6.923611111111111,364666.7117117117,4.0,4.0,85466.25,0.049454365079365,2604.7622265122263,364666.7117117117,1.0
2025-02,투싼,SUV,2021.0,196,5.6875,134567.46031746033,3.0,2.0,54083.333333333336,0.0290178571428571,686.5686750890833,4334062.657604542,0.0310488036164748
2025-02,투싼,SUV,2023.0,196,6.708333333333333,283828.6992083648,3.0,3.0,134805.0,0.0342261904761904,1448.1056082059429,4334062.657604542,0.0654879086047266
2025-02,투싼,SUV,2024.0,140,27.40625,1058254.095409541,10.0,10.0,107472.0,0.1957589285714285,7558.957824353864,4334062.657604542,0.2441713881438076
2025-02,투싼,SUV,2025.0,168,60.02777777777778,2857412.402669175,35.0,24.0,93177.71428571428,0.357308201058201,17008.40715874509,4334062.657604542,0.6592918996349908
2025-02,팰리세이드,SUV,2023.0,364,31.758333333333333,1487860.0508788158,11.0,8.0,127705.0,0.0872481684981685,4087.527612304439,1487860.0508788158,1.0
2025-02,포르쉐,SUPERCAR,2022.0,56,1.125,358530.0,1.0,1.0,358530.0,0.0200892857142857,6402.321428571428,358530.0,1.0
2025-02,폭스바겐 제타,IMPORTED,2022.0,84,0.0,0.0,0.0,0.0,,0.0,0.0,0.0,
2025-03,BMW 420i,IMPORTED,2022.0,124,12.645833333333334,800224.21875,5.0,4.0,143880.0,0.1019825268817204,6453.421118951613,3701563.19964172,0.2161854804552452
2025-03,BMW 420i,IMPORTED,2024.0,155,36.208333333333336,2901338.98089172,20.0,18.0,155219.0,0.2336021505376344,18718.316005753033,3701563.19964172,0.7838145195447548
2025-03,BMW Z4 로드스터,IMPORTED,2021.0,62,5.458333333333333,319472.47252747254,2.0,2.0,122407.5,0.0880376344086021,5152.781814959234,319472.47252747254,1.0
2025-03,EV3,EV,2025.0,124,22.125,815498.8823529412,15.0,13.0,56466.0,0.1784274193548387,6576.603889943074,815498.8823529412,1.0
2025-03,EV6,EV,2022.0,651,92.78125,4076629.206613522,37.0,33.0,108626.2162162162,0.1425211213517665,6262.103235965472,4076629.206613522,1.0
2025-03,G80,LUXURY,2019.0,62,0.0,0.0,0.0,0.0,,0.0,0.0,3432871.0914927768,0.0
2025-03,G80,LUXURY,2021.0,93,10.555555555555555,505210.00000000006,5.0,5.0,101042.0,0.1135005973715651,5432.36559139785,3432871.0914927768,0.1471683574871174
2025-03,G80,LUXURY,2024.0,93,6.145833333333334,514435.00000000006,5.0,3.0,102887.0,0.066084229390681,5531.559139784947,3432871.0914927768,0.1498556124856698
2025-03,G80,LUXURY,2025.0,155,41.68402777777778,2413226.0914927768,15.0,12.0,144429.0,0.2689292114695341,15569.20059027598,3432871.0914927768,0.7029760300272128
2025-03,GV70,SUV,2021.0,124,5.5,474875.0176678445,3.0,3.0,155963.33333333334,0.0443548387096774,3829.6372392568105,4034862.6670684065,0.1176929816084353
2025-03,GV70,SUV,2023.0,155,12.583333333333332,1084455.726323639,5.0,5.0,237323.0,0.0811827956989247,6996.4885569267035,4034862.6670684065,0.268771409538845
2025-03,GV70,SUV,2025.0,104,35.625,2475531.923076923,12.0,11.0,207076.25,0.3425480769230769,23803.191568047336,4034862.6670684065,0.6135356088527196
2025-03,GV80,SUV,2021.0,93,8.0,462600.00000000006,2.0,2.0,231300.0,0.086021505376344,4974.1935483870975,4447423.494987123,0.1040152799753421
2025-03,GV80,SUV,2023.0,124,11.5,539885.0,4.0,4.0,134971.25,0.0927419354838709,4353.9112903225805,4447423.494987123,0.1213927570892511
2025-03,GV80,SUV,2025.0,183,47.65277777777778,3444938.494987123,23.0,18.0,161989.34782608697,0.2603976927747419,18824.80051905532,4447423.494987123,0.7745919629354069
2025-03,K3,COMPACT,2018.0,62,3.666666666666667,71060.0,1.0,1.0,71060.0,0.0591397849462365,1146.1290322580646,3520031.1929058246,0.0201873211076118
2025-03,K3,COMPACT,2019.0,372,0.0,0.0,0.0,0.0,,0.0,0.0,3520031.1929058246,0.0
2025-03,K3,COMPACT,2020.0,310,8.54861111111111,240150.0,4.0,3.0,60037.5,0.0275761648745519,774.6774193548387,3520031.1929058246,0.0682238272444834
2025-03,K3,COMPACT,2021.0,310,5.25,234575.0,3.0,3.0,78191.66666666667,0.0169354838709677,756.6935483870968,3520031.1929058246,0.0666400344612729
2025-03,K3,COMPACT,2022.0,775,24.32638888888889,854586.9213271792,11.0,6.0,72160.45454545454,0.0313888888888888,1102.6928017124892,3520031.1929058246,0.2427782239684382
2025-03,K3,COMPACT,2024.0,310,53.68263888888889,2119659.2715786453,25.0,22.0,84850.8,0.1731698028673835,6837.6105534795015,3520031.1929058246,0.6021705932181934
2025-03,K5,MIDSIZE,2020.0,775,13.677083333333334,352139.1525423729,4.0,4.0,62260.0,0.0176478494623655,454.3731000546747,4890846.478534614,0.0719996332102986
2025-03,K5,MIDSIZE,2021.0,310,5.944444444444445,185505.0,3.0,2.0,61835.0,0.0191756272401433,598.4032258064516,4890846.478534614,0.0379290171576967
2025-03,K5,MIDSIZE,2022.0,527,6.732638888888889,273695.1515151515,4.0,2.0,66780.0,0.0127754058612692,519.3456385486745,4890846.478534614,0.0559606916136847
2025-03,K5,MIDSIZE,2024.0,558,85.01388888888889,4079507.174477089,46.0,35.0,87460.86956521739,0.1523546395858223,7310.9447571274,4890846.478534614,0.8341106580183199
2025-03,K8,LUXURY,2021.0,186,0.0,0.0,0.0,0.0,,0.0,0.0,708350.9259259258,0.0
2025-03,K8,LUXURY,2023.0,93,11.25,708350.9259259258,6.0,3.0,132487.5,0.1209677419354838,7616.676622859418,708350.9259259258,1.0
2025-03,QM6,SUV,2020.0,124,1.3333333333333333,165059.96103896102,1.0,1.0,48165.0,0.010752688172043,1331.1287180561371,351666.45040066313,0.4693651067678014
2025-03,QM6,SUV,2021.0,93,4.0,186606.48936170212,2.0,2.0,100595.0,0.043010752688172,2006.5213909860445,351666.45040066313,0.5306348932321985
2025-03,SM6,MIDSIZE,2020.0,62,2.0,83980.0,1.0,1.0,83980.0,0.032258064516129,1354.516129032258,83980.0,1.0
2025-03,XM3,SUV,2022.0,62,10.208333333333334,373713.6923076923,5.0,5.0,66844.0,0.1646505376344086,6027.640198511166,373713.6923076923,1.0
2025-03,그랜져IG,LUXURY,2019.0,155,0.0,0.0,0.0,0.0,,0.0,0.0,0.0,
2025-03,니로 하이브리드,SUV,2022.0,248,15.090277777777777,625915.6734693877,5.0,4.0,138020.0,0.0608478942652329,2523.8535220539825,625915.6734693877,1.0
2025-03,더 뉴 K7,LUXURY,2021.0,124,0.0,0.0,0.0,0.0,,0.0,0.0,0.0,
2025-03,더 뉴 그랜저,LUXURY,2020.0,217,21.354166666666668,999145.0,10.0,8.0,99914.5,0.0984062980030722,4604.354838709677,999145.0,1.0
2025-03,더 뉴 셀토스,SUV,2024.0,341,65.57152777777777,3028029.4520792565,22.0,20.0,111343.18181818182,0.1922918703160638,8879.851765628318,3028029.4520792565,1.0
2025-03,더뉴그랜드스타렉스12인,RV,2019.0,62,0.0,0.0,0.0,0.0,,0.0,0.0,0.0,
2025-03,더뉴그랜저 하이브리드,LUXURY,2024.0,155,27.15625,1317280.238095238,13.0,12.0,107698.07692307692,0.1752016129032258,8498.5821812596,1317280.238095238,1.0
2025-03,디올뉴 그랜저,LUXURY,2023.0,155,36.520833333333336,2013640.612244898,15.0,11.0,133507.33333333334,0.2356182795698924,12991.229756418696,2013640.612244898,1.0
2025-03,랭글러,IMPORTED,2023.0,124,23.752777777777776,2349165.529661017,14.0,10.0,164063.92857142858,0.1915546594982078,18944.883303717877,2349165.529661017,1.0
2025-03,레이,SUV,2022.0,248,17.166666666666668,808823.75,5.0,3.0,150172.0,0.0692204301075268,3261.3860887096776,5375905.8722711615,0.1504534806258235
2025-03,레이,URBAN,2018.0,682,0.2534722222222222,29925.0,1.0,1.0,29925.0,0.0003716601498859,43.8782991202346,5375905.8722711615,0.0055665037132351
2025-03,레이,URBAN,2024.0,155,7.798611111111111,310261.3461538461,4.0,4.0,53008.75,0.0503136200716845,2001.686104218362,5375905.8722711615,0.0577133144674592
2025-03,레이,URBAN,2025.0,560,126.49722222222222,4226895.7761173155,69.0,50.0,65593.11594202899,0.2258878968253968,7548.028171638063,5375905.8722711615,0.7862667011934822
2025-03,머스탱,IMPORTED,2020.0,93,11.61111111111111,710785.1914336482,6.0,3.0,134274.16666666666,0.1248506571087216,7642.851520791916,8909434.143807163,0.0797789376924354
2025-03,머스탱,IMPORTED,2021.0,93,5.125,441655.0,3.0,3.0,147218.33333333334,0.0551075268817204,4748.978494623656,8909434.143807163,0.0495716105951564
2025-03,머스탱,IMPORTED,2023.0,124,22.40277777777778,1652780.0,10.0,9.0,165278.0,0.1806675627240143,13328.870967741936,8909434.143807163,0.1855089754660599
2025-03,머스탱,IMPORTED,2024.0,248,71.99166666666667,6104213.952373515,35.0,32.0,174761.85714285713,0.2902889784946237,24613.76593698998,8909434.143807163,0.6851404762463481
2025-03,모닝,URBAN,2018.0,155,0.0,0.0,0.0,0.0,,0.0,0.0,492974.75382395386,0.0
2025-03,모닝,URBAN,2022.0,651,18.666666666666668,492974.75382395386,12.0,9.0,47117.916666666664,0.028673835125448,757.2576863655205,492974.75382395386,1.0
2025-03,미니,IMPORTED,2022.0,186,12.164583333333333,619210.0,6.0,6.0,103201.66666666669,0.0654009856630824,3329.0860215053763,4257970.587278802,0.1454237382122751
2025-03,미니,IMPORTED,2024.0,124,24.22222222222222,1621741.536312849,13.0,10.0,115503.07692307692,0.1953405017921146,13078.560776716524,4257970.587278802,0.3808719442914886
2025-03,미니,IMPORTED,2025.0,186,34.00694444444444,2017019.0509659527,17.0,14.0,122977.9411764706,0.1828330346475507,10844.18844605351,4257970.587278802,0.4737043174962361
2025-03,베뉴,SUV,2019.0,62,0.0,0.0,0.0,0.0,,0.0,0.0,609792.9445033581,0.0
2025-03,베뉴,SUV,2022.0,62,13.083333333333334,609792.9445033581,7.0,7.0,84930.0,0.2110215053763441,9835.370072634809,609792.9445033581,1.0
2025-03,베리뉴티볼리,SUV,2020.0,124,2.25,125265.0,2.0,1.0,62632.5,0.0181451612903225,1010.201612903226,125265.0,1.0
2025-03,벤츠,IMPORTED,2019.0,93,0.0,0.0,0.0,0.0,,0.0,0.0,4637198.649394776,0.0
2025-03,벤츠,IMPORTED,2020.0,124,8.9375,707597.4729241878,4.0,3.0,160285.0,0.0720766129032258,5706.431233259579,4637198.649394776,0.1525915809141667
2025-03,벤츠,IMPORTED,2021.0,62,12.395833333333334,861810.0,6.0,5.0,143635.0,0.1999327956989247,13900.16129032258,4637198.649394776,0.1858471170115775
2025-03,벤츠,IMPORTED,2024.0,155,12.458333333333334,1127416.1764705882,7.0,6.0,181833.57142857145,0.0803763440860215,7273.652751423149,4637198.649394776,0.2431244080125256
2025-03,벤츠,SUPERCAR,2021.0,31,4.131944444444445,1940375.0,3.0,3.0,646791.6666666666,0.1332885304659498,62592.74193548387,4637198.649394776,0.4184368940617302
2025-03,볼보 XC40,IMPORTED,2022.0,62,13.0625,614480.7291666666,5.0,4.0,128439.0,0.2106854838709677,9910.979502688171,614480.7291666666,1.0
2025-03,셀토스,SUV,2020.0,124,2.9166666666666665,128526.79856115108,0.0,0.0,,0.023521505376344,1036.5064400092829,128526.79856115108,1.0
2025-03,스타리아,RV,2022.0,496,8.875,525764.4736842106,5.0,4.0,110539.0,0.0178931451612903,1060.009019524618,5078130.097707554,0.1035350539604251
2025-03,스타리아,RV,2023.0,310,17.805555555555557,1305377.732079906,6.0,3.0,172598.33333333334,0.057437275985663,4210.8959099351805,5078130.097707554,0.257058741498017
2025-03,스타리아,RV,2024.0,465,39.52777777777778,3246987.891943437,16.0,12.0,173408.125,0.0850059737156511,6982.769660093413,5078130.097707554,0.6394062045415578
2025-03,스포티지,SUV,2022.0,558,14.069444444444445,811293.8325031133,6.0,5.0,127860.83333333331,0.0252140581441656,1453.931599467945,3756972.8555887626,0.2159434905940979
2025-03,스포티지,SUV,2025.0,310,62.71527777777778,2945679.023085649,28.0,24.0,106142.67857142857,0.2023073476702509,9502.19039705048,3756972.8555887626,0.784056509405902
2025-03,싼타페,SUV,2019.0,62,0.0,0.0,0.0,0.0,,0.0,0.0,3275609.056665147,0.0
2025-03,싼타페,SUV,2024.0,620,53.520833333333336,3275609.056665147,22.0,21.0,136060.45454545456,0.0863239247311828,5283.240413976044,3275609.056665147,1.0
2025-03,쏘나타,MIDSIZE,2020.0,651,22.15277777777778,839227.5,11.0,10.0,77352.27272727272,0.0340288445127154,1289.1359447004609,5826688.205961677,0.1440316471956282
2025-03,쏘나타,MIDSIZE,2021.0,310,4.75,217140.0,2.0,2.0,108570.0,0.0153225806451612,700.4516129032259,5826688.205961677,0.0372664526270393
2025-03,쏘나타,MIDSIZE,2024.0,620,106.09027777777776,4770320.705961677,48.0,44.0,106636.97916666669,0.1711133512544802,7694.065654776899,5826688.205961677,0.8187019001773325
2025-03,쏘렌토,SUV,2018.0,93,0.0,0.0,0.0,0.0,,0.0,0.0,2223124.7981890854,0.0
2025-03,쏘렌토,SUV,2021.0,93,0.0,0.0,0.0,0.0,,0.0,0.0,2223124.7981890854,0.0
2025-03,쏘렌토,SUV,2022.0,93,3.5625,116075.38461538462,1.0,1.0,110390.0,0.0383064516129032,1248.1224152191894,2223124.7981890854,0.0522127164025777
2025-03,쏘렌토,SUV,2023.0,217,5.375,259600.0,2.0,2.0,129800.0,0.0247695852534562,1196.3133640552996,2223124.7981890854,0.1167725717474183
2025-03,쏘렌토,SUV,2024.0,682,28.538194444444443,1847449.413573701,12.0,8.0,134477.08333333334,0.0418448598892147,2708.870107879327,2223124.7981890854,0.8310147118500039
2025-03,쏘울 부스터,COMPACT,2019.0,124,0.0416666666666666,40400.0,1.0,0.0,40400.0,0.0003360215053763,325.80645161290323,40400.0,1.0
2025-03,쏠라티,RV,2019.0,93,4.215277777777778,500650.00000000006,2.0,2.0,250325.0,0.0453255675029868,5383.333333333334,3177815.8411214957,0.1575453157233031
2025-03,쏠라티,RV,2023.0,124,6.0,817030.0,3.0,3.0,272343.3333333333,0.0483870967741935,6588.951612903225,3177815.8411214957,0.2571042630688311
2025-03,쏠라티,RV,2024.0,31,0.0,0.0,0.0,0.0,,0.0,0.0,3177815.8411214957,0.0
2025-03,쏠라티,RV,2025.0,124,13.097222222222223,1860135.8411214957,5.0,4.0,292067.0,0.1056227598566308,15001.095492915289,3177815.8411214957,0.5853504212078657
2025-03,아반떼,COMPACT,2019.0,248,0.0,0.0,0.0,0.0,,0.0,0.0,8726366.023024261,0.0
2025-03,아반떼,COMPACT,2020.0,155,4.854166666666666,168615.0,4.0,3.0,42153.75,0.0313172043010752,1087.8387096774193,8726366.023024261,0.0193224762237928
2025-03,아반떼,COMPACT,2021.0,465,75.70138888888889,1728937.238859527,19.0,16.0,94865.0,0.1627986857825567,3718.144599697908,8726366.023024261,0.1981279761011372
2025-03,아반떼,COMPACT,2024.0,496,169.90277777777777,6828813.784164734,75.0,62.0,92393.0,0.3425459229390681,13767.769726138577,8726366.023024261,0.7825495476750699
2025-03,아우디A5 카브리올레,IMPORTED,2021.0,31,3.2708333333333335,277620.27777777775,2.0,2.0,157475.0,0.105510752688172,8955.492831541218,277620.27777777775,1.0
2025-03,아이오닉,EV,2021.0,310,25.86111111111111,1163843.5463815427,10.0,9.0,107842.5,0.0834229390681003,3754.3340205856216,1163843.5463815427,1.0
2025-03,엑센트,URBAN,2019.0,31,0.0,0.0,0.0,0.0,,0.0,0.0,0.0,
2025-03,카니발,RV,2018.0,527,2.0625,196555.0,2.0,1.0,98277.5,0.0039136622390891,372.96963946869073,16521871.852160754,0.011896654432306
2025-03,카니발,RV,2019.0,279,6.854166666666667,363062.8037383178,2.0,2.0,149340.0,0.0245669056152927,1301.3003718219277,16521871.852160754,0.0219746773844415
2025-03,카니발,RV,2021.0,465,9.694444444444445,781100.0,3.0,2.0,260366.66666666663,0.0208482676224611,1679.784946236559,16521871.852160754,0.047276725481795
2025-03,카니발,RV,2023.0,1116,40.64930555555556,2545830.4438941544,18.0,18.0,121838.33333333331,0.0364241089207487,2281.2100751739736,16521871.852160754,0.1540884995764694
2025-03,카니발,RV,2024.0,837,66.36111111111111,5351258.403036748,22.0,14.0,213638.86363636365,0.0792844816142307,6393.379215097668,16521871.852160754,0.3238893541192127
2025-03,카니발,RV,2025.0,527,117.125,7284065.201491534,50.0,41.0,134357.9,0.2222485768500949,13821.755600553195,16521871.852160754,0.4408740890057753
2025-03,캐스퍼,URBAN,2022.0,310,63.083333333333336,2114968.481012658,27.0,20.0,76391.29629629629,0.2034946236559139,6822.478971008575,2114968.481012658,1.0
2025-03,코나,EV,2020.0,1085,56.99027777777778,2076490.887096774,29.0,26.0,77427.58620689655,0.0525256016385048,1913.8164858034784,4517662.310589983,0.4596383581458073
2025-03,코나,SUV,2018.0,403,0.0,0.0,0.0,0.0,,0.0,0.0,4517662.310589983,0.0
2025-03,코나,SUV,2024.0,155,50.45138888888889,2441171.423493209,22.0,18.0,97183.40909090907,0.3254928315412186,15749.493054794895,4517662.310589983,0.5403616418541927
2025-03,테슬라 모델3,IMPORTED,2020.0,155,16.82638888888889,1089530.0,11.0,9.0,99048.18181818182,0.1085573476702509,7029.225806451613,1089530.0,1.0
2025-03,투싼,SUV,2021.0,217,2.1041666666666665,78222.53968253969,1.0,1.0,50540.0,0.0096966205837173,360.4725330992612,6262921.851998875,0.0124897837672322
2025-03,투싼,SUV,2023.0,217,9.666666666666666,342198.88582564885,2.0,1.0,109875.0,0.0445468509984639,1576.9533909016077,6262921.851998875,0.0546388560982016
2025-03,투싼,SUV,2024.0,155,28.34027777777778,1594074.389438944,10.0,8.0,160582.5,0.1828405017921147,10284.35089960609,6262921.851998875,0.2545256714212678
2025-03,투싼,SUV,2025.0,431,82.71180555555556,4248426.037051742,37.0,27.0,109895.27027027028,0.1919067414282031,9857.136976918197,6262921.851998875,0.6783456887132983
2025-03,팰리세이드,SUV,2023.0,403,15.854166666666668,948962.340425532,8.0,6.0,113367.5,0.0393403639371381,2354.7452616018163,948962.340425532,1.0
2025-03,포르쉐,SUPERCAR,2022.0,62,4.75,1755600.0,2.0,2.0,877800.0,0.0766129032258064,28316.129032258064,1755600.0,1.0
2025-03,폭스바겐 제타,IMPORTED,2022.0,93,0.0,0.0,0.0,0.0,,0.0,0.0,0.0,
2025-04,BMW 420i,IMPORTED,2022.0,120,8.291666666666666,670837.5903614458,4.0,4.0,178417.5,0.0690972222222222,5590.313253012048,4643648.609469726,0.1444634697365809
2025-04,BMW 420i,IMPORTED,2024.0,150,41.951388888888886,3972811.01910828,19.0,18.0,198408.94736842104,0.2796759259259259,26485.4067940552,4643648.609469726,0.8555365302634191
2025-04,BMW Z4 로드스터,IMPORTED,2021.0,60,9.854166666666666,894700.0,6.0,6.0,149116.66666666666,0.1642361111111111,14911.666666666666,894700.0,1.0
2025-04,EV3,EV,2025.0,259,24.3125,1126450.0,11.0,9.0,99429.54545454546,0.0938706563706563,4349.2277992278,1126450.0,1.0
2025-04,EV6,EV,2022.0,630,107.85069444444444,4264102.786148156,48.0,41.0,86350.83333333333,0.1711915784832451,6768.417120870089,4264102.786148156,1.0
2025-04,G80,LUXURY,2019.0,16,0.0,0.0,0.0,0.0,,0.0,0.0,4424923.890846995,0.0
2025-04,G80,LUXURY,2021.0,90,13.895833333333334,779255.8,6.0,4.0,146119.16666666666,0.1543981481481481,8658.397777777778,4424923.890846995,0.1761060346398046
2025-04,G80,LUXURY,2024.0,90,0.0,0.0,0.0,0.0,,0.0,0.0,4424923.890846995,0.0
2025-04,G80,LUXURY,2025.0,150,41.638888888888886,3645668.0908469944,22.0,17.0,191157.5,0.2775925925925925,24304.45393897996,4424923.890846995,0.8238939653601953
2025-04,GV70,SUV,2021.0,120,14.52777777777778,949045.1832460732,5.0,5.0,230666.0,0.1210648148148148,7908.709860383944,5071760.978289956,0.1871234049294773
2025-04,GV70,SUV,2023.0,150,21.63888888888889,1321477.7181208057,8.0,8.0,144196.25,0.1442592592592592,8809.851454138703,5071760.978289956,0.2605559930322993
2025-04,GV70,SUV,2025.0,150,38.53541666666666,2801238.076923077,16.0,14.0,191947.1875,0.2569027777777777,18674.92051282051,5071760.978289956,0.5523206020382233
2025-04,GV80,SUV,2021.0,90,2.0,169200.0,1.0,0.0,253800.0,0.0222222222222222,1880.0,5602096.505012877,0.0302029784471931
2025-04,GV80,SUV,2023.0,120,7.625,773315.0,4.0,3.0,193328.75,0.0635416666666666,6444.291666666667,5602096.505012877,0.138040285330326
2025-04,GV80,SUV,2025.0,210,49.25,4659581.505012877,22.0,16.0,199034.7727272727,0.2345238095238095,22188.48335720418,5602096.505012877,0.8317567362224808
2025-04,K3,COMPACT,2018.0,16,0.0,0.0,0.0,0.0,,0.0,0.0,4146685.746593262,0.0
2025-04,K3,COMPACT,2019.0,316,0.0,0.0,0.0,0.0,,0.0,0.0,4146685.746593262,0.0
2025-04,K3,COMPACT,2020.0,300,18.208333333333332,403068.07692307694,9.0,8.0,54277.22222222222,0.0606944444444444,1343.5602564102564,4146685.746593262,0.097202465186618
2025-04,K3,COMPACT,2021.0,300,28.5,535721.7441860465,13.0,11.0,58887.692307692305,0.095,1785.739147286822,4146685.746593262,0.1291927522181232
2025-04,K3,COMPACT,2022.0,750,60.80625,1273407.071125752,25.0,20.0,53926.0,0.081075,1697.876094834336,4146685.746593262,0.3070903244047197
2025-04,K3,COMPACT,2024.0,300,57.3,1934488.8543583865,25.0,19.0,74151.2,0.191,6448.296181194622,4146685.746593262,0.466514458190539
2025-04,K5,MIDSIZE,2020.0,742,19.882638888888888,409205.0,9.0,6.0,57183.88888888889,0.0267960092842168,551.4892183288409,8293303.310486053,0.049341617529242
2025-04,K5,MIDSIZE,2021.0,300,19.729166666666668,577074.3902439025,9.0,9.0,78755.55555555556,0.0657638888888889,1923.5813008130085,8293303.310486053,0.0695831767679652
2025-04,K5,MIDSIZE,2022.0,510,38.27777777777778,873819.3048128342,18.0,16.0,61351.666666666664,0.0750544662309368,1713.371185907518,8293303.310486053,0.1053644455169
2025-04,K5,MIDSIZE,2024.0,540,181.68472222222223,6433204.615429317,84.0,60.0,80217.5,0.3364531893004115,11913.34188042466,8293303.310486053,0.7757107601858927
2025-04,K8,LUXURY,2021.0,48,0.0,0.0,0.0,0.0,,0.0,0.0,700534.074074074,0.0
2025-04,K8,LUXURY,2023.0,90,16.086805555555557,700534.074074074,6.0,6.0,102326.66666666669,0.1787422839506173,7783.711934156378,700534.074074074,1.0
2025-04,QM6,SUV,2020.0,120,5.923611111111111,259255.0,2.0,2.0,129627.5,0.0493634259259259,2160.4583333333335,624818.5106382979,0.4149284881703521
2025-04,QM6,SUV,2021.0,90,11.541666666666666,365563.5106382979,3.0,3.0,116993.33333333331,0.1282407407407407,4061.816784869976,624818.5106382979,0.5850715118296479
2025-04,SM6,MIDSIZE,2020.0,60,0.0,0.0,0.0,0.0,,0.0,0.0,0.0,
2025-04,XM3,SUV,2022.0,60,0.0,0.0,0.0,0.0,,0.0,0.0,0.0,
2025-04,그랜져IG,LUXURY,2019.0,40,0.0,0.0,0.0,0.0,,0.0,0.0,0.0,
2025-04,니로 하이브리드,SUV,2022.0,240,21.708333333333332,801684.3265306123,8.0,6.0,92187.5,0.0904513888888888,3340.351360544218,801684.3265306123,1.0
2025-04,더 뉴 K7,LUXURY,2021.0,32,0.0,0.0,0.0,0.0,,0.0,0.0,0.0,
2025-04,더 뉴 그랜저,LUXURY,2020.0,210,14.595833333333331,683853.5730146554,9.0,6.0,93319.44444444444,0.0695039682539682,3256.445585784073,683853.5730146554,1.0
2025-04,더 뉴 셀토스,SUV,2024.0,330,114.32986111111111,3888860.435446906,53.0,40.0,77051.69811320755,0.3464541245791246,11784.42556196032,3888860.435446906,1.0
2025-04,더뉴그랜드스타렉스12인,RV,2019.0,60,5.798611111111111,330491.35359116027,3.0,3.0,159980.0,0.0966435185185185,5508.189226519337,330491.35359116027,1.0
2025-04,더뉴그랜저 하이브리드,LUXURY,2024.0,150,20.48055555555555,1238107.102137974,10.0,10.0,145752.5,0.136537037037037,8254.047347586493,1238107.102137974,1.0
2025-04,디올뉴 그랜저,LUXURY,2023.0,150,43.40416666666667,1991795.0,17.0,13.0,117164.41176470587,0.2893611111111111,13278.633333333331,1991795.0,1.0
2025-04,랭글러,IMPORTED,2023.0,120,22.180555555555557,2002420.0,11.0,8.0,182038.18181818185,0.1848379629629629,16686.833333333332,2002420.0,1.0
2025-04,레이,SUV,2022.0,240,16.104166666666668,461890.0,7.0,6.0,68793.57142857143,0.0671006944444444,1924.5416666666667,7002391.960877921,0.0659617460120142
2025-04,레이,URBAN,2018.0,176,0.0,0.0,0.0,0.0,,0.0,0.0,7002391.960877921,0.0
2025-04,레이,URBAN,2024.0,150,24.125,608625.0,11.0,11.0,55329.545454545456,0.1608333333333333,4057.5,7002391.960877921,0.0869167283694433
2025-04,레이,URBAN,2025.0,600,220.27013888888888,5931876.960877921,104.0,85.0,57414.66346153846,0.3671168981481481,9886.461601463205,7002391.960877921,0.8471215256185424
2025-04,머스탱,IMPORTED,2020.0,90,9.208333333333334,573175.1891891892,3.0,2.0,153763.33333333334,0.1023148148148148,6368.613213213213,9508900.957995497,0.0602777536248538
2025-04,머스탱,IMPORTED,2021.0,90,10.71527777777778,1000140.0,4.0,4.0,250035.0,0.1190586419753086,11112.666666666666,9508900.957995497,0.105179347688866
2025-04,머스탱,IMPORTED,2023.0,120,16.070138888888888,1434130.0,8.0,7.0,179266.25,0.133917824074074,11951.083333333334,9508900.957995497,0.1508197431369943
2025-04,머스탱,IMPORTED,2024.0,240,76.04861111111111,6501455.768806307,35.0,30.0,185112.14285714287,0.316869212962963,27089.399036692943,9508900.957995497,0.6837231555492856
2025-04,모닝,URBAN,2018.0,40,0.0,0.0,0.0,0.0,,0.0,0.0,1144872.5060147373,0.0
2025-04,모닝,URBAN,2022.0,520,53.952777777777776,1144872.5060147373,20.0,14.0,58771.5,0.1037553418803418,2201.677896182187,1144872.5060147373,1.0
2025-04,미니,IMPORTED,2022.0,180,31.229166666666664,1712292.8169014086,14.0,13.0,135155.7142857143,0.1734953703703703,9512.737871674492,5596007.654636871,0.3059847167082762
2025-04,미니,IMPORTED,2024.0,120,28.92361111111111,1666553.0434782607,14.0,12.0,133674.2857142857,0.2410300925925926,13887.942028985506,5596007.654636871,0.2978110728811011
2025-04,미니,IMPORTED,2025.0,180,33.625,2217161.794257202,15.0,14.0,188845.66666666663,0.1868055555555555,12317.565523651125,5596007.654636871,0.3962042104106227
2025-04,베뉴,SUV,2019.0,16,0.0,0.0,0.0,0.0,,0.0,0.0,336289.70802919706,0.0
2025-04,베뉴,SUV,2022.0,60,11.895833333333334,336289.70802919706,5.0,3.0,89394.0,0.1982638888888889,5604.828467153285,336289.70802919706,1.0
2025-04,베리뉴티볼리,SUV,2020.0,120,3.4791666666666665,226385.0,2.0,2.0,113192.5,0.0289930555555555,1886.5416666666667,226385.0,1.0
2025-04,벤츠,IMPORTED,2019.0,24,0.0,0.0,0.0,0.0,,0.0,0.0,4394482.948197847,0.0
2025-04,벤츠,IMPORTED,2020.0,120,7.333333333333333,651910.0,3.0,3.0,217303.33333333337,0.0611111111111111,5432.583333333333,4394482.948197847,0.1483473727591421
2025-04,벤츠,IMPORTED,2021.0,60,20.61111111111111,1754871.5384615385,10.0,9.0,178898.5,0.3435185185185185,29247.858974358976,4394482.948197847,0.3993351570931004
2025-04,벤츠,IMPORTED,2024.0,128,18.5,1987701.4097363085,8.0,8.0,231871.25,0.14453125,15528.91726356491,4394482.948197847,0.4523174701477573
2025-04,벤츠,SUPERCAR,2021.0,30,0.0,0.0,0.0,0.0,,0.0,0.0,4394482.948197847,0.0
2025-04,볼보 XC40,IMPORTED,2022.0,60,3.625,319489.2708333333,2.0,1.0,145887.5,0.0604166666666666,5324.821180555556,319489.2708333333,1.0
2025-04,셀토스,SUV,2020.0,120,0.0,0.0,0.0,0.0,,0.0,0.0,0.0,
2025-04,스타리아,RV,2022.0,480,21.145833333333332,1252880.5263157894,10.0,9.0,122595.0,0.0440538194444444,2610.1677631578946,7121216.695461168,0.1759363013225443
2025-04,스타리아,RV,2023.0,300,31.256944444444443,1647506.1691453783,13.0,11.0,153448.46153846153,0.1041898148148148,5491.687230484595,7121216.695461168,0.2313517815284915
2025-04,스타리아,RV,2024.0,450,68.86805555555556,4220830.0,29.0,21.0,145545.8620689655,0.1530401234567901,9379.622222222222,7121216.695461168,0.5927119171489641
2025-04,스포티지,SUV,2022.0,540,22.583333333333332,922589.327575938,9.0,9.0,113767.22222222222,0.0418209876543209,1708.4987547702558,6826016.837842518,0.1351577866701452
2025-04,스포티지,SUV,2025.0,390,114.40416666666668,5903427.510266581,48.0,37.0,118417.1875,0.2933440170940171,15136.993616068155,6826016.837842518,0.8648422133298549
2025-04,싼타페,SUV,2019.0,16,0.0,0.0,0.0,0.0,,0.0,0.0,8391586.320169473,0.0
2025-04,싼타페,SUV,2024.0,600,161.08055555555555,8391586.320169473,70.0,58.0,124846.71428571428,0.2684675925925925,13985.977200282456,8391586.320169473,1.0
2025-04,쏘나타,MIDSIZE,2020.0,630,27.97361111111111,828327.5,11.0,10.0,74243.63636363637,0.0444025573192239,1314.8055555555557,10172380.210448395,0.0814290739102729
2025-04,쏘나타,MIDSIZE,2021.0,300,25.07361111111111,815400.0,10.0,10.0,81540.0,0.0835787037037037,2718.0,10172380.210448395,0.0801582307317293
2025-04,쏘나타,MIDSIZE,2024.0,600,205.26458333333335,8528652.710448397,88.0,70.0,94581.02272727272,0.3421076388888889,14214.421184080662,10172380.210448395,0.8384126953579978
2025-04,쏘렌토,SUV,2018.0,24,0.0,0.0,0.0,0.0,,0.0,0.0,7548902.642271646,0.0
2025-04,쏘렌토,SUV,2021.0,90,6.694444444444445,269280.0,3.0,2.0,89760.0,0.0743827160493827,2992.0,7548902.642271646,0.035671409840698
2025-04,쏘렌토,SUV,2022.0,90,3.9236111111111103,131100.0,2.0,2.0,65550.0,0.0435956790123456,1456.6666666666667,7548902.642271646,0.0173667625895555
2025-04,쏘렌토,SUV,2023.0,210,16.854166666666668,866990.6521739131,7.0,7.0,134370.7142857143,0.0802579365079365,4128.526915113872,7548902.642271646,0.1148498918662719
2025-04,쏘렌토,SUV,2024.0,660,147.65902777777777,6281531.990097733,59.0,47.0,120643.98305084746,0.2237257996632996,9517.472712269291,7548902.642271646,0.8321119357034745
2025-04,쏘울 부스터,COMPACT,2019.0,32,0.0,0.0,0.0,0.0,,0.0,0.0,0.0,
2025-04,쏠라티,RV,2019.0,90,9.381944444444445,1364440.0,4.0,4.0,341110.0,0.1042438271604938,15160.444444444443,5380685.0,0.2535810960872082
2025-04,쏠라티,RV,2023.0,120,9.854166666666666,1788130.0,5.0,4.0,357626.0,0.0821180555555555,14901.083333333334,5380685.0,0.3323238583934945
2025-04,쏠라티,RV,2024.0,30,0.4583333333333333,165599.99999999997,1.0,0.0,165600.0,0.0152777777777777,5519.999999999999,5380685.0,0.0307767505438433
2025-04,쏠라티,RV,2025.0,120,16.354166666666668,2062515.0,7.0,6.0,294645.0,0.1362847222222222,17187.625,5380685.0,0.3833182949754539
2025-04,아반떼,COMPACT,2019.0,64,0.0,0.0,0.0,0.0,,0.0,0.0,10153071.756267851,0.0
2025-04,아반떼,COMPACT,2020.0,150,17.625,483125.11255010794,9.0,7.0,57982.22222222222,0.1175,3220.834083667386,10153071.756267851,0.047584132580552
2025-04,아반떼,COMPACT,2021.0,450,53.165277777777774,1502862.5336831547,23.0,16.0,58162.17391304348,0.118145061728395,3339.694519295899,10153071.756267851,0.1480204779164871
2025-04,아반떼,COMPACT,2024.0,480,176.2590277777778,6404749.050004031,70.0,53.0,91841.0,0.3672063078703704,13343.227187508395,10153071.756267851,0.6308188500736391
2025-04,아반떼,COMPACT,2025.0,188,43.94097222222222,1762335.060030561,25.0,16.0,80779.8,0.2337285756501182,9374.122659737026,10153071.756267851,0.1735765394293218
2025-04,아우디A5 카브리올레,IMPORTED,2021.0,30,0.4583333333333333,37329.722222222226,0.0,0.0,,0.0152777777777777,1244.324074074074,37329.722222222226,1.0
2025-04,아이오닉,EV,2021.0,300,54.916666666666664,2053681.9444444445,26.0,23.0,79074.03846153847,0.1830555555555555,6845.606481481482,2053681.9444444445,1.0
2025-04,엑센트,URBAN,2019.0,8,0.0,0.0,0.0,0.0,,0.0,0.0,0.0,
2025-04,카니발,RV,2018.0,378,12.152777777777777,727930.0,4.0,4.0,181982.5,0.0321502057613168,1925.7407407407409,26234782.14008385,0.0277467522357581
2025-04,카니발,RV,2019.0,270,18.53472222222222,1115337.7551020407,9.0,5.0,149361.11111111112,0.0686471193415637,4130.880574452002,26234782.14008385,0.0425137037215158
2025-04,카니발,RV,2021.0,230,20.688194444444445,1579730.8026153175,8.0,7.0,254456.25,0.0899486714975845,6868.394793979642,26234782.14008385,0.0602151294483846
2025-04,카니발,RV,2023.0,1080,77.0625,4178814.26477063,30.0,27.0,156263.0,0.0713541666666666,3869.272467380212,26234782.14008385,0.1592852665006836
2025-04,카니발,RV,2024.0,810,132.82638888888889,9576016.796839671,51.0,45.0,193597.9411764706,0.163983196159122,11822.242959061325,26234782.14008385,0.3650122476987745
2025-04,카니발,RV,2025.0,510,129.4597222222222,9056952.520756189,52.0,40.0,179591.53846153847,0.2538425925925925,17758.730432855267,26234782.14008385,0.3452269003948832
2025-04,캐스퍼,URBAN,2022.0,300,41.427083333333336,1054057.1759216485,15.0,12.0,64566.333333333336,0.1380902777777778,3513.523919738828,1054057.1759216485,1.0
2025-04,코나,EV,2020.0,1050,65.57013888888889,1971451.3206954335,26.0,20.0,72678.46153846153,0.0624477513227513,1877.572686376603,3998237.239205758,0.4930801257523824
2025-04,코나,SUV,2018.0,104,0.0,0.0,0.0,0.0,,0.0,0.0,3998237.239205758,0.0
2025-04,코나,SUV,2024.0,150,55.270833333333336,2026785.9185103248,22.0,19.0,94053.86363636365,0.3684722222222222,13511.906123402165,3998237.239205758,0.5069198742476175
2025-04,테슬라 모델3,IMPORTED,2020.0,150,6.444444444444445,378653.3333333333,4.0,4.0,142936.25,0.0429629629629629,2524.3555555555554,378653.3333333333,1.0
2025-04,투싼,SUV,2021.0,210,3.0,82840.0,1.0,1.0,82840.0,0.0142857142857142,394.4761904761905,10597740.352542862,0.0078167606720165
2025-04,투싼,SUV,2023.0,210,14.291666666666668,552600.0,6.0,5.0,92100.0,0.0680555555555555,2631.4285714285716,10597740.352542862,0.0521431910593475
2025-04,투싼,SUV,2024.0,150,38.94027777777778,2042838.3333333333,14.0,13.0,140431.42857142858,0.2596018518518518,13618.922222222222,10597740.352542862,0.1927616893202301
2025-04,투싼,SUV,2025.0,480,154.04166666666666,7919462.01920953,67.0,54.0,120173.88059701493,0.3209201388888889,16498.87920668652,10597740.352542862,0.7472783589484059
2025-04,팰리세이드,SUV,2023.0,390,53.63194444444444,2503095.818903319,24.0,14.0,137102.5,0.1375178062678062,6418.194407444408,2503095.818903319,1.0
2025-04,포르쉐,SUPERCAR,2022.0,38,6.041666666666667,3323307.272727273,4.0,4.0,873145.0,0.1589912280701754,87455.45454545454,3323307.272727273,1.0
2025-04,폭스바겐 제타,IMPORTED,2022.0,24,0.0,0.0,0.0,0.0,,0.0,0.0,0.0,
2025-05,BMW 420i,IMPORTED,2022.0,124,22.618055555555557,2079082.6623461351,10.0,7.0,203873.5,0.1824036738351254,16766.795664081736,5593383.777369609,0.3717039175387786
2025-05,BMW 420i,IMPORTED,2024.0,155,29.31597222222222,3514301.115023474,15.0,11.0,238618.0,0.1891353046594982,22672.910419506286,5593383.777369609,0.6282960824612215
2025-05,BMW Z4 로드스터,IMPORTED,2021.0,62,8.6875,784845.0,4.0,3.0,196211.25,0.1401209677419354,12658.790322580646,784845.0,1.0
2025-05,EV3,EV,2025.0,279,45.390277777777776,2279750.0,20.0,15.0,113987.5,0.1626891676622859,8171.1469534050175,2279750.0,1.0
2025-05,EV6,EV,2022.0,651,110.44791666666669,2959144.476631508,48.0,39.0,66576.25,0.1696588581669227,4545.5368304631465,2959144.476631508,1.0
2025-05,G80,LUXURY,2021.0,93,15.770833333333334,915311.011023622,6.0,5.0,146006.66666666666,0.1695788530465949,9842.05388197443,6542668.317819308,0.1398987334465241
2025-05,G80,LUXURY,2024.0,93,11.293055555555556,1009280.6730769232,6.0,4.0,170074.16666666666,0.1214307048984468,10852.48035566584,6542668.317819308,0.1542613233698693
2025-05,G80,LUXURY,2025.0,155,53.94236111111111,4618076.633718763,26.0,22.0,164583.46153846153,0.3480152329749104,29794.042798185565,6542668.317819308,0.7058399431836065
2025-05,GV70,SUV,2021.0,124,15.291666666666666,731487.6639761489,6.0,5.0,108564.16666666669,0.1233198924731182,5899.094064323782,6973474.161737265,0.1048957301641334
2025-05,GV70,SUV,2023.0,155,19.416666666666668,1050385.0,8.0,8.0,131298.125,0.125268817204301,6776.677419354839,6973474.161737265,0.150625782162262
2025-05,GV70,SUV,2025.0,155,58.07083333333333,5191601.497761116,29.0,22.0,179046.89655172414,0.3746505376344086,33494.203211362044,6973474.161737265,0.7444784876736046
2025-05,GV80,SUV,2021.0,93,3.4791666666666665,353100.0,1.0,0.0,268500.0,0.0374103942652329,3796.7741935483873,8645067.975423045,0.0408440975830176
2025-05,GV80,SUV,2023.0,124,17.479166666666668,1657542.534246575,7.0,6.0,267169.28571428574,0.1409610215053763,13367.27850198851,8645067.975423045,0.1917327358163963
2025-05,GV80,SUV,2025.0,217,54.43541666666667,6634425.44117647,24.0,17.0,280599.375,0.2508544546850998,30573.389129845487,8645067.975423045,0.767423166600586
2025-05,K3,COMPACT,2019.0,310,0.0,0.0,0.0,0.0,,0.0,0.0,4577842.673264355,0.0
2025-05,K3,COMPACT,2020.0,310,8.395833333333334,264691.92307692306,3.0,3.0,59755.0,0.0270833333333333,853.8449131513647,4577842.673264355,0.0578202314865
2025-05,K3,COMPACT,2021.0,310,22.47013888888889,705655.1097465378,9.0,6.0,54899.444444444445,0.0724843189964157,2276.306805633993,4577842.673264355,0.1541457756658446
2025-05,K3,COMPACT,2022.0,775,55.78333333333333,1544356.9470700235,22.0,15.0,66480.0,0.0719784946236559,1992.718641380676,4577842.673264355,0.3373547448647417
2025-05,K3,COMPACT,2024.0,310,76.80138888888888,2063138.693370871,32.0,26.0,68900.3125,0.2477464157706093,6655.286107647971,4577842.673264355,0.4506792479829137
2025-05,K5,MIDSIZE,2020.0,744,20.791666666666668,676400.0,6.0,6.0,95158.33333333331,0.0279457885304659,909.1397849462364,9596052.714534732,0.0704873159956161
2025-05,K5,MIDSIZE,2021.0,310,27.32847222222222,980809.1391678622,11.0,10.0,80407.72727272728,0.0881563620071684,3163.900448928588,9596052.714534732,0.102209644772196
2025-05,K5,MIDSIZE,2022.0,527,57.94583333333333,1933352.488704065,24.0,17.0,74942.70833333333,0.1099541429475015,3668.600547825551,9596052.714534732,0.2014737253137114
2025-05,K5,MIDSIZE,2024.0,558,161.17291666666665,6005491.086662804,68.0,53.0,86581.69117647059,0.2888403524492234,10762.52882914481,9596052.714534732,0.6258293139184764
2025-05,K8,LUXURY,2023.0,93,26.708333333333332,1436100.821917808,12.0,5.0,127960.0,0.2871863799283154,15441.94432169686,1436100.821917808,1.0
2025-05,QM6,SUV,2020.0,124,5.209722222222222,355680.00000000006,2.0,2.0,177840.0,0.0420138888888888,2868.387096774194,1171572.7777777778,0.3035918952253642
2025-05,QM6,SUV,2021.0,93,15.27777777777778,815892.7777777778,7.0,5.0,127855.71428571428,0.1642771804062126,8773.040621266427,1171572.7777777778,0.6964081047746358
2025-05,SM6,MIDSIZE,2020.0,62,4.875,104215.0,2.0,1.0,52107.5,0.0786290322580645,1680.8870967741934,104215.0,1.0
2025-05,XM3,SUV,2022.0,62,8.586805555555555,405850.0,3.0,3.0,135283.33333333334,0.1384968637992831,6545.967741935484,405850.0,1.0
2025-05,니로 하이브리드,SUV,2022.0,248,41.36805555555556,1496082.4837434974,17.0,14.0,95029.11764705884,0.1668066756272401,6032.590660256038,1496082.4837434974,1.0
2025-05,더 뉴 그랜저,LUXURY,2020.0,217,22.40486111111111,1341661.4269853446,9.0,5.0,134782.22222222222,0.1032482078853046,6182.771552927856,1341661.4269853446,1.0
2025-05,더 뉴 셀토스,SUV,2024.0,341,113.88263888888888,3961264.3852759777,51.0,40.0,77895.49019607843,0.3339666829586185,11616.611100516064,3961264.3852759777,1.0
2025-05,더뉴그랜드스타렉스12인,RV,2019.0,62,5.3125,198563.6464088398,1.0,1.0,49115.0,0.0856854838709677,3202.6394582070934,198563.6464088398,1.0
2025-05,더뉴그랜저 하이브리드,LUXURY,2024.0,155,30.177083333333332,2148193.585692714,13.0,11.0,151748.07692307694,0.1946908602150537,13859.313456082024,2148193.585692714,1.0
2025-05,디올뉴 그랜저,LUXURY,2023.0,155,38.416666666666664,2025795.0,16.0,12.0,126612.1875,0.2478494623655913,13069.645161290322,2025795.0,1.0
2025-05,랭글러,IMPORTED,2023.0,124,17.6875,1794675.0,6.0,5.0,299112.5,0.142641129032258,14473.185483870968,1794675.0,1.0
2025-05,레이,SUV,2022.0,248,41.79375,866800.0,13.0,9.0,66771.92307692308,0.168523185483871,3495.1612903225805,7117303.036731532,0.1217877046300475
2025-05,레이,URBAN,2024.0,155,20.71875,332890.0,10.0,8.0,33289.0,0.1336693548387096,2147.6774193548385,7117303.036731532,0.0467719300810988
2025-05,레이,URBAN,2025.0,620,233.11388888888888,5917613.036731532,113.0,80.0,52949.42477876106,0.3759901433691756,9544.5371560186,7117303.036731532,0.8314403652888536
2025-05,머스탱,IMPORTED,2020.0,93,11.020833333333334,746610.0,5.0,4.0,149322.0,0.1185035842293906,8028.064516129032,10961684.286820604,0.0681108833701459
2025-05,머스탱,IMPORTED,2021.0,93,9.891666666666666,766707.861715749,6.0,6.0,227506.66666666663,0.1063620071684587,8244.170556083323,10961684.286820604,0.0699443481178867
2025-05,머스탱,IMPORTED,2023.0,124,18.083333333333332,1509215.2702702703,7.0,6.0,241277.85714285713,0.1458333333333333,12171.090889276373,10961684.286820604,0.1376809649667453
2025-05,머스탱,IMPORTED,2024.0,248,81.16458333333334,7939151.154834586,42.0,36.0,200791.7857142857,0.3272765456989248,32012.706269494294,10961684.286820604,0.724263803545222
2025-05,모닝,URBAN,2022.0,496,43.44652777777778,1176676.583902398,18.0,11.0,57543.61111111111,0.0875938060035842,2372.331822383867,1176676.583902398,1.0
2025-05,미니,IMPORTED,2022.0,186,28.97222222222222,1649971.9619514556,13.0,13.0,128516.15384615384,0.1557646356033452,8870.816999739009,7876449.643263433,0.2094816873948585
2025-05,미니,IMPORTED,2024.0,124,12.354166666666666,865660.0599700151,7.0,6.0,110218.57142857143,0.099630376344086,6981.129515887218,7876449.643263433,0.1099048555094104
2025-05,미니,IMPORTED,2025.0,281,77.15069444444444,5360817.621341962,30.0,24.0,162312.0,0.2745576314748912,19077.642780576374,7876449.643263433,0.680613457095731
2025-05,베뉴,SUV,2022.0,62,12.666666666666666,521650.29197080294,5.0,5.0,82194.0,0.2043010752688172,8413.714386625854,521650.29197080294,1.0
2025-05,베리뉴티볼리,SUV,2020.0,124,4.125,124260.0,2.0,2.0,62130.0,0.033266129032258,1002.0967741935484,124260.0,1.0
2025-05,벤츠,IMPORTED,2020.0,124,14.070833333333333,1093087.5,8.0,7.0,151387.5,0.1134744623655913,8815.22177419355,9086367.753792657,0.1202997203743756
2025-05,벤츠,IMPORTED,2021.0,62,20.041666666666668,1866718.4615384615,9.0,6.0,203622.77777777775,0.323252688172043,30108.36228287841,9086367.753792657,0.2054416585504468
2025-05,벤츠,IMPORTED,2024.0,124,28.916666666666668,3422661.792254193,13.0,10.0,294981.1538461539,0.2331989247311828,27602.111227856396,9086367.753792657,0.3766809670261885
2025-05,벤츠,SUPERCAR,2021.0,31,4.822916666666666,2703900.0,4.0,3.0,675975.0,0.1555779569892472,87222.58064516129,9086367.753792657,0.297577654048989
2025-05,볼보 XC40,IMPORTED,2022.0,62,9.895833333333334,853815.0,5.0,3.0,170763.0,0.1596102150537634,13771.209677419354,853815.0,1.0
2025-05,셀토스,SUV,2020.0,124,2.506944444444444,91960.0,2.0,2.0,45980.0,0.02021729390681,741.6129032258065,91960.0,1.0
2025-05,스타리아,RV,2022.0,496,36.208333333333336,1847160.1785714284,12.0,11.0,158926.25,0.0730006720430107,3724.113263248847,9071560.455727812,0.2036209963639856
2025-05,스타리아,RV,2023.0,310,42.41736111111111,2941915.3148397724,13.0,10.0,203301.15384615384,0.1368301971326165,9490.049402708944,9071560.455727812,0.3243009104329165
2025-05,스타리아,RV,2024.0,465,57.47986111111111,4282484.96231661,25.0,23.0,181769.2,0.1236126045400239,9209.645080250772,9071560.455727812,0.4720780932030977
2025-05,스포티지,SUV,2022.0,558,59.21875,2339135.1834234856,26.0,20.0,107309.6153846154,0.1061267921146953,4191.998536601229,9455975.991079792,0.2473711000990365
2025-05,스포티지,SUV,2025.0,403,139.55902777777777,7116840.807656308,60.0,50.0,119436.91666666669,0.3463003170664461,17659.654609569003,9455975.991079792,0.7526288999009636
2025-05,싼타페,SUV,2024.0,620,168.06458333333333,8536000.286966028,68.0,59.0,124141.32352941176,0.2710719086021505,13767.742398332302,8536000.286966028,1.0
2025-05,쏘나타,MIDSIZE,2020.0,651,39.645833333333336,1096920.3136818688,12.0,11.0,96040.41666666669,0.0608998975934459,1684.9774403715344,8677455.887746127,0.1264103589660289
2025-05,쏘나타,MIDSIZE,2021.0,310,48.01875,1340412.0338983051,14.0,12.0,103307.14285714286,0.154899193548387,4323.909786768726,8677455.887746127,0.1544706249433279
2025-05,쏘나타,MIDSIZE,2024.0,620,183.61944444444444,6240123.540165953,83.0,71.0,77750.72289156627,0.2961603942652329,10064.71538736444,8677455.887746127,0.7191190160906431
2025-05,쏘렌토,SUV,2021.0,93,6.888888888888889,231488.543328017,3.0,3.0,99846.66666666669,0.074074074074074,2489.1241218066343,7789601.722007322,0.0297176353283905
2025-05,쏘렌토,SUV,2022.0,93,9.020833333333334,540959.2767295598,5.0,4.0,117762.0,0.0969982078853046,5816.766416446879,7789601.722007322,0.0694463332061293
2025-05,쏘렌토,SUV,2023.0,217,16.354166666666668,527974.3478260869,6.0,6.0,75728.33333333333,0.0753648233486943,2433.0615107192943,7789601.722007322,0.0677793764903851
2025-05,쏘렌토,SUV,2024.0,682,111.18333333333334,6489179.554123659,44.0,39.0,139678.06818181818,0.1630254154447702,9514.926032439382,7789601.722007322,0.8330566549750948
2025-05,쏠라티,RV,2019.0,93,5.277083333333334,848920.0,2.0,2.0,424460.0,0.0567428315412186,9128.172043010753,6505702.287671233,0.1304886025308541
2025-05,쏠라티,RV,2023.0,124,6.9375,1773555.0,3.0,3.0,591185.0,0.0559475806451612,14302.862903225809,6505702.287671233,0.2726154566526987
2025-05,쏠라티,RV,2024.0,31,4.166666666666667,841400.0,3.0,3.0,280466.6666666667,0.1344086021505376,27141.93548387097,6505702.287671233,0.129332693504053
2025-05,쏠라티,RV,2025.0,124,13.479166666666666,3041827.287671233,6.0,4.0,522026.6666666667,0.1087029569892473,24530.865223155102,6505702.287671233,0.4675632473123942
2025-05,아반떼,COMPACT,2020.0,155,10.98611111111111,326089.8874498921,4.0,3.0,71843.75,0.0708781362007168,2103.805725483175,12323860.518085692,0.0264600436666208
2025-05,아반떼,COMPACT,2021.0,465,43.701388888888886,941777.5375769496,21.0,17.0,48556.42857142857,0.0939814814814814,2025.3280377998915,12323860.518085692,0.0764190357554646
2025-05,아반떼,COMPACT,2024.0,496,166.60625,5245248.383796018,70.0,53.0,73442.57142857143,0.3358996975806451,10575.097547975842,12323860.518085692,0.4256173117261781
2025-05,아반떼,COMPACT,2025.0,379,163.89375,5810744.709262833,84.0,67.0,70124.64285714286,0.4324373350923483,15331.780235521986,12323860.518085692,0.4715036088517363
2025-05,아우디A5 카브리올레,IMPORTED,2021.0,31,0.3013888888888889,60134.99999999999,1.0,1.0,60135.0,0.0097222222222222,1939.838709677419,60134.99999999999,1.0
2025-05,아이오닉,EV,2021.0,310,58.736111111111114,1892046.3751007689,23.0,19.0,93763.04347826086,0.1894713261648745,6103.375403550866,1892046.3751007689,1.0
2025-05,카니발,RV,2018.0,341,13.479166666666668,917475.0,6.0,4.0,152912.5,0.0395283479960899,2690.542521994135,36042780.71584914,0.0254551669371214
2025-05,카니발,RV,2019.0,279,15.458333333333334,992617.2448979592,4.0,4.0,190926.25,0.0554062126642771,3557.767902860069,36042780.71584914,0.027539974030402
2025-05,카니발,RV,2021.0,155,8.319444444444445,791524.1973846825,2.0,2.0,191607.5,0.053673835125448,5106.607725062468,36042780.71584914,0.0219606862085595
2025-05,카니발,RV,2023.0,1116,101.78125,6802836.294813747,36.0,33.0,194074.86111111112,0.0912018369175627,6095.731446965723,36042780.71584914,0.1887433810516824
2025-05,카니발,RV,2024.0,837,192.98958333333337,15859676.83716837,74.0,55.0,213815.0,0.2305729788928713,18948.2399488272,36042780.71584914,0.4400236752597274
2025-05,카니발,RV,2025.0,541,136.36666666666667,10678651.14158438,48.0,38.0,220797.60416666663,0.252064078866297,19738.726694241,36042780.71584914,0.2962771165125071
2025-05,캐스퍼,URBAN,2022.0,310,60.46319444444444,1606123.4608143158,25.0,14.0,69380.2,0.1950425627240143,5181.043421981664,1606123.4608143158,1.0
2025-05,코나,EV,2020.0,1085,73.32847222222222,1614261.9265762395,31.0,17.0,56439.67741935484,0.0675838453661034,1487.799010669345,3669475.192062965,0.4399162937708015
2025-05,코나,SUV,2024.0,155,53.270833333333336,2055213.2654867256,26.0,24.0,80019.61538461539,0.3436827956989247,13259.440422495005,3669475.192062965,0.5600837062291986
2025-05,테슬라 모델3,IMPORTED,2020.0,155,22.940277777777776,1576937.6668362569,14.0,10.0,136944.64285714287,0.1480017921146953,10173.791398943593,1576937.6668362569,1.0
2025-05,투싼,SUV,2021.0,217,7.0,182872.5,3.0,3.0,74881.66666666667,0.032258064516129,842.7304147465438,9487755.685881354,0.0192745793688733
2025-05,투싼,SUV,2023.0,217,22.55625,852593.5876229187,11.0,9.0,98616.36363636365,0.1039458525345622,3929.0027079397178,9487755.685881354,0.089862514998321
2025-05,투싼,SUV,2024.0,155,23.98263888888889,1087872.9288244224,12.0,8.0,98990.41666666669,0.1547267025089606,7018.535024673693,9487755.685881354,0.1146607232354514
2025-05,투싼,SUV,2025.0,496,144.94861111111112,7364416.669434014,64.0,51.0,112758.75,0.292235103046595,14847.614252891157,9487755.685881354,0.7762021823973543
2025-05,팰리세이드,SUV,2023.0,403,76.77777777777777,4363000.2280393215,27.0,24.0,140067.03703703705,0.1905155776123518,10826.303295382932,5833455.310591871,0.747927256786792
2025-05,팰리세이드,SUV,2025.0,64,28.617361111111112,1470455.0825525494,16.0,13.0,106263.75,0.4471462673611111,22975.860664883585,5833455.310591871,0.252072743213208
2025-05,포르쉐,SUPERCAR,2022.0,31,7.302083333333333,3250835.6072727274,4.0,4.0,894520.0,0.2355510752688172,104865.66475073314,7657980.607272727,0.4245029824423207
2025-05,포르쉐,SUPERCAR,2025.0,20,8.729166666666666,4407145.0,3.0,2.0,1469048.3333333333,0.4364583333333333,220357.25,7657980.607272727,0.5754970175576792
2025-06,BMW 420i,IMPORTED,2022.0,120,14.0,1098439.7472924187,7.0,3.0,156565.0,0.1166666666666666,9153.664560770156,6136242.11711743,0.1790085407856141
2025-06,BMW 420i,IMPORTED,2024.0,150,45.58958333333334,5037802.369825011,20.0,13.0,251131.25,0.3039305555555556,33585.34913216674,6136242.11711743,0.8209914592143859
2025-06,BMW X7 xdrive40i 하이브리드,SUPERCAR,2025.0,12,0.0,0.0,0.0,0.0,,0.0,0.0,0.0,
2025-06,BMW Z4 로드스터,IMPORTED,2021.0,60,15.166666666666666,1578134.9152542374,10.0,10.0,175735.0,0.2527777777777777,26302.248587570622,1578134.9152542374,1.0
2025-06,EV3,EV,2025.0,270,52.46597222222222,3611635.0,23.0,19.0,157027.60869565216,0.19431841563786,13376.425925925923,3611635.0,1.0
2025-06,EV6,EV,2022.0,630,133.73819444444445,5228737.410070583,52.0,46.0,98651.44230769233,0.212282848324515,8299.583190588228,5228737.410070583,1.0
2025-06,G80,LUXURY,2021.0,90,15.0625,988239.493324204,8.0,6.0,120982.5,0.1673611111111111,10980.438814713378,8002969.33039779,0.1234841035277444
2025-06,G80,LUXURY,2024.0,90,13.229166666666666,1083752.075267448,8.0,7.0,142286.25,0.1469907407407407,12041.689725193864,8002969.33039779,0.1354187465333669
2025-06,G80,LUXURY,2025.0,150,68.71666666666667,5930977.761806139,28.0,20.0,209668.57142857145,0.4581111111111111,39539.85174537426,8002969.33039779,0.7410971499388886
2025-06,GV70,SUV,2021.0,120,12.020833333333334,915627.1527777778,4.0,4.0,197861.25,0.1001736111111111,7630.226273148148,6625619.359520273,0.1381949525159672
2025-06,GV70,SUV,2023.0,150,13.02777777777778,754715.0,6.0,6.0,125785.83333333331,0.0868518518518518,5031.433333333333,6625619.359520273,0.1139085961700409
2025-06,GV70,SUV,2025.0,150,54.611111111111114,4955277.206742495,21.0,17.0,237041.66666666663,0.3640740740740741,33035.181378283305,6625619.359520273,0.7478964513139917
2025-06,GV80,SUV,2021.0,90,7.291666666666667,615340.0,3.0,2.0,205113.33333333337,0.0810185185185185,6837.111111111111,7557754.199464846,0.0814183663241616
2025-06,GV80,SUV,2023.0,120,19.520833333333332,1583842.465753425,8.0,5.0,171400.0,0.1626736111111111,13198.687214611871,7557754.199464846,0.2095652258531475
2025-06,GV80,SUV,2025.0,210,49.510416666666664,5358571.7337114215,25.0,21.0,215233.4,0.2357638888888888,25517.008255768673,7557754.199464846,0.7090164078226908
2025-06,K3,COMPACT,2019.0,300,0.0,0.0,0.0,0.0,,0.0,0.0,4624356.829010128,0.0
2025-06,K3,COMPACT,2020.0,300,11.541666666666668,190760.0,5.0,3.0,38152.0,0.0384722222222222,635.8666666666667,4624356.829010128,0.0412511419541197
2025-06,K3,COMPACT,2021.0,300,24.502083333333335,842302.3127340825,14.0,11.0,60720.71428571428,0.0816736111111111,2807.6743757802747,4624356.829010128,0.1821447487464721
2025-06,K3,COMPACT,2022.0,750,90.87152777777776,2003383.3183425688,26.0,20.0,73681.92307692308,0.121162037037037,2671.1777577900916,4624356.829010128,0.4332242066128372
2025-06,K3,COMPACT,2024.0,300,59.02777777777778,1587911.197933477,31.0,26.0,47283.06451612903,0.1967592592592592,5293.037326444923,4624356.829010128,0.3433799026865708
2025-06,K5,MIDSIZE,2020.0,713,15.3125,503590.0,6.0,4.0,83931.66666666667,0.0214761570827489,706.2973352033661,11579930.359600652,0.0434881717213856
2025-06,K5,MIDSIZE,2021.0,300,38.048611111111114,838267.7205882353,13.0,10.0,65240.38461538462,0.1268287037037037,2794.225735294118,11579930.359600652,0.0723897030946517
2025-06,K5,MIDSIZE,2022.0,510,81.57777777777778,2433298.629018312,29.0,22.0,81210.1724137931,0.1599564270152505,4771.173782388847,11579930.359600652,0.2101306789812358
2025-06,K5,MIDSIZE,2024.0,540,218.46666666666667,7804774.009994105,88.0,68.0,89463.86363636363,0.4045679012345679,14453.285203692789,11579930.359600652,0.6739914462027268
2025-06,K8,LUXURY,2023.0,90,18.54861111111111,871004.1780821917,9.0,6.0,85731.66666666667,0.2060956790123456,9677.82420091324,871004.1780821917,1.0
2025-06,QM6,SUV,2020.0,120,0.0,0.0,0.0,0.0,,0.0,0.0,713676.3901729155,0.0
2025-06,QM6,SUV,2021.0,90,16.40625,713676.3901729155,7.0,5.0,92908.57142857143,0.1822916666666666,7929.737668587951,713676.3901729155,1.0
2025-06,SM6,MIDSIZE,2020.0,60,7.8125,195630.0,3.0,3.0,65210.0,0.1302083333333333,3260.5,195630.0,1.0
2025-06,XM3,SUV,2022.0,60,5.854166666666667,133475.0,2.0,2.0,66737.5,0.0975694444444444,2224.5833333333335,133475.0,1.0
2025-06,니로 하이브리드,SUV,2022.0,240,32.81944444444444,1371112.5162565026,8.0,7.0,156462.5,0.1367476851851851,5712.968817735427,1371112.5162565026,1.0
2025-06,더 뉴 그랜저,LUXURY,2020.0,210,18.84722222222222,800091.947368421,9.0,7.0,93367.22222222222,0.0897486772486772,3809.961654135338,800091.947368421,1.0
2025-06,더 뉴 셀토스,SUV,2024.0,330,119.5875,4229332.1263925005,49.0,43.0,85252.44897959183,0.3623863636363637,12816.157958765152,4229332.1263925005,1.0
2025-06,더뉴그랜드스타렉스12인,RV,2019.0,60,2.2083333333333335,146585.0,1.0,1.0,146585.0,0.0368055555555555,2443.0833333333335,146585.0,1.0
2025-06,더뉴그랜저 하이브리드,LUXURY,2024.0,150,48.82083333333333,3130204.074074074,18.0,14.0,166858.88888888888,0.3254722222222222,20868.027160493828,3130204.074074074,1.0
2025-06,디올뉴 그랜저,LUXURY,2023.0,150,20.02777777777778,998955.0,9.0,8.0,110995.0,0.1335185185185185,6659.7,998955.0,1.0
2025-06,랭글러,IMPORTED,2023.0,120,25.82986111111111,2285015.0,14.0,10.0,163215.35714285713,0.2152488425925925,19041.791666666668,2285015.0,1.0
2025-06,레이,SUV,2022.0,240,59.27430555555556,1534511.931818182,17.0,11.0,90166.4705882353,0.2469762731481481,6393.799715909091,7746205.661837838,0.1980985270476422
2025-06,레이,URBAN,2024.0,150,18.924305555555556,486660.0,9.0,7.0,54073.333333333336,0.126162037037037,3244.4,7746205.661837838,0.0628255976209824
2025-06,레이,URBAN,2025.0,600,227.03611111111113,5725033.730019656,101.0,79.0,54285.19801980198,0.3783935185185185,9541.722883366094,7746205.661837838,0.7390758753313754
2025-06,머스탱,IMPORTED,2020.0,90,8.458333333333334,711645.0,5.0,5.0,142329.0,0.0939814814814814,7907.166666666667,14266935.498265907,0.0498807189593376
2025-06,머스탱,IMPORTED,2021.0,90,17.389583333333334,1640567.138284251,5.0,5.0,208447.0,0.1932175925925926,18228.5237587139,14266935.498265907,0.1149908569001139
2025-06,머스탱,IMPORTED,2023.0,120,21.333333333333332,2099709.7297297297,10.0,10.0,191998.0,0.1777777777777777,17497.58108108108,14266935.498265907,0.1471731424022307
2025-06,머스탱,IMPORTED,2024.0,240,94.90416666666668,9815013.630251924,42.0,35.0,222925.47619047615,0.3954340277777778,40895.890126049686,14266935.498265907,0.6879552817383175
2025-06,모닝,URBAN,2022.0,480,31.114583333333332,629592.1067213755,20.0,18.0,34602.25,0.0648220486111111,1311.650222336199,629592.1067213755,1.0
2025-06,미니,IMPORTED,2022.0,180,28.07986111111111,1534458.0797391208,10.0,8.0,141369.5,0.1559992283950617,8524.767109661781,9712740.098345824,0.1579840564250714
2025-06,미니,IMPORTED,2024.0,120,25.649305555555554,1960049.331106698,12.0,9.0,155175.41666666666,0.2137442129629629,16333.744425889152,9712740.098345824,0.2018018922837762
2025-06,미니,IMPORTED,2025.0,330,77.28125,6218232.687500005,37.0,33.0,165462.2972972973,0.234185606060606,18843.12935606062,9712740.098345824,0.6402140512911523
2025-06,베뉴,SUV,2022.0,60,9.416666666666666,306695.0,4.0,3.0,76673.75,0.1569444444444444,5111.583333333333,306695.0,1.0
2025-06,베리뉴티볼리,SUV,2020.0,120,2.0,50968.0,2.0,2.0,41135.0,0.0166666666666666,424.73333333333335,50968.0,1.0
2025-06,벤츠,IMPORTED,2020.0,120,17.71388888888889,1454984.2441860463,9.0,8.0,164608.88888888888,0.1476157407407407,12124.868701550387,10194460.920970146,0.1427230194382445
2025-06,벤츠,IMPORTED,2021.0,60,16.76388888888889,1383029.4444444445,8.0,6.0,192563.125,0.2793981481481482,23050.49074074074,10194460.920970146,0.1356647943590164
2025-06,벤츠,IMPORTED,2024.0,120,25.29305555555555,3508947.2323396546,14.0,10.0,223415.0,0.2107754629629629,29241.22693616379,10194460.920970146,0.3442013520422352
2025-06,벤츠,SUPERCAR,2021.0,30,6.895833333333333,3847500.0,4.0,4.0,961875.0,0.2298611111111111,128250.0,10194460.920970146,0.3774108341605037
2025-06,볼보 XC40,IMPORTED,2022.0,60,15.291666666666666,1168785.0,5.0,5.0,233757.0,0.2548611111111111,19479.75,1168785.0,1.0
2025-06,셀토스,SUV,2020.0,120,8.0625,217403.82352941175,4.0,2.0,61431.25,0.0671875,1811.6985294117649,217403.82352941175,1.0
2025-06,스타리아,RV,2022.0,480,32.10625,1809754.950676829,10.0,9.0,195833.0,0.0668880208333333,3770.322813910061,11179039.178651724,0.1618882375985285
2025-06,스타리아,RV,2023.0,300,29.229861111111113,2358803.081232241,12.0,9.0,183827.5,0.0974328703703703,7862.676937440803,11179039.178651724,0.211002309191006
2025-06,스타리아,RV,2024.0,450,112.76944444444445,7010481.146742653,40.0,27.0,180783.375,0.2505987654320987,15578.846992761451,11179039.178651724,0.6271094532104654
2025-06,스포티지,SUV,2022.0,540,85.21527777777777,3361089.770748077,27.0,22.0,103486.66666666669,0.1578060699588477,6224.240316200143,12020673.386371668,0.2796091086343534
2025-06,스포티지,SUV,2025.0,390,167.05902777777777,8659583.61562359,70.0,57.0,125491.28571428572,0.4283564814814815,22204.060552880997,12020673.386371668,0.7203908913656465
2025-06,싼타페,SUV,2024.0,600,150.81458333333333,6921949.161293124,56.0,49.0,124500.98214285714,0.2513576388888889,11536.58193548854,6921949.161293124,1.0
2025-06,쏘나타,MIDSIZE,2020.0,630,74.87986111111111,1829388.7818565215,37.0,26.0,50554.45945945946,0.118856922398589,2903.791717232574,10037787.193106912,0.182250205813567
2025-06,쏘나타,MIDSIZE,2021.0,300,33.25347222222222,840094.2994350282,11.0,8.0,70096.36363636363,0.1108449074074074,2800.314331450094,10037787.193106912,0.0836931769197032
2025-06,쏘나타,MIDSIZE,2024.0,600,216.08333333333337,7368304.111815361,86.0,64.0,83216.62790697675,0.3601388888888889,12280.506853025605,10037787.193106912,0.7340566172667297
2025-06,쏘렌토,SUV,2021.0,90,7.065972222222222,244413.97747065185,2.0,2.0,91817.5,0.0785108024691358,2715.7108607850205,10115161.41527504,0.0241631317026299
2025-06,쏘렌토,SUV,2022.0,90,13.506944444444445,773783.7648459327,5.0,5.0,156180.0,0.1500771604938271,8597.59738717703,10115161.41527504,0.0764974213537938
2025-06,쏘렌토,SUV,2023.0,210,23.72222222222222,1048180.0,11.0,8.0,95289.09090909093,0.1129629629629629,4991.333333333333,10115161.41527504,0.1036246439347106
2025-06,쏘렌토,SUV,2024.0,660,163.41458333333333,8048783.672958456,68.0,53.0,113803.08823529413,0.2475978535353535,12195.126777209782,10115161.41527504,0.7957148030088654
2025-06,쏠라티,RV,2019.0,90,0.0,0.0,0.0,0.0,,0.0,0.0,4742212.712328767,0.0
2025-06,쏠라티,RV,2023.0,120,11.958333333333334,2047155.0,4.0,4.0,511788.75,0.0996527777777777,17059.625,4742212.712328767,0.4316877213621866
2025-06,쏠라티,RV,2024.0,30,2.5,637560.0,1.0,1.0,637560.0,0.0833333333333333,21252.0,4742212.712328767,0.1344435685776971
2025-06,쏠라티,RV,2025.0,120,8.131944444444445,2057497.7123287672,3.0,3.0,655721.6666666666,0.0677662037037037,17145.814269406394,4742212.712328767,0.4338687100601162
2025-06,아반떼,COMPACT,2020.0,150,10.90972222222222,228286.58547794115,7.0,4.0,42480.0,0.0727314814814814,1521.910569852941,15629414.717540124,0.0146062146026329
2025-06,아반떼,COMPACT,2021.0,450,57.75347222222222,1380422.801406101,22.0,17.0,58575.22727272727,0.128341049382716,3067.6062253468913,15629414.717540124,0.0883221045927535
2025-06,아반떼,COMPACT,2024.0,480,162.35416666666666,5148984.023469272,66.0,48.0,76916.36363636363,0.3382378472222222,10727.050048894316,15629414.717540124,0.3294418963552628
2025-06,아반떼,COMPACT,2025.0,420,228.03055555555557,8871721.30718681,99.0,77.0,87577.9797979798,0.5429298941798942,21123.145969492405,15629414.717540124,0.5676297844493507
2025-06,아우디A5 카브리올레,IMPORTED,2021.0,30,3.0416666666666665,273690.0,1.0,1.0,273690.0,0.1013888888888888,9123.0,273690.0,1.0
2025-06,아이오닉,EV,2021.0,300,58.73125,1718666.3066230111,18.0,14.0,84666.11111111111,0.1957708333333333,5728.887688743371,1718666.3066230111,1.0
2025-06,카니발,RV,2018.0,330,7.666666666666666,494325.0,3.0,3.0,164775.0,0.0232323232323232,1497.9545454545455,39185057.19966136,0.0126151404470649
2025-06,카니발,RV,2019.0,270,5.3125,296110.0,2.0,2.0,148055.0,0.0196759259259259,1096.7037037037037,39185057.19966136,0.0075567071011589
2025-06,카니발,RV,2021.0,150,8.8125,377110.0,3.0,3.0,109833.33333333331,0.05875,2514.0666666666666,39185057.19966136,0.0096238216031814
2025-06,카니발,RV,2023.0,1080,146.59166666666667,8852290.17436239,49.0,40.0,168894.2857142857,0.135733024691358,8196.564976261472,39185057.19966136,0.2259098443893273
2025-06,카니발,RV,2024.0,810,170.15902777777777,12365153.213577682,62.0,40.0,194803.79032258064,0.2100728737997256,15265.621251330473,39185057.19966136,0.3155578707100762
2025-06,카니발,RV,2025.0,660,210.18680555555557,16800068.811721288,90.0,73.0,185067.94444444444,0.3184648569023569,25454.649714729225,39185057.19966136,0.4287366157491911
2025-06,캐스퍼,URBAN,2022.0,300,76.6986111111111,1891169.5186150144,29.0,26.0,62162.24137931035,0.255662037037037,6303.89839538338,1891169.5186150144,1.0
2025-06,코나,EV,2020.0,1050,91.29444444444444,2422850.4751922735,42.0,37.0,57554.166666666664,0.0869470899470899,2307.476643040261,4476892.073253612,0.5411902801202555
2025-06,코나,SUV,2024.0,150,57.238194444444446,2054041.5980613383,27.0,18.0,75706.85185185185,0.381587962962963,13693.610653742257,4476892.073253612,0.4588097198797445
2025-06,테슬라 모델3,IMPORTED,2020.0,150,17.260416666666668,1101701.856973267,6.0,5.0,105663.33333333331,0.1150694444444444,7344.679046488446,1101701.856973267,1.0
2025-06,투싼,SUV,2021.0,210,6.916666666666667,213776.4416058394,3.0,2.0,58740.0,0.0329365079365079,1017.983055265902,14975773.320281096,0.0142748182036336
2025-06,투싼,SUV,2023.0,210,40.93055555555556,1515435.0064364872,12.0,11.0,118113.33333333331,0.1949074074074074,7216.357173507082,14975773.320281096,0.1011924375473948
2025-06,투싼,SUV,2024.0,150,41.45902777777778,1615431.2559581862,17.0,10.0,89311.4705882353,0.2763935185185185,10769.541706387909,14975773.320281096,0.1078696386096116
2025-06,투싼,SUV,2025.0,480,236.22708333333333,11631130.616280582,101.0,79.0,115688.51485148516,0.4921397569444444,24231.522117251217,14975773.320281096,0.7766631056393597
2025-06,팰리세이드,SUV,2023.0,390,90.32638888888889,4100059.061851058,30.0,28.0,132583.33333333334,0.2316061253561253,10512.971953464252,7756715.677411716,0.5285818421565734
2025-06,팰리세이드,SUV,2025.0,150,51.50555555555555,3656656.6155606583,22.0,17.0,159080.9090909091,0.3433703703703703,24377.71077040439,7756715.677411716,0.4714181578434266
2025-06,포르쉐,SUPERCAR,2022.0,30,4.520833333333333,2368717.1199999996,2.0,2.0,936100.0,0.1506944444444444,78957.23733333332,2378386.9072340424,0.995934308583422
2025-06,포르쉐,SUPERCAR,2025.0,30,0.0208333333333333,9669.787234042553,1.0,1.0,454480.0,0.0006944444444444,322.32624113475174,2378386.9072340424,0.0040656914165778
2025-07,BMW 420i,IMPORTED,2022.0,124,15.67361111111111,2070770.0,8.0,6.0,258846.25,0.1264000896057347,16699.75806451613,9772069.582923684,0.2119070052078416
2025-07,BMW 420i,IMPORTED,2024.0,155,56.125,7701299.582923685,26.0,23.0,321808.8461538461,0.3620967741935484,49685.80376079797,9772069.582923684,0.7880929947921584
2025-07,BMW X7 xdrive40i 하이브리드,SUPERCAR,2025.0,31,0.0,0.0,0.0,0.0,,0.0,0.0,0.0,
2025-07,BMW Z4 로드스터,IMPORTED,2021.0,62,16.260416666666668,1452925.0847457626,7.0,6.0,181958.57142857145,0.2622647849462365,23434.275560415528,1452925.0847457626,1.0
2025-07,EV3,EV,2025.0,279,53.09513888888889,3469334.5833333335,21.0,19.0,176989.04761904763,0.1903051573078454,12434.890979689368,3469334.5833333335,1.0
2025-07,EV6,EV,2022.0,651,146.2173611111111,7350587.684705919,47.0,43.0,170267.87234042553,0.2246042413381123,11291.225322128908,7350587.684705919,1.0
2025-07,G80,LUXURY,2021.0,93,21.209027777777777,1566578.6956521738,11.0,10.0,138979.0909090909,0.2280540621266427,16844.9322113137,9096081.990938172,0.1722256568501529
2025-07,G80,LUXURY,2024.0,93,14.903472222222222,1386762.2516556291,4.0,3.0,330265.0,0.1602523894862604,14911.422060813216,9096081.990938172,0.1524570966969261
2025-07,G80,LUXURY,2025.0,155,56.74930555555555,6142741.043630369,27.0,23.0,263241.85185185185,0.3661245519713261,39630.58737826045,9096081.990938172,0.6753172464529209
2025-07,GV70,SUV,2021.0,124,8.395833333333334,583680.0,4.0,4.0,145920.0,0.0677083333333333,4707.096774193548,7552604.061453836,0.0772819540453501
2025-07,GV70,SUV,2023.0,155,31.84375,2867235.0,13.0,8.0,220556.53846153847,0.2054435483870967,18498.290322580644,7552604.061453836,0.3796352856140684
2025-07,GV70,SUV,2025.0,155,42.96805555555556,4101689.061453835,18.0,15.0,214420.55555555556,0.2772132616487455,26462.51007389571,7552604.061453836,0.5430827603405814
2025-07,GV80,SUV,2021.0,93,12.215972222222222,1412244.308460076,6.0,3.0,339704.1666666667,0.1313545400238948,15185.422671613722,11562094.84715132,0.1221443282666052
2025-07,GV80,SUV,2023.0,124,9.375,767335.0,4.0,3.0,191833.75,0.0756048387096774,6188.185483870968,11562094.84715132,0.0663664336042924
2025-07,GV80,SUV,2025.0,217,85.39375,9382515.538691243,34.0,27.0,276400.14705882355,0.3935195852534562,43237.39879581218,11562094.84715132,0.8114892381291022
2025-07,K3,COMPACT,2019.0,310,12.770833333333332,838635.1592193118,8.0,7.0,135888.125,0.0411962365591397,2705.27470715907,6730220.718589198,0.1246073783142
2025-07,K3,COMPACT,2020.0,310,8.0625,249155.0,4.0,3.0,62288.75,0.026008064516129,803.7258064516129,6730220.718589198,0.0370203311923815
2025-07,K3,COMPACT,2021.0,310,25.569444444444443,848185.8333333334,10.0,8.0,82214.0,0.0824820788530465,2736.0833333333335,6730220.718589198,0.1260264512559896
2025-07,K3,COMPACT,2022.0,663,73.48125,2367039.63282422,27.0,22.0,102274.62962962964,0.1108314479638009,3570.1955246217494,6730220.718589198,0.3517031211601041
2025-07,K3,COMPACT,2024.0,310,59.795138888888886,2427205.0932123326,25.0,24.0,123033.4,0.1928875448028673,7829.69384907204,6730220.718589198,0.3606427180773245
2025-07,K5,MIDSIZE,2020.0,713,27.020833333333332,1406286.69077135,13.0,8.0,141018.46153846153,0.0378973819541842,1972.3515999598176,15465240.226391328,0.0909320948258877
2025-07,K5,MIDSIZE,2021.0,310,26.05,1117823.75,6.0,5.0,178760.83333333334,0.0840322580645161,3605.8830645161297,15465240.226391328,0.072279753410648
2025-07,K5,MIDSIZE,2022.0,527,69.16111111111111,3130189.5774647887,27.0,21.0,115281.85185185184,0.13123550495467,5939.6386669161075,15465240.226391328,0.2024016136602354
2025-07,K5,MIDSIZE,2024.0,558,174.70902777777778,9810940.208155189,72.0,63.0,147516.73611111112,0.3130986160892074,17582.330122141913,15465240.226391328,0.6343865381032288
2025-07,K8,LUXURY,2023.0,93,7.833333333333334,328130.0,3.0,3.0,109376.66666666669,0.0842293906810035,3528.2795698924733,328130.0,1.0
2025-07,QM6,SUV,2020.0,124,0.0,0.0,0.0,0.0,,0.0,0.0,543993.4055787184,0.0
2025-07,QM6,SUV,2021.0,93,8.0,543993.4055787184,3.0,3.0,263561.6666666667,0.086021505376344,5849.391457835682,543993.4055787184,1.0
2025-07,SM6,MIDSIZE,2020.0,62,2.3402777777777777,45125.0,1.0,1.0,45125.0,0.0377464157706093,727.8225806451613,45125.0,1.0
2025-07,XM3,SUV,2022.0,62,0.0,0.0,0.0,0.0,,0.0,0.0,0.0,
2025-07,니로 하이브리드,SUV,2022.0,248,19.64236111111111,1517289.5588235294,8.0,8.0,212435.0,0.0792030689964157,6118.103059772296,1517289.5588235294,1.0
2025-07,더 뉴 그랜저,LUXURY,2020.0,217,44.37569444444444,2288628.052631579,18.0,14.0,123769.72222222222,0.2044962877624167,10546.673053601746,2288628.052631579,1.0
2025-07,더 뉴 셀토스,SUV,2024.0,341,87.8125,4103964.545787546,33.0,25.0,132103.9393939394,0.2575146627565982,12035.086644538258,4103964.545787546,1.0
2025-07,더뉴그랜드스타렉스12인,RV,2019.0,62,5.5625,223535.0,2.0,2.0,111767.5,0.0897177419354838,3605.403225806452,223535.0,1.0
2025-07,더뉴그랜저 하이브리드,LUXURY,2024.0,155,43.93333333333333,3525280.8103448274,16.0,14.0,255682.5,0.2834408602150537,22743.747163515018,3525280.8103448274,1.0
2025-07,디올뉴 그랜저,LUXURY,2023.0,155,42.03333333333333,2685945.5384615385,13.0,12.0,228975.7692307692,0.2711827956989247,17328.680893300247,2685945.5384615385,1.0
2025-07,랭글러,IMPORTED,2023.0,124,40.30625,3975900.728476821,19.0,13.0,242026.84210526315,0.3250504032258064,32063.71555223243,3975900.728476821,1.0
2025-07,레이,SUV,2022.0,248,15.604166666666668,994505.7409460458,6.0,6.0,191341.66666666663,0.0629200268817204,4010.1037941372815,10261450.09272352,0.0969166864292657
2025-07,레이,URBAN,2024.0,155,11.004861111111111,356235.0,4.0,3.0,89058.75,0.0709991039426523,2298.290322580646,10261450.09272352,0.034715853683546
2025-07,레이,URBAN,2025.0,620,251.8659722222222,8910709.351777475,107.0,83.0,93279.39252336448,0.4062354390681003,14372.111857705606,10261450.09272352,0.8683674598871882
2025-07,머스탱,IMPORTED,2020.0,93,16.15416666666667,1476767.258064516,7.0,5.0,230283.57142857145,0.1737007168458781,15879.217828650711,17025937.359761093,0.0867363262803193
2025-07,머스탱,IMPORTED,2021.0,93,18.919444444444444,1761350.0,8.0,7.0,220168.75,0.2034348864994026,18939.247311827956,17025937.359761093,0.1034509855629302
2025-07,머스탱,IMPORTED,2023.0,124,16.572916666666664,2391405.898379971,6.0,6.0,495282.5,0.1336525537634408,19285.53143854815,17025937.359761093,0.1404566367095765
2025-07,머스탱,IMPORTED,2024.0,248,93.27361111111112,11396414.203316608,42.0,37.0,270879.7619047619,0.376103270609319,45953.283077889544,17025937.359761093,0.6693560514471739
2025-07,모닝,URBAN,2022.0,468,59.451388888888886,1701951.634571549,23.0,17.0,71464.34782608696,0.1270328822412155,3636.6487918195494,1701951.634571549,1.0
2025-07,미니,IMPORTED,2022.0,186,23.125,1791969.4628365866,11.0,10.0,162180.45454545456,0.1243279569892473,9634.244423852617,14766183.033667069,0.1213563084482208
2025-07,미니,IMPORTED,2024.0,124,32.58958333333333,2479592.678909474,12.0,11.0,206436.25,0.2628192204301075,19996.71515249576,14766183.033667069,0.1679237398897178
2025-07,미니,IMPORTED,2025.0,341,113.30972222222222,10494620.891921008,51.0,48.0,254887.54901960783,0.3322865754317367,30776.014345809406,14766183.033667069,0.7107199516620613
2025-07,베뉴,SUV,2022.0,62,11.42361111111111,269600.0,6.0,5.0,44933.333333333336,0.1842517921146953,4348.387096774193,269600.0,1.0
2025-07,베리뉴티볼리,SUV,2020.0,124,10.583333333333332,269157.0,4.0,2.0,59463.75,0.0853494623655913,2170.6209677419356,269157.0,1.0
2025-07,벤츠,IMPORTED,2020.0,124,13.368055555555555,1400014.7382260135,9.0,8.0,171703.33333333334,0.107806899641577,11290.441437306565,9689123.754409395,0.1444934313682272
2025-07,벤츠,IMPORTED,2021.0,62,12.984722222222222,1426480.6269841269,7.0,7.0,209842.85714285713,0.2094310035842294,23007.75204813108,9689123.754409395,0.1472249362420367
2025-07,벤츠,IMPORTED,2024.0,124,37.37152777777778,5372228.389199255,16.0,15.0,333036.5625,0.301383288530466,43324.42249354238,9689123.754409395,0.5544596730694479
2025-07,벤츠,SUPERCAR,2021.0,31,3.0,1490400.0,1.0,1.0,1490400.0,0.0967741935483871,48077.41935483871,9689123.754409395,0.1538219593202882
2025-07,볼보 XC40,IMPORTED,2022.0,62,15.395833333333334,1374542.2155688624,5.0,2.0,290004.0,0.2483198924731182,22170.03573498165,1374542.2155688624,1.0
2025-07,셀토스,SUV,2020.0,124,5.149305555555555,269751.1764705882,2.0,1.0,120715.0,0.0415266577060931,2175.4127134724854,269751.1764705882,1.0
2025-07,스타리아,RV,2022.0,496,31.078472222222224,2259173.810742402,12.0,10.0,217065.83333333337,0.062658210125448,4554.785908754843,14842377.61732057,0.1522110452240495
2025-07,스타리아,RV,2023.0,310,31.510416666666668,3004009.2857142854,12.0,12.0,278315.0,0.101646505376344,9690.352534562213,14842377.61732057,0.202394074801648
2025-07,스타리아,RV,2024.0,465,114.50972222222222,9579194.52086388,39.0,32.0,270299.6153846154,0.2462574671445639,20600.418324438455,14842377.61732057,0.6453948799743024
2025-07,스포티지,SUV,2022.0,558,52.64513888888889,2939672.5355162853,16.0,13.0,190102.1875,0.0943461270410195,5268.230350387608,14682060.8603669,0.2002220644277334
2025-07,스포티지,SUV,2025.0,403,196.90416666666667,11742388.324850611,76.0,58.0,158499.93421052632,0.488595947063689,29137.440012036262,14682060.8603669,0.7997779355722665
2025-07,싼타페,SUV,2024.0,620,188.54722222222225,13507538.816512296,64.0,60.0,220150.78125,0.3041084229390681,21786.35292985854,13507538.816512296,1.0
2025-07,쏘나타,MIDSIZE,2020.0,651,162.15416666666667,6692381.548434827,67.0,58.0,121072.53731343284,0.2490847414234511,10280.15598837915,19942754.65292176,0.3355795959438504
2025-07,쏘나타,MIDSIZE,2021.0,310,35.41597222222222,1634390.7152284812,12.0,8.0,176827.08333333334,0.1142450716845878,5272.228113640262,19942754.65292176,0.0819541103359575
2025-07,쏘나타,MIDSIZE,2024.0,620,197.45555555555555,11615982.38925845,73.0,56.0,168839.38356164383,0.3184767025089605,18735.455466545885,19942754.65292176,0.582466293720192
2025-07,쏘렌토,SUV,2021.0,93,10.041666666666666,353072.4792013311,2.0,2.0,172900.0,0.1079749103942652,3796.4782709820543,16635138.371853812,0.0212244990879498
2025-07,쏘렌토,SUV,2022.0,93,18.75,1067655.7084245076,6.0,6.0,200190.83333333337,0.2016129032258064,11480.168907790405,16635138.371853812,0.0641807530877501
2025-07,쏘렌토,SUV,2023.0,217,46.34513888888889,3507508.0,17.0,14.0,230689.11764705885,0.2135720686123912,16163.63133640553,16635138.371853812,0.2108493432152392
2025-07,쏘렌토,SUV,2024.0,682,181.8673611111111,11706902.184227971,63.0,59.0,215013.80952380953,0.2666676849136526,17165.545724674448,16635138.371853812,0.7037454046090608
2025-07,쏠라티,RV,2019.0,93,0.0,0.0,0.0,0.0,,0.0,0.0,2889898.0341880345,0.0
2025-07,쏠라티,RV,2023.0,124,0.0,0.0,0.0,0.0,,0.0,0.0,2889898.0341880345,0.0
2025-07,쏠라티,RV,2024.0,31,2.2916666666666665,681720.0,1.0,1.0,681720.0,0.0739247311827956,21990.967741935485,2889898.0341880345,0.2358975963633058
2025-07,쏠라티,RV,2025.0,124,8.583333333333334,2208178.0341880345,4.0,3.0,587997.5,0.0692204301075268,17807.88737248415,2889898.0341880345,0.7641024036366941
2025-07,아반떼,COMPACT,2020.0,155,11.708333333333332,248623.41452205885,3.0,1.0,59850.0,0.0755376344086021,1604.0220291745732,20045917.62128353,0.0124026956121023
2025-07,아반떼,COMPACT,2021.0,465,49.19722222222222,2132814.7498815404,16.0,14.0,136588.75,0.1058004778972521,4586.698386842022,20045917.62128353,0.1063964638673885
2025-07,아반떼,COMPACT,2024.0,496,151.97430555555556,6486291.681083259,53.0,44.0,128538.30188679244,0.3063998095878136,13077.200969925923,20045917.62128353,0.3235717019108424
2025-07,아반떼,COMPACT,2025.0,434,197.97222222222223,11178187.775796676,81.0,63.0,148836.04938271604,0.4561571940604199,25756.193031789575,20045917.62128353,0.5576291386096668
2025-07,아우디A5 카브리올레,IMPORTED,2021.0,31,11.01388888888889,1024665.0,5.0,3.0,204933.0,0.3552867383512545,33053.709677419356,1024665.0,1.0
2025-07,아이오닉,EV,2021.0,310,84.40972222222223,4563180.461859945,28.0,25.0,174328.57142857142,0.2722894265232975,14719.936973741758,4563180.461859945,1.0
2025-07,카니발,RV,2018.0,341,12.045833333333334,889295.0,4.0,4.0,308441.25,0.0353250244379276,2607.9032258064517,47104362.43514134,0.0188792492675064
2025-07,카니발,RV,2019.0,279,10.375,1560360.0,3.0,3.0,520120.0,0.0371863799283154,5592.688172043011,47104362.43514134,0.0331255943045292
2025-07,카니발,RV,2021.0,155,20.833333333333332,1813728.0392156865,7.0,6.0,322087.14285714284,0.1344086021505376,11701.471220746364,47104362.43514134,0.0385044600001334
2025-07,카니발,RV,2023.0,1116,128.99583333333334,9942128.847711964,41.0,38.0,257925.24390243905,0.1155876642771804,8908.71760547667,47104362.43514134,0.2110659890875589
2025-07,카니발,RV,2024.0,837,182.25625,15615388.469655327,61.0,54.0,292006.0655737705,0.2177494026284348,18656.37809994663,47104362.43514134,0.3315062058457192
2025-07,카니발,RV,2025.0,682,184.26597222222225,17283462.078558367,70.0,58.0,293116.85714285716,0.2701847100032584,25342.319763282063,47104362.43514134,0.3669185014945528
2025-07,캐스퍼,URBAN,2022.0,310,81.74861111111112,2367964.4246864244,32.0,24.0,78398.4375,0.2637051971326165,7638.594918343305,2367964.4246864244,1.0
2025-07,코나,EV,2020.0,1085,173.8215277777778,6860626.479312574,52.0,45.0,138632.01923076922,0.1602041730670763,6323.158045449377,9058129.65558752,0.7573998982318152
2025-07,코나,SUV,2024.0,155,47.34791666666666,2197503.176274945,19.0,16.0,139233.68421052632,0.3054704301075268,14177.439846935124,9058129.65558752,0.2426001017681847
2025-07,테슬라 모델3,IMPORTED,2020.0,155,32.16736111111111,2393213.2678571427,13.0,11.0,210376.15384615384,0.2075313620071684,15440.08559907834,2393213.2678571427,1.0
2025-07,투싼,SUV,2021.0,217,21.104166666666668,491951.0583941606,6.0,5.0,81289.16666666667,0.0972542242703533,2267.0555686366847,18960176.662804425,0.0259465440192473
2025-07,투싼,SUV,2023.0,217,45.5,2174757.525074168,15.0,13.0,143331.66666666666,0.2096774193548387,10021.924078682803,18960176.662804425,0.1147013323636667
2025-07,투싼,SUV,2024.0,155,28.70138888888889,1339364.6101433956,13.0,11.0,121266.15384615384,0.1851702508960573,8641.062000925132,18960176.662804425,0.0706409351538863
2025-07,투싼,SUV,2025.0,496,244.50972222222225,14954103.469192702,109.0,85.0,143607.6146788991,0.492963149641577,30149.402155630447,18960176.662804425,0.7887111884631998
2025-07,팰리세이드,SUV,2023.0,403,44.2,3105531.3197777295,17.0,14.0,208234.41176470587,0.1096774193548387,7706.033051557642,8779065.446493698,0.3537428145063047
2025-07,팰리세이드,SUV,2025.0,155,63.28125,5673534.126715969,22.0,21.0,285732.2727272727,0.408266129032258,36603.445978812706,8779065.446493698,0.6462571854936954
2025-07,포르쉐,SUPERCAR,2022.0,31,2.8541666666666665,1153679.9999999998,1.0,1.0,1153680.0,0.0920698924731182,37215.483870967735,1598490.2127659572,0.7217310376919497
2025-07,포르쉐,SUPERCAR,2025.0,31,0.9583333333333334,444810.21276595746,0.0,0.0,,0.0309139784946236,14348.716540837337,1598490.2127659572,0.2782689623080503
2025-08,BMW 420i,IMPORTED,2022.0,124,21.34861111111111,2501115.625,10.0,10.0,306994.0,0.1721662186379928,20170.2872983871,11116242.389617665,0.2249964994768366
2025-08,BMW 420i,IMPORTED,2024.0,155,59.395833333333336,8615126.764617663,25.0,24.0,329479.4,0.3831989247311828,55581.46299753331,11116242.389617665,0.7750035005231634
2025-08,BMW X7 xdrive40i 하이브리드,SUPERCAR,2025.0,31,0.0,0.0,0.0,0.0,,0.0,0.0,0.0,
2025-08,BMW Z4 로드스터,IMPORTED,2021.0,62,10.145833333333334,1298395.0,4.0,4.0,324598.75,0.1636424731182796,20941.85483870968,1298395.0,1.0
2025-08,EV3,EV,2025.0,279,81.73680555555555,7125512.531815707,38.0,36.0,184948.81578947368,0.2929634607726005,25539.471440199664,7125512.531815707,1.0
2025-08,EV6,EV,2022.0,651,160.9875,11284916.84542577,58.0,55.0,182809.3103448276,0.2472926267281106,17334.741698042657,11284916.84542577,1.0
2025-08,G80,LUXURY,2021.0,93,9.645833333333332,1073610.0,5.0,3.0,214722.0,0.1037186379928315,11544.193548387097,10318197.976953082,0.104050145422489
2025-08,G80,LUXURY,2024.0,93,22.458333333333332,2154935.347222222,8.0,7.0,273151.25,0.2414874551971326,23171.347819593782,10318197.976953082,0.2088480325765725
2025-08,G80,LUXURY,2025.0,155,65.9375,7089652.629730859,23.0,20.0,273114.347826087,0.4254032258064516,45739.69438536038,10318197.976953082,0.6871018220009384
2025-08,GV70,SUV,2021.0,124,18.9375,2116445.0,8.0,6.0,264555.625,0.1527217741935483,17068.104838709678,11383267.234042551,0.1859259698015878
2025-08,GV70,SUV,2023.0,155,43.18055555555556,3602470.0,19.0,13.0,189603.68421052632,0.278584229390681,23241.74193548387,11383267.234042551,0.316470651697127
2025-08,GV70,SUV,2025.0,155,53.833333333333336,5664352.234042553,24.0,24.0,233492.29166666663,0.3473118279569893,36544.20796156486,11383267.234042551,0.4976033785012851
2025-08,GV80,SUV,2021.0,93,10.375,1464710.3582065906,4.0,4.0,231253.75,0.1115591397849462,15749.573744156887,15322302.87571989,0.0955933563046588
2025-08,GV80,SUV,2023.0,124,22.604166666666668,2933690.0,13.0,12.0,225668.46153846153,0.1822916666666666,23658.790322580644,15322302.87571989,0.1914653445892131
2025-08,GV80,SUV,2025.0,217,80.91666666666667,10923902.5175133,31.0,25.0,357460.0,0.3728878648233487,50340.56459683548,15322302.87571989,0.712941299106128
2025-08,K3,COMPACT,2019.0,310,33.8,1518881.3792422267,14.0,11.0,91805.0,0.1090322580645161,4899.61735239428,13239302.50861128,0.1147251811985031
2025-08,K3,COMPACT,2020.0,310,11.083333333333334,560393.717948718,6.0,5.0,95686.66666666669,0.035752688172043,1807.721670802316,13239302.50861128,0.0423280393800367
2025-08,K3,COMPACT,2021.0,310,31.06597222222222,1674959.3884892086,13.0,9.0,129725.0,0.1002128136200716,5403.094801578092,13239302.50861128,0.1265141715282779
2025-08,K3,COMPACT,2022.0,651,121.23541666666668,5668246.83109673,42.0,39.0,128558.80952380953,0.1862295186891961,8706.98437956487,13239302.50861128,0.4281378741372451
2025-08,K3,COMPACT,2024.0,310,75.26041666666667,3816821.191834396,32.0,26.0,100167.8125,0.2427755376344086,12312.326425272246,13239302.50861128,0.2882947337559369
2025-08,K5,MIDSIZE,2020.0,713,42.329166666666666,1933028.55922865,15.0,12.0,102615.66666666669,0.0593676951846657,2711.1199989181628,24364246.099224743,0.0793387388781201
2025-08,K5,MIDSIZE,2021.0,310,42.354166666666664,2596975.0,16.0,13.0,162310.9375,0.1366263440860215,8377.338709677419,24364246.099224743,0.106589589902502
2025-08,K5,MIDSIZE,2022.0,527,110.79027777777776,6164301.950236967,51.0,44.0,123605.58823529413,0.2102282310773771,11696.967647508476,24364246.099224743,0.2530060616336128
2025-08,K5,MIDSIZE,2024.0,558,197.54375,13669940.58975913,70.0,65.0,180755.7142857143,0.3540210573476702,24498.101415338944,24364246.099224743,0.561065609585765
2025-08,K8,LUXURY,2023.0,93,19.479166666666668,1611865.0,8.0,8.0,201483.125,0.2094534050179211,17331.88172043011,1611865.0,1.0
2025-08,QM6,SUV,2020.0,124,0.0,0.0,0.0,0.0,,0.0,0.0,1678444.4264705884,0.0
2025-08,QM6,SUV,2021.0,93,22.92361111111111,1678444.4264705884,8.0,7.0,178785.625,0.2464904420549581,18047.78953194181,1678444.4264705884,1.0
2025-08,SM6,MIDSIZE,2020.0,62,1.4583333333333337,129865.0,1.0,1.0,129865.0,0.023521505376344,2094.5967741935483,129865.0,1.0
2025-08,XM3,SUV,2022.0,62,13.854166666666666,884360.0,6.0,6.0,147393.33333333334,0.2234543010752688,14263.870967741936,884360.0,1.0
2025-08,니로 하이브리드,SUV,2022.0,248,45.729166666666664,2816295.441176471,15.0,15.0,175607.0,0.1843918010752688,11356.030004743834,2816295.441176471,1.0
2025-08,더 뉴 그랜저,LUXURY,2020.0,217,24.743055555555554,1884589.0,8.0,7.0,235422.5,0.1140232974910394,8684.741935483871,1884589.0,1.0
2025-08,더 뉴 셀토스,SUV,2024.0,341,98.92430555555556,5974287.57075179,44.0,37.0,132345.45454545456,0.2901006028022156,17519.904899565365,5974287.57075179,1.0
2025-08,더뉴그랜드스타렉스12인,RV,2019.0,62,0.0,0.0,0.0,0.0,,0.0,0.0,0.0,
2025-08,더뉴그랜저 하이브리드,LUXURY,2024.0,155,44.354166666666664,4348269.189655173,18.0,14.0,210146.11111111112,0.2861559139784946,28053.34961067853,4348269.189655173,1.0
2025-08,디올뉴 그랜저,LUXURY,2023.0,155,48.22222222222222,3618249.4615384615,19.0,14.0,175132.1052631579,0.3111111111111111,23343.544913151363,3618249.4615384615,1.0
2025-08,랭글러,IMPORTED,2023.0,124,27.72222222222222,3636664.2715231786,11.0,10.0,274005.0,0.2235663082437275,29327.93767357402,3636664.2715231786,1.0
2025-08,레이,SUV,2022.0,248,32.99305555555556,1721727.3272357725,10.0,10.0,154896.5,0.1330365143369175,6942.448900144243,15284640.918591626,0.1126442771149129
2025-08,레이,URBAN,2024.0,155,14.25,717820.0,6.0,6.0,119636.66666666669,0.0919354838709677,4631.096774193548,15284640.918591626,0.0469634847048891
2025-08,레이,URBAN,2025.0,620,243.58333333333337,12845093.591355853,96.0,79.0,122306.14583333331,0.3928763440860215,20717.89288928363,15284640.918591626,0.8403922381801979
2025-08,머스탱,IMPORTED,2020.0,93,11.85763888888889,1406710.7953705983,7.0,7.0,196052.85714285713,0.1275014934289128,15125.922530866648,23313555.734976396,0.0603387493251476
2025-08,머스탱,IMPORTED,2021.0,93,22.083333333333332,2702110.0,10.0,8.0,270211.0,0.2374551971326164,29054.94623655914,23313555.734976396,0.1159029549467708
2025-08,머스탱,IMPORTED,2023.0,124,39.208333333333336,5386296.323842252,15.0,14.0,323007.0,0.3161962365591398,43437.873579372994,23313555.734976396,0.2310371006925128
2025-08,머스탱,IMPORTED,2024.0,248,93.42708333333331,13818438.615763549,48.0,42.0,283695.8333333333,0.3767221102150537,55719.51054743366,23313555.734976396,0.5927211950355687
2025-08,모닝,URBAN,2022.0,465,73.0513888888889,3336725.4283045335,33.0,31.0,106231.21212121211,0.1570997610513739,7175.753609257061,3336725.4283045335,1.0
2025-08,미니,IMPORTED,2022.0,186,38.989583333333336,3208304.7659500693,20.0,17.0,163538.5,0.2096214157706093,17248.950354570265,18835032.904330745,0.1703370937680912
2025-08,미니,IMPORTED,2024.0,124,32.5,2923194.8865355523,14.0,12.0,211215.35714285713,0.2620967741935484,23574.152310770583,18835032.904330745,0.1551998821230315
2025-08,미니,IMPORTED,2025.0,341,115.75,12703533.251845123,41.0,38.0,248725.1219512195,0.3394428152492668,37253.76320189186,18835032.904330745,0.6744630241088773
2025-08,베뉴,SUV,2022.0,62,2.8125,108280.0,2.0,1.0,54140.0,0.0453629032258064,1746.451612903226,108280.0,1.0
2025-08,베리뉴티볼리,SUV,2020.0,124,10.479166666666666,602205.0,4.0,4.0,150551.25,0.0845094086021505,4856.491935483871,602205.0,1.0
2025-08,벤츠,IMPORTED,2020.0,124,34.21875,4065163.51758794,14.0,10.0,269667.14285714284,0.2759576612903225,32783.57675474145,14152032.246159367,0.2872494527202027
2025-08,벤츠,IMPORTED,2021.0,62,23.34375,2756618.7285714285,11.0,10.0,241255.45454545456,0.3765120967741935,44461.59239631336,14152032.246159367,0.1947860689279824
2025-08,벤츠,IMPORTED,2024.0,124,41.55555555555556,6582980.0,17.0,12.0,387234.1176470588,0.3351254480286738,53088.54838709677,14152032.246159367,0.4651614613008329
2025-08,벤츠,SUPERCAR,2021.0,31,1.1458333333333337,747269.9999999999,1.0,1.0,747270.0,0.0369623655913978,24105.48387096774,14152032.246159367,0.0528030170509819
2025-08,볼보 XC40,IMPORTED,2022.0,62,12.979166666666666,1471436.8122089154,5.0,5.0,285475.0,0.2093413978494623,23732.851809821215,1471436.8122089154,1.0
2025-08,셀토스,SUV,2020.0,124,7.3125,391310.0,4.0,2.0,97827.5,0.0589717741935483,3155.7258064516127,391310.0,1.0
2025-08,스타리아,RV,2022.0,496,52.21527777777778,4663149.172868362,22.0,20.0,206688.63636363635,0.1052727374551971,9401.510429170085,17784124.602491446,0.2622085301974933
2025-08,스타리아,RV,2023.0,310,63.06597222222222,5097768.281768451,19.0,18.0,251738.68421052632,0.2034386200716846,16444.413812156294,17784124.602491446,0.2866471302756327
2025-08,스타리아,RV,2024.0,465,82.4375,8023207.147854634,30.0,25.0,222103.0,0.1772849462365591,17254.208920117493,17784124.602491446,0.451144339526874
2025-08,스포티지,SUV,2022.0,558,132.04861111111111,10229215.97255264,52.0,45.0,197954.71153846153,0.2366462564715253,18331.928266223367,24109883.351983286,0.4242748014668922
2025-08,스포티지,SUV,2025.0,403,167.5625,13880667.379430648,66.0,58.0,203380.9090909091,0.415787841191067,34443.34337327704,24109883.351983286,0.5757251985331078
2025-08,싼타페,SUV,2024.0,620,201.85208333333333,16892303.556501452,74.0,67.0,218928.3108108108,0.325567876344086,27245.650897582986,16892303.556501452,1.0
2025-08,쏘나타,MIDSIZE,2020.0,651,190.01111111111112,10501590.2915624,77.0,66.0,122098.7012987013,0.2918757467144564,16131.475102246392,25886576.739716016,0.4056770579267256
2025-08,쏘나타,MIDSIZE,2021.0,310,48.65277777777778,2762118.7971977377,17.0,15.0,139484.11764705885,0.1569444444444444,8910.060636121734,25886576.739716016,0.1067008135131288
2025-08,쏘나타,MIDSIZE,2024.0,620,193.12569444444443,12622867.650955876,79.0,68.0,148483.6075949367,0.3114930555555555,20359.46395315464,25886576.739716016,0.4876221285601455
2025-08,쏘렌토,SUV,2021.0,93,12.229166666666666,550195.0,6.0,5.0,91699.16666666669,0.1314964157706093,5916.075268817204,22715765.447323345,0.0242208435051802
2025-08,쏘렌토,SUV,2022.0,93,6.6875,440496.25,3.0,1.0,84013.33333333333,0.0719086021505376,4736.518817204301,22715765.447323345,0.0193916533881056
2025-08,쏘렌토,SUV,2023.0,217,44.75,3188407.0,15.0,12.0,184946.66666666663,0.206221198156682,14693.119815668202,22715765.447323345,0.1403609756137756
2025-08,쏘렌토,SUV,2024.0,682,225.47916666666663,18536667.197323345,87.0,72.0,190833.9655172414,0.3306146138807429,27179.863925694055,22715765.447323345,0.8160265274929385
2025-08,쏠라티,RV,2019.0,93,4.666666666666667,917700.0,1.0,1.0,917700.0,0.050179211469534,9867.741935483871,8385916.965811966,0.1094334708704266
2025-08,쏠라티,RV,2023.0,124,7.75,1790485.0,4.0,3.0,447621.25,0.0625,14439.395161290322,8385916.965811966,0.2135109383147387
2025-08,쏠라티,RV,2024.0,31,4.875,693595.0,3.0,3.0,231198.33333333337,0.157258064516129,22374.032258064515,8385916.965811966,0.0827095000854021
2025-08,쏠라티,RV,2025.0,124,18.583333333333332,4984136.965811966,7.0,7.0,691475.0,0.1498655913978494,40194.6529500965,8385916.965811966,0.5943460907294325
2025-08,아반떼,COMPACT,2020.0,155,16.147222222222222,1125900.0,7.0,5.0,160842.85714285713,0.1041756272401433,7263.870967741936,29503676.55821172,0.0381613456810564
2025-08,아반떼,COMPACT,2021.0,465,68.29861111111111,3377058.5834517926,25.0,23.0,133002.8,0.1468787335722819,7262.491577315683,29503676.55821172,0.1144622968187963
2025-08,아반떼,COMPACT,2024.0,496,167.98263888888889,9130914.81199217,76.0,65.0,115149.40789473684,0.3386746751792114,18409.1024435326,29503676.55821172,0.3094839652941753
2025-08,아반떼,COMPACT,2025.0,434,222.88958333333332,15869803.16276776,98.0,83.0,156161.88775510204,0.5135704685099846,36566.36673448793,29503676.55821172,0.537892392205972
2025-08,아우디A5 카브리올레,IMPORTED,2021.0,31,6.291666666666667,841225.0,3.0,3.0,280408.3333333333,0.2029569892473118,27136.290322580644,841225.0,1.0
2025-08,아이오닉,EV,2021.0,310,67.96527777777777,4771561.137984624,24.0,21.0,195309.375,0.2192428315412186,15392.132703176208,4771561.137984624,1.0
2025-08,카니발,RV,2018.0,332,11.583333333333334,1262265.0,2.0,2.0,458897.5,0.0348895582329317,3802.003012048193,70440974.37745711,0.017919471034517
2025-08,카니발,RV,2019.0,279,22.458333333333332,2082240.0,8.0,7.0,260280.0,0.0804958183990442,7463.225806451613,70440974.37745711,0.0295600681052811
2025-08,카니발,RV,2021.0,155,15.541666666666666,1100991.9607843135,5.0,5.0,132022.0,0.100268817204301,7103.173940543959,70440974.37745711,0.0156299933457004
2025-08,카니발,RV,2023.0,1116,196.2826388888889,15542699.05240786,72.0,64.0,206299.02777777775,0.1758805007964954,13927.149688537507,70440974.37745711,0.2206485527744476
2025-08,카니발,RV,2024.0,837,236.48263888888889,24286602.174324915,85.0,72.0,264625.17647058825,0.2825360082304526,29016.25110433084,70440974.37745711,0.3447794751416335
2025-08,카니발,RV,2025.0,682,234.72916666666663,26166176.18994002,80.0,71.0,285674.875,0.3441776637341153,38366.82725797657,70440974.37745711,0.3714624395984201
2025-08,캐스퍼,URBAN,2022.0,310,76.27847222222222,4727525.909538174,37.0,33.0,122907.97297297296,0.24605958781362,15250.0835791554,4727525.909538174,1.0
2025-08,코나,EV,2020.0,1085,122.69861111111112,6751177.598101496,45.0,44.0,141133.55555555556,0.1130862775217614,6222.283500554374,9570875.79254594,0.7053876514999282
2025-08,코나,SUV,2024.0,155,47.65277777777778,2819698.1944444445,18.0,17.0,127798.05555555556,0.307437275985663,18191.601254480287,9570875.79254594,0.2946123485000717
2025-08,테슬라 모델3,IMPORTED,2020.0,155,31.693055555555556,3073508.875,13.0,11.0,205090.38461538465,0.2044713261648745,19829.089516129032,3073508.875,1.0
2025-08,투싼,SUV,2021.0,217,20.925,1087778.5039569803,8.0,8.0,145488.75,0.0964285714285714,5012.804165700371,23652271.178710807,0.0459904461494623
2025-08,투싼,SUV,2023.0,217,42.4375,2923255.939689955,17.0,15.0,166528.23529411765,0.1955645161290322,13471.22552852514,23652271.178710807,0.1235930333117925
2025-08,투싼,SUV,2024.0,155,29.69097222222222,2066441.2050739955,11.0,11.0,166042.72727272726,0.1915546594982078,13331.878742412877,23652271.178710807,0.087367559312189
2025-08,투싼,SUV,2025.0,496,231.25694444444449,17574795.529989876,84.0,74.0,198547.85714285713,0.4662438396057348,35433.05550401185,23652271.178710807,0.7430489612265561
2025-08,팰리세이드,SUV,2023.0,403,107.83333333333331,9799927.401215805,37.0,30.0,250994.45945945947,0.2675765095119933,24317.43772013847,17102215.692032885,0.5730209218318495
2025-08,팰리세이드,SUV,2025.0,155,78.73263888888889,7302288.290817081,31.0,28.0,216266.93548387097,0.5079525089605734,47111.5373601102,17102215.692032885,0.4269790781681506
2025-08,포르쉐,SUPERCAR,2022.0,31,0.0,0.0,0.0,0.0,,0.0,0.0,0.0,
2025-08,포르쉐,SUPERCAR,2025.0,31,0.0,0.0,0.0,0.0,,0.0,0.0,0.0,
2025-09,BMW 420i,IMPORTED,2022.0,120,33.958333333333336,3421987.9599056607,10.0,9.0,287691.0,0.2829861111111111,28516.566332547172,8128968.127515828,0.4209621573398152
2025-09,BMW 420i,IMPORTED,2024.0,150,37.57013888888889,4706980.1676101675,17.0,12.0,257035.29411764705,0.2504675925925926,31379.867784067785,8128968.127515828,0.5790378426601849
2025-09,BMW X7 xdrive40i 하이브리드,SUPERCAR,2025.0,30,0.0,0.0,0.0,0.0,,0.0,0.0,0.0,
2025-09,BMW Z4 로드스터,IMPORTED,2021.0,60,16.979166666666668,1778450.0,10.0,8.0,177845.0,0.2829861111111111,29640.833333333332,1778450.0,1.0
2025-09,EV3,EV,2025.0,270,79.32986111111111,3854046.5980332023,33.0,30.0,117390.15151515152,0.2938143004115226,14274.24665938223,3854046.5980332023,1.0
2025-09,EV6,EV,2022.0,630,137.51666666666665,5778556.2346813725,59.0,47.0,95257.20338983052,0.2182804232804232,9172.311483621226,5778556.2346813725,1.0
2025-09,G80,LUXURY,2021.0,90,15.010416666666666,1043425.0,8.0,7.0,130428.125,0.1667824074074074,11593.611111111111,8729225.02413459,0.1195323751094897
2025-09,G80,LUXURY,2024.0,90,19.881944444444443,1483029.6527777778,11.0,8.0,132068.63636363635,0.2209104938271604,16478.10725308642,8729225.02413459,0.1698924759846942
2025-09,G80,LUXURY,2025.0,150,78.71875,6202770.371356811,33.0,29.0,179625.30303030304,0.5247916666666667,41351.80247571207,8729225.02413459,0.7105751489058161
2025-09,GV70,SUV,2021.0,120,30.395833333333332,1712265.0,9.0,7.0,190251.66666666663,0.2532986111111111,14268.875,6916934.512108114,0.2475467993809505
2025-09,GV70,SUV,2023.0,150,25.770833333333332,1694985.0,12.0,11.0,141248.75,0.1718055555555555,11299.9,6916934.512108114,0.2450485828704788
2025-09,GV70,SUV,2025.0,150,39.40555555555555,3509684.5121081136,22.0,18.0,170707.27272727274,0.2627037037037036,23397.896747387425,6916934.512108114,0.5074046177485707
2025-09,GV80,SUV,2021.0,90,10.175,762370.3333333334,4.0,3.0,169021.25,0.1130555555555555,8470.781481481481,10741887.458261838,0.0709717297165477
2025-09,GV80,SUV,2023.0,120,24.729166666666668,2057150.0,8.0,4.0,257143.75,0.2060763888888889,17142.916666666668,10741887.458261838,0.1915073126574043
2025-09,GV80,SUV,2025.0,210,75.71458333333334,7922367.124928505,33.0,27.0,233458.9393939394,0.3605456349206349,37725.55773775479,10741887.458261838,0.737520957626048
2025-09,K3,COMPACT,2019.0,300,26.354166666666668,524853.049780975,13.0,11.0,43861.53846153846,0.0878472222222222,1749.5101659365832,5822110.430598697,0.0901482471068491
2025-09,K3,COMPACT,2020.0,300,20.770833333333332,452311.28205128206,6.0,3.0,73097.5,0.0692361111111111,1507.7042735042735,5822110.430598697,0.0776885439469017
2025-09,K3,COMPACT,2021.0,300,17.477083333333333,389735.61151079135,10.0,8.0,37827.0,0.0582569444444444,1299.118705035971,5822110.430598697,0.0669406079043942
2025-09,K3,COMPACT,2022.0,630,109.94166666666666,2676223.1020896113,48.0,35.0,53564.479166666664,0.174510582010582,4247.973177920018,5822110.430598697,0.4596654656401649
2025-09,K3,COMPACT,2024.0,300,59.32013888888889,1778987.3851660371,29.0,26.0,63476.206896551725,0.1977337962962963,5929.9579505534575,5822110.430598697,0.3055571354016899
2025-09,K5,MIDSIZE,2020.0,690,58.16041666666667,1529814.75,22.0,19.0,68029.77272727272,0.084290458937198,2217.1228260869566,13393152.57497258,0.1142236483483898
2025-09,K5,MIDSIZE,2021.0,300,33.21180555555556,851931.1983471074,14.0,12.0,68941.07142857143,0.1107060185185185,2839.7706611570247,13393152.57497258,0.0636094596532177
2025-09,K5,MIDSIZE,2022.0,510,78.29166666666667,2193865.9691353277,31.0,24.0,72890.96774193548,0.1535130718954248,4301.697978696721,13393152.57497258,0.1638050456645245
2025-09,K5,MIDSIZE,2024.0,540,236.04652777777775,8817540.657490144,104.0,84.0,87311.92307692308,0.4371231995884774,16328.778995352117,13393152.57497258,0.6583618463338679
2025-09,K8,LUXURY,2023.0,90,16.881944444444443,830085.8227848101,11.0,11.0,88801.81818181818,0.1875771604938271,9223.175808720112,830085.8227848101,1.0
2025-09,QM6,SUV,2020.0,120,0.0,0.0,0.0,0.0,,0.0,0.0,422868.0,0.0
2025-09,QM6,SUV,2021.0,90,9.3125,422868.0,3.0,2.0,136185.0,0.1034722222222222,4698.533333333334,422868.0,1.0
2025-09,SM6,MIDSIZE,2020.0,60,0.0,0.0,0.0,0.0,,0.0,0.0,0.0,
2025-09,XM3,SUV,2022.0,60,7.0,169860.0,1.0,1.0,169860.0,0.1166666666666666,2831.0,169860.0,1.0
2025-09,니로 하이브리드,SUV,2022.0,240,33.3125,948575.0,11.0,11.0,86234.09090909091,0.1388020833333333,3952.3958333333335,948575.0,1.0
2025-09,더 뉴 그랜저,LUXURY,2020.0,210,32.354166666666664,1152316.0,12.0,12.0,95557.08333333331,0.1540674603174603,5487.219047619048,1152316.0,1.0
2025-09,더 뉴 셀토스,SUV,2024.0,330,141.49930555555557,5663329.914880633,55.0,44.0,100888.09090909093,0.4287857744107744,17161.605802668586,5663329.914880633,1.0
2025-09,더뉴그랜드스타렉스12인,RV,2019.0,60,4.6875,241870.0,2.0,2.0,120935.0,0.078125,4031.1666666666665,241870.0,1.0
2025-09,더뉴그랜저 하이브리드,LUXURY,2024.0,150,46.611111111111114,3043202.5,22.0,17.0,138540.45454545456,0.3107407407407407,20288.016666666663,3043202.5,1.0
2025-09,디올뉴 그랜저,LUXURY,2023.0,150,57.86805555555556,2660247.627226463,23.0,20.0,127397.82608695651,0.385787037037037,17734.984181509753,2660247.627226463,1.0
2025-09,랭글러,IMPORTED,2023.0,120,22.291666666666664,2306000.0,10.0,10.0,230600.0,0.1857638888888888,19216.666666666668,2306000.0,1.0
2025-09,레이,SUV,2022.0,240,45.165277777777774,1393830.9677419355,17.0,13.0,83781.17647058824,0.1881886574074074,5807.629032258064,10780683.17108944,0.1292896698309224
2025-09,레이,URBAN,2024.0,150,32.34722222222222,780075.0,14.0,9.0,55719.642857142855,0.2156481481481481,5200.5,10780683.17108944,0.0723585868928907
2025-09,레이,URBAN,2025.0,600,309.7763888888889,8606777.203347506,150.0,110.0,57443.9,0.5162939814814815,14344.628672245844,10780683.17108944,0.798351743276187
2025-09,머스탱,IMPORTED,2020.0,90,25.84375,2092071.9465648856,11.0,11.0,181017.7272727273,0.2871527777777777,23245.24385072095,18528839.724342663,0.1129089558595717
2025-09,머스탱,IMPORTED,2021.0,90,29.176388888888887,2509305.0,17.0,12.0,147606.17647058822,0.3241820987654321,27881.166666666668,18528839.724342663,0.1354269904285127
2025-09,머스탱,IMPORTED,2023.0,120,29.489583333333332,2705337.777777778,13.0,10.0,205095.38461538465,0.2457465277777777,22544.48148148148,18528839.724342663,0.1460068637877838
2025-09,머스탱,IMPORTED,2024.0,240,97.35416666666669,11222125.0,47.0,44.0,238768.6170212766,0.4056423611111111,46758.854166666664,18528839.724342663,0.6056571899241316
2025-09,모닝,URBAN,2022.0,450,103.7923611111111,2248496.748566215,46.0,37.0,45118.15217391304,0.2306496913580246,4996.659441258255,2248496.748566215,1.0
2025-09,미니,IMPORTED,2022.0,180,46.82986111111111,2891837.9126213593,17.0,15.0,162205.58823529413,0.2601658950617284,16065.766181229774,14035423.352056695,0.2060385241032006
2025-09,미니,IMPORTED,2024.0,120,31.604166666666668,2326540.0,15.0,14.0,152151.0,0.2633680555555556,19387.833333333332,14035423.352056695,0.165762010994779
2025-09,미니,IMPORTED,2025.0,330,108.43819444444443,8817045.439435337,52.0,42.0,168959.51923076922,0.3286005892255892,26718.319513440416,14035423.352056695,0.6281994649020203
2025-09,베뉴,SUV,2022.0,60,19.27777777777778,588120.0,7.0,6.0,84017.14285714286,0.3212962962962963,9802.0,588120.0,1.0
2025-09,베리뉴티볼리,SUV,2020.0,120,4.541666666666667,141415.0,2.0,1.0,70707.5,0.0378472222222222,1178.4583333333333,141415.0,1.0
2025-09,벤츠,IMPORTED,2020.0,120,28.104166666666668,2390590.3738317755,15.0,10.0,168074.0,0.2342013888888889,19921.58644859813,14961953.742598996,0.1597779551359923
2025-09,벤츠,IMPORTED,2021.0,60,22.961805555555554,2239436.2,11.0,9.0,194759.0909090909,0.3826967592592592,37323.93666666667,14961953.742598996,0.1496753858838621
2025-09,벤츠,IMPORTED,2024.0,120,48.36805555555556,6848002.168767222,25.0,22.0,275606.0,0.4030671296296296,57066.68473972685,14961953.742598996,0.4576943818018833
2025-09,벤츠,SUPERCAR,2021.0,30,6.881944444444445,3483925.0,5.0,4.0,696785.0,0.2293981481481481,116130.83333333331,14961953.742598996,0.2328522771782622
2025-09,볼보 XC40,IMPORTED,2022.0,60,13.00347222222222,1290220.9722222222,6.0,5.0,209800.83333333337,0.216724537037037,21503.682870370372,1290220.9722222222,1.0
2025-09,셀토스,SUV,2020.0,120,8.395833333333334,342320.0,4.0,3.0,85580.0,0.0699652777777777,2852.6666666666665,342320.0,1.0
2025-09,스타리아,RV,2022.0,480,34.395833333333336,1481501.887140978,9.0,8.0,115928.33333333331,0.0716579861111111,3086.462264877038,6059476.541880463,0.2444933777532567
2025-09,스타리아,RV,2023.0,300,11.125,560722.4325172631,5.0,4.0,105305.0,0.0370833333333333,1869.074775057544,6059476.541880463,0.0925364474376282
2025-09,스타리아,RV,2024.0,450,64.88819444444444,4017252.222222222,28.0,20.0,141140.89285714287,0.1441959876543209,8927.227160493827,6059476.541880463,0.6629701748091149
2025-09,스포티지,SUV,2022.0,540,72.27847222222222,2459053.9084102944,29.0,22.0,82601.89655172414,0.1338490226337448,4553.803534093138,10578907.331772055,0.2324487616055506
2025-09,스포티지,SUV,2025.0,390,159.92291666666665,8119853.423361762,75.0,59.0,113427.53333333334,0.4100587606837606,20820.13698297888,10578907.331772055,0.7675512383944494
2025-09,싼타페,SUV,2024.0,600,209.65555555555557,10491050.235841842,84.0,72.0,128903.03571428572,0.3494259259259259,17485.08372640307,10491050.235841842,1.0
2025-09,쏘나타,MIDSIZE,2020.0,630,245.74652777777777,7148949.474073508,126.0,102.0,56619.72222222222,0.3900738536155202,11347.538847735726,16840170.832232054,0.4245176337754503
2025-09,쏘나타,MIDSIZE,2021.0,300,22.25,739689.650694348,9.0,7.0,81962.22222222222,0.0741666666666666,2465.63216898116,16840170.832232054,0.0439241179952036
2025-09,쏘나타,MIDSIZE,2024.0,600,244.35763888888889,8951531.7074642,108.0,86.0,86534.35185185185,0.4072627314814814,14919.219512440332,16840170.832232054,0.531558248229346
2025-09,쏘렌토,SUV,2021.0,90,8.8125,383265.0,4.0,4.0,95816.25,0.0979166666666666,4258.5,10080711.161221284,0.0380196390780794
2025-09,쏘렌토,SUV,2022.0,90,9.375,430882.7702702703,5.0,5.0,101821.0,0.1041666666666666,4787.586336336337,10080711.161221284,0.0427432909622289
2025-09,쏘렌토,SUV,2023.0,210,37.34027777777778,1832215.0,15.0,11.0,122147.66666666669,0.1778108465608465,8724.833333333334,10080711.161221284,0.1817545380179334
2025-09,쏘렌토,SUV,2024.0,660,160.45833333333334,7434348.390951012,67.0,58.0,117653.35820895522,0.2431186868686868,11264.164228713656,10080711.161221284,0.7374825319417582
2025-09,쏠라티,RV,2019.0,90,4.25,657590.0,2.0,2.0,328795.0,0.0472222222222222,7306.555555555556,657590.0,1.0
2025-09,쏠라티,RV,2023.0,120,0.0,0.0,0.0,0.0,,0.0,0.0,657590.0,0.0
2025-09,쏠라티,RV,2024.0,30,0.0,0.0,0.0,0.0,,0.0,0.0,657590.0,0.0
2025-09,쏠라티,RV,2025.0,120,0.0,0.0,0.0,0.0,,0.0,0.0,657590.0,0.0
2025-09,아반떼,COMPACT,2020.0,150,13.604166666666666,303952.5423728813,5.0,2.0,61760.0,0.0906944444444444,2026.3502824858751,17168058.405100033,0.0177045379972954
2025-09,아반떼,COMPACT,2021.0,450,65.09027777777777,1895925.941314554,33.0,24.0,59694.545454545456,0.144645061728395,4213.168758476787,17168058.405100033,0.1104333347765953
2025-09,아반떼,COMPACT,2024.0,480,166.12986111111113,5667741.658877936,77.0,58.0,74280.32467532468,0.3461038773148148,11807.795122662366,17168058.405100033,0.3301329436993439
2025-09,아반떼,COMPACT,2025.0,432,231.10555555555555,9300438.26253466,111.0,84.0,84639.5945945946,0.5349665637860083,21528.79227438579,17168058.405100033,0.5417291835267654
2025-09,아우디A5 카브리올레,IMPORTED,2021.0,30,7.875,701820.0,3.0,2.0,233940.0,0.2625,23394.0,701820.0,1.0
2025-09,아이오닉,EV,2021.0,300,61.076388888888886,2463830.1220264225,21.0,18.0,109254.04761904762,0.2035879629629629,8212.767073421408,2463830.1220264225,1.0
2025-09,카니발,RV,2018.0,240,2.3541666666666665,119985.0,1.0,1.0,119985.0,0.0098090277777777,499.93749999999994,31993497.958571408,0.0037502932675685
2025-09,카니발,RV,2019.0,270,29.666666666666668,1684802.7409638555,12.0,10.0,163135.41666666666,0.1098765432098765,6240.010151717984,31993497.958571408,0.0526607857366993
2025-09,카니발,RV,2021.0,150,1.8333333333333333,104880.0,1.0,1.0,104880.0,0.0122222222222222,699.1999999999999,31993497.958571408,0.0032781660866157
2025-09,카니발,RV,2023.0,1080,69.875,3232143.75,27.0,19.0,117432.77777777778,0.064699074074074,2992.7256944444443,31993497.958571408,0.1010250193394084
2025-09,카니발,RV,2024.0,810,135.6861111111111,9396269.98254315,51.0,44.0,181287.54901960783,0.1675137174211248,11600.333311781667,31993497.958571408,0.2936931121039169
2025-09,카니발,RV,2025.0,660,218.31319444444443,17455416.485064402,89.0,69.0,200580.11235955055,0.3307775673400673,26447.600734946063,31993497.958571408,0.545592623465791
2025-09,캐스퍼,URBAN,2022.0,300,104.48958333333331,2604949.7953692116,47.0,39.0,55819.78723404255,0.3482986111111111,8683.165984564039,2604949.7953692116,1.0
2025-09,코나,EV,2020.0,1050,153.35416666666666,4592644.122156358,61.0,53.0,76474.5081967213,0.1460515873015873,4373.946783006056,6838974.359915304,0.6715398947939959
2025-09,코나,SUV,2024.0,150,58.78819444444444,2246330.2377589457,25.0,17.0,90267.0,0.3919212962962963,14975.534918392972,6838974.359915304,0.3284601052060041
2025-09,테슬라 모델3,IMPORTED,2020.0,150,33.171527777777776,2015550.0,14.0,10.0,143967.85714285713,0.2211435185185185,13437.0,2015550.0,1.0
2025-09,투싼,SUV,2021.0,210,21.604166666666668,792896.4960430195,6.0,5.0,119460.83333333331,0.1028769841269841,3775.6976002048546,15390905.35097698,0.0515172095443162
2025-09,투싼,SUV,2023.0,210,35.166666666666664,1509802.9411764706,14.0,13.0,106625.0,0.1674603174603174,7189.53781512605,15390905.35097698,0.0980970843980033
2025-09,투싼,SUV,2024.0,150,40.138888888888886,1730127.164709709,15.0,15.0,121211.33333333331,0.2675925925925925,11534.181098064726,15390905.35097698,0.1124123061805382
2025-09,투싼,SUV,2025.0,480,224.84791666666663,11358078.74904778,112.0,92.0,105687.94642857143,0.4684331597222222,23662.66406051621,15390905.35097698,0.7379733998771421
2025-09,팰리세이드,SUV,2023.0,390,72.99305555555556,3325087.8556060246,29.0,24.0,118681.72413793104,0.1871616809116809,8525.866296425704,7052677.368581849,0.4714646200063782
2025-09,팰리세이드,SUV,2025.0,207,52.40972222222222,3727589.512975825,26.0,19.0,164710.76923076922,0.2531870638754697,18007.678806646494,7052677.368581849,0.5285353799936219
2025-09,포르쉐,SUPERCAR,2022.0,30,6.635416666666667,2746114.6039603963,4.0,3.0,725793.75,0.2211805555555555,91537.15346534654,3754514.603960396,0.7314166792862375
2025-09,포르쉐,SUPERCAR,2025.0,30,2.0416666666666665,1008400.0,1.0,0.0,1008400.0,0.0680555555555555,33613.333333333336,3754514.603960396,0.2685833207137624
2025-10,BMW 420i,IMPORTED,2022.0,124,9.958333333333334,949644.4021073268,6.0,3.0,168230.83333333334,0.0803091397849462,7658.422597639731,7536027.241613499,0.1260139290451932
2025-10,BMW 420i,IMPORTED,2024.0,155,52.09027777777778,6586382.839506173,23.0,20.0,292732.17391304346,0.3360663082437276,42492.79251294305,7536027.241613499,0.8739860709548068
2025-10,BMW X7 xdrive40i 하이브리드,SUPERCAR,2025.0,31,0.0,0.0,0.0,0.0,,0.0,0.0,0.0,
2025-10,BMW Z4 로드스터,IMPORTED,2021.0,62,13.049305555555556,1360367.3404255318,7.0,6.0,211488.57142857145,0.210472670250896,21941.408716540835,1360367.3404255318,1.0
2025-10,EV3,EV,2025.0,341,106.7152777777778,8357121.286817757,49.0,42.0,167088.0612244898,0.3129480286738351,24507.68705811659,8357121.286817757,1.0
2025-10,EV6,EV,2022.0,651,149.32638888888889,10324733.347829562,58.0,49.0,186695.6896551724,0.2293800136542072,15859.805449814994,10324733.347829562,1.0
2025-10,G80,LUXURY,2021.0,93,10.756944444444445,762430.0,5.0,3.0,152486.0,0.1156660692951015,8198.172043010753,10209403.55816914,0.0746791911648879
2025-10,G80,LUXURY,2024.0,93,22.489583333333332,2307048.443877551,8.0,5.0,317518.125,0.2418234767025089,24806.972514812373,10209403.55816914,0.2259728916320039
2025-10,G80,LUXURY,2025.0,155,69.76527777777778,7139925.114291591,33.0,21.0,236508.18181818185,0.4500985663082437,46064.03299542962,10209403.55816914,0.6993479172031082
2025-10,GV70,SUV,2021.0,124,33.208333333333336,3025270.0,12.0,11.0,252105.83333333337,0.2678091397849462,24397.33870967742,11337781.737891886,0.2668308554476115
2025-10,GV70,SUV,2023.0,155,26.61111111111111,2396530.0,11.0,9.0,217866.36363636365,0.17168458781362,15461.483870967742,11337781.737891886,0.2113755631748123
2025-10,GV70,SUV,2025.0,155,40.083333333333336,5915981.737891886,19.0,15.0,311142.8947368421,0.2586021505376344,38167.62411543153,11337781.737891886,0.5217935813775761
2025-10,GV80,SUV,2021.0,93,0.0,0.0,0.0,0.0,,0.0,0.0,13054155.736762565,0.0
2025-10,GV80,SUV,2023.0,124,23.1875,3341910.0000000005,9.0,9.0,371323.3333333333,0.1869959677419354,26950.887096774197,13054155.736762565,0.2560035338469767
2025-10,GV80,SUV,2025.0,217,67.60416666666667,9712245.736762565,29.0,21.0,340991.0344827586,0.3115399385560676,44756.89279614084,13054155.736762565,0.7439964661530233
2025-10,K3,COMPACT,2019.0,310,40.61111111111111,1345771.3581018262,11.0,7.0,118524.09090909093,0.1310035842293906,4341.197929360729,14284910.965318237,0.0942092926843695
2025-10,K3,COMPACT,2020.0,310,11.0,393700.0,6.0,5.0,65616.66666666667,0.0354838709677419,1270.0,14284910.965318237,0.0275605497966244
2025-10,K3,COMPACT,2021.0,310,29.78125,1420016.90625,12.0,10.0,121394.58333333331,0.0960685483870967,4580.699697580645,14284910.965318237,0.099406773321696
2025-10,K3,COMPACT,2022.0,651,137.5,5614435.818539218,48.0,41.0,117812.39583333331,0.2112135176651305,8624.32537410018,14284910.965318237,0.3930326084754943
2025-10,K3,COMPACT,2024.0,310,98.32291666666669,5510986.88242719,42.0,33.0,136164.52380952382,0.3171706989247312,17777.37704008771,14284910.965318237,0.3857907757218155
2025-10,K5,MIDSIZE,2020.0,713,55.71527777777778,2873208.5714285714,22.0,20.0,134326.36363636365,0.0781420445691132,4029.745541975556,21293209.37771013,0.1349354397668331
2025-10,K5,MIDSIZE,2021.0,310,69.31944444444444,3787488.485752124,19.0,15.0,196476.05263157896,0.2236111111111111,12217.704792748787,21293209.37771013,0.1778730682898789
2025-10,K5,MIDSIZE,2022.0,527,48.1875,1366571.9660130355,16.0,12.0,81676.5625,0.0914373814041745,2593.1156850342236,21293209.37771013,0.0641787690043367
2025-10,K5,MIDSIZE,2024.0,558,212.53194444444443,13265940.3545164,86.0,67.0,155842.32558139536,0.38088162086818,23774.086656839427,21293209.37771013,0.6230127229389513
2025-10,K8,LUXURY,2023.0,93,18.125,1202317.3496289828,6.0,5.0,176986.66666666666,0.1948924731182795,12928.143544397664,1202317.3496289828,1.0
2025-10,QM6,SUV,2020.0,124,0.0,0.0,0.0,0.0,,0.0,0.0,1444760.0,0.0
2025-10,QM6,SUV,2021.0,93,9.145833333333334,1444760.0,3.0,3.0,481586.6666666667,0.09834229390681,15535.05376344086,1444760.0,1.0
2025-10,SM6,MIDSIZE,2020.0,62,7.211805555555555,180080.0,3.0,1.0,60026.666666666664,0.1163194444444444,2904.516129032258,180080.0,1.0
2025-10,XM3,SUV,2022.0,62,9.708333333333334,747737.1132075471,3.0,3.0,262231.6666666667,0.1565860215053763,12060.276019476569,747737.1132075471,1.0
2025-10,니로 하이브리드,SUV,2022.0,248,46.58680555555556,3767059.8936170214,17.0,15.0,224337.9411764706,0.1878500224014337,15189.757635552503,3767059.8936170214,1.0
2025-10,더 뉴 그랜저,LUXURY,2020.0,217,52.22361111111111,4097025.935582822,19.0,16.0,219365.7894736842,0.2406618023553507,18880.303850612083,4097025.935582822,1.0
2025-10,더 뉴 셀토스,SUV,2024.0,341,132.02152777777778,8686629.312650686,51.0,46.0,171062.1568627451,0.3871599055066797,25473.986254107585,8686629.312650686,1.0
2025-10,더뉴그랜드스타렉스12인,RV,2019.0,62,5.875,375440.0,3.0,3.0,125146.66666666669,0.094758064516129,6055.4838709677415,375440.0,1.0
2025-10,더뉴그랜저 하이브리드,LUXURY,2024.0,155,44.78472222222222,4439525.535426731,21.0,14.0,217505.7142857143,0.2889336917562723,28642.100228559557,4439525.535426731,1.0
2025-10,디올뉴 그랜저,LUXURY,2023.0,155,44.604166666666664,3568477.3727735365,18.0,14.0,184080.55555555556,0.2877688172043011,23022.434663055075,3568477.3727735365,1.0
2025-10,랭글러,IMPORTED,2023.0,124,21.75,2211488.4615384615,11.0,10.0,203932.2727272727,0.1754032258064516,17834.584367245658,2211488.4615384615,1.0
2025-10,레이,SUV,2022.0,248,34.916666666666664,3563634.989704873,15.0,12.0,235824.66666666663,0.1407930107526881,14369.495926229329,16744507.375408778,0.2128241165779817
2025-10,레이,URBAN,2024.0,155,24.395833333333332,803999.4444444445,12.0,10.0,69301.66666666667,0.1573924731182795,5187.093189964158,16744507.375408778,0.0480157120432942
2025-10,레이,URBAN,2025.0,620,308.68958333333336,12376872.94125946,147.0,109.0,86192.10884353741,0.4978864247311828,19962.69829235397,16744507.375408778,0.739160171378724
2025-10,머스탱,IMPORTED,2020.0,93,9.895833333333334,1279080.0,7.0,7.0,182725.7142857143,0.1064068100358423,13753.548387096776,17140963.875832353,0.0746212412128946
2025-10,머스탱,IMPORTED,2021.0,93,12.229166666666666,1211060.0,5.0,5.0,242212.0,0.1314964157706093,13022.150537634408,17140963.875832353,0.0706529696213592
2025-10,머스탱,IMPORTED,2023.0,124,21.8125,2231920.18018018,9.0,7.0,264260.0,0.1759072580645161,17999.356291775643,17140963.875832353,0.1302097242808522
2025-10,머스탱,IMPORTED,2024.0,248,86.83541666666666,12418903.695652174,43.0,37.0,292456.9767441861,0.3501428091397849,50076.22457924263,17140963.875832353,0.7245160648848938
2025-10,모닝,URBAN,2022.0,465,99.42708333333331,2817392.4069242617,36.0,24.0,81060.27777777778,0.2138216845878136,6058.90840198766,2817392.4069242617,1.0
2025-10,미니,IMPORTED,2022.0,186,24.194444444444443,1428498.75,16.0,13.0,89440.0,0.1300776583034647,7680.100806451613,15449963.995930418,0.0924596814838061
2025-10,미니,IMPORTED,2024.0,124,23.65277777777778,2875175.0,15.0,15.0,191678.33333333337,0.1907482078853046,23186.89516129032,15449963.995930418,0.1860959029262031
2025-10,미니,IMPORTED,2025.0,341,103.1625,11146290.245930418,41.0,38.0,270610.0,0.3025293255131964,32687.068169883925,15449963.995930418,0.7214444155899907
2025-10,베뉴,SUV,2022.0,62,12.520833333333334,678955.0,4.0,3.0,169738.75,0.2019489247311828,10950.887096774191,678955.0,1.0
2025-10,베리뉴티볼리,SUV,2020.0,124,20.604166666666668,1101445.0,8.0,7.0,137680.625,0.1661626344086021,8882.620967741936,1101445.0,1.0
2025-10,벤츠,IMPORTED,2020.0,124,9.5,1036014.6261682244,4.0,3.0,226373.75,0.0766129032258064,8354.95666264697,7844267.457401002,0.13207283303309
2025-10,벤츠,IMPORTED,2021.0,62,17.791666666666668,2270160.0,8.0,7.0,283770.0,0.2869623655913978,36615.48387096774,7844267.457401002,0.289403696690393
2025-10,벤츠,IMPORTED,2024.0,124,29.675,4538092.831232778,16.0,11.0,280996.5625,0.2393145161290322,36597.5228325224,7844267.457401002,0.578523470276517
2025-10,벤츠,SUPERCAR,2021.0,31,0.0,0.0,0.0,0.0,,0.0,0.0,7844267.457401002,0.0
2025-10,볼보 XC40,IMPORTED,2022.0,62,8.5,1398570.0,4.0,3.0,349642.5,0.1370967741935483,22557.58064516129,1398570.0,1.0
2025-10,셀토스,SUV,2020.0,124,8.75,723710.0,4.0,4.0,180927.5,0.0705645161290322,5836.370967741936,723710.0,1.0
2025-10,스타리아,RV,2022.0,496,41.58680555555556,8007485.0,12.0,12.0,667290.4166666666,0.0838443660394265,16144.122983870968,27125896.774265617,0.2951970608247951
2025-10,스타리아,RV,2023.0,310,55.46180555555556,6792613.108989288,21.0,20.0,330394.5238095238,0.1789090501792114,21911.655190288027,27125896.774265617,0.2504106376838185
2025-10,스타리아,RV,2024.0,465,94.08333333333331,12325798.66527633,39.0,33.0,322889.74358974356,0.2023297491039426,26507.093903820063,27125896.774265617,0.4543923014913865
2025-10,스포티지,SUV,2022.0,558,51.041666666666664,6516955.151088349,15.0,15.0,427335.0,0.0914725209080047,11679.13109514041,22718923.836912848,0.2868514018476459
2025-10,스포티지,SUV,2025.0,403,204.55902777777777,16201968.6858245,78.0,65.0,203836.85897435897,0.5075906396470913,40203.396242740695,22718923.836912848,0.7131485981523541
2025-10,싼타페,SUV,2024.0,620,225.02777777777777,19612337.12847854,79.0,73.0,246990.44303797468,0.3629480286738351,31632.801820126675,19612337.12847854,1.0
2025-10,쏘나타,MIDSIZE,2020.0,651,255.13680555555555,9962322.025167024,118.0,90.0,84373.05084745762,0.3919152159071514,15303.106029442431,28835223.249489896,0.345491413018391
2025-10,쏘나타,MIDSIZE,2021.0,310,54.354166666666664,2691425.407248288,18.0,12.0,147831.38888888888,0.1753360215053763,8682.017442736413,28835223.249489896,0.0933381158162491
2025-10,쏘나타,MIDSIZE,2024.0,620,283.5451388888889,16181475.817074586,109.0,90.0,149074.0366972477,0.4573308691756272,26099.154543668687,28835223.249489896,0.5611704711653599
2025-10,쏘렌토,SUV,2021.0,93,6.854166666666667,1147125.0,1.0,1.0,1147125.0,0.0737007168458781,12334.67741935484,21320867.565167915,0.0538029231922094
2025-10,쏘렌토,SUV,2022.0,93,13.40625,1129125.2709668432,4.0,4.0,280633.75,0.1441532258064516,12141.131945880035,21320867.565167915,0.0529586925820741
2025-10,쏘렌토,SUV,2023.0,217,32.75,2092481.5625,14.0,13.0,154291.42857142858,0.1509216589861751,9642.772177419354,21320867.565167915,0.0981424210860211
2025-10,쏘렌토,SUV,2024.0,682,204.84791666666663,16952135.731701072,70.0,55.0,240374.14285714287,0.300363514173998,24856.504005426792,21320867.565167915,0.7950959631396952
2025-10,쏠라티,RV,2019.0,93,2.291666666666667,538704.2857142857,2.0,2.0,446927.5,0.0246415770609319,5792.519201228878,11154669.285714284,0.0482940616091775
2025-10,쏠라티,RV,2023.0,124,7.854166666666667,2409010.0,3.0,3.0,803003.3333333334,0.0633400537634408,19427.5,11154669.285714284,0.2159642691590331
2025-10,쏠라티,RV,2024.0,31,3.0,753825.0,1.0,1.0,753825.0,0.0967741935483871,24316.93548387097,11154669.285714284,0.0675793231239422
2025-10,쏠라티,RV,2025.0,124,31.395833333333332,7453130.0,12.0,11.0,621094.1666666666,0.2531922043010752,60105.8870967742,11154669.285714284,0.6681623461078471
2025-10,아반떼,COMPACT,2020.0,155,6.833333333333333,358602.45762711857,3.0,2.0,117918.33333333331,0.0440860215053763,2313.5642427556036,30030912.51281588,0.0119411109294159
2025-10,아반떼,COMPACT,2021.0,465,124.75138888888888,4680183.986272667,47.0,39.0,98758.82978723403,0.2682825567502986,10064.911798435842,30030912.51281588,0.1558455469601654
2025-10,아반떼,COMPACT,2024.0,496,200.28472222222223,10407905.027876576,80.0,61.0,132206.8125,0.4037998431899641,20983.67949168665,30030912.51281588,0.3465730527980106
2025-10,아반떼,COMPACT,2025.0,465,267.09722222222223,14584221.041039515,125.0,99.0,115336.2,0.5744026284348865,31363.91621728928,30030912.51281588,0.4856402893124079
2025-10,아우디A5 카브리올레,IMPORTED,2021.0,31,6.791666666666667,742805.0,3.0,3.0,247601.66666666663,0.2190860215053763,23961.451612903227,742805.0,1.0
2025-10,아이오닉,EV,2021.0,310,63.92708333333333,3615659.5894607846,21.0,19.0,165829.7619047619,0.2062163978494623,11663.41803051866,3615659.5894607846,1.0
2025-10,카니발,RV,2018.0,248,7.854166666666666,876920.0,3.0,3.0,292306.6666666667,0.0316700268817204,3535.967741935484,68297656.51846497,0.0128396792027983
2025-10,카니발,RV,2019.0,279,30.67361111111111,3361273.264511505,8.0,6.0,391553.75,0.1099412584627638,12047.57442477242,68297656.51846497,0.0492150600160453
2025-10,카니발,RV,2021.0,155,23.625,2274320.0,9.0,7.0,252702.22222222225,0.1524193548387096,14673.032258064515,68297656.51846497,0.0333001176897645
2025-10,카니발,RV,2023.0,1116,124.60416666666669,14694081.84294966,52.0,44.0,293010.8653846154,0.1116524790919952,13166.740002643064,68297656.51846497,0.2151476725848853
2025-10,카니발,RV,2024.0,837,176.40277777777777,18123740.530004457,65.0,54.0,276571.0,0.2107560069029603,21653.214492239495,68297656.51846497,0.265364017652707
2025-10,카니발,RV,2025.0,682,236.80972222222223,28967320.880999345,101.0,86.0,301760.0,0.3472283317041382,42474.077538122205,68297656.51846497,0.4241334528537994
2025-10,캐스퍼,URBAN,2022.0,310,93.125,4081171.420406153,50.0,39.0,82878.4,0.3004032258064516,13165.069098084365,4081171.420406153,1.0
2025-10,코나,EV,2020.0,1085,94.77083333333331,4097282.1908688513,36.0,28.0,107222.77777777778,0.0873463901689708,3776.296950109541,8135142.1531644,0.5036521936220985
2025-10,코나,SUV,2024.0,155,66.82569444444445,4037859.962295549,28.0,21.0,149091.42857142858,0.4311335125448029,26050.709434164834,8135142.1531644,0.4963478063779016
2025-10,테슬라 모델3,IMPORTED,2020.0,155,25.208333333333332,2445591.628122109,14.0,13.0,180865.0,0.1626344086021505,15778.010504013606,2445591.628122109,1.0
2025-10,투싼,SUV,2021.0,217,43.770833333333336,2345817.529761905,12.0,11.0,203930.41666666663,0.2017089093701997,10810.219031160852,27571602.834191244,0.085080927063583
2025-10,투싼,SUV,2023.0,217,37.015277777777776,2438422.624898374,17.0,16.0,156317.0588235294,0.1705773169482846,11236.970621651491,27571602.834191244,0.0884396398556312
2025-10,투싼,SUV,2024.0,155,47.479166666666664,4083314.433532225,16.0,14.0,257867.1875,0.3063172043010752,26343.964087304677,27571602.834191244,0.1480985511828333
2025-10,투싼,SUV,2025.0,496,230.42708333333337,18704048.24599874,90.0,76.0,204900.94444444444,0.4645707325268817,37709.774689513586,27571602.834191244,0.6783808818979524
2025-10,팰리세이드,SUV,2023.0,403,43.954861111111114,6491848.314606742,14.0,13.0,455016.4285714286,0.1090691342707471,16108.804750885216,22442216.21702549,0.2892694844318355
2025-10,팰리세이드,SUV,2025.0,310,130.4388888888889,15950367.902418748,49.0,34.0,324139.0816326531,0.4207706093189964,51452.79968522177,22442216.21702549,0.7107305155681645
2025-10,포르쉐,SUPERCAR,2022.0,31,4.5,1847381.9477637417,3.0,2.0,616975.0,0.1451612903225806,59592.9660568949,1847381.9477637417,1.0
2025-10,포르쉐,SUPERCAR,2025.0,31,0.0,0.0,0.0,0.0,,0.0,0.0,1847381.9477637417,0.0
2025-11,BMW 420i,IMPORTED,2022.0,120,0.9375,165472.01298701295,1.0,1.0,81985.0,0.0078125,1378.9334415584417,6774731.816730447,0.0244248801964933
2025-11,BMW 420i,IMPORTED,2024.0,150,26.791666666666668,2717857.160493827,14.0,6.0,183671.42857142855,0.1786111111111111,18119.047736625515,6774731.816730447,0.4011756087203304
2025-11,BMW 420i,IMPORTED,2026.0,82,30.320138888888888,3891402.643249608,17.0,14.0,235605.88235294115,0.3697577913279132,47456.12979572692,6774731.816730447,0.5743995110831763
2025-11,BMW X6 xdrive30d M sport,SUPERCAR,2026.0,3,0.0,0.0,0.0,0.0,,0.0,0.0,0.0,
2025-11,BMW X7 xdrive40i 하이브리드,SUPERCAR,2025.0,30,1.1666666666666663,648945.0,1.0,1.0,648945.0,0.0388888888888888,21631.5,648945.0,1.0
2025-11,BMW Z4 로드스터,IMPORTED,2021.0,60,21.28472222222222,1760907.6595744682,10.0,8.0,164085.5,0.3547453703703703,29348.460992907803,1760907.6595744682,1.0
2025-11,EV3,EV,2025.0,330,136.32638888888889,6818381.132592388,63.0,53.0,111432.06349206348,0.4131102693602693,20661.761007855723,6818381.132592388,1.0
2025-11,EV6,EV,2022.0,630,186.20138888888889,6764510.578886067,68.0,58.0,92966.4705882353,0.2955577601410935,10737.318379184231,6764510.578886067,1.0
2025-11,G80,LUXURY,2021.0,90,9.375,546345.0,5.0,5.0,109269.0,0.1041666666666666,6070.5,8623967.593449943,0.0633519310085254
2025-11,G80,LUXURY,2024.0,90,27.84027777777778,2097231.5561224488,13.0,10.0,144593.46153846153,0.3093364197530864,23302.572845804985,8623967.593449943,0.2431863911125238
2025-11,G80,LUXURY,2025.0,150,71.92708333333333,5980391.0373274945,33.0,27.0,169250.75757575757,0.4795138888888888,39869.2735821833,8623967.593449943,0.6934616778789507
2025-11,GV70,SUV,2021.0,120,11.884722222222225,771935.0,6.0,5.0,128655.83333333331,0.0990393518518518,6432.791666666667,7228450.984997952,0.106791206249041
2025-11,GV70,SUV,2023.0,150,38.92708333333333,2361896.7068289383,16.0,14.0,149063.125,0.2595138888888889,15745.978045526255,7228450.984997952,0.3267500480712753
2025-11,GV70,SUV,2025.0,150,48.84027777777778,4094619.278169014,21.0,17.0,191381.66666666663,0.3256018518518518,27297.461854460093,7228450.984997952,0.5664587456796837
2025-11,GV80,SUV,2021.0,90,13.583333333333332,997743.3561643836,6.0,6.0,190934.16666666663,0.1509259259259259,11086.037290715372,10605131.263380878,0.0940811887552541
2025-11,GV80,SUV,2023.0,120,20.8125,1675700.0,9.0,7.0,186188.88888888888,0.1734375,13964.166666666666,10605131.263380878,0.1580084167167387
2025-11,GV80,SUV,2025.0,210,71.91388888888889,7931687.907216495,34.0,31.0,227011.17647058825,0.3424470899470899,37769.94241531664,10605131.263380878,0.7479103945280071
2025-11,K3,COMPACT,2019.0,300,20.3125,481219.0536556603,9.0,6.0,51446.666666666664,0.0677083333333333,1604.0635121855346,7807421.929501889,0.0616361019041738
2025-11,K3,COMPACT,2020.0,300,22.041666666666668,473750.0,11.0,8.0,43068.181818181816,0.0734722222222222,1579.1666666666667,7807421.929501889,0.0606794412134743
2025-11,K3,COMPACT,2021.0,300,29.92361111111111,756288.09375,11.0,7.0,65415.454545454544,0.0997453703703703,2520.9603125,7807421.929501889,0.0968678394198494
2025-11,K3,COMPACT,2022.0,630,120.22916666666669,3198766.3778977254,58.0,46.0,55227.5,0.1908399470899471,5077.406949044009,7807421.929501889,0.4097084039752678
2025-11,K3,COMPACT,2024.0,300,93.8125,2897398.404198504,39.0,31.0,68947.82051282052,0.3127083333333333,9657.99468066168,7807421.929501889,0.3711082134872346
2025-11,K5,MIDSIZE,2020.0,690,78.05555555555556,1964913.698510079,31.0,18.0,62262.25806451613,0.1131239935587761,2847.7010123334476,13190003.386818986,0.1489699161467732
2025-11,K5,MIDSIZE,2021.0,300,36.34722222222222,905439.9371128896,12.0,11.0,81377.08333333333,0.1211574074074074,3018.1331237096324,13190003.386818986,0.0686459215027732
2025-11,K5,MIDSIZE,2022.0,510,82.70833333333333,2316220.1146146697,30.0,21.0,72354.33333333333,0.162173202614379,4541.608067871902,13190003.386818986,0.1756042092399544
2025-11,K5,MIDSIZE,2024.0,540,224.00694444444449,8003429.636581349,83.0,64.0,90418.85542168676,0.4148276748971193,14821.165993669165,13190003.386818986,0.6067799531104991
2025-11,K8,LUXURY,2023.0,90,36.291666666666664,1823689.0618832647,13.0,10.0,146363.07692307694,0.4032407407407407,20263.21179870294,1823689.0618832647,1.0
2025-11,QM6,SUV,2020.0,120,0.0,0.0,0.0,0.0,,0.0,0.0,456775.0,0.0
2025-11,QM6,SUV,2021.0,90,12.385416666666666,456775.0,5.0,4.0,91355.0,0.1376157407407407,5075.277777777777,456775.0,1.0
2025-11,SM6,MIDSIZE,2020.0,60,8.965277777777779,257165.0,4.0,4.0,64291.25,0.1494212962962963,4286.083333333333,257165.0,1.0
2025-11,XM3,SUV,2022.0,60,11.083333333333334,300662.88679245283,4.0,3.0,65426.25,0.1847222222222222,5011.048113207547,300662.88679245283,1.0
2025-11,니로 하이브리드,SUV,2022.0,240,34.71527777777778,1403125.1063829786,16.0,13.0,84777.5,0.1446469907407407,5846.354609929078,1403125.1063829786,1.0
2025-11,더 뉴 그랜저,LUXURY,2020.0,210,49.958333333333336,1958374.7935838448,20.0,16.0,94461.5,0.2378968253968254,9325.594255161164,1958374.7935838448,1.0
2025-11,더 뉴 셀토스,SUV,2024.0,330,144.99305555555554,4920720.678380305,58.0,49.0,84297.06896551725,0.4393728956228956,14911.27478297062,4920720.678380305,1.0
2025-11,더뉴그랜드스타렉스12인,RV,2019.0,60,0.0,0.0,0.0,0.0,,0.0,0.0,0.0,
2025-11,더뉴그랜저 하이브리드,LUXURY,2024.0,150,67.88472222222222,4304607.055865404,26.0,18.0,164388.65384615384,0.4525648148148148,28697.38037243603,4304607.055865404,1.0
2025-11,디올뉴 그랜저,LUXURY,2023.0,150,31.916666666666668,1567700.0,13.0,9.0,119448.07692307692,0.2127777777777778,10451.333333333334,1567700.0,1.0
2025-11,랭글러,IMPORTED,2023.0,120,22.61111111111111,1777246.5384615385,9.0,8.0,193942.22222222225,0.1884259259259259,14810.38782051282,1777246.5384615385,1.0
2025-11,레이,SUV,2022.0,240,27.090972222222224,944120.0681942172,13.0,6.0,78853.46153846153,0.1128790509259259,3933.8336174759047,10961985.04551743,0.086126742946095
2025-11,레이,URBAN,2024.0,150,27.90277777777778,752830.3381642512,17.0,14.0,43447.64705882353,0.1860185185185185,5018.868921095008,10961985.04551743,0.0686764609729237
2025-11,레이,URBAN,2025.0,600,330.62152777777777,9265034.63915896,156.0,122.0,57980.51282051282,0.5510358796296296,15441.724398598268,10961985.04551743,0.8451967960809812
2025-11,머스탱,IMPORTED,2020.0,90,0.0,0.0,0.0,0.0,,0.0,0.0,9653464.493732862,0.0
2025-11,머스탱,IMPORTED,2021.0,90,0.0,0.0,0.0,0.0,,0.0,0.0,9653464.493732862,0.0
2025-11,머스탱,IMPORTED,2023.0,120,17.770833333333332,1668414.81981982,9.0,9.0,169110.55555555556,0.1480902777777777,13903.456831831832,9653464.493732862,0.172830678654588
2025-11,머스탱,IMPORTED,2024.0,240,80.24791666666667,7985049.673913043,39.0,34.0,201396.92307692303,0.3343663194444444,33271.040307971016,9653464.493732862,0.827169321345412
2025-11,모닝,URBAN,2022.0,450,107.48472222222222,2222644.995663794,46.0,35.0,50587.82608695652,0.2388549382716049,4939.211101475098,2222644.995663794,1.0
2025-11,미니,IMPORTED,2022.0,180,28.48611111111111,1730791.25,15.0,12.0,115216.66666666669,0.1582561728395061,9615.506944444443,8757661.76771298,0.197631661955813
2025-11,미니,IMPORTED,2024.0,120,22.90625,1493655.2702702703,11.0,6.0,138271.36363636365,0.1908854166666666,12447.127252252252,8757661.76771298,0.1705541170563305
2025-11,미니,IMPORTED,2025.0,330,75.09097222222222,5533215.247442709,46.0,40.0,118385.76086956522,0.2275484006734006,16767.318931644575,8757661.76771298,0.6318142209878563
2025-11,베뉴,SUV,2022.0,60,18.229166666666668,520261.8989675516,10.0,8.0,58174.0,0.3038194444444445,8671.031649459193,520261.8989675516,1.0
2025-11,베리뉴티볼리,SUV,2020.0,120,23.46527777777778,579755.0,6.0,5.0,96625.83333333331,0.1955439814814815,4831.291666666667,579755.0,1.0
2025-11,벤츠,IMPORTED,2020.0,120,24.5,1715498.3333333335,10.0,5.0,174466.5,0.2041666666666666,14295.819444444443,9150123.333333334,0.1874836295467055
2025-11,벤츠,IMPORTED,2021.0,60,15.895833333333332,1410020.0,7.0,6.0,201431.42857142855,0.2649305555555555,23500.333333333332,9150123.333333334,0.1540984693466791
2025-11,벤츠,IMPORTED,2024.0,120,24.0,3168550.0,14.0,13.0,227417.5,0.2,26404.583333333332,9150123.333333334,0.3462849498932072
2025-11,벤츠,SUPERCAR,2021.0,30,5.229166666666666,2856055.0,3.0,1.0,952018.3333333334,0.1743055555555555,95201.83333333331,9150123.333333334,0.312132951213408
2025-11,볼보 XC40,IMPORTED,2022.0,60,5.597222222222222,408910.0,3.0,1.0,136303.33333333334,0.093287037037037,6815.166666666667,408910.0,1.0
2025-11,셀토스,SUV,2020.0,120,13.270833333333334,352194.10447761195,4.0,2.0,90643.75,0.1105902777777777,2934.9508706467664,352194.10447761195,1.0
2025-11,스타리아,RV,2022.0,480,0.0,0.0,0.0,0.0,,0.0,0.0,8452738.082429312,0.0
2025-11,스타리아,RV,2023.0,300,31.208333333333332,1833886.8910107128,11.0,8.0,153474.0909090909,0.1040277777777777,6112.956303369042,8452738.082429312,0.216957732882178
2025-11,스타리아,RV,2024.0,450,94.04166666666669,6618851.1914186,36.0,28.0,180817.08333333337,0.2089814814814815,14708.558203152445,8452738.082429312,0.783042267117822
2025-11,스포티지,SUV,2022.0,540,15.21527777777778,555240.0,7.0,6.0,84314.28571428571,0.0281764403292181,1028.2222222222222,10578139.61858281,0.052489380932787
2025-11,스포티지,SUV,2025.0,390,188.04930555555555,10022899.61858281,82.0,62.0,119907.31707317074,0.4821777065527065,25699.742611750793,10578139.61858281,0.9475106190672128
2025-11,싼타페,SUV,2024.0,600,223.64930555555551,11663268.938960632,92.0,80.0,126965.48913043478,0.3727488425925925,19438.781564934387,11663268.938960632,1.0
2025-11,쏘나타,MIDSIZE,2020.0,630,290.9013888888889,8634034.11443595,129.0,101.0,66560.3488372093,0.4617482363315697,13704.81605466024,20401750.618604902,0.4232006495835873
2025-11,쏘나타,MIDSIZE,2021.0,300,47.510416666666664,1408387.911684877,20.0,14.0,67500.5,0.1583680555555555,4694.6263722829235,20401750.618604902,0.0690326991057586
2025-11,쏘나타,MIDSIZE,2024.0,600,271.6777777777778,10359328.592484076,118.0,89.0,85828.43220338984,0.4527962962962963,17265.54765414013,20401750.618604902,0.507766651310654
2025-11,쏘렌토,SUV,2021.0,90,5.666666666666667,316325.0,2.0,1.0,158162.5,0.0629629629629629,3514.722222222222,14480156.913891423,0.0218454124413897
2025-11,쏘렌토,SUV,2022.0,90,23.395833333333332,1039886.9587628866,8.0,7.0,121031.875,0.2599537037037037,11554.29954180985,14480156.913891423,0.0718146194786935
2025-11,쏘렌토,SUV,2023.0,210,35.770833333333336,1792893.4375,14.0,14.0,123235.35714285714,0.1703373015873016,8537.587797619048,14480156.913891423,0.1238172658046268
2025-11,쏘렌토,SUV,2024.0,660,228.04166666666663,11331051.517628536,89.0,71.0,125023.14606741571,0.3455176767676767,17168.259875194755,14480156.913891423,0.7825227022752897
2025-11,쏠라티,RV,2019.0,90,1.2708333333333333,355150.7142857143,0.0,0.0,,0.0141203703703703,3946.119047619048,5194595.714285715,0.0683692694907922
2025-11,쏠라티,RV,2023.0,120,5.583333333333333,1461289.9999999998,3.0,3.0,487096.6666666667,0.0465277777777777,12177.416666666664,5194595.714285715,0.2813096688123948
2025-11,쏠라티,RV,2024.0,30,0.4791666666666666,174600.0,1.0,0.0,174600.0,0.0159722222222222,5820.0,5194595.714285715,0.0336118553980689
2025-11,쏠라티,RV,2025.0,120,13.368055555555555,3203555.0,6.0,4.0,533925.8333333334,0.1114004629629629,26696.291666666668,5194595.714285715,0.6167092062987439
2025-11,아반떼,COMPACT,2020.0,150,7.863194444444444,150480.0,3.0,3.0,50160.0,0.0524212962962962,1003.2,20539480.9394758,0.0073263779373696
2025-11,아반떼,COMPACT,2021.0,450,140.87916666666666,3515780.9097166094,55.0,48.0,66050.27272727272,0.3130648148148148,7812.84646603691,20539480.9394758,0.1711718480168339
2025-11,아반떼,COMPACT,2024.0,480,193.5652777777778,6369662.873054572,87.0,67.0,71146.091954023,0.4032609953703704,13270.13098553036,20539480.9394758,0.3101180059916906
2025-11,아반떼,COMPACT,2025.0,450,246.24166666666667,10503557.156704618,123.0,101.0,85227.76422764227,0.5472037037037037,23341.238126010263,20539480.9394758,0.5113837680541057
2025-11,아우디A5 카브리올레,IMPORTED,2021.0,30,1.1979166666666667,102315.0,1.0,1.0,102315.0,0.0399305555555555,3410.5,102315.0,1.0
2025-11,아이오닉,EV,2021.0,300,72.63888888888889,2659904.0625,33.0,28.0,80505.45454545454,0.2421296296296296,8866.346875,2659904.0625,1.0
2025-11,카니발,RV,2018.0,240,8.347222222222221,371490.0,3.0,2.0,123830.0,0.0347800925925925,1547.875,47683469.146082155,0.0077907502673916
2025-11,카니발,RV,2019.0,270,11.17361111111111,546338.9945246391,4.0,4.0,125590.0,0.041383744855967,2023.477757498663,47683469.146082155,0.0114576184222436
2025-11,카니발,RV,2021.0,150,18.50347222222222,1054779.8958333333,9.0,7.0,118516.11111111112,0.1233564814814814,7031.865972222222,47683469.146082155,0.0221204521131197
2025-11,카니발,RV,2023.0,1080,139.04861111111111,6448371.280458089,52.0,44.0,117097.59615384616,0.1287487139917695,5970.714148572305,47683469.146082155,0.1352328468531302
2025-11,카니발,RV,2024.0,810,217.60763888888889,15059616.924959611,90.0,72.0,168270.33333333334,0.2686514060356653,18592.11966044397,47683469.146082155,0.3158246913374373
2025-11,카니발,RV,2025.0,660,271.25347222222223,24202872.05030648,107.0,81.0,210233.69158878503,0.4109901094276094,36671.01825804012,47683469.146082155,0.5075736410066773
2025-11,캐스퍼,URBAN,2022.0,300,104.86111111111111,2786730.0804459867,51.0,41.0,56770.78431372549,0.349537037037037,9289.100268153288,2786730.0804459867,1.0
2025-11,코나,EV,2020.0,1050,168.23888888888888,4393285.456257234,64.0,49.0,71265.9375,0.1602275132275132,4184.081386911652,7060141.228424963,0.622265945413294
2025-11,코나,SUV,2024.0,150,68.50347222222223,2666855.772167728,32.0,23.0,78845.9375,0.4566898148148148,17779.038481118187,7060141.228424963,0.3777340545867059
2025-11,테슬라 모델3,IMPORTED,2020.0,150,20.520833333333332,1082248.3718778908,9.0,8.0,110636.66666666669,0.1368055555555555,7214.989145852605,1082248.3718778908,1.0
2025-11,투싼,SUV,2021.0,210,32.16111111111111,948379.201007326,11.0,8.0,84405.90909090909,0.1531481481481481,4516.091433368219,16850037.165224664,0.0562835079654663
2025-11,투싼,SUV,2023.0,210,62.043055555555554,2442302.7414019923,24.0,21.0,101230.83333333331,0.2954431216931217,11630.0130542952,16850037.165224664,0.1449434631777816
2025-11,투싼,SUV,2024.0,150,40.23611111111111,1960992.0104537185,19.0,16.0,97787.8947368421,0.2682407407407407,13073.280069691456,16850037.165224664,0.1163790911097122
2025-11,투싼,SUV,2025.0,480,217.625,11498363.212361628,102.0,82.0,113091.66666666669,0.4533854166666666,23954.92335908673,16850037.165224664,0.6823939377470399
2025-11,팰리세이드,SUV,2023.0,390,0.0,0.0,0.0,0.0,,0.0,0.0,8939077.678765468,0.0
2025-11,팰리세이드,SUV,2025.0,300,110.18055555555556,8939077.678765468,53.0,42.0,161657.83018867925,0.3672685185185185,29796.925595884895,8939077.678765468,1.0
2025-11,포르쉐,SUPERCAR,2022.0,30,5.625,2285458.4482758623,4.0,4.0,531213.75,0.1875,76181.94827586207,4057033.4482758623,0.563332414537308
2025-11,포르쉐,SUPERCAR,2025.0,30,3.875,1771575.0,2.0,1.0,885787.5,0.1291666666666666,59052.5,4057033.4482758623,0.4366675854626919
2025-12,BMW 420i,IMPORTED,2022.0,124,0.0,0.0,0.0,0.0,,0.0,0.0,10513133.967849636,0.0
2025-12,BMW 420i,IMPORTED,2024.0,155,13.59722222222222,1738323.660130719,8.0,8.0,250004.375,0.0877240143369175,11214.991355682056,10513133.967849636,0.1653478083173591
2025-12,BMW 420i,IMPORTED,2026.0,155,56.36944444444445,8774810.307718916,37.0,30.0,254371.8918918919,0.363673835125448,56611.67940463817,10513133.967849636,0.8346521916826408
2025-12,BMW X6 xdrive30d M sport,SUPERCAR,2026.0,31,0.0,0.0,0.0,0.0,,0.0,0.0,0.0,
2025-12,BMW X7 xdrive40i 하이브리드,SUPERCAR,2025.0,31,1.0833333333333333,526870.0,1.0,1.0,526870.0,0.0349462365591397,16995.8064516129,526870.0,1.0
2025-12,BMW Z4 로드스터,IMPORTED,2021.0,62,20.90277777777778,2070505.0,12.0,12.0,172542.08333333334,0.3371415770609319,33395.24193548387,2070505.0,1.0
2025-12,EV3,EV,2025.0,341,100.98611111111111,6360249.328019811,41.0,39.0,169788.17073170733,0.2961469534050179,18651.7575601754,6360249.328019811,1.0
2025-12,EV6,EV,2022.0,651,199.88888888888889,11876225.280726532,81.0,69.0,162512.40740740742,0.3070489844683393,18243.04958636948,11876225.280726532,1.0
2025-12,G80,LUXURY,2021.0,93,14.666666666666666,951780.0,8.0,6.0,118972.5,0.1577060931899641,10234.193548387097,10101782.31729098,0.0942190170115684
2025-12,G80,LUXURY,2024.0,93,31.166666666666668,2391200.0,13.0,11.0,182740.0,0.3351254480286738,25711.827956989247,10101782.31729098,0.2367107036059409
2025-12,G80,LUXURY,2025.0,155,64.39930555555556,6758802.31729098,32.0,23.0,201462.8125,0.4154793906810036,43605.17624058697,10101782.31729098,0.6690702793824906
2025-12,GV70,SUV,2021.0,124,16.34027777777778,1477975.0,8.0,6.0,184746.875,0.1317764336917563,11919.15322580645,9443593.99835203,0.1565055634812251
2025-12,GV70,SUV,2023.0,155,27.958333333333332,2190218.293171061,13.0,13.0,181152.6923076923,0.1803763440860215,14130.44060110362,9443593.99835203,0.2319263506619692
2025-12,GV70,SUV,2025.0,155,51.11111111111111,5775400.705180969,24.0,17.0,253895.0,0.3297491039426523,37260.64971084496,9443593.99835203,0.6115680858568057
2025-12,GV80,SUV,2021.0,93,10.9375,1062292.1720046306,4.0,4.0,301601.25,0.1176075268817204,11422.49647316807,10391107.187255176,0.1022308934804892
2025-12,GV80,SUV,2023.0,124,13.958333333333334,1319325.0,6.0,5.0,229030.0,0.1125672043010752,10639.717741935485,10391107.187255176,0.1269667395615136
2025-12,GV80,SUV,2025.0,217,60.239583333333336,8009490.015250545,33.0,25.0,257922.57575757577,0.2776017665130568,36910.092236177625,10391107.187255176,0.7708023669579971
2025-12,K3,COMPACT,2019.0,310,23.11111111111111,813685.0,8.0,7.0,101710.625,0.0745519713261648,2624.790322580646,18684886.75751326,0.043547761919018
2025-12,K3,COMPACT,2020.0,310,36.18055555555556,1150678.1418918918,14.0,12.0,103467.85714285714,0.1167114695340501,3711.864973844813,18684886.75751326,0.0615833618273977
2025-12,K3,COMPACT,2021.0,310,45.208333333333336,1533203.4068859068,21.0,19.0,81938.80952380953,0.1458333333333333,4945.817441567441,18684886.75751326,0.0820558040722082
2025-12,K3,COMPACT,2022.0,651,252.82847222222225,9500633.773916284,114.0,94.0,90608.02631578948,0.3883693889742277,14593.907486814567,18684886.75751326,0.5084662217765942
2025-12,K3,COMPACT,2024.0,310,117.04444444444444,5686686.434819178,59.0,39.0,103227.37288135591,0.3775627240143369,18344.149789739284,18684886.75751326,0.3043468504047819
2025-12,K5,MIDSIZE,2020.0,713,45.479166666666664,2121362.7300613495,20.0,18.0,103708.75,0.0637856474988312,2975.263296018723,19179926.729043633,0.1106032760202899
2025-12,K5,MIDSIZE,2021.0,310,38.53819444444444,1135930.378787879,16.0,11.0,62877.8125,0.1243167562724014,3664.2915444770288,19179926.729043633,0.059224959241777
2025-12,K5,MIDSIZE,2022.0,527,80.0013888888889,2993635.230134933,27.0,22.0,113782.22222222222,0.1518052920092768,5680.522258320556,19179926.729043633,0.1560816822934862
2025-12,K5,MIDSIZE,2024.0,558,229.8763888888889,12928998.390059471,107.0,81.0,129440.84112149532,0.4119648546395858,23170.248010859268,19179926.729043633,0.6740900824444468
2025-12,K8,LUXURY,2023.0,93,18.291666666666668,1381742.7657029422,8.0,5.0,162046.875,0.19668458781362,14857.449093580024,1381742.7657029422,1.0
2025-12,QM6,SUV,2020.0,124,0.0,0.0,0.0,0.0,,0.0,0.0,1080067.900552486,0.0
2025-12,QM6,SUV,2021.0,93,18.29861111111111,1080067.900552486,7.0,7.0,180609.2857142857,0.1967592592592592,11613.633339274043,1080067.900552486,1.0
2025-12,SM6,MIDSIZE,2020.0,62,6.013888888888889,143070.0,1.0,1.0,143070.0,0.0969982078853046,2307.5806451612902,143070.0,1.0
2025-12,XM3,SUV,2022.0,62,16.61111111111111,816580.1038961039,8.0,7.0,119263.75,0.267921146953405,13170.646837033932,816580.1038961039,1.0
2025-12,니로 하이브리드,SUV,2022.0,248,44.875,2210566.717948718,17.0,16.0,134442.9411764706,0.1809475806451612,8913.57547559967,2210566.717948718,1.0
2025-12,더 뉴 그랜저,LUXURY,2020.0,217,34.78472222222222,1705639.0753614365,19.0,15.0,105402.8947368421,0.1602982590885816,7860.087904891412,1705639.0753614365,1.0
2025-12,더 뉴 셀토스,SUV,2024.0,341,127.55486111111112,6478226.642115121,54.0,42.0,123899.81481481482,0.3740611762789182,18997.732088314136,6478226.642115121,1.0
2025-12,더뉴그랜드스타렉스12인,RV,2019.0,62,2.458333333333333,171190.0,1.0,1.0,171190.0,0.0396505376344085,2761.1290322580644,171190.0,1.0
2025-12,더뉴그랜저 하이브리드,LUXURY,2024.0,155,53.423611111111114,4943288.9087078655,29.0,24.0,179172.58620689655,0.344668458781362,31892.18650779268,4943288.9087078655,1.0
2025-12,디올뉴 그랜저,LUXURY,2023.0,155,34.375,2537670.0,14.0,11.0,181262.14285714287,0.2217741935483871,16372.064516129032,2537670.0,1.0
2025-12,랭글러,IMPORTED,2023.0,124,24.15972222222222,2715567.2727272725,11.0,9.0,258691.36363636365,0.1948364695340501,21899.73607038123,2715567.2727272725,1.0
2025-12,레이,SUV,2022.0,248,42.37361111111111,1736339.5552548782,21.0,18.0,95264.76190476192,0.170861335125448,7001.369174414832,12720744.582473077,0.1364966919976716
2025-12,레이,URBAN,2024.0,155,45.22569444444444,1708969.5604569977,22.0,19.0,81386.36363636363,0.2917786738351254,11025.610067464502,12720744.582473077,0.1343450887939102
2025-12,레이,URBAN,2025.0,620,264.78125,9275435.4667612,124.0,95.0,77178.10483870968,0.4270665322580645,14960.379785098708,12720744.582473077,0.7291582192084181
2025-12,머스탱,IMPORTED,2020.0,93,0.0,0.0,0.0,0.0,,0.0,0.0,4563537.149502579,0.0
2025-12,머스탱,IMPORTED,2021.0,93,0.0,0.0,0.0,0.0,,0.0,0.0,4563537.149502579,0.0
2025-12,머스탱,IMPORTED,2023.0,124,13.229166666666666,1268540.0,5.0,3.0,253708.0,0.1066868279569892,10230.16129032258,4563537.149502579,0.2779729754447752
2025-12,머스탱,IMPORTED,2024.0,248,24.21527777777778,3294997.149502579,15.0,13.0,237431.0,0.0976422491039426,13286.278828639432,4563537.149502579,0.7220270245552247
2025-12,모닝,URBAN,2022.0,465,110.73958333333331,3233438.5226993007,44.0,37.0,79377.84090909091,0.2381496415770609,6953.631231611399,3233438.5226993007,1.0
2025-12,미니,IMPORTED,2022.0,186,9.895833333333334,741615.0,5.0,3.0,148323.0,0.0532034050179211,3987.1774193548385,8078983.201825733,0.0917955863347265
2025-12,미니,IMPORTED,2024.0,124,17.041666666666668,1606529.7297297297,9.0,7.0,175466.66666666666,0.1374327956989247,12955.88491717524,8078983.201825733,0.198852960774405
2025-12,미니,IMPORTED,2025.0,341,63.77430555555556,5730838.472096004,34.0,30.0,185164.26470588235,0.1870214239165852,16805.9779240352,8078983.201825733,0.7093514528908684
2025-12,베뉴,SUV,2022.0,62,8.625,389983.1010324483,5.0,4.0,65701.0,0.1391129032258064,6290.0500166523925,389983.1010324483,1.0
2025-12,베리뉴티볼리,SUV,2020.0,124,12.67361111111111,620330.0,8.0,7.0,77541.25,0.102206541218638,5002.6612903225805,620330.0,1.0
2025-12,벤츠,IMPORTED,2020.0,124,3.9166666666666665,289086.6666666666,2.0,2.0,129960.0,0.0315860215053763,2331.344086021505,10339857.00928382,0.0279584781885383
2025-12,벤츠,IMPORTED,2021.0,62,17.020833333333332,1883274.423076923,8.0,6.0,255160.625,0.2745295698924731,30375.393920595532,10339857.00928382,0.1821373759217359
2025-12,벤츠,IMPORTED,2024.0,124,25.458333333333332,4239435.91954023,14.0,12.0,304234.28571428574,0.2053091397849462,34188.999351130886,10339857.00928382,0.4100091438144433
2025-12,벤츠,SUPERCAR,2021.0,31,6.222222222222222,3928060.0,3.0,3.0,1309353.3333333333,0.2007168458781362,126711.6129032258,10339857.00928382,0.3798950020752824
2025-12,볼보 XC40,IMPORTED,2022.0,62,2.4166666666666665,290350.0,2.0,1.0,178045.0,0.0389784946236559,4683.064516129032,290350.0,1.0
2025-12,셀토스,SUV,2020.0,124,7.3125,211996.5396941672,3.0,3.0,151620.0,0.0589717741935483,1709.6495136626388,211996.5396941672,1.0
2025-12,스타리아,RV,2022.0,496,0.0,0.0,0.0,0.0,,0.0,0.0,10549948.482278496,0.0
2025-12,스타리아,RV,2023.0,310,27.70138888888889,2218731.5532591413,13.0,12.0,214399.61538461535,0.0893593189964157,7157.198558900455,10549948.482278496,0.2103073353378079
2025-12,스타리아,RV,2024.0,465,93.17152777777778,8331216.929019355,36.0,30.0,234308.75,0.2003688769414576,17916.595546278182,10549948.482278496,0.7896926646621921
2025-12,스포티지,SUV,2022.0,558,9.069444444444445,426312.0720720721,3.0,3.0,139776.66666666666,0.0162534846674631,764.0001291614195,13376495.393817073,0.0318702365246672
2025-12,스포티지,SUV,2025.0,403,169.1625,12450008.321745,71.0,65.0,189824.15492957743,0.419758064516129,30893.32089763027,13376495.393817073,0.9307376824201417
2025-12,스포티지,SUV,2026.0,10,2.9791666666666665,500175.0,1.0,1.0,500175.0,0.2979166666666666,50017.5,13376495.393817073,0.0373920810551912
2025-12,싼타페,SUV,2024.0,620,203.44791666666663,14309664.165212484,88.0,77.0,182332.7840909091,0.3281418010752688,23080.1034922782,14309664.165212484,1.0
2025-12,쏘나타,MIDSIZE,2020.0,651,152.70625,4995423.450787902,60.0,51.0,77469.33333333333,0.2345718125960061,7673.461521947622,23934356.47939592,0.2087135058378633
2025-12,쏘나타,MIDSIZE,2021.0,310,87.85069444444444,3349456.184612934,28.0,23.0,118100.89285714286,0.2833893369175627,10804.697369719142,23934356.47939592,0.1399434401963696
2025-12,쏘나타,MIDSIZE,2024.0,620,290.31875,15589476.84399508,126.0,102.0,132531.11111111112,0.4682560483870968,25144.317490314646,23934356.47939592,0.651343053965767
2025-12,쏘렌토,SUV,2021.0,93,12.36111111111111,1220010.3822937626,6.0,5.0,221305.83333333337,0.1329151732377538,13118.391207459814,19093449.038910083,0.0638968045955203
2025-12,쏘렌토,SUV,2022.0,93,15.25,1002175.0,5.0,3.0,200435.0,0.1639784946236559,10776.075268817203,19093449.038910083,0.0524878977055267
2025-12,쏘렌토,SUV,2023.0,217,44.423611111111114,3122949.5053882287,21.0,19.0,160006.42857142858,0.2047171018945212,14391.47237506096,19093449.038910083,0.1635613083327189
2025-12,쏘렌토,SUV,2024.0,682,204.5013888888889,13748314.15122809,82.0,65.0,184812.25609756095,0.2998554089279895,20158.81840356025,19093449.038910083,0.7200539893662339
2025-12,쏠라티,RV,2019.0,93,3.5208333333333335,593520.0,2.0,2.0,296760.0,0.0378584229390681,6381.935483870968,6795768.854166666,0.0873366962203396
2025-12,쏠라티,RV,2023.0,124,0.0,0.0,0.0,0.0,,0.0,0.0,6795768.854166666,0.0
2025-12,쏠라티,RV,2024.0,31,3.6875,538200.0,1.0,0.0,538200.0,0.1189516129032258,17361.290322580644,6795768.854166666,0.0791963369486905
2025-12,쏠라티,RV,2025.0,124,20.916666666666668,4837248.854166666,9.0,8.0,546168.3333333334,0.1686827956989247,39010.07140456989,6795768.854166666,0.711803028909793
2025-12,쏠라티,RV,2026.0,16,4.131944444444445,826800.0,2.0,0.0,413400.0,0.2582465277777778,51675.0,6795768.854166666,0.1216639379211767
2025-12,아반떼,COMPACT,2020.0,155,10.5625,468050.0,4.0,4.0,117012.5,0.0681451612903225,3019.6774193548385,20206555.8127706,0.0231632745499453
2025-12,아반떼,COMPACT,2021.0,465,85.13888888888889,3341312.657044145,38.0,34.0,95070.26315789472,0.1830943847072879,7185.618617299237,20206555.8127706,0.1653578515806452
2025-12,아반떼,COMPACT,2024.0,496,133.11111111111111,6299385.179823203,58.0,46.0,116375.25862068964,0.2683691756272401,12700.373346417748,20206555.8127706,0.3117495746524984
2025-12,아반떼,COMPACT,2025.0,465,180.0,10097807.975903248,87.0,73.0,123877.64367816092,0.3870967741935484,21715.716077211287,20206555.8127706,0.4997292992169109
2025-12,아우디A5 카브리올레,IMPORTED,2021.0,31,0.0,0.0,0.0,0.0,,0.0,0.0,0.0,
2025-12,아이오닉,EV,2021.0,310,44.88194444444444,2411955.5506697935,24.0,22.0,139581.66666666666,0.1447804659498207,7780.501776354173,2411955.5506697935,1.0
2025-12,카니발,RV,2018.0,248,15.270833333333334,1146790.0,5.0,5.0,229358.0,0.061575940860215,4624.153225806452,49800997.007946074,0.0230274506315008
2025-12,카니발,RV,2019.0,279,7.25,526437.5138121548,3.0,3.0,239590.0,0.0259856630824372,1886.8728093625616,49800997.007946074,0.0105708227834908
2025-12,카니발,RV,2021.0,155,5.9215277777777775,433776.535009274,4.0,2.0,194400.0,0.0382034050179211,2798.558290382413,49800997.007946074,0.0087101978086917
2025-12,카니발,RV,2023.0,1116,136.67430555555555,7473282.354324032,47.0,45.0,187783.085106383,0.1224680157307845,6696.48956480648,49800997.007946074,0.1500629064340141
2025-12,카니발,RV,2024.0,837,184.72291666666663,16393828.450351777,76.0,66.0,242153.09210526315,0.2206964356829948,19586.413919177747,49800997.007946074,0.3291867519788014
2025-12,카니발,RV,2025.0,682,198.36458333333337,18893914.677654173,84.0,69.0,244026.90476190476,0.2908571603128055,27703.687210636617,49800997.007946074,0.3793882816169228
2025-12,카니발,RV,2026.0,64,33.17708333333333,4932967.476794667,16.0,16.0,406991.5625,0.5183919270833333,77077.61682491667,49800997.007946074,0.0990535887465783
2025-12,캐스퍼,URBAN,2022.0,310,101.19444444444444,2973349.7331904136,40.0,32.0,69512.75,0.3264336917562724,9591.45075222714,2973349.7331904136,1.0
2025-12,코나,EV,2020.0,1085,170.90277777777777,6357350.175554253,67.0,64.0,94057.76119402984,0.1575140809011776,5859.308917561523,9458812.88099961,0.6721086732061885
2025-12,코나,SUV,2024.0,155,66.36805555555556,3101462.7054453567,29.0,23.0,119035.68965517242,0.4281810035842294,20009.43680932488,9458812.88099961,0.3278913267938115
2025-12,테슬라 모델3,IMPORTED,2020.0,155,21.541666666666668,1581363.7704918033,16.0,14.0,113833.75,0.1389784946236559,10202.34690639873,1581363.7704918033,1.0
2025-12,투싼,SUV,2021.0,217,26.9625,1172329.08004158,8.0,5.0,138994.375,0.1242511520737327,5402.438156873641,25878388.697799847,0.0453014711901769
2025-12,투싼,SUV,2023.0,217,65.41111111111111,3086559.6336996336,19.0,14.0,151597.63157894736,0.3014336917562724,14223.777113823196,25878388.697799847,0.1192717085187784
2025-12,투싼,SUV,2024.0,155,46.875,2794094.7393869436,21.0,21.0,153279.52380952382,0.3024193548387097,18026.41767346415,25878388.697799847,0.1079701975271936
2025-12,투싼,SUV,2025.0,496,259.93055555555554,17034836.031243272,124.0,104.0,149989.83870967742,0.5240535394265232,34344.42748234531,25878388.697799847,0.6582649418466906
2025-12,투싼,SUV,2026.0,36,14.520833333333332,1790569.2134284156,8.0,7.0,335831.25,0.4033564814814814,49738.033706344875,25878388.697799847,0.0691916809171603
2025-12,팰리세이드,SUV,2023.0,403,0.0,0.0,0.0,0.0,,0.0,0.0,11526940.387360524,0.0
2025-12,팰리세이드,SUV,2025.0,310,111.75069444444443,11526940.387360524,49.0,40.0,250732.3469387755,0.3604861111111111,37183.67866890492,11526940.387360524,1.0
2025-12,포르쉐,SUPERCAR,2022.0,31,2.4375,1094115.0,3.0,3.0,364705.0,0.0786290322580645,35294.032258064515,1094115.0,1.0
2025-12,포르쉐,SUPERCAR,2025.0,31,0.0,0.0,0.0,0.0,,0.0,0.0,1094115.0,0.0
2026-01,BMW 420i,IMPORTED,2022.0,124,0.0,0.0,0.0,0.0,,0.0,0.0,3841841.064957096,0.0
2026-01,BMW 420i,IMPORTED,2024.0,155,3.3555555555555556,407124.01592561905,2.0,1.0,81587.5,0.0216487455197132,2626.6065543588325,3841841.064957096,0.1059710719527554
2026-01,BMW 420i,IMPORTED,2026.0,155,27.72222222222222,3434717.049031477,12.0,10.0,223655.83333333337,0.178853046594982,22159.46483246114,3841841.064957096,0.8940289280472445
2026-01,BMW X6 xdrive30d M sport,SUPERCAR,2026.0,31,0.0,0.0,0.0,0.0,,0.0,0.0,0.0,
2026-01,BMW X7 xdrive40i 하이브리드,SUPERCAR,2025.0,31,2.3958333333333335,913800.0,1.0,0.0,913800.0,0.0772849462365591,29477.41935483871,913800.0,1.0
2026-01,BMW Z4 로드스터,IMPORTED,2021.0,62,0.4999999999999999,64400.0,1.0,0.0,64400.0,0.0080645161290322,1038.7096774193549,64400.0,1.0
2026-01,EV3,EV,2025.0,341,51.78402777777778,3170234.1709667486,23.0,20.0,106965.8695652174,0.1518593189964157,9296.874401662018,3170234.1709667486,1.0
2026-01,EV6,EV,2022.0,651,177.20069444444445,7404157.382651755,68.0,57.0,92163.5294117647,0.272197687318655,11373.513644626351,7404157.382651755,1.0
2026-01,G80,LUXURY,2021.0,93,10.041666666666666,700270.0,5.0,4.0,140054.0,0.1079749103942652,7529.784946236559,7082279.637132192,0.0988763556198069
2026-01,G80,LUXURY,2024.0,93,10.3125,838514.4444444444,7.0,5.0,133397.14285714287,0.1108870967741935,9016.284348864994,7082279.637132192,0.1183961220689644
2026-01,G80,LUXURY,2025.0,155,66.08333333333333,5543495.192687747,29.0,26.0,191850.1724137931,0.4263440860215053,35764.4851141145,7082279.637132192,0.7827275223112284
2026-01,GV70,SUV,2021.0,124,1.8958333333333333,125370.0,1.0,1.0,125370.0,0.0152889784946236,1011.048387096774,6419721.880094536,0.019528883391153
2026-01,GV70,SUV,2023.0,155,5.375,426145.0,2.0,1.0,119132.5,0.0346774193548387,2749.3225806451615,6419721.880094536,0.0663806015212803
2026-01,GV70,SUV,2025.0,155,57.88333333333333,5868206.880094536,23.0,19.0,254265.65217391303,0.3734408602150537,37859.39922641636,6419721.880094536,0.9140905150875668
2026-01,GV80,SUV,2021.0,93,12.229166666666666,971984.471830986,4.0,4.0,170002.5,0.1314964157706093,10451.445933666517,8826653.02585755,0.1101192568670788
2026-01,GV80,SUV,2023.0,124,10.26388888888889,987543.8192771084,6.0,4.0,165529.16666666666,0.0827732974910394,7964.063058686358,8826653.02585755,0.1118820255406113
2026-01,GV80,SUV,2025.0,217,59.92361111111111,6867124.734749455,25.0,23.0,260990.6,0.2761456733230926,31645.7361048362,8826653.02585755,0.7779987175923099
2026-01,K3,COMPACT,2019.0,310,8.25,161565.0,3.0,2.0,53855.0,0.0266129032258064,521.1774193548387,12192706.897549575,0.0132509541447658
2026-01,K3,COMPACT,2020.0,310,30.03472222222222,942612.971166494,12.0,10.0,57401.25,0.0968862007168458,3040.6870037628837,12192706.897549575,0.077309573590745
2026-01,K3,COMPACT,2021.0,310,39.52986111111111,1037551.5931140932,14.0,12.0,60717.142857142855,0.1275156810035842,3346.940622948687,12192706.897549575,0.0850960825870926
2026-01,K3,COMPACT,2022.0,651,191.91666666666663,6387859.2265901,75.0,58.0,75289.93333333333,0.2948028673835125,9812.379764347312,12192706.897549575,0.5239082084285892
2026-01,K3,COMPACT,2024.0,310,105.87638888888888,3663118.106678888,50.0,42.0,65992.4,0.3415367383512545,11816.510021544798,12192706.897549575,0.3004351812488071
2026-01,K5,MIDSIZE,2020.0,713,75.17361111111111,2518359.705882353,29.0,17.0,87131.89655172414,0.1054328346579398,3532.061298572725,11766203.7796899,0.214033324004586
2026-01,K5,MIDSIZE,2021.0,310,13.92361111111111,393140.0,7.0,6.0,56162.857142857145,0.0449148745519713,1268.1935483870968,11766203.7796899,0.0334126458593734
2026-01,K5,MIDSIZE,2022.0,527,37.23194444444445,1160059.169810764,17.0,10.0,66241.4705882353,0.0706488509382247,2201.250796604865,11766203.7796899,0.0985924765142337
2026-01,K5,MIDSIZE,2024.0,558,181.4375,7694644.903996782,89.0,67.0,78027.75280898876,0.3251568100358423,13789.686207879538,11766203.7796899,0.6539615536218069
2026-01,K8,LUXURY,2023.0,93,23.5,1237889.587628866,10.0,7.0,127207.0,0.2526881720430107,13310.640727192109,1237889.587628866,1.0
2026-01,QM6,SUV,2020.0,124,0.0,0.0,0.0,0.0,,0.0,0.0,795672.0994475138,0.0
2026-01,QM6,SUV,2021.0,93,22.868055555555557,795672.0994475138,7.0,5.0,87353.57142857143,0.2458930704898447,8555.613972553912,795672.0994475138,1.0
2026-01,SM6,MIDSIZE,2020.0,62,5.083333333333333,145622.1568627451,2.0,1.0,76252.5,0.0819892473118279,2348.7444655281465,145622.1568627451,1.0
2026-01,XM3,SUV,2022.0,62,9.604166666666666,342834.8961038961,2.0,1.0,102652.5,0.1549059139784946,5529.595098449937,342834.8961038961,1.0
2026-01,니로 하이브리드,SUV,2022.0,248,16.36111111111111,571908.282051282,7.0,7.0,70992.14285714286,0.0659722222222222,2306.0817824648466,571908.282051282,1.0
2026-01,더 K8,LUXURY,2026.0,20,6.364583333333334,322033.80220847286,2.0,2.0,216125.0,0.3182291666666667,16101.690110423642,322033.80220847286,1.0
2026-01,더 뉴 그랜저,LUXURY,2020.0,217,24.21527777777778,1455117.5638929494,11.0,6.0,107700.90909090907,0.1115911418330773,6705.610893515895,1455117.5638929494,1.0
2026-01,더 뉴 셀토스,SUV,2024.0,341,90.75694444444444,3237350.942014139,39.0,32.0,80456.02564102564,0.2661493971977843,9493.697777167565,3237350.942014139,1.0
2026-01,더뉴그랜드스타렉스12인,RV,2019.0,62,9.13888888888889,363355.3968253968,3.0,2.0,126476.66666666669,0.1474014336917563,5860.570916538658,363355.3968253968,1.0
2026-01,더뉴그랜저 하이브리드,LUXURY,2024.0,155,35.47569444444444,2665917.8032786883,20.0,13.0,117179.0,0.2288754480286738,17199.469698572182,2665917.8032786883,1.0
2026-01,디올뉴 그랜저,LUXURY,2023.0,155,16.40277777777778,754635.0,7.0,7.0,107805.0,0.1058243727598566,4868.612903225807,754635.0,1.0
2026-01,랭글러,IMPORTED,2023.0,124,14.189583333333331,1496072.7272727273,8.0,4.0,170754.375,0.1144321236559139,12065.102639296188,1496072.7272727273,1.0
2026-01,레이,SUV,2022.0,248,48.30763888888889,1617892.2913568434,17.0,16.0,76342.35294117648,0.1947888664874552,6523.759239342111,10668023.096512755,0.1516581166650935
2026-01,레이,URBAN,2024.0,155,29.82638888888889,719808.8712200208,13.0,12.0,48535.769230769234,0.1924283154121863,4643.928201419489,10668023.096512755,0.0674735013889609
2026-01,레이,URBAN,2025.0,620,239.19861111111112,6870566.5712649375,106.0,87.0,62226.27358490566,0.3858042114695341,11081.55898591119,10668023.096512755,0.6440337173164576
2026-01,레이,URBAN,2026.0,119,45.671527777777776,1459755.3626709536,27.0,20.0,59503.88888888889,0.3837943510737628,12266.85178715087,10668023.096512755,0.1368346646294878
2026-01,머스탱,IMPORTED,2020.0,93,0.0,0.0,0.0,0.0,,0.0,0.0,2529634.150353691,0.0
2026-01,머스탱,IMPORTED,2021.0,93,0.0,0.0,0.0,0.0,,0.0,0.0,2529634.150353691,0.0
2026-01,머스탱,IMPORTED,2023.0,124,8.604166666666666,655405.0,4.0,4.0,163851.25,0.069388440860215,5285.524193548387,2529634.150353691,0.2590908254098174
2026-01,머스탱,IMPORTED,2024.0,248,17.556944444444444,1874229.150353691,8.0,6.0,202511.875,0.0707941308243727,7557.375606264884,2529634.150353691,0.7409091745901826
2026-01,모닝,URBAN,2022.0,465,72.18472222222222,1941166.5633484304,32.0,29.0,49672.96875,0.1552359617682198,4174.55174913641,1941166.5633484304,1.0
2026-01,미니,IMPORTED,2022.0,186,11.71527777777778,652719.8529411764,5.0,5.0,136857.0,0.0629853643966547,3509.2465211891204,3881346.04988856,0.1681684252193687
2026-01,미니,IMPORTED,2024.0,124,5.041666666666667,270370.0,3.0,3.0,90123.33333333331,0.0406586021505376,2180.4032258064517,3881346.04988856,0.0696588236464416
2026-01,미니,IMPORTED,2025.0,341,39.78472222222222,2958256.196947383,19.0,17.0,128076.57894736844,0.1166707396546106,8675.2381142152,3881346.04988856,0.7621727511341897
2026-01,베뉴,SUV,2022.0,62,13.270833333333334,571015.0,6.0,5.0,95169.16666666669,0.2140456989247312,9209.91935483871,571015.0,1.0
2026-01,베리뉴티볼리,SUV,2020.0,124,2.8125,128440.0,2.0,2.0,64220.0,0.0226814516129032,1035.8064516129032,128440.0,1.0
2026-01,벤츠,IMPORTED,2020.0,124,2.75,191615.0,2.0,2.0,95807.5,0.0221774193548387,1545.282258064516,4866664.272767462,0.0393729645729264
2026-01,벤츠,IMPORTED,2021.0,62,7.645833333333333,641910.5769230769,3.0,3.0,161300.0,0.1233198924731182,10353.39640198511,4866664.272767462,0.1318994984953112
2026-01,벤츠,IMPORTED,2024.0,124,12.069444444444445,1305498.6958443855,8.0,5.0,163621.875,0.097334229390681,10528.215289067626,4866664.272767462,0.2682532886333671
2026-01,벤츠,SUPERCAR,2021.0,31,6.118055555555555,2727640.0,4.0,4.0,681910.0,0.1973566308243727,87988.3870967742,4866664.272767462,0.5604742482983953
2026-01,볼보 XC40,IMPORTED,2022.0,62,7.854166666666667,597550.0,2.0,2.0,265905.0,0.1266801075268817,9637.90322580645,597550.0,1.0
2026-01,셀토스,SUV,2020.0,124,2.8958333333333335,253244.35582822084,0.0,0.0,,0.0233534946236559,2042.2931921630711,253244.35582822084,1.0
2026-01,스타리아,RV,2022.0,496,0.0,0.0,0.0,0.0,,0.0,0.0,12769492.488007529,0.0
2026-01,스타리아,RV,2023.0,310,48.708333333333336,3114323.4467408587,16.0,10.0,159116.25,0.1571236559139785,10046.204666905996,12769492.488007529,0.2438878013096978
2026-01,스타리아,RV,2024.0,465,128.93055555555554,9655169.041266669,56.0,40.0,170796.69642857142,0.2772700119474313,20763.80438982079,12769492.488007529,0.7561121986903022
2026-01,스포티지,SUV,2022.0,558,10.375,581922.9279279279,4.0,4.0,138486.25,0.0185931899641577,1042.8726306952117,12179387.5976207,0.0477793257882366
2026-01,스포티지,SUV,2025.0,403,180.07986111111111,10448469.669692772,73.0,63.0,129101.71232876711,0.4468482905982906,25926.72374613591,12179387.5976207,0.857881366033045
2026-01,스포티지,SUV,2026.0,31,18.065277777777776,1148995.0,10.0,6.0,114899.5,0.5827508960573476,37064.354838709674,12179387.5976207,0.0943393081787184
2026-01,싼타페,SUV,2024.0,620,194.10069444444449,11464210.843246013,72.0,65.0,135898.54166666666,0.3130656362007168,18490.662650396793,11464210.843246013,1.0
2026-01,쏘나타,MIDSIZE,2020.0,651,63.614583333333336,1946608.636363636,29.0,23.0,68850.5172413793,0.0977182539682539,2990.182237117721,14694438.137021525,0.1324724782405462
2026-01,쏘나타,MIDSIZE,2021.0,310,37.854166666666664,1179450.0,14.0,12.0,84246.42857142857,0.1221102150537634,3804.6774193548385,14694438.137021525,0.0802650628082515
2026-01,쏘나타,MIDSIZE,2024.0,620,285.9125,11568379.500657886,131.0,105.0,81671.48854961833,0.4611491935483871,18658.676613964333,14694438.137021525,0.7872624589512022
2026-01,쏘렌토,SUV,2021.0,93,13.583333333333334,603039.6177062375,4.0,3.0,123803.75,0.1460573476702509,6484.296964583199,16490058.6720726,0.0365698891494873
2026-01,쏘렌토,SUV,2022.0,93,21.694444444444443,896107.4427480916,7.0,5.0,129546.42857142857,0.2332735961768219,9635.563900517114,16490058.6720726,0.0543422834671734
2026-01,쏘렌토,SUV,2023.0,217,52.77777777777778,2626342.668524815,18.0,14.0,132883.61111111112,0.2432155657962109,12102.961606105137,16490058.6720726,0.1592682428093941
2026-01,쏘렌토,SUV,2024.0,682,214.55208333333337,12364568.943093456,71.0,59.0,152248.0985915493,0.3145924975562073,18129.866485474275,16490058.6720726,0.749819584573945
2026-01,쏠라티,RV,2019.0,93,1.8333333333333337,294900.0,1.0,0.0,294900.0,0.0197132616487455,3170.967741935484,3535101.145833333,0.0834205268348787
2026-01,쏠라티,RV,2023.0,124,4.875,894900.0,2.0,2.0,447450.0,0.0393145161290322,7216.935483870968,3535101.145833333,0.253146929347348
2026-01,쏠라티,RV,2024.0,31,4.166666666666667,1119625.0,2.0,1.0,559812.5,0.1344086021505376,36116.93548387097,3535101.145833333,0.3167165390217059
2026-01,쏠라티,RV,2025.0,124,4.375,874366.1458333333,3.0,2.0,265366.6666666667,0.0352822580645161,7051.339885752687,3535101.145833333,0.2473383673516413
2026-01,쏠라티,RV,2026.0,31,1.2916666666666667,351310.0,1.0,1.0,351310.0,0.0416666666666666,11332.58064516129,3535101.145833333,0.099377637444426
2026-01,아반떼,COMPACT,2020.0,155,18.916666666666668,469695.0,8.0,7.0,58711.875,0.1220430107526881,3030.290322580646,16598715.21566676,0.0282970696163686
2026-01,아반떼,COMPACT,2021.0,465,85.48333333333333,2369895.3714803793,30.0,25.0,66447.33333333333,0.1838351254480286,5096.54918597931,16598715.21566676,0.1427758317850736
2026-01,아반떼,COMPACT,2024.0,496,178.41944444444445,5886962.826025309,79.0,61.0,68639.17721518988,0.3597166218637993,11868.876665373607,16598715.21566676,0.354663764606846
2026-01,아반떼,COMPACT,2025.0,465,188.66041666666663,7872162.018161071,74.0,63.0,92847.22972972972,0.4057213261648745,16929.380684217358,16598715.21566676,0.4742633339917117
2026-01,아우디A5 카브리올레,IMPORTED,2021.0,31,0.0,0.0,0.0,0.0,,0.0,0.0,0.0,
2026-01,아이오닉,EV,2021.0,310,62.208333333333336,2689947.684624324,25.0,22.0,71898.8,0.2006720430107527,8677.250595562336,2689947.684624324,1.0
2026-01,카니발,RV,2018.0,248,15.0,647140.0,6.0,6.0,107856.66666666669,0.0604838709677419,2609.435483870968,48899452.157308474,0.013234095096161
2026-01,카니발,RV,2019.0,279,10.375,589968.2004735597,3.0,3.0,150476.66666666666,0.0371863799283154,2114.581363704515,48899452.157308474,0.0120649245430326
2026-01,카니발,RV,2021.0,155,22.291666666666668,1675368.5691573927,7.0,6.0,188525.7142857143,0.1438172043010752,10808.82947843479,48899452.157308474,0.0342614997764753
2026-01,카니발,RV,2023.0,1116,116.8402777777778,7457405.176319762,38.0,34.0,159432.36842105264,0.1046955894066109,6682.262702795486,48899452.157308474,0.1525048819019373
2026-01,카니발,RV,2024.0,837,182.07638888888889,13667703.266735869,64.0,53.0,180227.65625,0.2175345148015398,16329.39458391382,48899452.157308474,0.2795062656891771
2026-01,카니발,RV,2025.0,682,213.71180555555551,16987875.733817022,80.0,68.0,189668.875,0.3133604187031606,24908.90870061147,48899452.157308474,0.3474042138379668
2026-01,카니발,RV,2026.0,248,92.1263888888889,7873991.210804869,35.0,28.0,188573.7142857143,0.3714773745519714,31749.964559697055,48899452.157308474,0.1610241191552496
2026-01,캐스퍼,URBAN,2022.0,310,79.93194444444444,2394482.016740892,36.0,30.0,69486.25,0.257844982078853,7724.135537873845,2394482.016740892,1.0
2026-01,코나,EV,2020.0,1085,95.47916666666669,2916861.621901016,36.0,32.0,81472.91666666667,0.0879992319508448,2688.351725254393,4754903.16815634,0.6134429069839494
2026-01,코나,SUV,2024.0,155,49.6375,1838041.546255323,20.0,17.0,78013.0,0.320241935483871,11858.332556485955,4754903.16815634,0.3865570930160504
2026-01,테슬라 모델3,IMPORTED,2020.0,155,25.270833333333332,1546265.2038671712,11.0,7.0,121496.36363636365,0.1630376344086021,9975.904541078524,1546265.2038671712,1.0
2026-01,투싼,SUV,2021.0,217,37.59027777777778,1131906.7401586368,15.0,12.0,74660.33333333333,0.1732270865335381,5216.160092896944,20509286.679116417,0.0551899613998375
2026-01,투싼,SUV,2023.0,217,26.72222222222222,1014130.4861111112,12.0,11.0,94700.83333333331,0.1231438812083973,4673.412378392217,20509286.679116417,0.0494473797152462
2026-01,투싼,SUV,2024.0,155,48.53472222222222,2582008.5263725044,18.0,14.0,123343.33333333331,0.3131272401433692,16658.1195249839,20509286.679116417,0.1258946040771683
2026-01,투싼,SUV,2025.0,496,221.45486111111111,12208427.89852327,84.0,70.0,125318.98809523808,0.4464815748207885,24613.765924442076,20509286.679116417,0.5952634086954619
2026-01,투싼,SUV,2026.0,124,60.34513888888889,3572813.027950895,25.0,18.0,107474.6,0.4866543458781362,28813.008289926573,20509286.679116417,0.1742046461122859
2026-01,팰리세이드,SUV,2023.0,403,0.0,0.0,0.0,0.0,,0.0,0.0,13174862.196368009,0.0
2026-01,팰리세이드,SUV,2025.0,310,131.78472222222223,9811606.257997166,54.0,44.0,167824.16666666666,0.4251120071684588,31650.342767732796,13174862.196368009,0.7447217368772168
2026-01,팰리세이드,SUV,2026.0,256,59.39375,3363255.9383708425,31.0,30.0,118016.7741935484,0.2320068359375,13137.718509261103,13174862.196368009,0.2552782631227832
2026-01,포르쉐,SUPERCAR,2022.0,31,3.833333333333333,1369425.0,2.0,1.0,684712.5,0.1236559139784946,44175.0,2708025.0,0.5056914171767247
2026-01,포르쉐,SUPERCAR,2025.0,31,3.6041666666666665,1338600.0,2.0,0.0,669300.0,0.116263440860215,43180.645161290326,2708025.0,0.4943085828232753
2026-02,BMW 420i,IMPORTED,2022.0,112,0.0,0.0,0.0,0.0,,0.0,0.0,5225315.446058495,0.0
2026-02,BMW 420i,IMPORTED,2024.0,140,11.166666666666666,1019107.323943662,7.0,5.0,143049.2857142857,0.0797619047619047,7279.338028169014,5225315.446058495,0.1950326893111083
2026-02,BMW 420i,IMPORTED,2026.0,156,39.43055555555556,4206208.1221148325,23.0,18.0,205121.7391304348,0.2527599715099715,26962.872577659185,5225315.446058495,0.8049673106888916
2026-02,BMW 520i M스포츠,IMPORTED,2026.0,64,11.229166666666666,1251285.289017341,7.0,6.0,208805.7142857143,0.1754557291666666,19551.332640895955,1251285.289017341,1.0
2026-02,BMW X6 xdrive30d M sport,SUPERCAR,2026.0,28,0.0,0.0,0.0,0.0,,0.0,0.0,0.0,
2026-02,BMW X7 xdrive40i 하이브리드,SUPERCAR,2025.0,28,4.736111111111111,2007795.0,2.0,1.0,1003897.5,0.1691468253968253,71706.96428571429,2007795.0,1.0
2026-02,BMW Z4 로드스터,IMPORTED,2021.0,56,6.229166666666666,576435.0,6.0,4.0,96072.5,0.111235119047619,10293.482142857143,576435.0,1.0
2026-02,EV3,EV,2025.0,308,53.5,2631001.09676751,27.0,24.0,101070.18518518518,0.1737012987012987,8542.211353141263,2631001.09676751,1.0
2026-02,EV6,EV,2022.0,588,114.17361111111111,5036282.932715207,48.0,41.0,101164.58333333331,0.1941728080120937,8565.107028427223,5036282.932715207,1.0
2026-02,G80,LUXURY,2021.0,84,9.9375,1022010.0,5.0,5.0,204402.0,0.1183035714285714,12166.785714285714,9329307.493302591,0.1095483240030077
2026-02,G80,LUXURY,2024.0,84,14.666666666666666,1720550.5555555555,9.0,6.0,180587.22222222225,0.1746031746031746,20482.74470899471,9329307.493302591,0.1844242519383909
2026-02,G80,LUXURY,2025.0,140,74.0625,6586746.937747035,24.0,21.0,278296.6666666667,0.5290178571428571,47048.19241247882,9329307.493302591,0.7060274240586013
2026-02,GV70,SUV,2021.0,112,15.520833333333334,1816345.0,5.0,4.0,363269.0,0.138578869047619,16217.366071428574,6006990.793396334,0.3023718634622784
2026-02,GV70,SUV,2023.0,140,9.541666666666666,590735.6964512423,5.0,3.0,163304.0,0.0681547619047619,4219.540688937445,6006990.793396334,0.0983413687100462
2026-02,GV70,SUV,2025.0,140,39.923611111111114,3599910.0969450916,15.0,10.0,215805.33333333337,0.2851686507936508,25713.643549607797,6006990.793396334,0.5992867678276752
2026-02,GV80,SUV,2021.0,84,0.3333333333333333,67925.0,1.0,1.0,67925.0,0.0039682539682539,808.6309523809524,6809965.895841669,0.0099743524474148
2026-02,GV80,SUV,2023.0,112,16.42361111111111,1159671.568348791,6.0,5.0,222701.66666666663,0.1466393849206349,10354.210431685631,6809965.895841669,0.1702903635768447
2026-02,GV80,SUV,2025.0,196,60.50694444444444,5582369.327492878,25.0,21.0,226953.4,0.3087089002267573,28481.476160677947,6809965.895841669,0.8197352839757404
2026-02,K3,COMPACT,2019.0,280,14.729166666666666,454941.4772727273,5.0,4.0,99898.0,0.0526041666666666,1624.7909902597405,8303190.257695855,0.0547911661847158
2026-02,K3,COMPACT,2020.0,280,20.65972222222222,446018.8869416141,4.0,4.0,100486.25,0.0737847222222222,1592.9245962200505,8303190.257695855,0.0537165683428991
2026-02,K3,COMPACT,2021.0,280,23.63888888888889,866805.0,9.0,9.0,96311.66666666669,0.0844246031746031,3095.7321428571427,8303190.257695855,0.1043942115136525
2026-02,K3,COMPACT,2022.0,588,100.44444444444444,2853080.4214252294,34.0,25.0,80906.61764705883,0.1708238851095994,4852.177587457873,8303190.257695855,0.3436125552802836
2026-02,K3,COMPACT,2024.0,280,90.04861111111111,3682344.472056284,43.0,35.0,85229.18604651163,0.3216021825396825,13151.230257343872,8303190.257695855,0.4434854986784488
2026-02,K5,MIDSIZE,2020.0,644,26.0,795885.294117647,10.0,7.0,78742.0,0.0403726708074534,1235.8467299963463,14418715.303718489,0.0551980725989085
2026-02,K5,MIDSIZE,2021.0,280,0.0,0.0,0.0,0.0,,0.0,0.0,14418715.303718489,0.0
2026-02,K5,MIDSIZE,2022.0,476,33.854166666666664,1025291.7539004574,13.0,7.0,77916.53846153847,0.0711221988795518,2153.9742729001205,14418715.303718489,0.0711083985156459
2026-02,K5,MIDSIZE,2024.0,504,173.86319444444445,6927105.787199652,75.0,54.0,93448.33333333331,0.3449666556437389,13744.257514285024,14418715.303718489,0.480424617678192
2026-02,K5,MIDSIZE,2026.0,468,140.07777777777778,5670432.468500732,65.0,53.0,93555.3846153846,0.2993114909781577,12116.308693377634,14418715.303718489,0.3932689112072534
2026-02,K8,LUXURY,2023.0,84,11.180555555555555,657570.412371134,3.0,3.0,207796.66666666663,0.1331018518518518,7828.219194894453,657570.412371134,1.0
2026-02,QM6,SUV,2020.0,112,0.0,0.0,0.0,0.0,,0.0,0.0,619340.0,0.0
2026-02,QM6,SUV,2021.0,84,19.604166666666668,619340.0,7.0,7.0,88477.14285714286,0.2333829365079365,7373.0952380952385,619340.0,1.0
2026-02,SM6,MIDSIZE,2020.0,56,8.208333333333332,218661.43288084463,3.0,2.0,71931.66666666667,0.1465773809523809,3904.6684443007975,218661.43288084463,1.0
2026-02,XM3,SUV,2022.0,56,4.506944444444445,134400.0,2.0,1.0,67200.0,0.0804811507936508,2400.0,134400.0,1.0
2026-02,그랜저 GN7,LUXURY,2026.0,107,14.104166666666666,1209781.25,8.0,6.0,153446.25,0.1318146417445483,11306.366822429907,1209781.25,1.0
2026-02,니로 하이브리드,SUV,2022.0,224,25.229166666666668,843648.4615384615,10.0,8.0,90060.5,0.1126302083333333,3766.287774725274,843648.4615384615,1.0
2026-02,더 K8,LUXURY,2026.0,112,41.927083333333336,3172756.972820039,16.0,14.0,215956.25,0.3743489583333333,28328.187257321777,3172756.972820039,1.0
2026-02,더 뉴 그랜저,LUXURY,2020.0,196,27.958333333333332,1628054.4101024373,11.0,9.0,164810.45454545456,0.1426445578231292,8306.400051543047,1628054.4101024373,1.0
2026-02,더 뉴 셀토스,SUV,2024.0,308,95.97777777777776,4602424.31714869,34.0,30.0,129187.0588235294,0.3116161616161616,14942.936094638604,4602424.31714869,1.0
2026-02,더뉴그랜드스타렉스12인,RV,2019.0,56,9.72222222222222,611585.1587301587,4.0,3.0,152912.5,0.1736111111111111,10921.163548752837,611585.1587301587,1.0
2026-02,더뉴그랜저 하이브리드,LUXURY,2024.0,140,29.645833333333332,2698901.770604473,13.0,12.0,207566.53846153847,0.2117559523809523,19277.86979003195,2698901.770604473,1.0
2026-02,디올뉴 그랜저,LUXURY,2023.0,140,20.0,1412195.0,8.0,7.0,176524.375,0.1428571428571428,10087.107142857143,1412195.0,1.0
2026-02,랭글러,IMPORTED,2023.0,112,20.583333333333332,1770537.3164179104,9.0,7.0,219483.33333333337,0.1837797619047619,15808.368896588485,1770537.3164179104,1.0
2026-02,레이,SUV,2022.0,224,18.645833333333332,745396.8016602963,7.0,6.0,104349.28571428572,0.0832403273809523,3327.6642931263227,8328989.28370896,0.0894942683043488
2026-02,레이,URBAN,2024.0,140,22.333333333333332,525812.5,9.0,8.0,67924.44444444444,0.1595238095238095,3755.803571428571,8328989.28370896,0.063130408995538
2026-02,레이,URBAN,2025.0,560,163.0625,4469023.174020693,66.0,50.0,70114.16666666667,0.2911830357142857,7980.398525036952,8328989.28370896,0.5365624833690029
2026-02,레이,URBAN,2026.0,140,74.09375,2588756.808027971,37.0,29.0,67306.8918918919,0.5292410714285715,18491.12005734265,8328989.28370896,0.3108128393311101
2026-02,머스탱,IMPORTED,2020.0,84,0.0,0.0,0.0,0.0,,0.0,0.0,4365009.804262723,0.0
2026-02,머스탱,IMPORTED,2021.0,84,0.0,0.0,0.0,0.0,,0.0,0.0,4365009.804262723,0.0
2026-02,머스탱,IMPORTED,2023.0,112,9.368055555555555,945564.4736842106,5.0,4.0,206580.0,0.0836433531746031,8442.539943609023,4365009.804262723,0.2166236769412989
2026-02,머스탱,IMPORTED,2024.0,224,33.75,3419445.3305785125,14.0,13.0,265007.85714285716,0.1506696428571428,15265.380940082645,4365009.804262723,0.7833763230587011
2026-02,모닝,URBAN,2022.0,420,51.833333333333336,1314477.1777958542,25.0,18.0,49073.6,0.1234126984126984,3129.707566180605,1314477.1777958542,1.0
2026-02,미니,IMPORTED,2022.0,168,15.34722222222222,786060.7144347101,5.0,4.0,174575.0,0.0913525132275132,4678.932824016131,6621402.6964289965,0.1187151349152411
2026-02,미니,IMPORTED,2024.0,112,10.4375,667550.0,5.0,2.0,133510.0,0.0931919642857142,5960.267857142857,6621402.6964289965,0.1008170066985984
2026-02,미니,IMPORTED,2025.0,308,73.44513888888889,5167791.981994286,31.0,26.0,177958.70967741936,0.2384582431457431,16778.545396085345,6621402.6964289965,0.7804678583861603
2026-02,베뉴,SUV,2022.0,56,5.916666666666667,190950.0,3.0,2.0,63650.0,0.1056547619047619,3409.8214285714284,190950.0,1.0
2026-02,베리뉴티볼리,SUV,2020.0,112,12.104166666666666,613415.0,5.0,3.0,122683.0,0.1080729166666666,5476.919642857143,613415.0,1.0
2026-02,벤츠,IMPORTED,2020.0,112,0.9097222222222222,46075.00000000001,1.0,1.0,46075.0,0.0081225198412698,411.3839285714286,5526415.657294756,0.0083372302876244
2026-02,벤츠,IMPORTED,2021.0,56,14.854166666666666,1059750.0,4.0,3.0,264937.5,0.2652529761904761,18924.10714285714,5526415.657294756,0.1917608203431371
2026-02,벤츠,IMPORTED,2024.0,112,22.42361111111111,2336480.657294756,12.0,7.0,210815.0,0.2002108134920635,20861.434440131747,5526415.657294756,0.4227840977199478
2026-02,벤츠,SUPERCAR,2021.0,28,4.895833333333334,2084110.0,2.0,2.0,1042055.0,0.1748511904761905,74432.50000000001,5526415.657294756,0.3771178516492905
2026-02,볼보 XC40,IMPORTED,2022.0,56,0.4999999999999999,46075.00000000001,1.0,1.0,46075.0,0.0089285714285714,822.7678571428572,46075.00000000001,1.0
2026-02,셀토스,SUV,2020.0,112,4.291666666666667,93670.0,2.0,2.0,46835.0,0.0383184523809523,836.3392857142857,93670.0,1.0
2026-02,스타리아,RV,2022.0,448,0.0,0.0,0.0,0.0,,0.0,0.0,8576245.698206918,0.0
2026-02,스타리아,RV,2023.0,280,24.916666666666668,3341972.5091429367,10.0,8.0,389447.5,0.0889880952380952,11935.616104081915,8576245.698206918,0.3896777945437898
2026-02,스타리아,RV,2024.0,420,42.0625,3898803.189063981,18.0,14.0,216854.72222222225,0.1001488095238095,9282.864735866622,8576245.698206918,0.4546048849648891
2026-02,스타리아,RV,2026.0,93,13.041666666666666,1335470.0,5.0,5.0,267094.0,0.1402329749103942,14359.89247311828,8576245.698206918,0.155717320491321
2026-02,스포티지,SUV,2022.0,504,5.284722222222222,226330.0,3.0,2.0,75443.33333333333,0.0104855599647266,449.0674603174603,13412477.794337273,0.016874585253409
2026-02,스포티지,SUV,2025.0,364,154.66319444444446,8896424.941346245,54.0,48.0,164756.75925925927,0.4248988858363858,24440.727860841333,13412477.794337273,0.6632946632055042
2026-02,스포티지,SUV,2026.0,201,81.04513888888889,4289722.852991029,34.0,30.0,130744.5588235294,0.4032096462133775,21341.904741248894,13412477.794337273,0.3198307515410868
2026-02,싼타페,SUV,2024.0,560,181.34027777777777,10675853.353418233,61.0,58.0,174484.0163934426,0.3238219246031746,19064.0238453897,10675853.353418233,1.0
2026-02,쏘나타,MIDSIZE,2020.0,588,27.166666666666668,1026231.3636363636,9.0,8.0,108463.88888888888,0.0462018140589569,1745.2914347557205,9319571.710295796,0.1101157215736249
2026-02,쏘나타,MIDSIZE,2021.0,280,0.0,0.0,0.0,0.0,,0.0,0.0,9319571.710295796,0.0
2026-02,쏘나타,MIDSIZE,2024.0,560,210.92152777777775,8293340.346659432,87.0,66.0,94135.86206896552,0.3766455853174603,14809.536333320417,9319571.710295796,0.889884278426375
2026-02,쏘렌토,SUV,2021.0,84,0.0,0.0,0.0,0.0,,0.0,0.0,10458262.231172051,0.0
2026-02,쏘렌토,SUV,2022.0,84,12.604166666666666,574457.5572519084,4.0,4.0,140935.0,0.1500496031746031,6838.7804434751,10458262.231172051,0.0549285860838019
2026-02,쏘렌토,SUV,2023.0,196,38.875,1885192.8260869563,14.0,13.0,139285.0,0.1983418367346938,9618.330745341616,10458262.231172051,0.1802587068880261
2026-02,쏘렌토,SUV,2024.0,616,158.39236111111111,7998611.847833186,56.0,47.0,146320.0,0.2571304563492063,12984.759493235691,10458262.231172051,0.764812707028172
2026-02,쏠라티,RV,2019.0,84,2.708333333333333,630230.0,1.0,1.0,630230.0,0.0322420634920634,7502.738095238095,8389871.015433107,0.075117960555138
2026-02,쏠라티,RV,2023.0,112,8.583333333333334,1848890.0,3.0,3.0,616296.6666666666,0.0766369047619047,16507.946428571428,8389871.015433107,0.2203716834977534
2026-02,쏠라티,RV,2024.0,28,5.479166666666667,1576985.6603773586,3.0,3.0,651953.3333333334,0.1956845238095238,56320.91644204852,8389871.015433107,0.1879630398937605
2026-02,쏠라티,RV,2025.0,112,10.756944444444445,2737348.938389081,6.0,4.0,554932.5,0.0960441468253968,24440.61552133108,8389871.015433107,0.3262682982078923
2026-02,쏠라티,RV,2026.0,28,3.6875,1596416.4166666667,3.0,3.0,563761.6666666666,0.1316964285714285,57014.87202380953,8389871.015433107,0.1902790178454556
2026-02,아반떼,COMPACT,2020.0,140,1.4583333333333337,25650.0,1.0,1.0,25650.0,0.0104166666666666,183.21428571428572,12982832.164143514,0.0019756860194835
2026-02,아반떼,COMPACT,2021.0,420,71.14583333333333,2112943.185453697,31.0,21.0,68638.54838709677,0.1693948412698412,5030.817108223088,12982832.164143514,0.1627490179907975
2026-02,아반떼,COMPACT,2024.0,448,159.32986111111111,5913094.934760743,91.0,56.0,65949.23076923077,0.3556470114087302,13198.8726222338,12982832.164143514,0.4554549315589056
2026-02,아반떼,COMPACT,2025.0,420,115.29513888888889,3564299.7521780166,53.0,40.0,70114.52830188679,0.2745122354497354,8486.42798137623,12982832.164143514,0.2745394615838936
2026-02,아반떼,COMPACT,2026.0,134,38.49166666666667,1366844.2917510576,23.0,15.0,69905.86956521739,0.2872512437810945,10200.330535455654,12982832.164143514,0.1052809028469197
2026-02,아우디A5 카브리올레,IMPORTED,2021.0,28,0.0,0.0,0.0,0.0,,0.0,0.0,0.0,
2026-02,아이오닉,EV,2021.0,280,55.765972222222224,2084127.4108059988,19.0,15.0,108070.7894736842,0.1991641865079365,7443.3121814499955,2084127.4108059988,1.0
2026-02,카니발,RV,2018.0,224,10.375,583515.0,4.0,2.0,145878.75,0.0463169642857142,2604.9776785714284,44781123.223815255,0.0130303788291241
2026-02,카니발,RV,2019.0,252,15.0,998949.2857142856,5.0,5.0,189031.0,0.0595238095238095,3964.084467120181,44781123.223815255,0.0223073744872712
2026-02,카니발,RV,2021.0,140,16.979166666666668,672885.0,4.0,4.0,168221.25,0.1212797619047619,4806.321428571428,44781123.223815255,0.015026085804881
2026-02,카니발,RV,2023.0,1008,89.65277777777777,7407721.820328969,32.0,27.0,236831.25,0.0889412477954144,7348.930377310485,44781123.223815255,0.1654206345675008
2026-02,카니발,RV,2024.0,756,150.75,15482110.588998552,62.0,52.0,263761.4516129032,0.1994047619047619,20478.982260580095,44781123.223815255,0.3457285006367357
2026-02,카니발,RV,2025.0,616,121.6875,13528678.53375964,51.0,45.0,283600.98039215687,0.1975446428571428,21962.14047688253,44781123.223815255,0.3021067262235372
2026-02,카니발,RV,2026.0,224,56.25694444444444,6107262.995013813,23.0,16.0,271590.652173913,0.2511470734126984,27264.566942025947,44781123.223815255,0.1363802994509499
2026-02,캐스퍼,URBAN,2022.0,280,68.9375,1866272.7068110432,30.0,28.0,68789.0,0.2462053571428571,6665.259667182298,1866272.7068110432,1.0
2026-02,코나,EV,2020.0,980,87.30763888888889,3102888.706747752,38.0,30.0,88184.21052631579,0.0890894274376417,3166.212966069135,4614722.788380405,0.6723889709173083
2026-02,코나,SUV,2024.0,140,40.138888888888886,1511834.081632653,19.0,17.0,75188.68421052632,0.2867063492063492,10798.814868804664,4614722.788380405,0.3276110290826917
2026-02,테슬라 모델3,IMPORTED,2020.0,140,25.71527777777778,1959813.717948718,13.0,12.0,154087.3076923077,0.1836805555555555,13998.669413919415,1959813.717948718,1.0
2026-02,투싼,SUV,2021.0,196,10.375,399687.0740305523,6.0,4.0,83858.33333333333,0.0529336734693877,2039.2197654620015,14087313.653301653,0.0283721285595765
2026-02,투싼,SUV,2023.0,196,26.395833333333332,994449.371031746,11.0,10.0,88949.54545454546,0.134672619047619,5073.721280774214,14087313.653301653,0.070591838551041
2026-02,투싼,SUV,2024.0,140,31.65277777777778,1340712.3468563752,12.0,12.0,104942.08333333331,0.2260912698412698,9576.516763259822,14087313.653301653,0.0951716118382976
2026-02,투싼,SUV,2025.0,448,143.13888888888889,7802294.975865738,62.0,53.0,129462.58064516127,0.3195064484126984,17415.836999700306,14087313.653301653,0.553852577424306
2026-02,투싼,SUV,2026.0,112,55.083333333333336,3550169.8855172414,25.0,21.0,147788.6,0.4918154761904762,31697.945406403946,14087313.653301653,0.2520118436267787
2026-02,팰리세이드,SUV,2023.0,364,0.0,0.0,0.0,0.0,,0.0,0.0,17154355.032585077,0.0
2026-02,팰리세이드,SUV,2025.0,280,99.70416666666668,8766385.750331486,42.0,33.0,215326.54761904763,0.3560863095238095,31308.52053689816,17154355.032585077,0.5110297492199236
2026-02,팰리세이드,SUV,2026.0,364,107.43194444444444,8387969.282253589,45.0,38.0,191613.55555555556,0.2951427045177045,23043.87165454283,17154355.032585077,0.4889702507800763
2026-02,포르쉐,SUPERCAR,2022.0,28,1.7083333333333337,470026.875,2.0,2.0,407092.5,0.0610119047619047,16786.67410714286,2325614.375,0.2021086900961385
2026-02,포르쉐,SUPERCAR,2025.0,28,3.9583333333333335,1855587.5,3.0,3.0,674721.6666666666,0.1413690476190476,66270.98214285714,2325614.375,0.7978913099038615
2026-03,BMW 420i,IMPORTED,2022.0,72,0.0,0.0,0.0,0.0,,0.0,0.0,8124658.299150762,0.0
2026-03,BMW 420i,IMPORTED,2024.0,155,21.416666666666664,1995648.951219512,11.0,11.0,196927.7272727273,0.1381720430107526,12875.154523996853,8124658.299150762,0.2456286624913332
2026-03,BMW 420i,IMPORTED,2026.0,186,59.1125,6129009.34793125,33.0,25.0,174036.51515151514,0.3178091397849462,32951.663160920696,8124658.299150762,0.7543713375086668
2026-03,BMW 520i M스포츠,IMPORTED,2026.0,124,16.375,1583349.710982659,7.0,5.0,196142.14285714287,0.1320564516129032,12768.949282118218,1583349.710982659,1.0
2026-03,BMW X6 xdrive30d M sport,SUPERCAR,2026.0,31,0.0,0.0,0.0,0.0,,0.0,0.0,0.0,
2026-03,BMW X7 xdrive40i 하이브리드,SUPERCAR,2025.0,31,0.0,0.0,0.0,0.0,,0.0,0.0,0.0,
2026-03,BMW Z4 로드스터,IMPORTED,2021.0,62,8.131944444444445,661520.0,4.0,3.0,165380.0,0.131160394265233,10669.67741935484,661520.0,1.0
2026-03,EV3,EV,2025.0,341,53.793055555555554,2125404.271653543,25.0,23.0,77385.0,0.1577508960573476,6232.857101623294,2125404.271653543,1.0
2026-03,EV6,EV,2022.0,651,132.93194444444444,4617803.472686372,47.0,38.0,97276.27659574468,0.2041965352449223,7093.400111653413,4617803.472686372,1.0
2026-03,G80,LUXURY,2021.0,93,14.131944444444445,725719.4444444445,7.0,6.0,105250.0,0.1519563918757467,7803.434886499404,4370582.647342995,0.1660463839725421
2026-03,G80,LUXURY,2024.0,93,14.854166666666666,1004255.0,6.0,4.0,167375.83333333334,0.1597222222222222,10798.440860215054,4370582.647342995,0.2297760003716017
2026-03,G80,LUXURY,2025.0,155,36.729166666666664,2640608.202898551,19.0,15.0,138285.26315789475,0.2369623655913978,17036.181954184198,4370582.647342995,0.6041776156558563
2026-03,GV70,SUV,2021.0,124,6.0625,283385.0,2.0,2.0,141692.5,0.048891129032258,2285.3629032258063,3418187.5217305757,0.0829050478355636
2026-03,GV70,SUV,2023.0,155,19.47222222222222,1181040.732120186,7.0,5.0,139100.0,0.1256272401433691,7619.617626581846,3418187.5217305757,0.3455166589345699
2026-03,GV70,SUV,2025.0,155,28.09027777777778,1953761.7896103896,13.0,11.0,142508.07692307694,0.1812275985663082,12604.914771679933,3418187.5217305757,0.5715782932298665
2026-03,GV80,SUV,2021.0,93,5.8125,316840.0,3.0,2.0,105613.33333333331,0.0625,3406.8817204301076,5366314.063333908,0.0590423885483806
2026-03,GV80,SUV,2023.0,124,10.166666666666666,770835.2006093948,3.0,1.0,227240.0,0.0819892473118279,6216.412908140281,5366314.063333908,0.1436433260356925
2026-03,GV80,SUV,2025.0,217,45.87152777777778,4278638.862724514,25.0,23.0,166710.6,0.2113895289298515,19717.229782140617,5366314.063333908,0.7973142854159269
2026-03,K3,COMPACT,2019.0,297,0.9791666666666666,44548.52272727273,0.0,0.0,,0.0032968574635241,149.9950260177533,6356412.0905116,0.0070084384229542
2026-03,K3,COMPACT,2020.0,310,7.958333333333333,197490.0,5.0,3.0,39498.0,0.0256720430107526,637.0645161290323,6356412.0905116,0.0310694141896179
2026-03,K3,COMPACT,2021.0,310,29.542361111111113,497710.0,13.0,12.0,38285.38461538462,0.0952979390681003,1605.516129032258,6356412.0905116,0.0783004614730605
2026-03,K3,COMPACT,2022.0,651,214.90347222222223,3923993.191930581,105.0,80.0,38778.90476190476,0.330112860556409,6027.639311721322,6356412.0905116,0.6173283191925267
2026-03,K3,COMPACT,2024.0,297,68.8125,1692670.375853747,37.0,26.0,42925.67567567567,0.2316919191919192,5699.226854726419,6356412.0905116,0.2662933667218405
2026-03,K5,MIDSIZE,2020.0,713,40.6875,904664.0683875704,18.0,14.0,54243.055555555555,0.0570652173913043,1268.81356015087,14406629.796508126,0.0627949826688017
2026-03,K5,MIDSIZE,2021.0,310,0.0,0.0,0.0,0.0,,0.0,0.0,14406629.796508126,0.0
2026-03,K5,MIDSIZE,2022.0,423,65.39930555555556,1515730.6870916102,32.0,23.0,54790.15625,0.1546082873653795,3583.287676339504,14406629.796508126,0.1052106362488048
2026-03,K5,MIDSIZE,2024.0,558,168.58125,4876286.167835887,86.0,61.0,55920.87209302326,0.302116935483871,8738.864100064313,14406629.796508126,0.338475149060733
2026-03,K5,MIDSIZE,2026.0,806,216.25416666666663,7109948.87319306,112.0,84.0,61411.607142857145,0.268305417700579,8821.276517609256,14406629.796508126,0.4935192320216604
2026-03,K8,LUXURY,2023.0,93,6.083333333333333,231674.6762589928,3.0,2.0,79106.66666666667,0.0654121863799283,2491.1255511719655,231674.6762589928,1.0
2026-03,QM6,SUV,2020.0,70,0.0,0.0,0.0,0.0,,0.0,0.0,53653.04621848739,0.0
2026-03,QM6,SUV,2021.0,93,1.8125,53653.04621848739,1.0,1.0,146775.0,0.0194892473118279,576.9144754676064,53653.04621848739,1.0
2026-03,SM6,MIDSIZE,2020.0,62,3.0,71016.41025641025,2.0,0.0,33500.0,0.0483870967741935,1145.4259718775847,71016.41025641025,1.0
2026-03,XM3,SUV,2022.0,62,0.0,0.0,0.0,0.0,,0.0,0.0,0.0,
2026-03,그랜저 GN7,LUXURY,2026.0,155,25.84027777777778,1918499.7715053763,14.0,9.0,140308.92857142858,0.1667114695340502,12377.417880679846,1918499.7715053763,1.0
2026-03,니로 하이브리드,SUV,2022.0,248,46.611111111111114,1250937.7121704586,17.0,12.0,73928.82352941176,0.1879480286738351,5044.103678106688,1250937.7121704586,1.0
2026-03,더 K8,LUXURY,2026.0,124,29.510416666666668,1892137.9378427751,13.0,12.0,116784.6153846154,0.2379872311827957,15259.176918086896,1892137.9378427751,1.0
2026-03,더 뉴 그랜저,LUXURY,2020.0,217,9.291666666666666,494928.2214765101,4.0,4.0,70420.0,0.0428187403993855,2280.775214177466,494928.2214765101,1.0
2026-03,더 뉴 셀토스,SUV,2024.0,341,94.71458333333334,2594177.1397943967,40.0,32.0,66518.5,0.277755376344086,7607.557594704976,2594177.1397943967,1.0
2026-03,더뉴그랜드스타렉스12인,RV,2019.0,62,2.708333333333333,203289.44444444444,1.0,1.0,187150.0,0.0436827956989247,3278.8620071684586,203289.44444444444,1.0
2026-03,더뉴그랜저 하이브리드,LUXURY,2024.0,155,19.31736111111111,925277.789753202,8.0,7.0,127581.875,0.1246281362007168,5969.534127440013,925277.789753202,1.0
2026-03,디올뉴 그랜저,LUXURY,2023.0,155,16.381944444444443,833732.4350649351,6.0,5.0,141907.5,0.105689964157706,5378.918935902807,833732.4350649351,1.0
2026-03,랭글러,IMPORTED,2023.0,124,28.347222222222225,2182822.6835820894,10.0,8.0,197801.0,0.2286066308243727,17603.40873856524,2182822.6835820894,1.0
2026-03,레이,SUV,2022.0,248,30.756944444444443,993579.2149758454,13.0,10.0,78604.23076923077,0.1240199372759856,4006.367802321957,7533572.736142873,0.131886854985693
2026-03,레이,URBAN,2024.0,155,29.756944444444446,603874.4069264069,11.0,10.0,54150.454545454544,0.1919802867383512,3895.963915654238,7533572.736142873,0.0801577721589219
2026-03,레이,URBAN,2025.0,620,174.08402777777778,3767600.1695549297,85.0,65.0,42598.05882352941,0.2807806899641577,6076.77446702408,7533572.736142873,0.5001080233127091
2026-03,레이,URBAN,2026.0,155,70.19444444444444,2168518.9446856906,36.0,30.0,60646.11111111111,0.4528673835125448,13990.44480442381,7533572.736142873,0.2878473495426759
2026-03,머스탱,IMPORTED,2020.0,54,0.0,0.0,0.0,0.0,,0.0,0.0,9232586.176033303,0.0
2026-03,머스탱,IMPORTED,2021.0,54,0.0,0.0,0.0,0.0,,0.0,0.0,9232586.176033303,0.0
2026-03,머스탱,IMPORTED,2023.0,124,20.125,1401700.5263157894,9.0,8.0,146040.55555555556,0.1622983870967742,11304.036502546687,9232586.176033303,0.1518210065511695
2026-03,머스탱,IMPORTED,2024.0,248,86.02777777777777,7830885.6497175135,41.0,32.0,185815.36585365853,0.3468862007168458,31576.15181337707,9232586.176033303,0.8481789934488304
2026-03,모닝,URBAN,2022.0,465,81.91319444444444,1400853.607778712,35.0,27.0,43023.28571428572,0.1761574074074074,3012.588403825187,1400853.607778712,1.0
2026-03,미니,IMPORTED,2022.0,186,25.006944444444443,1393119.4326241135,9.0,7.0,141637.77777777778,0.1344459378733572,7489.889422710287,5613038.161145665,0.2481934725239364
2026-03,미니,IMPORTED,2024.0,124,17.91111111111111,1236612.9120879122,11.0,10.0,121841.81818181818,0.1444444444444444,9972.684774902518,5613038.161145665,0.2203107972163706
2026-03,미니,IMPORTED,2025.0,341,46.84722222222222,2983305.816433639,25.0,21.0,105884.6,0.1373818833496252,8748.697408896302,5613038.161145665,0.5314957302596929
2026-03,베뉴,SUV,2022.0,62,0.9583333333333334,40090.0,1.0,1.0,40090.0,0.0154569892473118,646.6129032258065,40090.0,1.0
2026-03,베리뉴티볼리,SUV,2020.0,124,4.1875,108870.0,2.0,2.0,54435.0,0.0337701612903225,877.9838709677418,108870.0,1.0
2026-03,벤츠,IMPORTED,2020.0,124,16.104166666666668,1074640.0,7.0,6.0,153520.0,0.129872311827957,8666.451612903225,7497231.524195629,0.1433382437946382
2026-03,벤츠,IMPORTED,2021.0,62,14.5,988821.796875,6.0,6.0,166122.5,0.2338709677419354,15948.738659274191,7497231.524195629,0.1318915914072814
2026-03,벤츠,IMPORTED,2024.0,124,50.513888888888886,5066974.727320629,26.0,20.0,185963.84615384616,0.4073700716845878,40862.69941387604,7497231.524195629,0.6758461054548078
2026-03,벤츠,SUPERCAR,2021.0,31,1.0,366795.0,1.0,1.0,366795.0,0.032258064516129,11832.09677419355,7497231.524195629,0.0489240593432724
2026-03,볼보 XC40,IMPORTED,2022.0,62,4.784722222222222,291365.0,3.0,3.0,97121.66666666669,0.0771729390681003,4699.435483870968,291365.0,1.0
2026-03,셀토스,SUV,2020.0,124,10.3125,337725.0,4.0,4.0,84431.25,0.0831653225806451,2723.5887096774195,337725.0,1.0
2026-03,스타리아,RV,2022.0,246,0.0,0.0,0.0,0.0,,0.0,0.0,7491646.99784556,0.0
2026-03,스타리아,RV,2023.0,310,15.625,1529102.490857063,5.0,5.0,195320.0,0.0504032258064516,4932.588680184075,7491646.99784556,0.2041076536703879
2026-03,스타리아,RV,2024.0,465,45.27777777777778,2944435.3628370524,17.0,13.0,168300.58823529413,0.0973715651135006,6332.119059864629,7491646.99784556,0.3930291114468968
2026-03,스타리아,RV,2026.0,155,43.93055555555556,3018109.144151445,20.0,16.0,163253.25,0.2834229390681003,19471.671897751257,7491646.99784556,0.4028632348827153
2026-03,스포티지,SUV,2022.0,363,17.14236111111111,448020.0,4.0,4.0,112005.0,0.0472241352923171,1234.214876033058,8242785.747558041,0.054352983775264
2026-03,스포티지,SUV,2025.0,403,76.5,3426990.36546196,30.0,26.0,115648.16666666669,0.1898263027295285,8503.698177324963,8242785.747558041,0.4157563317082723
2026-03,스포티지,SUV,2026.0,341,106.28819444444444,4367775.38209608,52.0,40.0,86633.84615384616,0.3116955848810687,12808.725460692318,8242785.747558041,0.5298906845164636
2026-03,싼타페,SUV,2024.0,620,97.76388888888889,4597501.114134332,40.0,32.0,109435.625,0.1576836917562724,7415.32437763602,4597501.114134332,1.0
2026-03,쏘나타,MIDSIZE,2020.0,651,15.3125,292410.0,6.0,6.0,48735.0,0.023521505376344,449.1705069124424,5510825.495534158,0.05306101603779
2026-03,쏘나타,MIDSIZE,2021.0,310,0.0,0.0,0.0,0.0,,0.0,0.0,5510825.495534158,0.0
2026-03,쏘나타,MIDSIZE,2024.0,620,169.07777777777778,5218415.495534158,67.0,50.0,72638.35820895522,0.2727060931899641,8416.799186345417,5510825.495534158,0.94693898396221
2026-03,쏘렌토,SUV,2021.0,93,0.0,0.0,0.0,0.0,,0.0,0.0,5521371.939140961,0.0
2026-03,쏘렌토,SUV,2022.0,93,0.0,0.0,0.0,0.0,,0.0,0.0,5521371.939140961,0.0
2026-03,쏘렌토,SUV,2023.0,217,28.899305555555557,1333233.3941605838,12.0,11.0,105715.0,0.133176523297491,6143.932691984257,5521371.939140961,0.2414677744691139
2026-03,쏘렌토,SUV,2024.0,682,92.21527777777776,4188138.544980377,44.0,35.0,93090.45454545454,0.1352130172694688,6140.965608475626,5521371.939140961,0.7585322255308861
2026-03,쏠라티,RV,2019.0,93,2.25,536275.0,1.0,1.0,536275.0,0.0241935483870967,5766.397849462365,4477491.593262546,0.1197713024870786
2026-03,쏠라티,RV,2023.0,124,0.0416666666666666,8902.608695652174,1.0,0.0,511900.0,0.0003360215053763,71.7952314165498,4477491.593262546,0.0019883027159779
2026-03,쏠라티,RV,2024.0,31,3.8125,1197274.3396226414,2.0,1.0,409200.0,0.1229838709677419,38621.75289105295,4477491.593262546,0.2673984561856523
2026-03,쏠라티,RV,2025.0,124,9.208333333333334,2229296.061610919,3.0,3.0,545683.3333333334,0.074260752688172,17978.194045249347,4477491.593262546,0.4978895024538799
2026-03,쏠라티,RV,2026.0,31,2.7916666666666665,505743.5833333333,1.0,1.0,410875.0,0.0900537634408602,16314.309139784946,4477491.593262546,0.1129524361574112
2026-03,아반떼,COMPACT,2020.0,155,3.0208333333333335,75405.0,2.0,1.0,37702.5,0.0194892473118279,486.4838709677419,13016526.73862195,0.0057930200209447
2026-03,아반떼,COMPACT,2021.0,465,81.22222222222223,1675095.4807692308,39.0,28.0,41450.51282051282,0.1746714456391876,3602.3558726220017,13016526.73862195,0.1286898966526128
2026-03,아반떼,COMPACT,2024.0,496,135.24305555555554,3438404.806477883,65.0,50.0,53051.46153846154,0.2726674507168458,6932.267754995732,13016526.73862195,0.2641568580868527
2026-03,아반떼,COMPACT,2025.0,465,142.99305555555554,4476915.89076133,66.0,55.0,67401.81818181818,0.3075119474313022,9627.77610916415,13016526.73862195,0.3439408976495751
2026-03,아반떼,COMPACT,2026.0,248,101.44791666666669,3350705.5606135074,47.0,39.0,69802.12765957447,0.4090641801075269,13510.909518602852,13016526.73862195,0.2574193275900145
2026-03,아우디A5 카브리올레,IMPORTED,2021.0,31,3.8958333333333335,265365.0,2.0,2.0,132682.5,0.1256720430107527,8560.161290322581,265365.0,1.0
2026-03,아이오닉,EV,2021.0,310,45.85069444444444,1359693.2962075758,18.0,15.0,75092.22222222222,0.1479054659498208,4386.107407121212,1359693.2962075758,1.0
2026-03,카니발,RV,2018.0,248,8.4375,253125.0,2.0,1.0,126562.5,0.0340221774193548,1020.6653225806452,26850965.093904275,0.0094270354571897
2026-03,카니발,RV,2019.0,220,6.694444444444444,277400.0,3.0,3.0,92466.66666666669,0.0304292929292929,1260.909090909091,26850965.093904275,0.0103310997958496
2026-03,카니발,RV,2021.0,155,5.520833333333333,224770.0,2.0,2.0,112385.0,0.0356182795698924,1450.1290322580646,26850965.093904275,0.0083710212729384
2026-03,카니발,RV,2023.0,1116,55.486111111111114,2379437.8826357923,18.0,14.0,133300.27777777778,0.049718737554759,2132.1127980607457,26850965.093904275,0.0886164752110148
2026-03,카니발,RV,2024.0,837,109.13194444444444,6951955.744157868,40.0,32.0,146337.875,0.1303846409133147,8305.801366974752,26850965.093904275,0.2589089710498378
2026-03,카니발,RV,2025.0,682,146.52777777777777,11506360.319215486,66.0,53.0,161276.9696969697,0.2148501140436624,16871.496069230918,26850965.093904275,0.4285268808392912
2026-03,카니발,RV,2026.0,248,60.388888888888886,5257916.147895127,25.0,23.0,201836.8,0.2435035842293906,21201.274789899704,26850965.093904275,0.1958185163738782
2026-03,캐스퍼,URBAN,2022.0,310,88.45486111111111,2117935.276448064,38.0,24.0,47724.07894736842,0.2853382616487455,6832.0492788647225,2117935.276448064,1.0
2026-03,코나,EV,2020.0,1085,114.69444444444444,3029135.2617619666,41.0,37.0,64978.90243902439,0.1057091653865847,2791.829734342826,3967495.2617619666,0.7634880603276956
2026-03,코나,SUV,2024.0,155,25.26388888888889,938360.0,17.0,15.0,55197.64705882353,0.1629928315412186,6053.935483870968,3967495.2617619666,0.2365119396723044
2026-03,테슬라 모델3,IMPORTED,2020.0,155,26.694444444444443,1448996.985111663,14.0,13.0,101596.78571428572,0.1722222222222222,9348.367645881695,1448996.985111663,1.0
2026-03,투싼,SUV,2021.0,217,13.645833333333334,513090.375,6.0,5.0,66761.66666666667,0.0628840245775729,2364.4717741935483,8554464.691582393,0.0599792498418845
2026-03,투싼,SUV,2023.0,217,27.91111111111111,1050250.142857143,12.0,11.0,78664.58333333333,0.1286226318484383,4839.862409479922,8554464.691582393,0.122772164094685
2026-03,투싼,SUV,2024.0,155,22.85763888888889,916030.7786885246,8.0,6.0,113363.75,0.1474686379928315,5909.875991538868,8554464.691582393,0.1070821859361814
2026-03,투싼,SUV,2025.0,496,114.51388888888889,4459819.597613214,46.0,36.0,90005.10869565218,0.230874775985663,8991.571769381479,8554464.691582393,0.5213440885438084
2026-03,투싼,SUV,2026.0,124,38.84722222222222,1615273.7974235113,20.0,11.0,78660.25,0.3132840501792114,13026.40159212509,8554464.691582393,0.1888223115834405
2026-03,팰리세이드,SUV,2023.0,234,0.0,0.0,0.0,0.0,,0.0,0.0,8346857.117542066,0.0
2026-03,팰리세이드,SUV,2025.0,310,43.395833333333336,3256128.3945045252,19.0,17.0,145546.31578947368,0.1399865591397849,10503.639982272662,8346857.117542066,0.3901023281758741
2026-03,팰리세이드,SUV,2026.0,403,91.85416666666669,5090728.72303754,39.0,29.0,117100.51282051284,0.2279259718775848,12632.081198604315,8346857.117542066,0.6098976718241259
2026-03,포르쉐,SUPERCAR,2022.0,31,10.715277777777777,3568583.125,7.0,5.0,466237.1428571429,0.3456541218637992,115115.58467741936,5544270.625,0.6436524055858114
2026-03,포르쉐,SUPERCAR,2025.0,31,6.291666666666667,1975687.5,3.0,2.0,602370.0,0.2029569892473118,63731.854838709674,5544270.625,0.3563475944141886
2026-04,BMW 420i,IMPORTED,2024.0,150,26.979166666666668,2756051.048780488,12.0,11.0,215457.91666666663,0.1798611111111111,18373.673658536587,9145423.578734403,0.3013584909494028
2026-04,BMW 420i,IMPORTED,2026.0,180,48.125,6389372.529953917,25.0,20.0,250543.4,0.2673611111111111,35496.514055299536,9145423.578734403,0.6986415090505971
2026-04,BMW 520i M스포츠,IMPORTED,2026.0,120,5.75,816666.1235955056,5.0,4.0,263618.0,0.0479166666666666,6805.551029962547,816666.1235955056,1.0
2026-04,BMW X6 xdrive30d M sport,SUPERCAR,2026.0,30,0.0,0.0,0.0,0.0,,0.0,0.0,0.0,
2026-04,BMW X7 xdrive40i 하이브리드,SUPERCAR,2025.0,30,3.375,1534842.243902439,2.0,2.0,1831505.0,0.1125,51161.4081300813,1534842.243902439,1.0
2026-04,BMW Z4 로드스터,IMPORTED,2021.0,60,13.229166666666666,1430870.0,7.0,7.0,204410.0,0.2204861111111111,23847.833333333332,1430870.0,1.0
2026-04,EV3,EV,2025.0,330,52.197916666666664,2603298.301253523,22.0,19.0,152259.54545454544,0.158175505050505,7888.782731071283,2603298.301253523,1.0
2026-04,EV4,EV,2026.0,126,24.916666666666664,1511065.0,11.0,10.0,137369.54545454544,0.1977513227513227,11992.579365079366,1511065.0,1.0
2026-04,EV6,EV,2022.0,630,112.71527777777776,4980781.1952385595,45.0,38.0,110045.11111111112,0.178913139329806,7906.0018972040625,4980781.1952385595,1.0
2026-04,G80,LUXURY,2021.0,90,16.041666666666668,813740.5555555555,6.0,3.0,133785.0,0.1782407407407407,9041.56172839506,4625389.909722222,0.1759290722378094
2026-04,G80,LUXURY,2024.0,90,5.256944444444445,448210.0,2.0,2.0,224105.0,0.0584104938271604,4980.111111111111,4625389.909722222,0.0969021009575638
2026-04,G80,LUXURY,2025.0,150,41.041666666666664,3363439.3541666665,18.0,11.0,195296.66666666663,0.2736111111111111,22422.929027777776,4625389.909722222,0.7271688268046267
2026-04,GV70,SUV,2021.0,120,6.159722222222222,265905.0,3.0,3.0,88635.0,0.0513310185185185,2215.875,3602310.716141412,0.0738151206136993
2026-04,GV70,SUV,2023.0,150,14.708333333333334,1038657.1085464752,5.0,4.0,218321.0,0.0980555555555555,6924.3807236431685,3602310.716141412,0.2883307938686158
2026-04,GV70,SUV,2025.0,150,30.243055555555557,2297748.6075949366,13.0,9.0,191681.53846153847,0.2016203703703704,15318.324050632911,3602310.716141412,0.6378540855176849
2026-04,GV80,SUV,2021.0,90,9.458333333333334,816825.0,3.0,3.0,272275.0,0.1050925925925926,9075.833333333334,6997085.79622264,0.1167378854266673
2026-04,GV80,SUV,2023.0,120,7.104166666666666,479551.55462184874,3.0,3.0,194581.66666666663,0.0592013888888888,3996.262955182073,6997085.79622264,0.0685358974561571
2026-04,GV80,SUV,2025.0,210,65.96527777777777,5700709.241600791,26.0,22.0,231592.3076923077,0.3141203703703703,27146.234483813292,6997085.79622264,0.8147262171171754
2026-04,K3,COMPACT,2019.0,270,0.0,0.0,0.0,0.0,,0.0,0.0,6891355.256286684,0.0
2026-04,K3,COMPACT,2020.0,300,10.541666666666666,305073.75,4.0,3.0,111626.25,0.0351388888888888,1016.9125,6891355.256286684,0.0442690499407492
2026-04,K3,COMPACT,2021.0,300,30.26388888888889,599000.0,9.0,6.0,66555.55555555556,0.1008796296296296,1996.6666666666667,6891355.256286684,0.0869204935347888
2026-04,K3,COMPACT,2022.0,630,163.61111111111111,3895427.0650767954,60.0,47.0,62100.166666666664,0.259700176366843,6183.217563613961,6891355.256286684,0.5652628431139385
2026-04,K3,COMPACT,2024.0,270,70.8625,2091854.4412098897,27.0,22.0,80714.44444444444,0.2624537037037037,7747.609041518109,6891355.256286684,0.3035476134105235
2026-04,K5,MIDSIZE,2020.0,690,13.5625,334565.9316124297,4.0,3.0,65713.75,0.0196557971014492,484.8781617571445,15149763.306666154,0.0220839048663694
2026-04,K5,MIDSIZE,2021.0,300,0.0,0.0,0.0,0.0,,0.0,0.0,15149763.306666154,0.0
2026-04,K5,MIDSIZE,2022.0,270,92.41666666666669,2407963.159062236,28.0,18.0,76366.25,0.3422839506172839,8918.382070600874,15149763.306666154,0.1589439458768765
2026-04,K5,MIDSIZE,2024.0,540,160.77777777777777,5580650.53541838,71.0,56.0,80059.50704225352,0.2977366255144033,10334.538028552555,15149763.306666154,0.3683655264081121
2026-04,K5,MIDSIZE,2026.0,780,206.21180555555551,6826583.680573108,94.0,80.0,76585.26595744681,0.2643741096866097,8752.030359709112,15149763.306666154,0.4506066228486418
2026-04,K8,LUXURY,2023.0,90,4.541666666666666,142730.3237410072,3.0,3.0,45695.0,0.0504629629629629,1585.892486011191,142730.3237410072,1.0
2026-04,QM6,SUV,2021.0,90,15.895833333333332,531152.1823053892,5.0,4.0,128112.0,0.1766203703703703,5901.690914504325,531152.1823053892,1.0
2026-04,SM6,MIDSIZE,2020.0,60,6.423611111111111,132140.831408776,2.0,2.0,69730.0,0.1070601851851851,2202.3471901462667,132140.831408776,1.0
2026-04,XM3,SUV,2022.0,60,7.868055555555555,212036.85430463575,4.0,4.0,81391.25,0.1311342592592592,3533.947571743929,212036.85430463575,1.0
2026-04,그랜저 GN7,LUXURY,2026.0,150,48.85069444444444,3279748.7830684925,22.0,20.0,176644.31818181818,0.3256712962962962,21864.991887123284,3279748.7830684925,1.0
2026-04,니로 하이브리드,SUV,2022.0,240,16.166666666666668,505173.8262910798,6.0,5.0,73727.5,0.0673611111111111,2104.890942879499,505173.8262910798,1.0
2026-04,더 K8,LUXURY,2026.0,120,18.520833333333332,1240440.7189468946,9.0,6.0,147608.33333333334,0.1543402777777777,10337.00599122412,1240440.7189468946,1.0
2026-04,더 뉴 그랜저,LUXURY,2020.0,210,17.96527777777778,857220.0,8.0,5.0,107152.5,0.0855489417989418,4082.0,857220.0,1.0
2026-04,더 뉴 셀토스,SUV,2024.0,330,74.19791666666667,2481226.98936131,28.0,22.0,86513.21428571429,0.2248421717171717,7518.869664731242,2481226.98936131,1.0
2026-04,더뉴그랜드스타렉스12인,RV,2019.0,60,1.3333333333333333,64885.0,1.0,1.0,64885.0,0.0222222222222222,1081.4166666666667,64885.0,1.0
2026-04,더뉴그랜저 하이브리드,LUXURY,2024.0,150,28.4375,1606643.2698714898,12.0,8.0,127689.58333333331,0.1895833333333333,10710.9551324766,1606643.2698714898,1.0
2026-04,디올뉴 그랜저,LUXURY,2023.0,150,13.895833333333334,662652.5649350649,5.0,4.0,128988.0,0.0926388888888889,4417.683766233766,662652.5649350649,1.0
2026-04,랭글러,IMPORTED,2023.0,120,28.305555555555557,2629815.000992523,14.0,14.0,194025.0,0.2358796296296296,21915.125008271025,2629815.000992523,1.0
2026-04,레이,SUV,2022.0,240,23.177777777777777,530781.1111111111,8.0,7.0,61018.75,0.096574074074074,2211.587962962963,6400678.104378089,0.0829257623107237
2026-04,레이,URBAN,2024.0,150,10.9375,192964.8787878788,3.0,3.0,36530.0,0.0729166666666666,1286.4325252525252,6400678.104378089,0.0301475680609356
2026-04,레이,URBAN,2025.0,600,185.88888888888889,4467087.098402583,80.0,69.0,62975.375,0.3098148148148148,7445.145164004305,6400678.104378089,0.6979084130706522
2026-04,레이,URBAN,2026.0,150,43.298611111111114,1209845.016076516,22.0,15.0,61150.90909090909,0.2886574074074074,8065.633440510108,6400678.104378089,0.1890182565576883
2026-04,머스탱,IMPORTED,2023.0,120,11.944444444444445,1158525.0,7.0,7.0,165503.57142857142,0.099537037037037,9654.375,8400068.739595462,0.1379185142306101
2026-04,머스탱,IMPORTED,2024.0,240,71.78680555555556,7241543.739595463,32.0,28.0,225632.65625,0.2991116898148148,30173.098914981096,8400068.739595462,0.86208148576939
2026-04,모닝,URBAN,2022.0,450,50.104166666666664,915564.6045775258,17.0,13.0,48743.529411764706,0.1113425925925925,2034.5880101722792,915564.6045775258,1.0
2026-04,미니,IMPORTED,2022.0,180,14.520833333333334,1210665.8148148148,10.0,10.0,148479.5,0.0806712962962963,6725.921193415638,5092648.182546803,0.2377281468144473
2026-04,미니,IMPORTED,2024.0,120,19.211111111111112,1194532.087912088,11.0,10.0,99171.36363636365,0.1600925925925926,9954.434065934069,5092648.182546803,0.2345601041135949
2026-04,미니,IMPORTED,2025.0,330,38.986111111111114,2687450.2798199,18.0,16.0,172366.11111111112,0.1181397306397306,8143.78872672697,5092648.182546803,0.5277117490719577
2026-04,베뉴,SUV,2022.0,60,6.916666666666667,176955.0,2.0,2.0,88477.5,0.1152777777777777,2949.25,176955.0,1.0
2026-04,베리뉴티볼리,SUV,2020.0,120,1.0069444444444444,48640.0,1.0,1.0,48640.0,0.0083912037037037,405.3333333333333,48640.0,1.0
2026-04,벤츠,IMPORTED,2020.0,120,6.083333333333333,493905.0,3.0,3.0,164635.0,0.0506944444444444,4115.875,6685788.203125,0.0738738627360561
2026-04,벤츠,IMPORTED,2021.0,60,11.67361111111111,1017573.203125,6.0,6.0,168276.66666666666,0.1945601851851851,16959.553385416664,6685788.203125,0.1521994374050581
2026-04,벤츠,IMPORTED,2024.0,120,36.375,5174310.0,19.0,15.0,272332.1052631579,0.303125,43119.25,6685788.203125,0.7739266998588856
2026-04,벤츠,SUPERCAR,2021.0,30,0.0,0.0,0.0,0.0,,0.0,0.0,6685788.203125,0.0
2026-04,볼보 XC40,IMPORTED,2022.0,60,2.2083333333333335,143450.0,1.0,1.0,143450.0,0.0368055555555555,2390.8333333333335,143450.0,1.0
2026-04,셀토스,SUV,2020.0,120,3.895833333333333,158655.0,2.0,1.0,79327.5,0.0324652777777777,1322.125,158655.0,1.0
2026-04,스타리아,RV,2023.0,300,20.59027777777778,1024847.8200692042,8.0,7.0,131560.0,0.0686342592592592,3416.1594002306806,10426777.234387172,0.0982899890379636
2026-04,스타리아,RV,2024.0,450,91.27083333333331,6382618.558469414,39.0,31.0,190018.46153846153,0.202824074074074,14183.596796598697,10426777.234387172,0.6121372323386507
2026-04,스타리아,RV,2026.0,150,35.3,3019310.855848555,14.0,7.0,198025.35714285713,0.2353333333333333,20128.739038990367,10426777.234387172,0.2895727786233857
2026-04,스포티지,SUV,2022.0,90,16.864583333333332,660989.0825688073,6.0,5.0,115694.16666666669,0.1873842592592592,7344.323139653415,9040612.618374191,0.0731133066386905
2026-04,스포티지,SUV,2025.0,390,82.30208333333333,3774527.8527533114,30.0,28.0,122074.0,0.2110309829059829,9678.276545521312,9040612.618374191,0.4175079734178565
2026-04,스포티지,SUV,2026.0,330,85.67430555555555,4605095.683052074,41.0,27.0,122552.9268292683,0.2596191077441077,13954.835403188104,9040612.618374191,0.5093787199434529
2026-04,싼타페,SUV,2024.0,600,124.77430555555556,6652588.472882574,47.0,35.0,140847.7659574468,0.2079571759259259,11087.647454804292,6652588.472882574,1.0
2026-04,쏘나타,MIDSIZE,2020.0,630,33.40972222222222,726985.0,12.0,10.0,60582.083333333336,0.0530313051146384,1153.9444444444443,5471295.639508605,0.1328725493739345
2026-04,쏘나타,MIDSIZE,2021.0,300,0.0,0.0,0.0,0.0,,0.0,0.0,5471295.639508605,0.0
2026-04,쏘나타,MIDSIZE,2024.0,600,142.85416666666666,4744310.639508605,64.0,47.0,74899.53125,0.2380902777777777,7907.184399181008,5471295.639508605,0.8671274506260654
2026-04,쏘렌토,SUV,2021.0,90,7.3125,253945.0,4.0,3.0,63486.25,0.08125,2821.6111111111113,9576074.373360183,0.0265186954590132
2026-04,쏘렌토,SUV,2022.0,90,9.97222222222222,537206.0889929743,4.0,4.0,171902.5,0.1108024691358024,5968.9565443663805,9576074.373360183,0.0560987799434218
2026-04,쏘렌토,SUV,2023.0,210,25.21527777777778,1184026.6058394162,9.0,9.0,131237.22222222222,0.1200727513227513,5638.221932568648,9576074.373360183,0.1236442575188509
2026-04,쏘렌토,SUV,2024.0,660,143.49305555555554,7600896.678527794,57.0,52.0,137712.28070175438,0.2174137205387205,11516.510118981503,9576074.373360183,0.7937382670787139
2026-04,쏠라티,RV,2019.0,90,0.0416666666666666,9030.066666666668,1.0,1.0,677255.0,0.0004629629629629,100.33407407407408,8617030.929308593,0.0010479324886665
2026-04,쏠라티,RV,2023.0,120,4.5625,1039272.3913043478,1.0,1.0,536275.0,0.0380208333333333,8660.603260869564,8617030.929308593,0.1206067843820233
2026-04,쏠라티,RV,2024.0,30,4.0625,1011318.4713375797,2.0,1.0,628000.0,0.1354166666666666,33710.615711252656,8617030.929308593,0.1173627528593221
2026-04,쏠라티,RV,2025.0,120,12.854166666666666,3625775.0,7.0,4.0,517967.8571428571,0.1071180555555555,30214.791666666668,8617030.929308593,0.4207684792760657
2026-04,쏠라티,RV,2026.0,30,9.84375,2931635.0,4.0,2.0,732908.75,0.328125,97721.16666666669,8617030.929308593,0.3402140509939224
2026-04,아반떼,COMPACT,2020.0,150,2.6875,48070.0,1.0,1.0,48070.0,0.0179166666666666,320.46666666666664,11818716.82331161,0.0040672774141762
2026-04,아반떼,COMPACT,2021.0,450,45.15972222222222,1175574.1346153845,19.0,15.0,61646.84210526316,0.1003549382716049,2612.3869658119656,11818716.82331161,0.0994671546996239
2026-04,아반떼,COMPACT,2024.0,480,132.44444444444446,4052991.3660980314,56.0,46.0,76312.5,0.2759259259259259,8443.732012704231,11818716.82331161,0.3429298989636323
2026-04,아반떼,COMPACT,2025.0,450,86.69444444444444,3292939.3892137306,29.0,26.0,116151.37931034484,0.1926543209876543,7317.643087141623,11818716.82331161,0.2786207198668669
2026-04,아반떼,COMPACT,2026.0,408,106.14583333333331,3249141.9333844637,45.0,38.0,90377.55555555556,0.2601613562091503,7963.58317005996,11818716.82331161,0.2749149490557007
2026-04,아우디A5 카브리올레,IMPORTED,2021.0,30,0.9652777777777778,83410.0,1.0,1.0,83410.0,0.0321759259259259,2780.3333333333335,83410.0,1.0
2026-04,아이오닉,EV,2021.0,300,53.5,2105639.009499537,18.0,18.0,125364.72222222222,0.1783333333333333,7018.796698331789,2105639.009499537,1.0
2026-04,카니발,RV,2018.0,240,2.0416666666666665,142220.245398773,1.0,1.0,236550.0,0.0085069444444444,592.5843558282209,38222052.943573415,0.0037208949924466
2026-04,카니발,RV,2019.0,150,8.416666666666666,520410.0,4.0,4.0,130102.5,0.0561111111111111,3469.4,38222052.943573415,0.0136154382070547
2026-04,카니발,RV,2021.0,150,2.5416666666666665,238070.0,1.0,1.0,238070.0,0.0169444444444444,1587.1333333333334,38222052.943573415,0.0062286031666446
2026-04,카니발,RV,2023.0,1080,55.72222222222222,3384797.1252073585,20.0,15.0,173211.75,0.0515946502057613,3134.0714122290356,38222052.943573415,0.0885561309384474
2026-04,카니발,RV,2024.0,810,115.18541666666668,9563748.626153072,48.0,40.0,213905.0,0.1422042181069958,11807.09706932478,38222052.943573415,0.2502154617459161
2026-04,카니발,RV,2025.0,660,190.63888888888889,16341768.188748457,77.0,66.0,253438.76623376625,0.2888468013468013,24760.254831437054,38222052.943573415,0.4275481542782
2026-04,카니발,RV,2026.0,240,86.59027777777777,8031038.758065758,36.0,30.0,261824.02777777775,0.360792824074074,33462.66149194066,38222052.943573415,0.2101153166712904
2026-04,캐스퍼,URBAN,2022.0,300,60.40625,1408045.0,27.0,18.0,52149.81481481482,0.2013541666666666,4693.483333333334,1408045.0,1.0
2026-04,코나,EV,2020.0,1050,144.34722222222223,4261372.777777778,54.0,45.0,82799.53703703704,0.1374735449735449,4058.450264550265,5885095.94498035,0.7240957186794015
2026-04,코나,SUV,2024.0,150,41.40625,1623723.1672025723,17.0,16.0,112807.64705882352,0.2760416666666667,10824.821114683817,5885095.94498035,0.2759042813205986
2026-04,테슬라 모델3,IMPORTED,2020.0,150,27.416666666666668,1447175.322580645,13.0,10.0,107717.30769230767,0.1827777777777778,9647.83548387097,1447175.322580645,1.0
2026-04,테슬라 모델Y RWD,IMPORTED,2026.0,105,15.71527777777778,1453452.0869565215,8.0,7.0,187090.625,0.1496693121693121,13842.40082815735,1453452.0869565215,1.0
2026-04,투싼,SUV,2021.0,210,1.3541666666666663,52820.0,1.0,1.0,52820.0,0.0064484126984126,251.52380952380952,11260922.515068715,0.004690557095062
2026-04,투싼,SUV,2023.0,210,27.461805555555557,1113160.7868020304,12.0,11.0,112855.41666666669,0.1307705026455026,5300.76565143824,11260922.515068715,0.0988516513911238
2026-04,투싼,SUV,2024.0,150,26.291666666666668,1016900.0,10.0,8.0,101690.0,0.1752777777777777,6779.333333333333,11260922.515068715,0.0903034363871381
2026-04,투싼,SUV,2025.0,480,134.91666666666666,6424145.857714955,54.0,47.0,137017.96296296295,0.2810763888888888,13383.637203572822,11260922.515068715,0.570481312620572
2026-04,투싼,SUV,2026.0,120,39.87569444444444,2653895.870551732,17.0,15.0,157303.82352941178,0.3322974537037036,22115.79892126443,11260922.515068715,0.2356730425061038
2026-04,팰리세이드,SUV,2025.0,300,21.666666666666668,1708108.136837121,12.0,10.0,235257.5,0.0722222222222222,5693.69378945707,8696547.104308784,0.1964122215805424
2026-04,팰리세이드,SUV,2026.0,390,121.13541666666669,6988438.967471662,52.0,39.0,174680.76923076922,0.3106036324786325,17919.074275568364,8696547.104308784,0.8035877784194575
2026-04,포르쉐,SUPERCAR,2022.0,30,8.270833333333332,2725325.0,5.0,5.0,537218.0,0.2756944444444444,90844.16666666669,6196385.0,0.4398249947348333
2026-04,포르쉐,SUPERCAR,2025.0,30,10.875,3471060.0,3.0,2.0,1157020.0,0.3625,115702.0,6196385.0,0.5601750052651667
2026-05,BMW 420i,IMPORTED,2024.0,155,37.21527777777778,4771450.613866153,19.0,16.0,273657.63157894736,0.2400985663082437,30783.552347523568,14446533.113866154,0.3302834372965506
2026-05,BMW 420i,IMPORTED,2026.0,186,71.84027777777777,9675082.5,36.0,31.0,273649.8611111111,0.3862380525686977,52016.57258064516,14446533.113866154,0.6697165627034494
2026-05,BMW 520i M스포츠,IMPORTED,2026.0,124,27.71527777777778,3568878.8764044945,13.0,13.0,235958.07692307697,0.2235103046594982,28781.281261326567,3568878.8764044945,1.0
2026-05,BMW X6 xdrive30d M sport,SUPERCAR,2026.0,31,0.0,0.0,0.0,0.0,,0.0,0.0,0.0,
2026-05,BMW X7 xdrive40i 하이브리드,SUPERCAR,2025.0,31,3.3958333333333335,2128167.7560975607,0.0,0.0,,0.1095430107526881,68650.57277734067,2128167.7560975607,1.0
2026-05,BMW Z4 로드스터,IMPORTED,2021.0,62,11.666666666666666,1364538.2142857143,5.0,5.0,299813.0,0.1881720430107527,22008.680875576036,1364538.2142857143,1.0
2026-05,EV3,EV,2025.0,341,85.83680555555556,5674840.602899415,30.0,29.0,166598.33333333334,0.2517208374063213,16641.761298825266,5674840.602899415,1.0
2026-05,EV4,EV,2026.0,186,32.145833333333336,2357208.870170864,17.0,15.0,152935.0,0.1728270609318996,12673.165968660558,2357208.870170864,1.0
2026-05,EV6,EV,2022.0,651,123.8715277777778,5524877.209447927,43.0,38.0,133445.6976744186,0.1902788445127154,8486.75454600296,5524877.209447927,1.0
2026-05,G80,LUXURY,2021.0,93,3.4583333333333335,164255.0,2.0,2.0,82127.5,0.0371863799283154,1766.1827956989248,4483481.002321877,0.0366355962955874
2026-05,G80,LUXURY,2024.0,93,9.916666666666666,815404.716981132,5.0,4.0,179284.0,0.1066308243727598,8767.792655711097,4483481.002321877,0.1818686677960396
2026-05,G80,LUXURY,2025.0,155,40.34027777777778,3503821.285340745,19.0,15.0,173521.31578947368,0.2602598566308244,22605.29861510158,4483481.002321877,0.7814957359083731
2026-05,GV70,SUV,2021.0,124,7.354166666666667,384560.0,3.0,3.0,128186.66666666669,0.0593077956989247,3101.290322580646,3227546.2878729366,0.1191493368956261
2026-05,GV70,SUV,2023.0,155,10.083333333333334,801375.0089813869,5.0,4.0,155841.0,0.0650537634408602,5170.161348267012,3227546.2878729366,0.2482923365010887
2026-05,GV70,SUV,2025.0,155,29.149305555555557,2041611.2788915497,13.0,9.0,153987.6923076923,0.1880600358422939,13171.685670268062,3227546.2878729366,0.6325583266032851
2026-05,GV80,SUV,2021.0,93,3.833333333333333,271700.0,1.0,1.0,271700.0,0.0412186379928315,2921.505376344086,6866463.80031321,0.0395691301813324
2026-05,GV80,SUV,2023.0,124,9.052083333333334,1179322.857142857,3.0,1.0,309073.3333333333,0.0730006720430107,9510.668202764977,6866463.80031321,0.1717511213106611
2026-05,GV80,SUV,2025.0,217,52.11805555555556,5415440.943170353,28.0,20.0,193437.14285714287,0.2401753712237583,24955.949046867987,6866463.80031321,0.7886797485080065
2026-05,K3,COMPACT,2019.0,279,0.0,0.0,0.0,0.0,,0.0,0.0,6204518.200055882,0.0
2026-05,K3,COMPACT,2020.0,310,20.11111111111111,518051.25,7.0,4.0,53802.857142857145,0.0648745519713261,1671.133064516129,6204518.200055882,0.0834958063295445
2026-05,K3,COMPACT,2021.0,310,34.458333333333336,646755.0,11.0,8.0,58795.90909090909,0.1111559139784946,2086.3064516129034,6204518.200055882,0.1042393589874834
2026-05,K3,COMPACT,2022.0,651,80.36111111111111,2779809.549494455,27.0,18.0,104623.70370370372,0.123442566990954,4270.060751911606,6204518.200055882,0.4480298807842031
2026-05,K3,COMPACT,2024.0,279,29.95138888888889,2259902.4005614277,15.0,10.0,159757.66666666666,0.107352648347272,8100.008604162823,6204518.200055882,0.364234953898769
2026-05,K5,MIDSIZE,2020.0,713,17.291666666666668,991230.0,8.0,7.0,123903.75,0.0242519869097709,1390.2244039270688,17782628.331898566,0.0557414787903949
2026-05,K5,MIDSIZE,2021.0,310,0.0,0.0,0.0,0.0,,0.0,0.0,17782628.331898566,0.0
2026-05,K5,MIDSIZE,2022.0,279,16.125,468729.4178082192,7.0,5.0,86041.42857142857,0.0577956989247311,1680.0337555850151,17782628.331898566,0.0263588379096587
2026-05,K5,MIDSIZE,2024.0,558,146.97986111111112,6223468.042658014,67.0,51.0,89204.85074626865,0.2634047690163282,11153.168535229415,17782628.331898566,0.3499745890484775
2026-05,K5,MIDSIZE,2026.0,806,204.44097222222223,10099200.871432332,89.0,72.0,111165.22471910113,0.2536488489109457,12530.025895077337,17782628.331898566,0.5679250942514688
2026-05,K8,LUXURY,2023.0,93,13.875,837615.0,5.0,5.0,167523.0,0.1491935483870967,9006.612903225807,837615.0,1.0
2026-05,QM6,SUV,2021.0,93,9.96527777777778,498359.7714761234,2.0,2.0,147915.0,0.1071535244922341,5358.70722017337,498359.7714761234,1.0
2026-05,SM6,MIDSIZE,2020.0,62,2.625,66029.16859122402,1.0,1.0,58710.0,0.0423387096774193,1064.9865901810326,66029.16859122402,1.0
2026-05,XM3,SUV,2022.0,62,3.1041666666666665,273508.1456953643,1.0,1.0,159980.0,0.0500672043010752,4411.42170476394,273508.1456953643,1.0
2026-05,그랜저 GN7,LUXURY,2026.0,155,43.52430555555556,3681327.195426131,18.0,14.0,168043.05555555556,0.2808019713261649,23750.4980350073,3681327.195426131,1.0
2026-05,니로 하이브리드,SUV,2022.0,248,19.875,699665.0,7.0,4.0,99952.14285714286,0.080141129032258,2821.2298387096776,699665.0,1.0
2026-05,더 K8,LUXURY,2026.0,124,31.70138888888889,2036740.568181818,13.0,12.0,148452.6923076923,0.2556563620071684,16425.3271627566,2036740.568181818,1.0
2026-05,더 뉴 그랜저,LUXURY,2020.0,217,6.739583333333333,373540.0,2.0,2.0,186770.0,0.0310579877112135,1721.3824884792627,373540.0,1.0
2026-05,더 뉴 셀토스,SUV,2024.0,341,58.513888888888886,2636201.1656802488,26.0,23.0,102421.53846153848,0.171594982078853,7730.795207273457,2636201.1656802488,1.0
2026-05,더뉴그랜드스타렉스12인,RV,2019.0,62,9.166666666666666,1286562.8813559322,5.0,3.0,274918.0,0.1478494623655913,20751.01421541826,1286562.8813559322,1.0
2026-05,더뉴그랜저 하이브리드,LUXURY,2024.0,155,28.416666666666668,2479243.067026906,11.0,10.0,224665.45454545456,0.1833333333333333,15995.11656146391,2479243.067026906,1.0
2026-05,디올뉴 그랜저,LUXURY,2023.0,155,10.354166666666666,863330.0,4.0,2.0,215832.5,0.0668010752688172,5569.870967741936,863330.0,1.0
2026-05,랭글러,IMPORTED,2023.0,124,24.09722222222222,2425625.4401839473,11.0,9.0,224581.81818181815,0.1943324372759856,19561.495485354415,2425625.4401839473,1.0
2026-05,레이,SUV,2022.0,248,26.5625,1515547.625,9.0,8.0,189790.55555555556,0.1071068548387096,6111.079133064516,10870616.526654998,0.1394168970346661
2026-05,레이,URBAN,2024.0,155,3.833333333333333,75500.0,2.0,0.0,37750.0,0.0247311827956989,487.0967741935484,10870616.526654998,0.006945328244711
2026-05,레이,URBAN,2025.0,620,209.0,7083080.083042164,82.0,65.0,80046.46341463414,0.3370967741935484,11424.322714584136,10870616.526654998,0.6515803464940826
2026-05,레이,URBAN,2026.0,155,58.583333333333336,2196488.818612833,29.0,23.0,72938.44827586207,0.3779569892473118,14170.89560395376,10870616.526654998,0.2020574282265401
2026-05,머스탱,IMPORTED,2023.0,124,26.865972222222226,2659850.0,13.0,12.0,204603.84615384616,0.2166610663082437,21450.40322580645,12537176.735756816,0.2121570155754397
2026-05,머스탱,IMPORTED,2024.0,248,86.39236111111111,9877326.735756816,38.0,34.0,265123.15789473685,0.3483562948028674,39827.9303861162,12537176.735756816,0.7878429844245602
2026-05,모닝,URBAN,2022.0,465,28.97222222222222,979336.1688311688,14.0,13.0,68423.21428571429,0.0623058542413381,2106.099287808965,979336.1688311688,1.0
2026-05,미니,IMPORTED,2022.0,186,11.729166666666666,1156670.6137566138,6.0,4.0,151795.0,0.0630600358422939,6218.659213745235,5958685.40587916,0.1941150664902329
2026-05,미니,IMPORTED,2024.0,124,8.895833333333334,844200.0,5.0,4.0,168840.0,0.0717405913978494,6808.064516129032,5958685.40587916,0.1416755446036917
2026-05,미니,IMPORTED,2025.0,341,43.0625,3957814.792122546,16.0,13.0,215305.625,0.126282991202346,11606.494991561718,5958685.40587916,0.6642093889060753
2026-05,베뉴,SUV,2022.0,62,6.666666666666667,417145.0,3.0,3.0,139048.33333333334,0.1075268817204301,6728.145161290323,417145.0,1.0
2026-05,베리뉴티볼리,SUV,2020.0,124,0.0,0.0,0.0,0.0,,0.0,0.0,0.0,
2026-05,벤츠,IMPORTED,2020.0,124,11.21527777777778,1235546.25,4.0,4.0,314640.0,0.0904457885304659,9964.082661290322,11210025.461730734,0.1102179699964073
2026-05,벤츠,IMPORTED,2021.0,62,9.041666666666666,1087465.0,5.0,5.0,217493.0,0.1458333333333333,17539.75806451613,11210025.461730734,0.0970082542374622
2026-05,벤츠,IMPORTED,2024.0,124,30.84722222222222,4414683.873239436,18.0,13.0,262544.72222222225,0.2487679211469534,35602.289300318036,11210025.461730734,0.3938156865308178
2026-05,벤츠,SUPERCAR,2021.0,31,8.925,4472330.338491296,5.0,4.0,915921.0,0.2879032258064516,144268.72059649343,11210025.461730734,0.3989580892353126
2026-05,볼보 XC40,IMPORTED,2022.0,62,3.166666666666667,280800.0,3.0,1.0,93600.0,0.0510752688172043,4529.032258064516,280800.0,1.0
2026-05,셀토스,SUV,2020.0,124,0.0,0.0,0.0,0.0,,0.0,0.0,0.0,
2026-05,스타리아,RV,2023.0,310,16.17361111111111,1271710.8975084,6.0,5.0,243798.33333333337,0.0521729390681003,4102.293217769033,14274444.12392871,0.0890900469725885
2026-05,스타리아,RV,2024.0,465,59.354166666666664,6182656.678033214,21.0,18.0,244865.7142857143,0.1276433691756272,13296.035866738095,14274444.12392871,0.4331276667838173
2026-05,스타리아,RV,2026.0,155,47.99305555555556,6820076.548387097,22.0,17.0,317468.86363636365,0.3096326164874552,44000.49386056192,14274444.12392871,0.4777822862435941
2026-05,스포티지,SUV,2022.0,93,3.041666666666667,104330.91743119265,1.0,1.0,71155.0,0.0327060931899641,1121.837821840781,9826547.518479634,0.0106172505892827
2026-05,스포티지,SUV,2025.0,403,70.65277777777777,3577260.562411926,27.0,23.0,134907.03703703705,0.1753170664460986,8876.577077945227,9826547.518479634,0.3640404277987352
2026-05,스포티지,SUV,2026.0,341,97.92708333333334,6144956.038636516,43.0,34.0,137048.2558139535,0.2871761974584556,18020.39894028304,9826547.518479634,0.6253423216119821
2026-05,싼타페,SUV,2024.0,620,116.12847222222224,6829582.849827034,43.0,38.0,157803.60465116278,0.1873039874551971,11015.456209398442,6829582.849827034,1.0
2026-05,쏘나타,MIDSIZE,2020.0,651,4.777777777777778,124863.75739644968,3.0,3.0,53151.666666666664,0.0073391363713944,191.80300675337892,5913475.368413054,0.0211151226000554
2026-05,쏘나타,MIDSIZE,2021.0,310,0.0,0.0,0.0,0.0,,0.0,0.0,5913475.368413054,0.0
2026-05,쏘나타,MIDSIZE,2024.0,620,163.57986111111111,5788611.611016605,58.0,42.0,99697.1551724138,0.2638384856630824,9336.470340349362,5913475.368413054,0.9788848773999446
2026-05,쏘렌토,SUV,2021.0,93,2.0625,67924.99999999999,1.0,1.0,67925.0,0.0221774193548387,730.3763440860214,7394326.716635127,0.0091860966661356
2026-05,쏘렌토,SUV,2022.0,93,10.395833333333334,385908.91100702574,2.0,2.0,117752.5,0.1117831541218638,4149.558182871245,7394326.716635127,0.052189864715991
2026-05,쏘렌토,SUV,2023.0,217,20.3125,1155240.7142857143,9.0,6.0,138372.77777777778,0.0936059907834101,5323.689927583937,7394326.716635127,0.1562333879143793
2026-05,쏘렌토,SUV,2024.0,682,107.92430555555556,5785252.091342387,42.0,35.0,141923.69047619047,0.1582467823395242,8482.774327481506,7394326.716635127,0.782390650703494
2026-05,쏠라티,RV,2019.0,93,3.0833333333333335,668224.9333333335,0.0,0.0,,0.0331541218637992,7185.214336917564,8476921.461995754,0.078828727661234
2026-05,쏠라티,RV,2023.0,124,5.04375,2300805.0,2.0,2.0,1150402.5,0.0406754032258064,18554.879032258064,8476921.461995754,0.2714198792940465
2026-05,쏠라티,RV,2024.0,31,1.3541666666666667,244681.52866242037,0.0,0.0,,0.0436827956989247,7892.952537497431,8476921.461995754,0.0288644326551085
2026-05,쏠라티,RV,2025.0,124,15.8125,4010070.0,7.0,7.0,572867.1428571428,0.1275201612903226,32339.274193548383,8476921.461995754,0.4730573496496562
2026-05,쏠라티,RV,2026.0,31,3.0416666666666665,1253140.0,2.0,1.0,626570.0,0.0981182795698924,40423.87096774193,8476921.461995754,0.1478296107399546
2026-05,아반떼,COMPACT,2020.0,155,0.0,0.0,0.0,0.0,,0.0,0.0,16690843.47919875,0.0
2026-05,아반떼,COMPACT,2021.0,465,30.1875,792404.269005848,13.0,11.0,65925.38461538461,0.0649193548387096,1704.095202163114,16690843.47919875,0.0474753879271227
2026-05,아반떼,COMPACT,2024.0,496,151.23611111111111,5332054.354130268,64.0,54.0,79126.484375,0.3049115143369175,10750.109584940055,16690843.47919875,0.3194598499935268
2026-05,아반떼,COMPACT,2025.0,465,67.5125,3537857.123459168,26.0,24.0,128008.07692307692,0.1451881720430107,7608.294889159501,16690843.47919875,0.2119639506456508
2026-05,아반떼,COMPACT,2026.0,496,150.58333333333334,7028527.732603467,68.0,52.0,90221.0294117647,0.3035954301075269,14170.418815732795,16690843.47919875,0.4211008114336996
2026-05,아우디A5 카브리올레,IMPORTED,2021.0,31,9.145833333333334,910822.5,4.0,3.0,229095.0,0.2950268817204301,29381.370967741936,910822.5,1.0
2026-05,아이오닉,EV,2021.0,310,46.71527777777778,2578305.4938976797,15.0,15.0,171410.33333333334,0.1506944444444444,8317.114496444128,2578305.4938976797,1.0
2026-05,카니발,RV,2018.0,248,4.6875,236544.754601227,1.0,1.0,142215.0,0.0189012096774193,953.8094943597864,43483827.792352304,0.0054398328438516
2026-05,카니발,RV,2019.0,155,3.9375,419139.99999999994,2.0,2.0,209570.0,0.0254032258064516,2704.129032258064,43483827.792352304,0.0096389858317329
2026-05,카니발,RV,2021.0,155,5.979166666666667,408665.0,3.0,1.0,136221.66666666666,0.0385752688172043,2636.548387096774,43483827.792352304,0.0093980916756338
2026-05,카니발,RV,2023.0,1116,63.166666666666664,4798680.51580281,27.0,22.0,164562.03703703705,0.0566009557945041,4299.892935307177,43483827.792352304,0.1103555220280486
2026-05,카니발,RV,2024.0,837,112.38194444444444,10386138.086615585,40.0,32.0,244912.375,0.1342675560865525,12408.76712857298,43483827.792352304,0.2388505937474584
2026-05,카니발,RV,2025.0,682,158.83680555555557,17830927.273906916,56.0,49.0,261574.73214285713,0.232898541870316,26145.05465382246,43483827.792352304,0.4100588236862377
2026-05,카니발,RV,2026.0,248,81.35694444444445,9403732.161425767,32.0,21.0,249607.8125,0.3280521953405018,37918.27484445874,43483827.792352304,0.2162581501870367
2026-05,캐스퍼,URBAN,2022.0,310,24.104166666666668,632627.952724359,13.0,8.0,55067.692307692305,0.077755376344086,2040.7353313689,632627.952724359,1.0
2026-05,코나,EV,2020.0,1085,100.59027777777776,4079845.843597263,35.0,31.0,111667.71428571428,0.0927099334357398,3760.226583960611,5368062.13206248,0.7600220979613984
2026-05,코나,SUV,2024.0,155,30.04861111111111,1288216.2884652168,12.0,7.0,83780.83333333333,0.1938620071684587,8311.07282880785,5368062.13206248,0.2399779020386016
2026-05,테슬라 모델3,IMPORTED,2020.0,155,5.965277777777778,230090.0,4.0,3.0,57522.5,0.0384856630824372,1484.451612903226,230090.0,1.0
2026-05,테슬라 모델Y RWD,IMPORTED,2026.0,155,24.041666666666668,2488539.7551487414,13.0,12.0,205290.0,0.1551075268817204,16055.095194508009,2488539.7551487414,1.0
2026-05,투싼,SUV,2021.0,217,2.5,97850.0,3.0,2.0,32616.666666666668,0.0115207373271889,450.9216589861751,17579915.701348115,0.0055660107626395
2026-05,투싼,SUV,2023.0,217,36.083333333333336,1892939.732678489,13.0,10.0,140141.15384615384,0.1662826420890937,8723.22457455525,17579915.701348115,0.1076762690354271
2026-05,투싼,SUV,2024.0,155,14.375,652163.25,5.0,5.0,143758.0,0.0927419354838709,4207.504838709678,17579915.701348115,0.0370970635513336
2026-05,투싼,SUV,2025.0,496,179.24652777777777,11637897.585750112,67.0,58.0,159166.41791044775,0.3613841285842293,23463.50319707684,17579915.701348115,0.6619996240856639
2026-05,투싼,SUV,2026.0,124,50.1875,3299065.132919515,21.0,15.0,152922.14285714287,0.4047379032258064,26605.36397515738,17579915.701348115,0.1876610325649358
2026-05,팰리세이드,SUV,2025.0,310,72.07638888888889,5707036.3429661635,25.0,23.0,194820.2,0.2325044802867383,18409.79465472956,15134101.61075211,0.3770977947519241
2026-05,팰리세이드,SUV,2026.0,403,125.35416666666669,9427065.267785946,48.0,36.0,153969.58333333334,0.3110525227460711,23392.22150815371,15134101.61075211,0.6229022052480758
2026-05,포르쉐,SUPERCAR,2022.0,31,2.8541666666666665,1183795.0,2.0,2.0,591897.5,0.0920698924731182,38186.93548387097,1183795.0,1.0
2026-05,포르쉐,SUPERCAR,2025.0,31,0.0,0.0,0.0,0.0,,0.0,0.0,1183795.0,0.0
2026-06,BMW 420i,IMPORTED,2024.0,150,21.875,2626259.386133847,9.0,9.0,244246.11111111112,0.1458333333333333,17508.395907558977,7630221.886133847,0.3441917450535039
2026-06,BMW 420i,IMPORTED,2026.0,180,37.1125,5003962.5,21.0,18.0,229888.09523809524,0.2061805555555555,27799.791666666668,7630221.886133847,0.6558082549464961
2026-06,BMW 520i M스포츠,IMPORTED,2026.0,120,5.777777777777778,565085.0,3.0,2.0,188361.66666666663,0.0481481481481481,4709.041666666667,565085.0,1.0
2026-06,BMW X6 xdrive30d M sport,SUPERCAR,2026.0,30,0.0,0.0,0.0,0.0,,0.0,0.0,0.0,
2026-06,BMW X7 xdrive40i 하이브리드,SUPERCAR,2025.0,30,0.0,0.0,0.0,0.0,,0.0,0.0,0.0,
2026-06,BMW Z4 로드스터,IMPORTED,2021.0,60,2.5833333333333335,281966.7857142857,1.0,1.0,147440.0,0.0430555555555555,4699.446428571428,281966.7857142857,1.0
2026-06,EV3,EV,2025.0,330,55.739583333333336,2854428.042411947,25.0,22.0,113897.2,0.1689078282828283,8649.78194670287,2854428.042411947,1.0
2026-06,EV4,EV,2026.0,180,40.35069444444444,2334797.816852037,19.0,18.0,118363.42105263156,0.224170524691358,12971.098982511316,2334797.816852037,1.0
2026-06,EV6,EV,2022.0,630,123.89652777777778,5044356.983734466,46.0,38.0,109345.0,0.1966611552028218,8006.915847197565,5044356.983734466,1.0
2026-06,G80,LUXURY,2021.0,90,18.083333333333332,794655.0,5.0,4.0,158931.0,0.2009259259259259,8829.5,4991552.976844789,0.1591999531380931
2026-06,G80,LUXURY,2024.0,90,12.979166666666666,847088.9496855346,6.0,6.0,149102.5,0.1442129629629629,9412.099440950384,4991552.976844789,0.1697044894875558
2026-06,G80,LUXURY,2025.0,150,47.173611111111114,3349809.0271592545,22.0,16.0,150249.0909090909,0.3144907407407407,22332.060181061697,4991552.976844789,0.6710955573743509
2026-06,GV70,SUV,2021.0,120,13.833333333333334,736630.0,7.0,6.0,105232.85714285714,0.1152777777777777,6138.583333333333,4497885.203777859,0.1637725212242612
2026-06,GV70,SUV,2023.0,150,19.458333333333332,979651.4539007092,6.0,6.0,155071.66666666666,0.1297222222222222,6531.009692671395,4497885.203777859,0.2178026804859051
2026-06,GV70,SUV,2025.0,150,40.28263888888889,2781603.7498771497,16.0,11.0,170301.25,0.2685509259259259,18544.024999181,4497885.203777859,0.6184247982898337
2026-06,GV80,SUV,2021.0,90,6.569444444444445,295409.8772746509,2.0,2.0,405602.5,0.0729938271604938,3282.3319697183433,6586283.448610125,0.044852287269384
2026-06,GV80,SUV,2023.0,120,8.291666666666666,436886.6273584906,3.0,3.0,170398.33333333334,0.0690972222222222,3640.721894654088,6586283.448610125,0.0663328007012338
2026-06,GV80,SUV,2025.0,210,73.78611111111111,5853986.943976983,34.0,27.0,159024.41176470587,0.3513624338624339,27876.128304652306,6586283.448610125,0.888814912029382
2026-06,K3,COMPACT,2019.0,270,0.0,0.0,0.0,0.0,,0.0,0.0,4509099.896951417,0.0
2026-06,K3,COMPACT,2020.0,300,19.625,312624.64285714284,5.0,3.0,73530.0,0.0654166666666666,1042.0821428571428,4509099.896951417,0.0693319398553372
2026-06,K3,COMPACT,2021.0,300,19.19930555555555,402775.0,6.0,5.0,67129.16666666667,0.0639976851851851,1342.5833333333333,4509099.896951417,0.0893249227572701
2026-06,K3,COMPACT,2022.0,630,54.170833333333334,1246451.3244650902,22.0,19.0,56940.0,0.0859854497354497,1978.4941658176035,4509099.896951417,0.2764301862790421
2026-06,K3,COMPACT,2024.0,270,97.51944444444445,2547248.929629185,41.0,30.0,56257.92682926829,0.3611831275720165,9434.255294922908,4509099.896951417,0.5649129511083506
2026-06,K5,MIDSIZE,2020.0,690,26.520833333333332,557933.3333333334,12.0,9.0,48316.666666666664,0.0384359903381642,808.5990338164252,13934288.55418725,0.0400403171761269
2026-06,K5,MIDSIZE,2021.0,300,0.0,0.0,0.0,0.0,,0.0,0.0,13934288.55418725,0.0
2026-06,K5,MIDSIZE,2022.0,270,24.05902777777778,651575.5821917808,7.0,5.0,74002.14285714286,0.0891075102880658,2413.2428970065957,13934288.55418725,0.0467605920214694
2026-06,K5,MIDSIZE,2024.0,540,158.02430555555554,4819730.748704008,65.0,45.0,75422.0,0.2926376028806584,8925.42731241483,13934288.55418725,0.3458899770850289
2026-06,K5,MIDSIZE,2026.0,780,230.26736111111111,7905048.889958128,88.0,72.0,87966.875,0.2952145655270655,10134.678064048883,13934288.55418725,0.5673091137173748
2026-06,K8,LUXURY,2023.0,90,12.520833333333334,487718.6979166667,4.0,4.0,142442.5,0.1391203703703703,5419.096643518519,487718.6979166667,1.0
2026-06,QM6,SUV,2021.0,90,8.979166666666666,279166.875,3.0,3.0,119556.66666666669,0.0997685185185185,3101.8541666666665,279166.875,1.0
2026-06,SM6,MIDSIZE,2020.0,60,0.0,0.0,0.0,0.0,,0.0,0.0,0.0,
2026-06,XM3,SUV,2022.0,60,1.375,46800.0,1.0,0.0,46800.0,0.0229166666666666,780.0,46800.0,1.0
2026-06,그랜저 GN7,LUXURY,2026.0,150,34.63888888888889,2426548.0,13.0,10.0,185620.0,0.2309259259259259,16176.986666666666,2426548.0,1.0
2026-06,니로 하이브리드,SUV,2022.0,240,13.958333333333334,486530.0,7.0,6.0,69504.28571428571,0.0581597222222222,2027.2083333333333,486530.0,1.0
2026-06,더 K8,LUXURY,2026.0,120,40.229166666666664,2442490.0,15.0,13.0,162832.66666666666,0.3352430555555555,20354.083333333332,2442490.0,1.0
2026-06,더 뉴 그랜저,LUXURY,2020.0,210,3.8333333333333335,106780.0,1.0,1.0,106780.0,0.0182539682539682,508.4761904761905,106780.0,1.0
2026-06,더 뉴 셀토스,SUV,2024.0,330,36.46527777777778,1341558.8343197512,15.0,11.0,83606.33333333333,0.1105008417508417,4065.3298009689433,1341558.8343197512,1.0
2026-06,더뉴그랜드스타렉스12인,RV,2019.0,60,9.635416666666666,552662.1186440678,3.0,2.0,154878.33333333334,0.1605902777777777,9211.035310734464,552662.1186440678,1.0
2026-06,더뉴그랜저 하이브리드,LUXURY,2024.0,150,17.1875,842297.2994652407,5.0,5.0,159418.0,0.1145833333333333,5615.315329768271,842297.2994652407,1.0
2026-06,디올뉴 그랜저,LUXURY,2023.0,150,5.083333333333333,208800.0,2.0,0.0,104400.0,0.0338888888888888,1392.0,208800.0,1.0
2026-06,랭글러,IMPORTED,2023.0,120,14.270833333333334,1112279.5588235294,6.0,6.0,163495.0,0.1189236111111111,9268.99632352941,1112279.5588235294,1.0
2026-06,레이,SUV,2022.0,240,19.9375,625522.375,8.0,6.0,54119.375,0.0830729166666666,2606.343229166667,6531000.435554996,0.0957774204997191
2026-06,레이,URBAN,2024.0,150,11.520833333333332,194855.0,4.0,3.0,48713.75,0.0768055555555555,1299.0333333333333,6531000.435554996,0.0298353984083667
2026-06,레이,URBAN,2025.0,600,185.9284722222222,4066587.558486104,74.0,55.0,51692.7027027027,0.309880787037037,6777.645930810173,6531000.435554996,0.6226592079748545
2026-06,레이,URBAN,2026.0,150,49.770833333333336,1644035.5020688926,23.0,19.0,74366.30434782608,0.3318055555555556,10960.236680459284,6531000.435554996,0.2517279731170596
2026-06,머스탱,IMPORTED,2023.0,120,14.104166666666666,1358230.0,6.0,6.0,226371.66666666663,0.1175347222222222,11318.583333333334,7610997.982132219,0.1784562291553114
2026-06,머스탱,IMPORTED,2024.0,240,63.625,6252767.982132219,29.0,25.0,214910.5172413793,0.2651041666666666,26053.19992555091,7610997.982132219,0.8215437708446885
2026-06,모닝,URBAN,2022.0,450,51.4375,948994.2857142856,18.0,16.0,51147.77777777778,0.1143055555555555,2108.8761904761905,948994.2857142856,1.0
2026-06,미니,IMPORTED,2022.0,180,11.821527777777778,873727.2857142857,7.0,6.0,124031.42857142857,0.0656751543209876,4854.040476190476,3588604.103896104,0.2434727432780034
2026-06,미니,IMPORTED,2024.0,120,8.354166666666666,554135.0,4.0,4.0,138533.75,0.0696180555555555,4617.791666666667,3588604.103896104,0.1544151943086679
2026-06,미니,IMPORTED,2025.0,330,25.34375,2160741.818181818,13.0,11.0,168273.84615384616,0.0767992424242424,6547.702479338842,3588604.103896104,0.6021120624133286
2026-06,베뉴,SUV,2022.0,60,8.375,299550.0,5.0,4.0,59910.0,0.1395833333333333,4992.5,299550.0,1.0
2026-06,베리뉴티볼리,SUV,2020.0,120,4.416666666666667,94620.0,2.0,2.0,47310.0,0.0368055555555555,788.5,94620.0,1.0
2026-06,벤츠,IMPORTED,2020.0,120,11.694444444444445,1064033.75,7.0,6.0,148717.14285714287,0.0974537037037037,8866.947916666666,8163942.359881617,0.1303333246482437
2026-06,벤츠,IMPORTED,2021.0,60,4.333333333333333,450545.09433962265,4.0,4.0,143433.75,0.0722222222222222,7509.084905660377,8163942.359881617,0.0551871968809632
2026-06,벤츠,IMPORTED,2024.0,120,34.486111111111114,4796083.85403329,15.0,8.0,302032.3333333333,0.2873842592592593,39967.36545027742,8163942.359881617,0.5874715477661502
2026-06,벤츠,SUPERCAR,2021.0,30,4.541666666666667,1853279.661508704,2.0,2.0,873002.5,0.1513888888888889,61775.9887169568,8163942.359881617,0.2270079307046427
2026-06,볼보 XC40,IMPORTED,2022.0,60,4.583333333333334,307895.0,2.0,2.0,153947.5,0.0763888888888889,5131.583333333333,307895.0,1.0
2026-06,셀토스,SUV,2020.0,120,0.0,0.0,0.0,0.0,,0.0,0.0,0.0,
2026-06,스타리아,RV,2023.0,300,18.555555555555557,1440656.2824223957,7.0,6.0,174563.57142857142,0.0618518518518518,4802.187608074652,6164119.820143221,0.2337164630892789
2026-06,스타리아,RV,2024.0,450,28.833333333333332,1916315.0861079216,11.0,8.0,170356.36363636365,0.064074074074074,4258.477969128715,6164119.820143221,0.310882192757797
2026-06,스타리아,RV,2026.0,150,35.8125,2807148.4516129033,16.0,15.0,165181.875,0.23875,18714.323010752687,6164119.820143221,0.455401344152924
2026-06,스포티지,SUV,2022.0,90,14.229166666666666,575330.0,6.0,4.0,95888.33333333331,0.1581018518518518,6392.555555555556,6649930.62775027,0.0865166920086562
2026-06,스포티지,SUV,2025.0,390,61.8125,2415248.873116574,21.0,19.0,111822.38095238096,0.1584935897435897,6192.9458285040355,6649930.62775027,0.3631991081286924
2026-06,스포티지,SUV,2026.0,330,83.84861111111111,3659351.7546336967,38.0,29.0,85496.31578947368,0.2540867003367003,11088.9447110112,6649930.62775027,0.5502841998626514
2026-06,싼타페,SUV,2024.0,600,100.34722222222224,4848795.252157746,37.0,29.0,129281.75675675676,0.1672453703703703,8081.32542026291,4848795.252157746,1.0
2026-06,쏘나타,MIDSIZE,2020.0,630,10.096527777777778,202871.16068840827,4.0,4.0,76593.75,0.0160262345679012,322.0177153784258,4498147.939951067,0.0451010423393533
2026-06,쏘나타,MIDSIZE,2021.0,300,0.0,0.0,0.0,0.0,,0.0,0.0,4498147.939951067,0.0
2026-06,쏘나타,MIDSIZE,2024.0,600,126.16111111111113,4295276.779262658,50.0,37.0,90068.1,0.2102685185185185,7158.79463210443,4498147.939951067,0.9548989576606466
2026-06,쏘렌토,SUV,2021.0,90,0.0,0.0,0.0,0.0,,0.0,0.0,7326097.904562074,0.0
2026-06,쏘렌토,SUV,2022.0,90,12.604166666666666,506445.0,5.0,5.0,101289.0,0.1400462962962962,5627.166666666667,7326097.904562074,0.0691288877923169
2026-06,쏘렌토,SUV,2023.0,210,16.833333333333332,620609.2857142857,5.0,3.0,106099.0,0.0801587301587301,2955.28231292517,7326097.904562074,0.0847121201216574
2026-06,쏘렌토,SUV,2024.0,660,129.46805555555557,6199043.618847788,47.0,39.0,119629.78723404255,0.1961637205387205,9392.490331587558,7326097.904562074,0.8461589920860255
2026-06,쏠라티,RV,2019.0,90,0.0,0.0,0.0,0.0,,0.0,0.0,4103430.0,0.0
2026-06,쏠라티,RV,2023.0,120,0.0,0.0,0.0,0.0,,0.0,0.0,4103430.0,0.0
2026-06,쏠라티,RV,2024.0,30,2.0625,454005.0,1.0,1.0,454005.0,0.06875,15133.5,4103430.0,0.1106403667175996
2026-06,쏠라티,RV,2025.0,120,12.010416666666666,2795090.0,4.0,4.0,698772.5,0.1000868055555555,23292.416666666668,4103430.0,0.6811594202898551
2026-06,쏠라티,RV,2026.0,30,2.15625,854335.0,1.0,1.0,854335.0,0.071875,28477.833333333332,4103430.0,0.2082002129925452
2026-06,아반떼,COMPACT,2020.0,150,0.0,0.0,0.0,0.0,,0.0,0.0,8133154.647326091,0.0
2026-06,아반떼,COMPACT,2021.0,450,29.541666666666668,518197.05349255865,10.0,9.0,49888.5,0.0656481481481481,1151.5490077612417,8133154.647326091,0.0637141522524626
2026-06,아반떼,COMPACT,2024.0,480,133.86458333333334,3301776.919869858,54.0,37.0,61172.87037037037,0.2788845486111111,6878.701916395537,8133154.647326091,0.4059650975596992
2026-06,아반떼,COMPACT,2025.0,450,56.86805555555556,1493354.375,24.0,20.0,61345.833333333336,0.1263734567901234,3318.5652777777777,8133154.647326091,0.1836131783736541
2026-06,아반떼,COMPACT,2026.0,480,101.6875,2819826.2989636743,41.0,36.0,67728.17073170732,0.2118489583333333,5874.638122840988,8133154.647326091,0.3467075718141839
2026-06,아우디A5 카브리올레,IMPORTED,2021.0,30,5.875,401802.5,2.0,2.0,198122.5,0.1958333333333333,13393.416666666666,401802.5,1.0
2026-06,아이오닉,EV,2021.0,300,53.80555555555556,2299596.5542950914,19.0,18.0,113111.05263157896,0.1793518518518518,7665.321847650304,2299596.5542950914,1.0
2026-06,카니발,RV,2018.0,240,0.0,0.0,0.0,0.0,,0.0,0.0,21702472.8824265,0.0
2026-06,카니발,RV,2019.0,150,0.0,0.0,0.0,0.0,,0.0,0.0,21702472.8824265,0.0
2026-06,카니발,RV,2021.0,150,3.739583333333333,236370.53929121725,3.0,3.0,159473.33333333334,0.0249305555555555,1575.8035952747816,21702472.8824265,0.0108914104199903
2026-06,카니발,RV,2023.0,1080,45.69444444444444,2865340.085805867,23.0,17.0,127226.08695652174,0.042309670781893,2653.0926720424695,21702472.8824265,0.1320282762857898
2026-06,카니발,RV,2024.0,810,102.47916666666669,5613556.528226271,33.0,29.0,165839.54545454544,0.1265174897119341,6930.316701513915,21702472.8824265,0.2586597646562124
2026-06,카니발,RV,2025.0,660,129.95555555555555,8378152.214251658,51.0,43.0,159786.66666666666,0.1969023569023568,12694.170021593422,21702472.8824265,0.3860459708734776
2026-06,카니발,RV,2026.0,240,67.92361111111111,4609053.514851485,28.0,22.0,163523.57142857142,0.2830150462962963,19204.389645214524,21702472.8824265,0.2123745777645297
2026-06,캐스퍼,URBAN,2022.0,300,83.35763888888889,1842900.953699127,35.0,26.0,51540.857142857145,0.2778587962962963,6143.00317899709,1842900.953699127,1.0
2026-06,코나,EV,2020.0,1050,75.98611111111111,2232850.7018572823,25.0,23.0,89067.2,0.0723677248677248,2126.5244779593163,3509783.150951398,0.6361791044703211
2026-06,코나,SUV,2024.0,150,40.770833333333336,1276932.4490941158,15.0,11.0,89077.33333333333,0.2718055555555556,8512.882993960771,3509783.150951398,0.3638208955296789
2026-06,테슬라 모델3,IMPORTED,2020.0,150,9.583333333333334,465995.0,3.0,2.0,155331.66666666666,0.0638888888888889,3106.633333333333,465995.0,1.0
2026-06,테슬라 모델Y RWD,IMPORTED,2026.0,154,34.916666666666664,3542403.1578947366,15.0,14.0,221260.0,0.2267316017316017,23002.61790840738,3542403.1578947366,1.0
2026-06,투싼,SUV,2021.0,210,3.208333333333333,104215.0,1.0,1.0,104215.0,0.0152777777777777,496.2619047619048,12155208.47552552,0.008573690875795
2026-06,투싼,SUV,2023.0,210,24.947222222222223,901499.4805194804,8.0,8.0,91437.5,0.1187962962962963,4292.8546691403835,12155208.47552552,0.0741656946760433
2026-06,투싼,SUV,2024.0,150,38.0625,1438836.1418918918,16.0,14.0,89288.4375,0.25375,9592.240945945943,12155208.47552552,0.118371983893899
2026-06,투싼,SUV,2025.0,480,165.16666666666666,6689216.150768471,61.0,49.0,107275.81967213115,0.3440972222222222,13935.866980767649,12155208.47552552,0.5503168591667671
2026-06,투싼,SUV,2026.0,120,59.21527777777778,3021441.7023456763,26.0,20.0,117225.57692307692,0.4934606481481481,25178.680852880636,12155208.47552552,0.2485717713874954
2026-06,팰리세이드,SUV,2025.0,300,64.75,3833195.520196715,22.0,18.0,161579.31818181818,0.2158333333333333,12777.318400655717,10437340.578024665,0.3672578748907869
2026-06,팰리세이드,SUV,2026.0,390,121.94444444444444,6604145.057827949,50.0,40.0,133435.0,0.3126780626780627,16933.70527648192,10437340.578024665,0.6327421251092131
2026-06,포르쉐,SUPERCAR,2022.0,30,4.333333333333333,1750380.0,4.0,3.0,437595.0,0.1444444444444444,58346.0,4641755.0,0.3770944394954064
2026-06,포르쉐,SUPERCAR,2025.0,30,9.25,2891375.0,5.0,5.0,578275.0,0.3083333333333333,96379.16666666669,4641755.0,0.6229055605045937
2026-07,BMW 420i,IMPORTED,2024.0,155,28.416666666666668,3162380.0,11.0,8.0,287489.0909090909,0.1833333333333333,20402.451612903227,10246742.303807303,0.3086229658400776
2026-07,BMW 420i,IMPORTED,2026.0,186,48.46388888888889,7084362.303807304,24.0,21.0,317443.9583333333,0.2605585424133811,38087.96937530809,10246742.303807303,0.6913770341599225
2026-07,BMW 520i M스포츠,IMPORTED,2026.0,124,21.272916666666667,2327994.1304347827,8.0,7.0,318810.0,0.1715557795698924,18774.146213183732,2327994.1304347827,1.0
2026-07,BMW X6 xdrive30d M sport,SUPERCAR,2026.0,31,0.0,0.0,0.0,0.0,,0.0,0.0,0.0,
2026-07,BMW X7 xdrive40i 하이브리드,SUPERCAR,2025.0,31,4.0,969750.0,2.0,2.0,484875.0,0.1290322580645161,31282.25806451613,969750.0,1.0
2026-07,BMW Z4 로드스터,IMPORTED,2021.0,62,11.67361111111111,1353013.75,5.0,5.0,315191.0,0.1882840501792114,21822.802419354837,1353013.75,1.0
2026-07,EV3,EV,2025.0,341,57.58680555555556,4457818.948427674,22.0,19.0,230774.7727272727,0.1688762626262626,13072.782839963857,4457818.948427674,1.0
2026-07,EV4,EV,2026.0,186,49.61805555555556,4359223.312977099,17.0,16.0,247201.76470588235,0.2667637395459976,23436.6844783715,4359223.312977099,1.0
2026-07,EV6,EV,2022.0,651,146.09027777777777,9004846.03719798,45.0,42.0,229235.66666666663,0.2244090288445127,13832.328782178156,9004846.03719798,1.0
2026-07,G80,LUXURY,2021.0,93,13.395833333333334,694389.1212121212,4.0,3.0,266113.75,0.1440412186379928,7466.549690452916,6311098.817331318,0.110026659589803
2026-07,G80,LUXURY,2024.0,93,6.777777777777778,512246.3333333333,2.0,2.0,191852.5,0.072879330943847,5508.025089605734,6311098.817331318,0.0811659503613888
2026-07,G80,LUXURY,2025.0,155,42.82152777777778,5104463.362785863,20.0,17.0,277364.75,0.2762679211469534,32932.021695392665,6311098.817331318,0.8088073900488081
2026-07,GV70,SUV,2021.0,124,7.916666666666667,641820.0,3.0,3.0,213940.0,0.0638440860215053,5175.967741935484,4648764.299682875,0.1380624954557887
2026-07,GV70,SUV,2023.0,155,17.02777777777778,977135.0,5.0,4.0,195427.0,0.1098566308243727,6304.096774193548,4648764.299682875,0.2101924160935965
2026-07,GV70,SUV,2025.0,155,35.65625,3029809.299682875,11.0,8.0,266864.54545454547,0.2300403225806451,19547.15677214758,4648764.299682875,0.6517450884506146
2026-07,GV80,SUV,2021.0,93,33.708333333333336,905598.6563690224,1.0,1.0,391875.0,0.3624551971326165,9737.61996095723,8675797.616791047,0.1043821786041131
2026-07,GV80,SUV,2023.0,124,7.458333333333333,917963.2238319856,2.0,2.0,601160.0,0.0601478494623655,7402.929224451497,8675797.616791047,0.1058073579373692
2026-07,GV80,SUV,2025.0,217,61.02777777777778,6852235.736590038,23.0,17.0,298613.47826086957,0.2812339989759345,31577.12321009234,8675797.616791047,0.7898104634585175
2026-07,K3,COMPACT,2019.0,279,0.0,0.0,0.0,0.0,,0.0,0.0,7397421.75625743,0.0
2026-07,K3,COMPACT,2020.0,310,11.270833333333334,308295.35714285716,2.0,2.0,126635.0,0.0363575268817204,994.5011520737328,7397421.75625743,0.0416760551582816
2026-07,K3,COMPACT,2021.0,310,14.833333333333332,373800.0,7.0,7.0,53400.0,0.0478494623655913,1205.8064516129032,7397421.75625743,0.050531119127256
2026-07,K3,COMPACT,2022.0,651,91.49444444444444,3175407.266677387,29.0,25.0,127509.8275862069,0.1405444615122034,4877.737736831624,7397421.75625743,0.4292586486624655
2026-07,K3,COMPACT,2024.0,279,81.35069444444444,3539919.132437186,36.0,27.0,109956.25,0.2915795499800876,12687.882195115362,7397421.75625743,0.4785341770519968
2026-07,K5,MIDSIZE,2020.0,713,21.67361111111111,730051.6666666667,8.0,7.0,88523.125,0.0303977715443353,1023.915381019168,16152623.258239226,0.0451970961617195
2026-07,K5,MIDSIZE,2021.0,310,0.0,0.0,0.0,0.0,,0.0,0.0,16152623.258239226,0.0
2026-07,K5,MIDSIZE,2022.0,279,10.791666666666666,418000.0,4.0,4.0,104500.0,0.0386798088410991,1498.2078853046594,16152623.258239226,0.0258781495313328
2026-07,K5,MIDSIZE,2024.0,558,105.95138888888889,4875589.880410402,40.0,35.0,131751.5,0.1898770410195141,8737.61627313692,16152623.258239226,0.3018450812887889
2026-07,K5,MIDSIZE,2026.0,822,178.20625,10128981.711162155,71.0,57.0,155851.05633802817,0.2167959245742092,12322.36217902939,16152623.258239226,0.6270796730181586
2026-07,K8,LUXURY,2023.0,93,11.479166666666666,433415.19286831626,2.0,2.0,179670.0,0.123431899641577,4660.378417938884,433415.19286831626,1.0
2026-07,QM6,SUV,2021.0,93,3.2916666666666665,263613.125,1.0,1.0,184110.0,0.0353942652329749,2834.549731182796,263613.125,1.0
2026-07,SM6,MIDSIZE,2020.0,62,7.9375,363185.0,3.0,3.0,121061.66666666669,0.1280241935483871,5857.822580645161,363185.0,1.0
2026-07,XM3,SUV,2022.0,62,0.0,0.0,0.0,0.0,,0.0,0.0,0.0,
2026-07,그랜저 GN7,LUXURY,2026.0,155,33.8125,3464959.323179606,14.0,13.0,294200.0,0.2181451612903225,22354.5762785781,3464959.323179606,1.0
2026-07,니로 하이브리드,SUV,2022.0,248,24.645833333333332,1545121.4584434736,11.0,10.0,177060.9090909091,0.0993783602150537,6230.3284614656195,1545121.4584434736,1.0
2026-07,더 K8,LUXURY,2026.0,124,30.166666666666664,2748830.736196319,10.0,8.0,308027.0,0.2432795698924731,22167.989808034832,2748830.736196319,1.0
2026-07,더 뉴 그랜저,LUXURY,2020.0,217,19.84722222222222,1045950.0,6.0,6.0,174325.0,0.0914618535586277,4820.046082949309,1045950.0,1.0
2026-07,더 뉴 셀토스,SUV,2024.0,341,60.892361111111114,3673560.580645161,23.0,21.0,170739.5652173913,0.1785699739328771,10772.904928578186,3673560.580645161,1.0
2026-07,더뉴그랜드스타렉스12인,RV,2019.0,62,5.354166666666667,657779.9999999999,2.0,2.0,328890.0,0.0863575268817204,10609.354838709676,657779.9999999999,1.0
2026-07,더뉴그랜저 하이브리드,LUXURY,2024.0,155,25.208333333333332,1858674.9413080667,12.0,11.0,235132.08333333337,0.1626344086021505,11991.451234245593,1858674.9413080667,1.0
2026-07,디올뉴 그랜저,LUXURY,2023.0,155,2.5,162051.0,2.0,2.0,225767.5,0.0161290322580645,1045.4903225806452,162051.0,1.0
2026-07,랭글러,IMPORTED,2023.0,124,8.927083333333334,1379210.0,4.0,4.0,344802.5,0.0719926075268817,11122.66129032258,1379210.0,1.0
2026-07,레이,SUV,2022.0,248,36.458333333333336,1817738.4390266177,14.0,13.0,155471.42857142858,0.1470094086021505,7329.590479946038,8253648.517973,0.2202345344690099
2026-07,레이,URBAN,2024.0,155,4.791666666666666,374783.5074626866,2.0,2.0,386317.5,0.0309139784946236,2417.9581126624944,8253648.517973,0.0454082223935953
2026-07,레이,URBAN,2025.0,620,135.08055555555555,4402225.356959886,51.0,40.0,93576.3725490196,0.2178718637992831,7100.363478967558,8253648.517973,0.5333671948076875
2026-07,레이,URBAN,2026.0,155,45.86805555555556,1658901.2145238095,15.0,13.0,108327.0,0.2959229390681003,10702.588480798771,8253648.517973,0.2009900483297072
2026-07,머스탱,IMPORTED,2023.0,124,6.416666666666667,621780.0,3.0,3.0,207260.0,0.0517473118279569,5014.354838709677,9521748.05273844,0.0653010347003644
2026-07,머스탱,IMPORTED,2024.0,248,73.23958333333333,8899968.05273844,37.0,32.0,263759.1891891892,0.2953209005376344,35886.96795459048,9521748.05273844,0.9346989652996356
2026-07,모닝,URBAN,2022.0,465,23.103472222222223,756473.125,11.0,11.0,99400.0,0.0496848864994026,1626.8239247311828,756473.125,1.0
2026-07,미니,IMPORTED,2022.0,186,20.03472222222222,1382251.2857142857,7.0,7.0,194218.57142857145,0.107713560334528,7431.458525345622,6119657.575640576,0.2258706910687888
2026-07,미니,IMPORTED,2024.0,124,7.291666666666667,672790.0,3.0,3.0,224263.33333333337,0.0588037634408602,5425.725806451613,6119657.575640576,0.1099391578179234
2026-07,미니,IMPORTED,2025.0,341,42.833333333333336,4064616.28992629,21.0,19.0,199246.19047619047,0.1256109481915933,11919.69586488648,6119657.575640576,0.6641901511132877
2026-07,베뉴,SUV,2022.0,62,9.395833333333334,410970.0,3.0,3.0,136990.0,0.1515456989247312,6628.548387096775,410970.0,1.0
2026-07,베리뉴티볼리,SUV,2020.0,124,2.7083333333333335,233415.0,1.0,1.0,233415.0,0.0218413978494623,1882.3790322580649,233415.0,1.0
2026-07,벤츠,IMPORTED,2020.0,124,13.770833333333334,997975.0,6.0,6.0,166329.16666666666,0.1110551075268817,8048.185483870968,11513199.168183569,0.086680946400882
2026-07,벤츠,IMPORTED,2021.0,62,14.84027777777778,1354389.9056603771,5.0,5.0,246240.0,0.2393593189964157,21844.998478393183,11513199.168183569,0.1176380158004387
2026-07,벤츠,IMPORTED,2024.0,124,35.56944444444444,5280749.262523191,17.0,15.0,311422.9411764706,0.286850358422939,42586.68760099348,11513199.168183569,0.4586691488076057
2026-07,벤츠,SUPERCAR,2021.0,31,10.36111111111111,3880085.0,6.0,6.0,646680.8333333334,0.3342293906810035,125164.03225806452,11513199.168183569,0.3370118889910734
2026-07,볼보 XC40,IMPORTED,2022.0,62,0.0,0.0,0.0,0.0,,0.0,0.0,0.0,
2026-07,셀토스,SUV,2020.0,124,0.0,0.0,0.0,0.0,,0.0,0.0,0.0,
2026-07,스타리아,RV,2023.0,310,8.166666666666666,784296.25,4.0,3.0,257972.5,0.0263440860215053,2529.9879032258063,9280752.331021013,0.0845078310492654
2026-07,스타리아,RV,2024.0,465,46.65277777777778,3926774.45352266,16.0,12.0,268906.25,0.1003285543608124,8444.676244134753,9280752.331021013,0.4231094973192394
2026-07,스타리아,RV,2026.0,155,36.826388888888886,4569681.627498353,17.0,13.0,303119.4117647059,0.237589605734767,29481.816951602275,9280752.331021013,0.4923826716314952
2026-07,스포티지,SUV,2022.0,93,7.902777777777778,698081.3559322035,4.0,2.0,247700.0,0.0849761051373954,7506.251139055951,12141087.582469448,0.0574974318561184
2026-07,스포티지,SUV,2025.0,403,88.95833333333333,5676166.710991546,31.0,30.0,215753.38709677415,0.2207402812241521,14084.780920574554,12141087.582469448,0.4675171538328559
2026-07,스포티지,SUV,2026.0,341,76.66805555555555,5766839.5155457,30.0,26.0,208366.83333333337,0.2248330074942978,16911.552831512316,12141087.582469448,0.4749854143110256
2026-07,싼타페,SUV,2024.0,620,59.145833333333336,5064442.894341754,24.0,22.0,254307.91666666663,0.095396505376344,8168.456281196377,5064442.894341754,1.0
2026-07,쏘나타,MIDSIZE,2020.0,651,40.125,1069000.081915142,9.0,8.0,103433.88888888888,0.0616359447004608,1642.089219531708,7142941.0595400315,0.1496582532327349
2026-07,쏘나타,MIDSIZE,2021.0,310,0.0,0.0,0.0,0.0,,0.0,0.0,7142941.0595400315,0.0
2026-07,쏘나타,MIDSIZE,2024.0,620,130.4326388888889,6073940.977624889,43.0,38.0,141585.23255813954,0.2103752240143369,9796.678996169176,7142941.0595400315,0.850341746767265
2026-07,쏘렌토,SUV,2021.0,93,2.8541666666666665,361945.3169014085,1.0,1.0,375155.0,0.030689964157706,3891.8851279721343,10682197.886161637,0.0338830380001005
2026-07,쏘렌토,SUV,2022.0,93,3.6041666666666665,142070.59999999998,2.0,2.0,290652.5,0.0387544802867383,1527.6408602150534,10682197.886161637,0.013299753619435
2026-07,쏘렌토,SUV,2023.0,217,45.8125,2924379.1793313073,13.0,11.0,246908.46153846153,0.2111175115207373,13476.40174807054,10682197.886161637,0.2737619364943356
2026-07,쏘렌토,SUV,2024.0,682,94.21319444444444,7253802.789928919,34.0,31.0,249770.4411764706,0.138142513848159,10636.074472036538,10682197.886161637,0.6790552718861288
2026-07,쏠라티,RV,2019.0,93,0.875,213545.87837837837,1.0,1.0,752495.0,0.0094086021505376,2296.1922406277245,1806735.0429709083,0.118194352408881
2026-07,쏠라티,RV,2023.0,124,0.0,0.0,0.0,0.0,,0.0,0.0,1806735.0429709083,0.0
2026-07,쏠라티,RV,2024.0,31,0.0,0.0,0.0,0.0,,0.0,0.0,1806735.0429709083,0.0
2026-07,쏠라티,RV,2025.0,124,2.902777777777778,807954.5699979353,2.0,2.0,662767.5,0.0234094982078853,6515.762661273672,1806735.0429709083,0.4471904019027459
2026-07,쏠라티,RV,2026.0,31,3.3125,785234.5945945946,2.0,2.0,611220.0,0.1068548387096774,25330.14821272886,1806735.0429709083,0.434615245688373
2026-07,아반떼,COMPACT,2020.0,155,0.0,0.0,0.0,0.0,,0.0,0.0,17916890.679256666,0.0
2026-07,아반떼,COMPACT,2021.0,465,23.229166666666668,1134517.035089951,9.0,8.0,134818.33333333334,0.0499551971326164,2439.8215808386044,17916890.679256666,0.0633210893229058
2026-07,아반떼,COMPACT,2024.0,496,120.88541666666669,5776255.980243759,43.0,33.0,141560.81395348837,0.2437205981182796,11645.677379523708,17916890.679256666,0.3223916517463176
2026-07,아반떼,COMPACT,2025.0,465,92.47916666666669,5745853.167501466,32.0,29.0,194713.4375,0.1988799283154122,12356.673478497778,17916890.679256666,0.3206947717861417
2026-07,아반떼,COMPACT,2026.0,496,93.88541666666669,5260264.49642149,44.0,41.0,139880.68181818182,0.1892851142473118,10605.371968591711,17916890.679256666,0.2935924871446348
2026-07,아우디 Q4 e-tron,IMPORTED,2026.0,30,0.0,0.0,0.0,0.0,,0.0,0.0,0.0,
2026-07,아우디A5 카브리올레,IMPORTED,2021.0,31,1.0,83410.0,1.0,1.0,83410.0,0.032258064516129,2690.6451612903224,83410.0,1.0
2026-07,아우디Q5 40 TDI quattro,IMPORTED,2026.0,10,0.0,0.0,0.0,0.0,,0.0,0.0,0.0,
2026-07,아이오닉,EV,2021.0,310,27.73263888888889,2214236.3089700043,13.0,12.0,244498.46153846153,0.0894601254480286,7142.697770870982,2214236.3089700043,1.0
2026-07,카니발,RV,2018.0,248,5.184027777777778,328795.0,3.0,3.0,109598.33333333331,0.02090333781362,1325.7862903225807,40406202.602420576,0.0081372407903608
2026-07,카니발,RV,2019.0,155,0.0,0.0,0.0,0.0,,0.0,0.0,40406202.602420576,0.0
2026-07,카니발,RV,2021.0,155,11.6875,652924.4607087828,2.0,2.0,227667.5,0.0754032258064516,4212.415875540534,40406202.602420576,0.0161590156623544
2026-07,카니발,RV,2023.0,1116,80.54166666666667,4994794.615498158,20.0,16.0,277616.25,0.0721699522102748,4475.6224153209305,40406202.602420576,0.1236145515737957
2026-07,카니발,RV,2024.0,837,121.04513888888889,13292419.33511474,44.0,41.0,332993.1818181818,0.1446178481348732,15881.0266847249,40406202.602420576,0.3289697739207604
2026-07,카니발,RV,2025.0,682,139.96875,14349694.030207803,56.0,49.0,270623.03571428574,0.205232771260997,21040.607082416132,40406202.602420576,0.3551359223583205
2026-07,카니발,RV,2026.0,248,61.5625,6787575.160891089,21.0,17.0,325560.0,0.2482358870967742,27369.254681012455,40406202.602420576,0.1679834956944078
2026-07,캐스퍼,URBAN,2022.0,310,89.40277777777779,4068327.888340903,31.0,28.0,148757.90322580645,0.2883960573476702,13123.638349486786,4068327.888340903,1.0
2026-07,코나,EV,2020.0,1085,69.625,3978029.201654122,32.0,29.0,161486.09375,0.0641705069124424,3666.3863609715418,5033309.681900736,0.7903406412601048
2026-07,코나,SUV,2024.0,155,20.73263888888889,1055280.4802466133,7.0,7.0,152867.14285714287,0.1337589605734767,6808.261162881376,5033309.681900736,0.209659358739895
2026-07,테슬라 모델3,IMPORTED,2020.0,155,13.944444444444445,759240.0,6.0,6.0,126540.0,0.0899641577060931,4898.322580645161,759240.0,1.0
2026-07,테슬라 모델Y RWD,IMPORTED,2026.0,217,51.13194444444444,6446678.9494837755,23.0,20.0,298113.9130434783,0.2356310803891449,29708.197923888365,6446678.9494837755,1.0
2026-07,투싼,SUV,2021.0,217,12.729166666666666,490305.0,4.0,1.0,122576.25,0.0586597542242703,2259.4700460829495,14717894.761090027,0.0333135280526824
2026-07,투싼,SUV,2023.0,217,28.569444444444443,1555167.2290987172,9.0,9.0,226785.0,0.1316564260112647,7166.669258519434,14717894.761090027,0.1056650597346396
2026-07,투싼,SUV,2024.0,155,34.44444444444444,2193187.483108108,11.0,10.0,215761.81818181815,0.2222222222222222,14149.5966652136,14717894.761090027,0.1490150268573925
2026-07,투싼,SUV,2025.0,496,107.29513888888889,7795622.064774123,48.0,44.0,186802.5,0.2163208445340501,15716.979969302669,14717894.761090027,0.5296696430649548
2026-07,투싼,SUV,2026.0,124,43.77152777777778,2683612.9841090823,18.0,15.0,170056.11111111112,0.3529961917562724,21642.04019442808,14717894.761090027,0.1823367422903307
2026-07,팰리세이드,SUV,2025.0,310,40.35069444444444,3279823.0915750917,15.0,14.0,249672.33333333337,0.1301635304659498,10580.074488951908,12163540.380926464,0.269643786994628
2026-07,팰리세이드,SUV,2026.0,403,109.00347222222224,8883717.289351372,43.0,38.0,225916.62790697673,0.2704800799558864,22043.963497149805,12163540.380926464,0.730356213005372
2026-07,포르쉐,SUPERCAR,2022.0,31,6.895833333333333,2168420.0,3.0,3.0,889056.6666666666,0.2224462365591397,69949.03225806452,3907110.0,0.5549933326678799
2026-07,포르쉐,SUPERCAR,2025.0,31,4.833333333333334,1738690.0,2.0,2.0,869345.0,0.1559139784946236,56086.77419354839,3907110.0,0.4450066673321202
2026-08,BMW 420i,IMPORTED,2024.0,55,9.45486111111111,1464594.0,4.0,3.0,366148.5,0.1719065656565656,26628.98181818182,3510651.696192696,0.4171857896322649
2026-08,BMW 420i,IMPORTED,2026.0,66,10.51388888888889,2046057.696192696,4.0,3.0,377941.25,0.1593013468013468,31000.874184737822,3510651.696192696,0.5828142103677352
2026-08,BMW 520i M스포츠,IMPORTED,2026.0,44,2.375,376985.8695652174,1.0,0.0,154500.0,0.0539772727272727,8567.86067193676,376985.8695652174,1.0
2026-08,BMW X6 xdrive30d M sport,SUPERCAR,2026.0,11,0.0,0.0,0.0,0.0,,0.0,0.0,0.0,
2026-08,BMW X7 xdrive40i 하이브리드,SUPERCAR,2025.0,11,1.5,625290.0,1.0,1.0,625290.0,0.1363636363636363,56844.545454545456,625290.0,1.0
2026-08,BMW Z4 로드스터,IMPORTED,2021.0,22,6.645833333333333,829145.25,3.0,3.0,202068.0,0.3020833333333333,37688.420454545456,829145.25,1.0
2026-08,EV3,EV,2025.0,121,17.458333333333332,2059879.9787938483,5.0,5.0,284886.0,0.1442837465564738,17023.80147763511,2059879.9787938483,1.0
2026-08,EV4,EV,2026.0,66,13.916666666666666,1713213.0,5.0,5.0,342642.6,0.2108585858585858,25957.772727272728,1713213.0,1.0
2026-08,EV6,EV,2022.0,231,39.83333333333333,4311581.952381554,9.0,9.0,334129.8888888889,0.1724386724386724,18664.85693671669,4311581.952381554,1.0
2026-08,G80,LUXURY,2021.0,33,8.458333333333334,1258045.2905525847,2.0,0.0,569600.0,0.2563131313131313,38122.58456219954,3229099.4192163404,0.3895963323600286
2026-08,G80,LUXURY,2024.0,33,1.5625,98755.11049723756,1.0,1.0,238329.0,0.0473484848484848,2992.579105976896,3229099.4192163404,0.030582864655559
2026-08,G80,LUXURY,2025.0,55,16.5,1872299.0181665183,6.0,5.0,256717.5,0.3,34041.800330300335,3229099.4192163404,0.5798208029844124
2026-08,GV70,SUV,2021.0,44,0.0,0.0,0.0,0.0,,0.0,0.0,1806887.0639534884,0.0
2026-08,GV70,SUV,2023.0,55,3.536111111111111,366780.0,2.0,1.0,183390.0,0.0642929292929292,6668.727272727273,1806887.0639534884,0.2029899971708698
2026-08,GV70,SUV,2025.0,55,9.4375,1440107.0639534884,4.0,3.0,359212.5,0.1715909090909091,26183.764799154334,1806887.0639534884,0.7970100028291301
2026-08,GV80,SUV,2021.0,33,3.1354166666666665,373321.4663563267,1.0,1.0,371250.0,0.0950126262626262,11312.771707767475,4915589.408737469,0.0759464298813784
2026-08,GV80,SUV,2023.0,44,8.4375,966065.769499179,2.0,2.0,304095.0,0.1917613636363636,21956.040215890433,4915589.408737469,0.1965310137136342
2026-08,GV80,SUV,2025.0,77,22.020833333333332,3576202.1728819637,9.0,6.0,439817.6666666667,0.2859848484848484,46444.18406340213,4915589.408737469,0.7275225564049873
2026-08,K3,COMPACT,2019.0,99,0.0,0.0,0.0,0.0,,0.0,0.0,5791367.3162479075,0.0
2026-08,K3,COMPACT,2020.0,110,0.0,0.0,0.0,0.0,,0.0,0.0,5791367.3162479075,0.0
2026-08,K3,COMPACT,2021.0,110,0.0,0.0,0.0,0.0,,0.0,0.0,5791367.3162479075,0.0
2026-08,K3,COMPACT,2022.0,231,31.989583333333336,2858570.8433813327,9.0,8.0,247010.0,0.1384830447330447,12374.765555763344,5791367.3162479075,0.4935917007649472
2026-08,K3,COMPACT,2024.0,99,34.916666666666664,2932796.472866575,12.0,9.0,234306.5,0.3526936026936026,29624.20679663207,5791367.3162479075,0.5064082992350528
2026-08,K5,MIDSIZE,2020.0,253,5.854166666666667,382346.0293208514,3.0,3.0,234776.66666666663,0.0231389986824769,1511.2491277504007,10298083.239813138,0.0371278829678394
2026-08,K5,MIDSIZE,2021.0,110,0.0,0.0,0.0,0.0,,0.0,0.0,10298083.239813138,0.0
2026-08,K5,MIDSIZE,2022.0,99,2.6875,195130.0,1.0,1.0,195130.0,0.0271464646464646,1971.010101010101,10298083.239813138,0.0189481863232191
2026-08,K5,MIDSIZE,2024.0,198,39.486111111111114,3714591.3124546623,15.0,12.0,224208.2,0.1994248035914702,18760.562184114457,10298083.239813138,0.360707058386728
2026-08,K5,MIDSIZE,2026.0,297,62.138888888888886,6006015.898037625,22.0,20.0,228036.81818181815,0.209221848110737,20222.27575096843,10298083.239813138,0.5832168723222134
2026-08,K8,LUXURY,2023.0,33,0.2083333333333333,7976.109215017064,0.0,0.0,,0.0063131313131313,241.70027924294135,7976.109215017064,1.0
2026-08,QM6,SUV,2021.0,33,2.7916666666666665,293455.0,1.0,1.0,293455.0,0.0845959595959595,8892.575757575758,293455.0,1.0
2026-08,SM6,MIDSIZE,2020.0,22,0.0,0.0,0.0,0.0,,0.0,0.0,0.0,
2026-08,XM3,SUV,2022.0,22,0.0,0.0,0.0,0.0,,0.0,0.0,0.0,
2026-08,그랜저 GN7,LUXURY,2026.0,55,16.243055555555557,1699073.8231198774,6.0,5.0,207016.33333333337,0.2953282828282829,30892.251329452316,1699073.8231198774,1.0
2026-08,니로 하이브리드,SUV,2022.0,88,11.704166666666667,977257.3201824804,3.0,2.0,197783.33333333337,0.1330018939393939,11105.19682025546,977257.3201824804,1.0
2026-08,더 K8,LUXURY,2026.0,44,8.854166666666666,1127198.53532686,3.0,3.0,272683.3333333333,0.2012310606060605,25618.148530155908,1127198.53532686,1.0
2026-08,더 뉴 그랜저,LUXURY,2020.0,77,0.0,0.0,0.0,0.0,,0.0,0.0,0.0,
2026-08,더 뉴 셀토스,SUV,2024.0,121,13.020833333333332,1229229.4193548388,5.0,3.0,195156.0,0.1076101928374655,10158.92082111437,1229229.4193548388,1.0
2026-08,더뉴그랜드스타렉스12인,RV,2019.0,22,2.625,427309.99999999994,2.0,2.0,213655.0,0.1193181818181818,19423.181818181816,427309.99999999994,1.0
2026-08,더뉴그랜저 하이브리드,LUXURY,2024.0,55,11.42361111111111,1452465.058691933,2.0,1.0,244777.5,0.2077020202020202,26408.4556125806,1452465.058691933,1.0
2026-08,디올뉴 그랜저,LUXURY,2023.0,55,2.3333333333333335,289484.0,0.0,0.0,,0.0424242424242424,5263.345454545454,289484.0,1.0
2026-08,랭글러,IMPORTED,2023.0,44,1.0,197220.0,1.0,1.0,197220.0,0.0227272727272727,4482.272727272727,197220.0,1.0
2026-08,레이,SUV,2022.0,88,5.388888888888889,435956.803467609,1.0,1.0,240160.0,0.0612373737373737,4954.054584859193,5646176.458932267,0.0772127485987307
2026-08,레이,URBAN,2024.0,55,3.9166666666666665,397851.4925373135,0.0,0.0,,0.0712121212121212,7233.663500678427,5646176.458932267,0.0704638785966229
2026-08,레이,URBAN,2025.0,220,46.989583333333336,4155292.857763025,21.0,17.0,193263.09523809524,0.2135890151515151,18887.694808013748,5646176.458932267,0.7359481036391168
2026-08,레이,URBAN,2026.0,55,7.840277777777778,657075.3051643192,3.0,3.0,259413.33333333337,0.142550505050505,11946.82373026035,5646176.458932267,0.1163752691655296
2026-08,머스탱,IMPORTED,2023.0,44,2.0625,271246.7889908257,2.0,1.0,207100.0,0.046875,6164.699749791494,3874655.299782083,0.0700053986753559
2026-08,머스탱,IMPORTED,2024.0,88,20.083333333333332,3603408.510791257,8.0,8.0,330398.125,0.2282196969696969,40947.82398626429,3874655.299782083,0.929994601324644
2026-08,모닝,URBAN,2022.0,165,10.541666666666666,803860.5913120568,3.0,2.0,159412.66666666666,0.0638888888888888,4871.882371588223,803860.5913120568,1.0
2026-08,미니,IMPORTED,2022.0,66,6.625,712584.0,4.0,3.0,178146.0,0.1003787878787878,10796.727272727272,3133606.898022958,0.2274005716701672
2026-08,미니,IMPORTED,2024.0,44,3.1597222222222223,414390.0,2.0,2.0,207195.0,0.0718118686868686,9417.954545454546,3133606.898022958,0.1322405820147527
2026-08,미니,IMPORTED,2025.0,121,15.729166666666666,2006632.8980229576,6.0,4.0,318912.5,0.1299931129476584,16583.74295886742,3133606.898022958,0.64035884631508
2026-08,베뉴,SUV,2022.0,22,1.5,91328.45070422535,1.0,1.0,180120.0,0.0681818181818181,4151.293213828425,91328.45070422535,1.0
2026-08,베리뉴티볼리,SUV,2020.0,44,0.0,0.0,0.0,0.0,,0.0,0.0,0.0,
2026-08,벤츠,IMPORTED,2020.0,44,1.1041666666666663,198170.0,1.0,1.0,198170.0,0.0250946969696969,4503.863636363636,3992908.0102040814,0.0496304947405666
2026-08,벤츠,IMPORTED,2021.0,22,1.9375,204535.0,1.0,1.0,204535.0,0.0880681818181818,9297.045454545454,3992908.0102040814,0.0512245710337679
2026-08,벤츠,IMPORTED,2024.0,44,9.5625,1705313.0102040817,3.0,3.0,548783.3333333334,0.2173295454545454,38757.11386827458,3992908.0102040814,0.427085474006931
2026-08,벤츠,SUPERCAR,2021.0,11,4.270833333333333,1884890.0,2.0,1.0,1676035.0,0.3882575757575757,171353.63636363635,3992908.0102040814,0.4720594602187345
2026-08,볼보 XC40,IMPORTED,2022.0,22,0.0,0.0,0.0,0.0,,0.0,0.0,0.0,
2026-08,셀토스,SUV,2020.0,44,0.0,0.0,0.0,0.0,,0.0,0.0,0.0,
2026-08,스타리아,RV,2023.0,110,6.520833333333333,667700.75,2.0,2.0,210053.5,0.059280303030303,6070.006818181818,4912337.903021041,0.1359232127719411
2026-08,스타리아,RV,2024.0,165,15.756944444444445,1591138.0949848024,6.0,5.0,222105.0,0.095496632996633,9643.261181726077,4912337.903021041,0.3239064833073204
2026-08,스타리아,RV,2026.0,55,13.59722222222222,2653499.0580362384,5.0,5.0,475157.2,0.2472222222222222,48245.4374188407,4912337.903021041,0.5401703039207384
2026-08,스포티지,SUV,2022.0,33,7.833333333333334,940808.6440677966,2.0,2.0,324045.0,0.2373737373737374,28509.352850539293,9441567.294560306,0.0996453888127066
2026-08,스포티지,SUV,2025.0,143,26.458333333333336,2989944.7618013453,9.0,9.0,265942.1111111111,0.18502331002331,20908.704627981435,9441567.294560306,0.3166788594012332
2026-08,스포티지,SUV,2026.0,121,44.38333333333333,5510813.888691164,16.0,13.0,314531.0,0.3668044077134986,45543.91643546416,9441567.294560306,0.58367575178606
2026-08,싼타페,SUV,2024.0,220,34.65972222222222,4250737.692052879,12.0,12.0,281178.5,0.1575441919191919,19321.53496387673,4250737.692052879,1.0
2026-08,쏘나타,MIDSIZE,2020.0,231,3.9375,466830.0,1.0,1.0,466830.0,0.0170454545454545,2020.909090909091,2400822.9177553095,0.1944458279482231
2026-08,쏘나타,MIDSIZE,2021.0,110,0.0,0.0,0.0,0.0,,0.0,0.0,2400822.9177553095,0.0
2026-08,쏘나타,MIDSIZE,2024.0,220,23.02777777777778,1933992.9177553095,8.0,7.0,233564.25,0.1046717171717171,8790.876898887771,2400822.9177553095,0.8055541720517768
2026-08,쏘렌토,SUV,2021.0,33,5.229166666666667,721054.6830985915,2.0,2.0,353922.5,0.1584595959595959,21850.141912078532,6209705.925456552,0.1161173639709158
2026-08,쏘렌토,SUV,2022.0,33,7.0,703060.4875,2.0,2.0,266406.5,0.2121212121212121,21304.86325757576,6209705.925456552,0.1132196107093927
2026-08,쏘렌토,SUV,2023.0,77,12.272222222222222,1323627.820668693,4.0,4.0,259549.25,0.1593795093795093,17189.971696996014,6209705.925456552,0.2131546705364114
2026-08,쏘렌토,SUV,2024.0,242,31.666666666666664,3461962.9341892675,11.0,10.0,225627.54545454544,0.1308539944903581,14305.631959459784,6209705.925456552,0.55750835478328
2026-08,쏠라티,RV,2019.0,33,2.2083333333333335,538949.1216216217,0.0,0.0,,0.0669191919191919,16331.791564291563,4180524.957029092,0.1289190059050928
2026-08,쏠라티,RV,2023.0,44,0.0,0.0,0.0,0.0,,0.0,0.0,4180524.957029092,0.0
2026-08,쏠라티,RV,2024.0,11,1.9583333333333333,409070.00000000006,1.0,1.0,409070.0,0.178030303030303,37188.18181818182,4180524.957029092,0.0978513474275985
2026-08,쏠라티,RV,2025.0,44,7.958333333333333,1618725.430002065,2.0,2.0,550572.5,0.1808712121212121,36789.21431822875,4180524.957029092,0.3872062591757421
2026-08,쏠라티,RV,2026.0,11,6.395833333333333,1613780.4054054054,2.0,2.0,588287.5,0.5814393939393939,146707.3095823096,4180524.957029092,0.3860233874915664
2026-08,아반떼,COMPACT,2020.0,55,0.0,0.0,0.0,0.0,,0.0,0.0,15012808.52269788,0.0
2026-08,아반떼,COMPACT,2021.0,165,13.604166666666666,1201916.6424116425,4.0,3.0,269438.75,0.0824494949494949,7284.343287343288,15012808.52269788,0.0800594133066083
2026-08,아반떼,COMPACT,2024.0,176,64.59375,5858132.85823589,23.0,22.0,247022.1739130435,0.3670099431818182,33284.84578543119,15012808.52269788,0.3902089905016089
2026-08,아반떼,COMPACT,2025.0,165,42.40763888888889,3883664.3982880064,15.0,14.0,230133.2,0.2570159932659933,23537.35998962428,15012808.52269788,0.2586900640487282
2026-08,아반떼,COMPACT,2026.0,176,42.01388888888889,4069094.62376234,15.0,11.0,222748.26666666663,0.2387152777777778,23119.85581683148,15012808.52269788,0.2710415321430545
2026-08,아우디 Q4 e-tron,IMPORTED,2026.0,11,0.0,0.0,0.0,0.0,,0.0,0.0,0.0,
2026-08,아우디A5 카브리올레,IMPORTED,2021.0,11,1.9166666666666663,333450.0,1.0,1.0,333450.0,0.1742424242424242,30313.636363636364,333450.0,1.0
2026-08,아우디Q5 40 TDI quattro,IMPORTED,2026.0,11,0.0,0.0,0.0,0.0,,0.0,0.0,0.0,
2026-08,아이오닉,EV,2021.0,110,7.75,964243.6910299956,0.0,0.0,,0.0704545454545454,8765.851736636325,964243.6910299956,1.0
2026-08,카니발,RV,2018.0,88,0.0,0.0,0.0,0.0,,0.0,0.0,25783813.027648896,0.0
2026-08,카니발,RV,2019.0,55,0.0,0.0,0.0,0.0,,0.0,0.0,25783813.027648896,0.0
2026-08,카니발,RV,2021.0,55,3.0625,524685.0,1.0,1.0,480225.0,0.0556818181818181,9539.727272727272,25783813.027648896,0.0203493951587905
2026-08,카니발,RV,2023.0,396,32.4375,4592611.994999917,12.0,11.0,387223.6666666667,0.0819128787878787,11597.505037878578,25783813.027648896,0.1781199696908714
2026-08,카니발,RV,2024.0,297,62.98125,10308698.852976449,18.0,17.0,508418.6111111111,0.2120580808080808,34709.42374739544,25783813.027648896,0.3998128144166289
2026-08,카니발,RV,2025.0,242,44.625,6982064.605415106,15.0,12.0,444272.4666666667,0.184400826446281,28851.50663394672,25783813.027648896,0.2707925549230437
2026-08,카니발,RV,2026.0,88,17.854166666666668,3375752.574257426,5.0,5.0,629261.0,0.2028882575757576,38360.82470747075,25783813.027648896,0.1309252658106652
2026-08,캐스퍼,URBAN,2022.0,110,19.489583333333332,1634638.2052356105,5.0,5.0,209438.0,0.1771780303030302,14860.347320323732,1634638.2052356105,1.0
2026-08,코나,EV,2020.0,385,35.017361111111114,3599469.5821387093,11.0,9.0,241062.9090909091,0.0909541847041847,9349.271641918724,3899975.6148517104,0.9229466893155364
2026-08,코나,SUV,2024.0,55,4.208333333333333,300506.0327130011,1.0,1.0,241290.0,0.0765151515151515,5463.746049327293,3899975.6148517104,0.0770533106844636
2026-08,테슬라 모델3,IMPORTED,2020.0,55,7.104166666666666,488631.0,3.0,3.0,162877.0,0.1291666666666666,8884.2,488631.0,1.0
2026-08,테슬라 모델Y RWD,IMPORTED,2026.0,77,12.594444444444443,1574934.0505162242,5.0,5.0,232998.6,0.1635642135642135,20453.68896774317,1574934.0505162242,1.0
2026-08,투싼,SUV,2021.0,77,8.083333333333334,874715.0,4.0,1.0,218678.75,0.1049783549783549,11359.935064935064,9586363.30962876,0.0912457593925546
2026-08,투싼,SUV,2023.0,77,5.5625,571075.8959012829,1.0,1.0,109028.0,0.0722402597402597,7416.570076640038,9586363.30962876,0.0595716933999029
2026-08,투싼,SUV,2024.0,55,8.770833333333334,1085898.125,2.0,2.0,424650.0,0.1594696969696969,19743.602272727272,9586363.30962876,0.1132752942827964
2026-08,투싼,SUV,2025.0,176,53.12847222222222,5624660.069640213,19.0,17.0,249851.0,0.3018663194444444,31958.29585022848,9586363.30962876,0.5867355417242195
2026-08,투싼,SUV,2026.0,44,11.895833333333332,1430014.219087265,4.0,3.0,253608.75,0.2703598484848484,32500.323161074204,9586363.30962876,0.1491717112005265
2026-08,팰리세이드,SUV,2025.0,110,29.569444444444443,3772212.3380722897,9.0,8.0,401049.4444444445,0.2688131313131313,34292.83943702082,8193170.034177241,0.4604093802931914
2026-08,팰리세이드,SUV,2026.0,143,37.15277777777778,4420957.696104951,11.0,9.0,348430.8181818182,0.2598096348096348,30915.78808465001,8193170.034177241,0.5395906197068085
2026-08,포르쉐,SUPERCAR,2022.0,11,5.8125,2014241.0,3.0,3.0,505163.6666666667,0.5284090909090909,183112.81818181815,3597036.0,0.5599724328586091
2026-08,포르쉐,SUPERCAR,2025.0,11,2.3472222222222223,1582795.0,1.0,1.0,1582795.0,0.2133838383838384,143890.45454545456,3597036.0,0.4400275671413908
