vehicle_id,vehicle_model_id,model_name,erp_record_created_at_utc_observed_not_acquisition,vehicle_registration_date_observed_not_acquisition,erp_soft_deleted_at_utc_observed_not_sale,acquisition_date,acquisition_date_status,purchase_price_krw,purchase_price_status,sale_or_disposal_date,sale_or_disposal_date_status,sale_price_krw,sale_price_status,holding_period_days,holding_period_status,classification
7971,2021,20년 K5(LPG) 청주지점,2024-10-10 10:47:10.959445,2016-06-27,2025-04-22 02:04:08,,unavailable,,unavailable,,unavailable,,unavailable,,unavailable_no_verified_acquisition_or_sale_date,observed_reference_fields_plus_unavailable_requested_fields
7972,2100,업무용차량,2024-10-10 10:47:10.979695,2016-06-27,2025-04-08 10:10:06,,unavailable,,unavailable,,unavailable,,unavailable,,unavailable_no_verified_acquisition_or_sale_date,observed_reference_fields_plus_unavailable_requested_fields
7973,1844,16/18년 올뉴그랜드카니발11인(경유),2024-10-10 10:47:11.002527,2016-06-27,2025-08-28 07:16:01,,unavailable,,unavailable,,unavailable,,unavailable,,unavailable_no_verified_acquisition_or_sale_date,observed_reference_fields_plus_unavailable_requested_fields
7974,1844,16/18년 올뉴그랜드카니발11인(경유),2024-10-10 10:47:11.019579,2018-03-19,2025-08-28 07:16:13,,unavailable,,unavailable,,unavailable,,unavailable,,unavailable_no_verified_acquisition_or_sale_date,observed_reference_fields_plus_unavailable_requested_fields
7975,1844,16/18년 올뉴그랜드카니발11인(경유),2024-10-10 10:47:11.037342,2018-03-19,2025-08-28 07:16:17,,unavailable,,unavailable,,unavailable,,unavailable,,unavailable_no_verified_acquisition_or_sale_date,observed_reference_fields_plus_unavailable_requested_fields
7976,2021,20년 K5(LPG) 청주지점,2024-10-10 10:47:11.057099,2017-04-19,2025-06-23 07:17:39,,unavailable,,unavailable,,unavailable,,unavailable,,unavailable_no_verified_acquisition_or_sale_date,observed_reference_fields_plus_unavailable_requested_fields
7977,2100,업무용차량,2024-10-10 10:47:11.120057,2017-04-19,2025-05-15 01:36:56,,unavailable,,unavailable,,unavailable,,unavailable,,unavailable_no_verified_acquisition_or_sale_date,observed_reference_fields_plus_unavailable_requested_fields
7978,1843,16/18년 올뉴카니발9인(경유),2024-10-10 10:47:11.137843,2018-03-23,2025-04-08 05:14:32,,unavailable,,unavailable,,unavailable,,unavailable,,unavailable_no_verified_acquisition_or_sale_date,observed_reference_fields_plus_unavailable_requested_fields
7979,1843,16/18년 올뉴카니발9인(경유),2024-10-10 10:47:11.157460,2018-03-23,2025-04-08 05:14:33,,unavailable,,unavailable,,unavailable,,unavailable,,unavailable_no_verified_acquisition_or_sale_date,observed_reference_fields_plus_unavailable_requested_fields
7980,1843,16/18년 올뉴카니발9인(경유),2024-10-10 10:47:11.178074,2018-03-23,,,unavailable,,unavailable,,unavailable,,unavailable,,unavailable_no_verified_acquisition_or_sale_date,observed_reference_fields_plus_unavailable_requested_fields
7981,2100,업무용차량,2024-10-10 10:47:11.197630,2018-03-19,2025-08-25 23:55:33,,unavailable,,unavailable,,unavailable,,unavailable,,unavailable_no_verified_acquisition_or_sale_date,observed_reference_fields_plus_unavailable_requested_fields
7982,1843,16/18년 올뉴카니발9인(경유),2024-10-10 10:47:11.217066,2016-01-21,2025-04-08 05:15:05,,unavailable,,unavailable,,unavailable,,unavailable,,unavailable_no_verified_acquisition_or_sale_date,observed_reference_fields_plus_unavailable_requested_fields
7983,1843,16/18년 올뉴카니발9인(경유),2024-10-10 10:47:11.234848,2016-01-21,2025-04-08 05:15:07,,unavailable,,unavailable,,unavailable,,unavailable,,unavailable_no_verified_acquisition_or_sale_date,observed_reference_fields_plus_unavailable_requested_fields
7984,1843,16/18년 올뉴카니발9인(경유),2024-10-10 10:47:11.255542,2016-06-27,2025-04-08 05:15:09,,unavailable,,unavailable,,unavailable,,unavailable,,unavailable_no_verified_acquisition_or_sale_date,observed_reference_fields_plus_unavailable_requested_fields
7985,2100,업무용차량,2024-10-10 10:47:11.277186,2016-06-27,2025-08-25 23:55:46,,unavailable,,unavailable,,unavailable,,unavailable,,unavailable_no_verified_acquisition_or_sale_date,observed_reference_fields_plus_unavailable_requested_fields
7986,1843,16/18년 올뉴카니발9인(경유),2024-10-10 10:47:11.294295,2016-06-27,2025-04-08 05:15:21,,unavailable,,unavailable,,unavailable,,unavailable,,unavailable_no_verified_acquisition_or_sale_date,observed_reference_fields_plus_unavailable_requested_fields
7987,1843,16/18년 올뉴카니발9인(경유),2024-10-10 10:47:11.316889,2017-04-11,2024-10-15 04:43:15,,unavailable,,unavailable,,unavailable,,unavailable,,unavailable_no_verified_acquisition_or_sale_date,observed_reference_fields_plus_unavailable_requested_fields
7988,1843,16/18년 올뉴카니발9인(경유),2024-10-10 10:47:11.332231,2017-04-11,2024-10-15 04:43:23,,unavailable,,unavailable,,unavailable,,unavailable,,unavailable_no_verified_acquisition_or_sale_date,observed_reference_fields_plus_unavailable_requested_fields
7989,1843,16/18년 올뉴카니발9인(경유),2024-10-10 10:47:11.349105,2017-04-11,2024-10-15 04:43:12,,unavailable,,unavailable,,unavailable,,unavailable,,unavailable_no_verified_acquisition_or_sale_date,observed_reference_fields_plus_unavailable_requested_fields
7990,1843,16/18년 올뉴카니발9인(경유),2024-10-10 10:47:11.368743,2017-04-11,2024-10-15 04:43:08,,unavailable,,unavailable,,unavailable,,unavailable,,unavailable_no_verified_acquisition_or_sale_date,observed_reference_fields_plus_unavailable_requested_fields
7991,1843,16/18년 올뉴카니발9인(경유),2024-10-10 10:47:11.386012,2017-04-11,2024-10-15 04:43:40,,unavailable,,unavailable,,unavailable,,unavailable,,unavailable_no_verified_acquisition_or_sale_date,observed_reference_fields_plus_unavailable_requested_fields
7992,1847,18년 올뉴카니발리무진7인(경유),2024-10-10 10:47:11.405720,2018-01-23,,,unavailable,,unavailable,,unavailable,,unavailable,,unavailable_no_verified_acquisition_or_sale_date,observed_reference_fields_plus_unavailable_requested_fields
7993,1847,18년 올뉴카니발리무진7인(경유),2024-10-10 10:47:11.422884,2018-01-23,,,unavailable,,unavailable,,unavailable,,unavailable,,unavailable_no_verified_acquisition_or_sale_date,observed_reference_fields_plus_unavailable_requested_fields
7994,1847,18년 올뉴카니발리무진7인(경유),2024-10-10 10:47:11.441534,2018-01-23,,,unavailable,,unavailable,,unavailable,,unavailable,,unavailable_no_verified_acquisition_or_sale_date,observed_reference_fields_plus_unavailable_requested_fields
7995,1847,18년 올뉴카니발리무진7인(경유),2024-10-10 10:47:11.460221,2018-01-23,,,unavailable,,unavailable,,unavailable,,unavailable,,unavailable_no_verified_acquisition_or_sale_date,observed_reference_fields_plus_unavailable_requested_fields
7996,1847,18년 올뉴카니발리무진7인(경유),2024-10-10 10:47:11.480468,2018-01-03,,,unavailable,,unavailable,,unavailable,,unavailable,,unavailable_no_verified_acquisition_or_sale_date,observed_reference_fields_plus_unavailable_requested_fields
7997,1847,18년 올뉴카니발리무진7인(경유),2024-10-10 10:47:11.499450,2018-01-02,,,unavailable,,unavailable,,unavailable,,unavailable,,unavailable_no_verified_acquisition_or_sale_date,observed_reference_fields_plus_unavailable_requested_fields
7998,1847,18년 올뉴카니발리무진7인(경유),2024-10-10 10:47:11.518127,2018-01-02,,,unavailable,,unavailable,,unavailable,,unavailable,,unavailable_no_verified_acquisition_or_sale_date,observed_reference_fields_plus_unavailable_requested_fields
7999,1847,18년 올뉴카니발리무진7인(경유),2024-10-10 10:47:11.563136,2017-06-30,2024-10-15 04:43:47,,unavailable,,unavailable,,unavailable,,unavailable,,unavailable_no_verified_acquisition_or_sale_date,observed_reference_fields_plus_unavailable_requested_fields
8000,1847,18년 올뉴카니발리무진7인(경유),2024-10-10 10:47:11.580280,2017-06-30,2024-10-15 04:43:56,,unavailable,,unavailable,,unavailable,,unavailable,,unavailable_no_verified_acquisition_or_sale_date,observed_reference_fields_plus_unavailable_requested_fields
8001,1847,18년 올뉴카니발리무진7인(경유),2024-10-10 10:47:11.597057,2017-06-30,2024-10-15 04:43:51,,unavailable,,unavailable,,unavailable,,unavailable,,unavailable_no_verified_acquisition_or_sale_date,observed_reference_fields_plus_unavailable_requested_fields
8002,1849,18/19년 그랜져IG(휘),2024-10-10 10:47:11.612874,2018-01-19,2025-04-08 05:11:05,,unavailable,,unavailable,,unavailable,,unavailable,,unavailable_no_verified_acquisition_or_sale_date,observed_reference_fields_plus_unavailable_requested_fields
8003,1849,18/19년 그랜져IG(휘),2024-10-10 10:47:11.628684,2018-01-19,2025-04-08 05:11:06,,unavailable,,unavailable,,unavailable,,unavailable,,unavailable_no_verified_acquisition_or_sale_date,observed_reference_fields_plus_unavailable_requested_fields
8004,1849,18/19년 그랜져IG(휘),2024-10-10 10:47:11.644539,2019-03-14,2025-04-08 05:11:07,,unavailable,,unavailable,,unavailable,,unavailable,,unavailable_no_verified_acquisition_or_sale_date,observed_reference_fields_plus_unavailable_requested_fields
8005,1849,18/19년 그랜져IG(휘),2024-10-10 10:47:11.659315,2019-03-12,2025-04-08 05:11:08,,unavailable,,unavailable,,unavailable,,unavailable,,unavailable_no_verified_acquisition_or_sale_date,observed_reference_fields_plus_unavailable_requested_fields
8006,1849,18/19년 그랜져IG(휘),2024-10-10 10:47:11.681631,2018-01-03,2025-04-08 05:11:09,,unavailable,,unavailable,,unavailable,,unavailable,,unavailable_no_verified_acquisition_or_sale_date,observed_reference_fields_plus_unavailable_requested_fields
8007,1849,18/19년 그랜져IG(휘),2024-10-10 10:47:11.701025,2018-01-03,2024-10-27 12:42:27,,unavailable,,unavailable,,unavailable,,unavailable,,unavailable_no_verified_acquisition_or_sale_date,observed_reference_fields_plus_unavailable_requested_fields
8008,1846,18/19년 쏠라티(15인/경유),2024-10-10 10:47:11.718840,2018-01-02,,,unavailable,,unavailable,,unavailable,,unavailable,,unavailable_no_verified_acquisition_or_sale_date,observed_reference_fields_plus_unavailable_requested_fields
8009,1846,18/19년 쏠라티(15인/경유),2024-10-10 10:47:11.736168,2018-03-26,,,unavailable,,unavailable,,unavailable,,unavailable,,unavailable_no_verified_acquisition_or_sale_date,observed_reference_fields_plus_unavailable_requested_fields
8010,1846,18/19년 쏠라티(15인/경유),2024-10-10 10:47:11.751453,2019-03-11,,,unavailable,,unavailable,,unavailable,,unavailable,,unavailable_no_verified_acquisition_or_sale_date,observed_reference_fields_plus_unavailable_requested_fields
8011,1846,18/19년 쏠라티(15인/경유),2024-10-10 10:47:11.769555,2019-11-19,2024-10-15 04:49:10,,unavailable,,unavailable,,unavailable,,unavailable,,unavailable_no_verified_acquisition_or_sale_date,observed_reference_fields_plus_unavailable_requested_fields
8012,1855,18/19년 올뉴 K3(휘),2024-10-10 10:47:11.787391,2018-06-07,2025-04-08 05:10:31,,unavailable,,unavailable,,unavailable,,unavailable,,unavailable_no_verified_acquisition_or_sale_date,observed_reference_fields_plus_unavailable_requested_fields
8013,1855,18/19년 올뉴 K3(휘),2024-10-10 10:47:11.803613,2018-07-05,2025-04-08 05:10:32,,unavailable,,unavailable,,unavailable,,unavailable,,unavailable_no_verified_acquisition_or_sale_date,observed_reference_fields_plus_unavailable_requested_fields
8014,1964,18년 뉴k3(휘),2024-10-10 10:47:11.820316,2024-06-21,2025-04-08 05:09:16,,unavailable,,unavailable,,unavailable,,unavailable,,unavailable_no_verified_acquisition_or_sale_date,observed_reference_fields_plus_unavailable_requested_fields
8015,1964,18년 뉴k3(휘),2024-10-10 10:47:11.835606,2024-06-21,2025-04-08 05:09:16,,unavailable,,unavailable,,unavailable,,unavailable,,unavailable_no_verified_acquisition_or_sale_date,observed_reference_fields_plus_unavailable_requested_fields
8016,1965,18년 더뉴k5(LPG),2024-10-10 10:47:11.853424,2024-06-21,2024-11-22 02:30:45,,unavailable,,unavailable,,unavailable,,unavailable,,unavailable_no_verified_acquisition_or_sale_date,observed_reference_fields_plus_unavailable_requested_fields
8017,1965,18년 더뉴k5(LPG),2024-10-10 10:47:11.871119,2024-06-21,2024-11-22 02:30:48,,unavailable,,unavailable,,unavailable,,unavailable,,unavailable_no_verified_acquisition_or_sale_date,observed_reference_fields_plus_unavailable_requested_fields
8018,1965,18년 더뉴k5(LPG),2024-10-10 10:47:11.889993,2024-06-21,2024-11-22 02:30:51,,unavailable,,unavailable,,unavailable,,unavailable,,unavailable_no_verified_acquisition_or_sale_date,observed_reference_fields_plus_unavailable_requested_fields
8019,1965,18년 더뉴k5(LPG),2024-10-10 10:47:11.907777,2024-06-21,2024-11-22 02:30:54,,unavailable,,unavailable,,unavailable,,unavailable,,unavailable_no_verified_acquisition_or_sale_date,observed_reference_fields_plus_unavailable_requested_fields
8020,1965,18년 더뉴k5(LPG),2024-10-10 10:47:11.928312,2024-06-21,2024-11-22 02:30:57,,unavailable,,unavailable,,unavailable,,unavailable,,unavailable_no_verified_acquisition_or_sale_date,observed_reference_fields_plus_unavailable_requested_fields
8021,1965,18년 더뉴k5(LPG),2024-10-10 10:47:11.946055,2024-06-21,2024-11-22 02:30:59,,unavailable,,unavailable,,unavailable,,unavailable,,unavailable_no_verified_acquisition_or_sale_date,observed_reference_fields_plus_unavailable_requested_fields
8022,1965,18년 더뉴k5(LPG),2024-10-10 10:47:11.961178,2024-06-21,2024-11-22 02:31:02,,unavailable,,unavailable,,unavailable,,unavailable,,unavailable_no_verified_acquisition_or_sale_date,observed_reference_fields_plus_unavailable_requested_fields
8023,1965,18년 더뉴k5(LPG),2024-10-10 10:47:11.978018,2024-06-21,2024-11-22 02:31:05,,unavailable,,unavailable,,unavailable,,unavailable,,unavailable_no_verified_acquisition_or_sale_date,observed_reference_fields_plus_unavailable_requested_fields
8024,1966,18년 모닝(휘),2024-10-10 10:47:11.995616,2024-06-21,2025-04-08 05:09:08,,unavailable,,unavailable,,unavailable,,unavailable,,unavailable_no_verified_acquisition_or_sale_date,observed_reference_fields_plus_unavailable_requested_fields
8025,1966,18년 모닝(휘),2024-10-10 10:47:12.012304,2024-06-21,2025-04-08 05:09:09,,unavailable,,unavailable,,unavailable,,unavailable,,unavailable_no_verified_acquisition_or_sale_date,observed_reference_fields_plus_unavailable_requested_fields
8026,1966,18년 모닝(휘),2024-10-10 10:47:12.026999,2024-06-21,2025-04-08 05:09:10,,unavailable,,unavailable,,unavailable,,unavailable,,unavailable_no_verified_acquisition_or_sale_date,observed_reference_fields_plus_unavailable_requested_fields
8027,1966,18년 모닝(휘),2024-10-10 10:47:12.043312,2024-06-21,2025-04-08 05:09:11,,unavailable,,unavailable,,unavailable,,unavailable,,unavailable_no_verified_acquisition_or_sale_date,observed_reference_fields_plus_unavailable_requested_fields
8028,1966,18년 모닝(휘),2024-10-10 10:47:12.058646,2024-06-21,2025-04-08 05:09:12,,unavailable,,unavailable,,unavailable,,unavailable,,unavailable_no_verified_acquisition_or_sale_date,observed_reference_fields_plus_unavailable_requested_fields
8029,1961,18년 스토닉(휘),2024-10-10 10:47:12.074925,2024-06-20,2024-10-14 14:59:56,,unavailable,,unavailable,,unavailable,,unavailable,,unavailable_no_verified_acquisition_or_sale_date,observed_reference_fields_plus_unavailable_requested_fields
8030,1961,18년 스토닉(휘),2024-10-10 10:47:12.091490,2024-06-20,2024-10-14 14:59:58,,unavailable,,unavailable,,unavailable,,unavailable,,unavailable_no_verified_acquisition_or_sale_date,observed_reference_fields_plus_unavailable_requested_fields
8031,1961,18년 스토닉(휘),2024-10-10 10:47:12.109692,2024-06-20,2024-10-14 15:00:02,,unavailable,,unavailable,,unavailable,,unavailable,,unavailable_no_verified_acquisition_or_sale_date,observed_reference_fields_plus_unavailable_requested_fields
8032,1961,18년 스토닉(휘),2024-10-10 10:47:12.125352,2024-06-20,2024-10-14 15:00:04,,unavailable,,unavailable,,unavailable,,unavailable,,unavailable_no_verified_acquisition_or_sale_date,observed_reference_fields_plus_unavailable_requested_fields
8033,1961,18년 스토닉(휘),2024-10-10 10:47:12.142097,2024-06-20,2024-10-14 15:00:06,,unavailable,,unavailable,,unavailable,,unavailable,,unavailable_no_verified_acquisition_or_sale_date,observed_reference_fields_plus_unavailable_requested_fields
8034,1961,18년 스토닉(휘),2024-10-10 10:47:12.156870,2024-06-20,2024-10-14 15:00:09,,unavailable,,unavailable,,unavailable,,unavailable,,unavailable_no_verified_acquisition_or_sale_date,observed_reference_fields_plus_unavailable_requested_fields
8035,1961,18년 스토닉(휘),2024-10-10 10:47:12.205036,2024-06-20,2024-10-14 15:00:11,,unavailable,,unavailable,,unavailable,,unavailable,,unavailable_no_verified_acquisition_or_sale_date,observed_reference_fields_plus_unavailable_requested_fields
8036,1961,18년 스토닉(휘),2024-10-10 10:47:12.222077,2024-06-20,2024-10-14 15:00:12,,unavailable,,unavailable,,unavailable,,unavailable,,unavailable_no_verified_acquisition_or_sale_date,observed_reference_fields_plus_unavailable_requested_fields
8037,1961,18년 스토닉(휘),2024-10-10 10:47:12.242926,2024-06-20,2024-10-14 15:00:14,,unavailable,,unavailable,,unavailable,,unavailable,,unavailable_no_verified_acquisition_or_sale_date,observed_reference_fields_plus_unavailable_requested_fields
8038,1961,18년 스토닉(휘),2024-10-10 10:47:12.259560,2024-06-20,2024-10-14 15:00:16,,unavailable,,unavailable,,unavailable,,unavailable,,unavailable_no_verified_acquisition_or_sale_date,observed_reference_fields_plus_unavailable_requested_fields
8039,1963,18년 쏘나타뉴라이즈(휘),2024-10-10 10:47:12.279406,2024-06-20,2024-11-22 02:28:51,,unavailable,,unavailable,,unavailable,,unavailable,,unavailable_no_verified_acquisition_or_sale_date,observed_reference_fields_plus_unavailable_requested_fields
8040,1963,18년 쏘나타뉴라이즈(휘),2024-10-10 10:47:12.296264,2024-06-20,2024-11-22 02:28:55,,unavailable,,unavailable,,unavailable,,unavailable,,unavailable_no_verified_acquisition_or_sale_date,observed_reference_fields_plus_unavailable_requested_fields
8041,1963,18년 쏘나타뉴라이즈(휘),2024-10-10 10:47:12.312127,2024-06-20,2024-11-22 02:29:02,,unavailable,,unavailable,,unavailable,,unavailable,,unavailable_no_verified_acquisition_or_sale_date,observed_reference_fields_plus_unavailable_requested_fields
8042,1963,18년 쏘나타뉴라이즈(휘),2024-10-10 10:47:12.328948,2024-06-20,2024-11-22 02:29:05,,unavailable,,unavailable,,unavailable,,unavailable,,unavailable_no_verified_acquisition_or_sale_date,observed_reference_fields_plus_unavailable_requested_fields
8043,1963,18년 쏘나타뉴라이즈(휘),2024-10-10 10:47:12.348249,2024-06-20,2024-11-22 02:29:08,,unavailable,,unavailable,,unavailable,,unavailable,,unavailable_no_verified_acquisition_or_sale_date,observed_reference_fields_plus_unavailable_requested_fields
8044,1963,18년 쏘나타뉴라이즈(휘),2024-10-10 10:47:12.365540,2024-06-20,2024-11-22 02:29:10,,unavailable,,unavailable,,unavailable,,unavailable,,unavailable_no_verified_acquisition_or_sale_date,observed_reference_fields_plus_unavailable_requested_fields
8045,1963,18년 쏘나타뉴라이즈(휘),2024-10-10 10:47:12.382251,2024-06-20,2024-11-22 02:29:13,,unavailable,,unavailable,,unavailable,,unavailable,,unavailable_no_verified_acquisition_or_sale_date,observed_reference_fields_plus_unavailable_requested_fields
8046,1963,18년 쏘나타뉴라이즈(휘),2024-10-10 10:47:12.430416,2024-06-20,2024-11-22 02:29:16,,unavailable,,unavailable,,unavailable,,unavailable,,unavailable_no_verified_acquisition_or_sale_date,observed_reference_fields_plus_unavailable_requested_fields
8047,1963,18년 쏘나타뉴라이즈(휘),2024-10-10 10:47:12.446288,2024-06-20,2024-11-22 02:29:19,,unavailable,,unavailable,,unavailable,,unavailable,,unavailable_no_verified_acquisition_or_sale_date,observed_reference_fields_plus_unavailable_requested_fields
8048,1963,18년 쏘나타뉴라이즈(휘),2024-10-10 10:47:12.465547,2024-06-20,2024-11-22 02:29:54,,unavailable,,unavailable,,unavailable,,unavailable,,unavailable_no_verified_acquisition_or_sale_date,observed_reference_fields_plus_unavailable_requested_fields
8049,1962,18년 쏘나타뉴라이즈(LPG),2024-10-10 10:47:12.484120,2024-06-20,2024-11-22 02:27:47,,unavailable,,unavailable,,unavailable,,unavailable,,unavailable_no_verified_acquisition_or_sale_date,observed_reference_fields_plus_unavailable_requested_fields
8050,1962,18년 쏘나타뉴라이즈(LPG),2024-10-10 10:47:12.501757,2024-06-20,2024-11-22 02:27:53,,unavailable,,unavailable,,unavailable,,unavailable,,unavailable_no_verified_acquisition_or_sale_date,observed_reference_fields_plus_unavailable_requested_fields
8051,1962,18년 쏘나타뉴라이즈(LPG),2024-10-10 10:47:12.520849,2024-06-20,2024-11-22 02:27:57,,unavailable,,unavailable,,unavailable,,unavailable,,unavailable_no_verified_acquisition_or_sale_date,observed_reference_fields_plus_unavailable_requested_fields
8052,1962,18년 쏘나타뉴라이즈(LPG),2024-10-10 10:47:12.557253,2024-06-20,2024-11-22 02:28:00,,unavailable,,unavailable,,unavailable,,unavailable,,unavailable_no_verified_acquisition_or_sale_date,observed_reference_fields_plus_unavailable_requested_fields
8053,1962,18년 쏘나타뉴라이즈(LPG),2024-10-10 10:47:12.573967,2024-06-20,2024-11-22 02:28:02,,unavailable,,unavailable,,unavailable,,unavailable,,unavailable_no_verified_acquisition_or_sale_date,observed_reference_fields_plus_unavailable_requested_fields
8054,1962,18년 쏘나타뉴라이즈(LPG),2024-10-10 10:47:12.593626,2024-06-20,2024-11-22 02:28:06,,unavailable,,unavailable,,unavailable,,unavailable,,unavailable_no_verified_acquisition_or_sale_date,observed_reference_fields_plus_unavailable_requested_fields
8055,1962,18년 쏘나타뉴라이즈(LPG),2024-10-10 10:47:12.610812,2024-06-20,2024-11-22 02:28:09,,unavailable,,unavailable,,unavailable,,unavailable,,unavailable_no_verified_acquisition_or_sale_date,observed_reference_fields_plus_unavailable_requested_fields
8056,1962,18년 쏘나타뉴라이즈(LPG),2024-10-10 10:47:12.627951,2024-06-20,2024-11-22 02:28:12,,unavailable,,unavailable,,unavailable,,unavailable,,unavailable_no_verified_acquisition_or_sale_date,observed_reference_fields_plus_unavailable_requested_fields
8057,1962,18년 쏘나타뉴라이즈(LPG),2024-10-10 10:47:12.647151,2024-06-20,2024-11-22 02:28:15,,unavailable,,unavailable,,unavailable,,unavailable,,unavailable_no_verified_acquisition_or_sale_date,observed_reference_fields_plus_unavailable_requested_fields
8058,1962,18년 쏘나타뉴라이즈(LPG),2024-10-10 10:47:12.664272,2024-06-20,2024-11-22 02:28:18,,unavailable,,unavailable,,unavailable,,unavailable,,unavailable_no_verified_acquisition_or_sale_date,observed_reference_fields_plus_unavailable_requested_fields
8059,1848,18년 코나(휘),2024-10-10 10:47:12.679798,2024-06-18,2025-04-08 05:11:39,,unavailable,,unavailable,,unavailable,,unavailable,,unavailable_no_verified_acquisition_or_sale_date,observed_reference_fields_plus_unavailable_requested_fields
8060,1848,18년 코나(휘),2024-10-10 10:47:12.701030,2024-06-18,2025-04-08 05:11:59,,unavailable,,unavailable,,unavailable,,unavailable,,unavailable_no_verified_acquisition_or_sale_date,observed_reference_fields_plus_unavailable_requested_fields
8061,1848,18년 코나(휘),2024-10-10 10:47:12.718689,2024-06-18,2025-04-08 05:11:57,,unavailable,,unavailable,,unavailable,,unavailable,,unavailable_no_verified_acquisition_or_sale_date,observed_reference_fields_plus_unavailable_requested_fields
8062,1848,18년 코나(휘),2024-10-10 10:47:12.737973,2024-06-18,2025-04-08 05:11:57,,unavailable,,unavailable,,unavailable,,unavailable,,unavailable_no_verified_acquisition_or_sale_date,observed_reference_fields_plus_unavailable_requested_fields
8063,1848,18년 코나(휘),2024-10-10 10:47:12.756620,2024-06-18,2025-04-08 05:11:56,,unavailable,,unavailable,,unavailable,,unavailable,,unavailable_no_verified_acquisition_or_sale_date,observed_reference_fields_plus_unavailable_requested_fields
8064,1848,18년 코나(휘),2024-10-10 10:47:12.774309,2024-06-18,2025-04-08 05:11:55,,unavailable,,unavailable,,unavailable,,unavailable,,unavailable_no_verified_acquisition_or_sale_date,observed_reference_fields_plus_unavailable_requested_fields
8065,1848,18년 코나(휘),2024-10-10 10:47:12.799501,2024-06-18,2025-04-08 05:11:53,,unavailable,,unavailable,,unavailable,,unavailable,,unavailable_no_verified_acquisition_or_sale_date,observed_reference_fields_plus_unavailable_requested_fields
8066,1848,18년 코나(휘),2024-10-10 10:47:12.817301,2024-06-18,2025-04-08 05:11:53,,unavailable,,unavailable,,unavailable,,unavailable,,unavailable_no_verified_acquisition_or_sale_date,observed_reference_fields_plus_unavailable_requested_fields
8067,1848,18년 코나(휘),2024-10-10 10:47:12.835927,2024-06-18,2025-04-08 05:11:52,,unavailable,,unavailable,,unavailable,,unavailable,,unavailable_no_verified_acquisition_or_sale_date,observed_reference_fields_plus_unavailable_requested_fields
8068,1848,18년 코나(휘),2024-10-10 10:47:12.855739,2024-06-18,2025-04-08 05:11:51,,unavailable,,unavailable,,unavailable,,unavailable,,unavailable_no_verified_acquisition_or_sale_date,observed_reference_fields_plus_unavailable_requested_fields
8069,1848,18년 코나(휘),2024-10-10 10:47:12.872930,2018-01-04,2024-11-22 02:32:43,,unavailable,,unavailable,,unavailable,,unavailable,,unavailable_no_verified_acquisition_or_sale_date,observed_reference_fields_plus_unavailable_requested_fields
8070,1848,18년 코나(휘),2024-10-10 10:47:12.894112,2018-01-04,2024-11-22 02:32:48,,unavailable,,unavailable,,unavailable,,unavailable,,unavailable_no_verified_acquisition_or_sale_date,observed_reference_fields_plus_unavailable_requested_fields
8071,1848,18년 코나(휘),2024-10-10 10:47:12.911361,2018-01-04,2024-11-22 02:32:54,,unavailable,,unavailable,,unavailable,,unavailable,,unavailable_no_verified_acquisition_or_sale_date,observed_reference_fields_plus_unavailable_requested_fields
8072,1848,18년 코나(휘),2024-10-10 10:47:12.943014,2018-01-04,2024-11-22 02:32:59,,unavailable,,unavailable,,unavailable,,unavailable,,unavailable_no_verified_acquisition_or_sale_date,observed_reference_fields_plus_unavailable_requested_fields
8073,1848,18년 코나(휘),2024-10-10 10:47:12.961832,2018-01-04,2024-11-22 02:33:04,,unavailable,,unavailable,,unavailable,,unavailable,,unavailable_no_verified_acquisition_or_sale_date,observed_reference_fields_plus_unavailable_requested_fields
8074,1848,18년 코나(휘),2024-10-10 10:47:12.978951,2018-01-03,2025-04-08 05:11:41,,unavailable,,unavailable,,unavailable,,unavailable,,unavailable_no_verified_acquisition_or_sale_date,observed_reference_fields_plus_unavailable_requested_fields
8075,1848,18년 코나(휘),2024-10-10 10:47:12.996635,2018-01-03,2025-04-08 05:11:40,,unavailable,,unavailable,,unavailable,,unavailable,,unavailable_no_verified_acquisition_or_sale_date,observed_reference_fields_plus_unavailable_requested_fields
8076,1848,18년 코나(휘),2024-10-10 10:47:13.014739,2018-01-02,2025-04-08 05:11:40,,unavailable,,unavailable,,unavailable,,unavailable,,unavailable_no_verified_acquisition_or_sale_date,observed_reference_fields_plus_unavailable_requested_fields
8077,1853,18년 올뉴 쏘렌토(7인/경유),2024-10-10 10:47:13.046825,2018-01-24,2025-04-08 05:10:24,,unavailable,,unavailable,,unavailable,,unavailable,,unavailable_no_verified_acquisition_or_sale_date,observed_reference_fields_plus_unavailable_requested_fields
8078,1853,18년 올뉴 쏘렌토(7인/경유),2024-10-10 10:47:13.062583,2018-01-24,2025-04-08 05:10:26,,unavailable,,unavailable,,unavailable,,unavailable,,unavailable_no_verified_acquisition_or_sale_date,observed_reference_fields_plus_unavailable_requested_fields
8079,1853,18년 올뉴 쏘렌토(7인/경유),2024-10-10 10:47:13.079894,2018-01-19,2025-04-08 05:10:27,,unavailable,,unavailable,,unavailable,,unavailable,,unavailable_no_verified_acquisition_or_sale_date,observed_reference_fields_plus_unavailable_requested_fields
8080,1967,18년 티볼리 아머(휘),2024-10-10 10:47:13.098691,2024-06-21,2024-11-22 02:31:59,,unavailable,,unavailable,,unavailable,,unavailable,,unavailable_no_verified_acquisition_or_sale_date,observed_reference_fields_plus_unavailable_requested_fields
8081,1967,18년 티볼리 아머(휘),2024-10-10 10:47:13.114963,2024-06-21,2024-11-22 02:32:01,,unavailable,,unavailable,,unavailable,,unavailable,,unavailable_no_verified_acquisition_or_sale_date,observed_reference_fields_plus_unavailable_requested_fields
8082,1967,18년 티볼리 아머(휘),2024-10-10 10:47:13.131015,2024-06-21,2024-11-22 02:32:04,,unavailable,,unavailable,,unavailable,,unavailable,,unavailable_no_verified_acquisition_or_sale_date,observed_reference_fields_plus_unavailable_requested_fields
8083,1967,18년 티볼리 아머(휘),2024-10-10 10:47:13.146829,2024-06-21,2024-11-22 02:32:07,,unavailable,,unavailable,,unavailable,,unavailable,,unavailable_no_verified_acquisition_or_sale_date,observed_reference_fields_plus_unavailable_requested_fields
8084,1967,18년 티볼리 아머(휘),2024-10-10 10:47:13.164028,2024-06-21,2024-11-22 02:32:09,,unavailable,,unavailable,,unavailable,,unavailable,,unavailable_no_verified_acquisition_or_sale_date,observed_reference_fields_plus_unavailable_requested_fields
8085,1854,19년 더뉴그랜드스타렉스12인(경유),2024-10-10 10:47:13.180740,2019-03-11,,,unavailable,,unavailable,,unavailable,,unavailable,,unavailable_no_verified_acquisition_or_sale_date,observed_reference_fields_plus_unavailable_requested_fields
8086,1854,19년 더뉴그랜드스타렉스12인(경유),2024-10-10 10:47:13.200226,2019-03-11,,,unavailable,,unavailable,,unavailable,,unavailable,,unavailable_no_verified_acquisition_or_sale_date,observed_reference_fields_plus_unavailable_requested_fields
8087,1862,19/20년 머스탱 컨버터블(휘),2024-10-10 10:47:13.214965,2020-06-19,2026-03-18 06:04:33,,unavailable,,unavailable,,unavailable,,unavailable,,unavailable_no_verified_acquisition_or_sale_date,observed_reference_fields_plus_unavailable_requested_fields
8088,1862,19/20년 머스탱 컨버터블(휘),2024-10-10 10:47:13.230746,2019-05-23,2026-03-18 06:04:43,,unavailable,,unavailable,,unavailable,,unavailable,,unavailable_no_verified_acquisition_or_sale_date,observed_reference_fields_plus_unavailable_requested_fields
8089,1862,19/20년 머스탱 컨버터블(휘),2024-10-10 10:47:13.248486,2019-05-30,2026-03-18 06:04:51,,unavailable,,unavailable,,unavailable,,unavailable,,unavailable_no_verified_acquisition_or_sale_date,observed_reference_fields_plus_unavailable_requested_fields
8090,1867,19년 베뉴(휘),2024-10-10 10:47:13.265077,2019-11-18,2025-04-08 05:10:14,,unavailable,,unavailable,,unavailable,,unavailable,,unavailable_no_verified_acquisition_or_sale_date,observed_reference_fields_plus_unavailable_requested_fields
8091,1867,19년 베뉴(휘),2024-10-10 10:47:13.281801,2019-11-18,2025-04-08 05:10:15,,unavailable,,unavailable,,unavailable,,unavailable,,unavailable_no_verified_acquisition_or_sale_date,observed_reference_fields_plus_unavailable_requested_fields
8092,1861,19년 벤츠 E클래스 카브리올레[경유],2024-10-10 10:47:13.297053,2019-04-29,2025-04-08 05:10:48,,unavailable,,unavailable,,unavailable,,unavailable,,unavailable_no_verified_acquisition_or_sale_date,observed_reference_fields_plus_unavailable_requested_fields
8093,1861,19년 벤츠 E클래스 카브리올레[경유],2024-10-10 10:47:13.316700,2019-04-26,2025-04-08 05:10:49,,unavailable,,unavailable,,unavailable,,unavailable,,unavailable_no_verified_acquisition_or_sale_date,observed_reference_fields_plus_unavailable_requested_fields
8094,1861,19년 벤츠 E클래스 카브리올레[경유],2024-10-10 10:47:13.333053,2019-04-26,2025-04-08 05:10:51,,unavailable,,unavailable,,unavailable,,unavailable,,unavailable_no_verified_acquisition_or_sale_date,observed_reference_fields_plus_unavailable_requested_fields
8095,1851,19년 엑센트(휘),2024-10-10 10:47:13.348283,2018-06-20,2025-04-08 05:05:20,,unavailable,,unavailable,,unavailable,,unavailable,,unavailable_no_verified_acquisition_or_sale_date,observed_reference_fields_plus_unavailable_requested_fields
8096,1856,19년 G80(휘),2024-10-10 10:47:13.365554,2019-01-04,2025-04-08 05:10:56,,unavailable,,unavailable,,unavailable,,unavailable,,unavailable_no_verified_acquisition_or_sale_date,observed_reference_fields_plus_unavailable_requested_fields
8097,1856,19년 G80(휘),2024-10-10 10:47:13.389799,2019-01-04,2025-04-08 05:10:57,,unavailable,,unavailable,,unavailable,,unavailable,,unavailable_no_verified_acquisition_or_sale_date,observed_reference_fields_plus_unavailable_requested_fields
8098,1866,20년 셀토스(휘),2024-10-10 10:47:13.412497,2021-05-28,2024-10-15 04:30:31,,unavailable,,unavailable,,unavailable,,unavailable,,unavailable_no_verified_acquisition_or_sale_date,observed_reference_fields_plus_unavailable_requested_fields
8099,1866,20년 셀토스(휘),2024-10-10 10:47:13.428805,2020-01-02,,,unavailable,,unavailable,,unavailable,,unavailable,,unavailable_no_verified_acquisition_or_sale_date,observed_reference_fields_plus_unavailable_requested_fields
8100,1866,20년 셀토스(휘),2024-10-10 10:47:13.447644,2020-07-21,,,unavailable,,unavailable,,unavailable,,unavailable,,unavailable_no_verified_acquisition_or_sale_date,observed_reference_fields_plus_unavailable_requested_fields
8101,1866,20년 셀토스(휘),2024-10-10 10:47:13.466810,2020-07-21,,,unavailable,,unavailable,,unavailable,,unavailable,,unavailable_no_verified_acquisition_or_sale_date,observed_reference_fields_plus_unavailable_requested_fields
8102,1866,20년 셀토스(휘),2024-10-10 10:47:13.483312,2020-07-21,,,unavailable,,unavailable,,unavailable,,unavailable,,unavailable_no_verified_acquisition_or_sale_date,observed_reference_fields_plus_unavailable_requested_fields
8103,1866,20년 셀토스(휘),2024-10-10 10:47:13.501554,2019-08-29,2024-10-15 04:32:03,,unavailable,,unavailable,,unavailable,,unavailable,,unavailable_no_verified_acquisition_or_sale_date,observed_reference_fields_plus_unavailable_requested_fields
8104,1866,20년 셀토스(휘),2024-10-10 10:47:13.519830,2019-08-29,2024-10-15 04:32:10,,unavailable,,unavailable,,unavailable,,unavailable,,unavailable_no_verified_acquisition_or_sale_date,observed_reference_fields_plus_unavailable_requested_fields
8105,1866,20년 셀토스(휘),2024-10-10 10:47:13.552108,2019-08-29,2024-10-15 04:32:15,,unavailable,,unavailable,,unavailable,,unavailable,,unavailable_no_verified_acquisition_or_sale_date,observed_reference_fields_plus_unavailable_requested_fields
8106,1866,20년 셀토스(휘),2024-10-10 10:47:13.568403,2019-08-29,2024-10-15 04:32:21,,unavailable,,unavailable,,unavailable,,unavailable,,unavailable_no_verified_acquisition_or_sale_date,observed_reference_fields_plus_unavailable_requested_fields
8107,1866,20년 셀토스(휘),2024-10-10 10:47:13.591230,2019-08-29,2024-10-15 04:32:28,,unavailable,,unavailable,,unavailable,,unavailable,,unavailable_no_verified_acquisition_or_sale_date,observed_reference_fields_plus_unavailable_requested_fields
8108,1852,18년 뉴레이(휘),2024-10-10 10:47:13.610936,2024-06-20,2025-04-08 05:11:15,,unavailable,,unavailable,,unavailable,,unavailable,,unavailable_no_verified_acquisition_or_sale_date,observed_reference_fields_plus_unavailable_requested_fields
8109,1852,18년 뉴레이(휘),2024-10-10 10:47:13.626708,2024-06-20,2025-04-08 05:11:16,,unavailable,,unavailable,,unavailable,,unavailable,,unavailable_no_verified_acquisition_or_sale_date,observed_reference_fields_plus_unavailable_requested_fields
8110,1852,18년 뉴레이(휘),2024-10-10 10:47:13.643979,2024-06-20,2025-04-08 05:11:35,,unavailable,,unavailable,,unavailable,,unavailable,,unavailable_no_verified_acquisition_or_sale_date,observed_reference_fields_plus_unavailable_requested_fields
8111,1852,18년 뉴레이(휘),2024-10-10 10:47:13.659738,2024-06-18,2025-04-08 05:11:34,,unavailable,,unavailable,,unavailable,,unavailable,,unavailable_no_verified_acquisition_or_sale_date,observed_reference_fields_plus_unavailable_requested_fields
8112,1852,18년 뉴레이(휘),2024-10-10 10:47:13.676045,2024-06-18,2025-04-08 05:11:33,,unavailable,,unavailable,,unavailable,,unavailable,,unavailable_no_verified_acquisition_or_sale_date,observed_reference_fields_plus_unavailable_requested_fields
8113,1852,18년 뉴레이(휘),2024-10-10 10:47:13.691821,2024-06-18,2025-04-08 05:11:32,,unavailable,,unavailable,,unavailable,,unavailable,,unavailable_no_verified_acquisition_or_sale_date,observed_reference_fields_plus_unavailable_requested_fields
8114,1852,18년 뉴레이(휘),2024-10-10 10:47:13.709123,2024-06-20,2025-04-08 05:11:31,,unavailable,,unavailable,,unavailable,,unavailable,,unavailable_no_verified_acquisition_or_sale_date,observed_reference_fields_plus_unavailable_requested_fields
8115,1852,18년 뉴레이(휘),2024-10-10 10:47:13.726654,2024-06-20,2025-04-08 05:11:31,,unavailable,,unavailable,,unavailable,,unavailable,,unavailable_no_verified_acquisition_or_sale_date,observed_reference_fields_plus_unavailable_requested_fields
8116,1852,18년 뉴레이(휘),2024-10-10 10:47:13.748886,2024-06-20,2025-04-08 05:11:30,,unavailable,,unavailable,,unavailable,,unavailable,,unavailable_no_verified_acquisition_or_sale_date,observed_reference_fields_plus_unavailable_requested_fields
8117,1852,18년 뉴레이(휘),2024-10-10 10:47:13.770135,2024-06-20,2025-04-08 05:11:28,,unavailable,,unavailable,,unavailable,,unavailable,,unavailable_no_verified_acquisition_or_sale_date,observed_reference_fields_plus_unavailable_requested_fields
8118,1852,18년 뉴레이(휘),2024-10-10 10:47:13.790395,2024-06-20,2025-04-08 05:11:29,,unavailable,,unavailable,,unavailable,,unavailable,,unavailable_no_verified_acquisition_or_sale_date,observed_reference_fields_plus_unavailable_requested_fields
8119,1852,18년 뉴레이(휘),2024-10-10 10:47:13.811230,2018-04-19,2025-04-08 05:11:27,,unavailable,,unavailable,,unavailable,,unavailable,,unavailable_no_verified_acquisition_or_sale_date,observed_reference_fields_plus_unavailable_requested_fields
8120,1852,18년 뉴레이(휘),2024-10-10 10:47:13.827520,2018-04-19,2025-04-08 05:11:26,,unavailable,,unavailable,,unavailable,,unavailable,,unavailable_no_verified_acquisition_or_sale_date,observed_reference_fields_plus_unavailable_requested_fields
8121,1852,18년 뉴레이(휘),2024-10-10 10:47:13.845126,2018-04-19,2025-04-08 05:11:24,,unavailable,,unavailable,,unavailable,,unavailable,,unavailable_no_verified_acquisition_or_sale_date,observed_reference_fields_plus_unavailable_requested_fields
8122,1852,18년 뉴레이(휘),2024-10-10 10:47:13.861779,2018-04-19,2025-04-08 05:11:23,,unavailable,,unavailable,,unavailable,,unavailable,,unavailable_no_verified_acquisition_or_sale_date,observed_reference_fields_plus_unavailable_requested_fields
8123,1852,18년 뉴레이(휘),2024-10-10 10:47:13.879384,2018-04-19,2025-04-08 05:11:22,,unavailable,,unavailable,,unavailable,,unavailable,,unavailable_no_verified_acquisition_or_sale_date,observed_reference_fields_plus_unavailable_requested_fields
8124,1852,18년 뉴레이(휘),2024-10-10 10:47:13.895064,2018-04-19,2025-04-08 05:11:22,,unavailable,,unavailable,,unavailable,,unavailable,,unavailable_no_verified_acquisition_or_sale_date,observed_reference_fields_plus_unavailable_requested_fields
8125,1852,18년 뉴레이(휘),2024-10-10 10:47:13.912802,2024-06-20,2025-04-08 05:11:21,,unavailable,,unavailable,,unavailable,,unavailable,,unavailable_no_verified_acquisition_or_sale_date,observed_reference_fields_plus_unavailable_requested_fields
8126,1852,18년 뉴레이(휘),2024-10-10 10:47:13.931476,2024-06-20,2025-04-08 05:11:19,,unavailable,,unavailable,,unavailable,,unavailable,,unavailable_no_verified_acquisition_or_sale_date,observed_reference_fields_plus_unavailable_requested_fields
8127,1852,18년 뉴레이(휘),2024-10-10 10:47:13.949647,2024-06-18,2024-11-22 02:36:13,,unavailable,,unavailable,,unavailable,,unavailable,,unavailable_no_verified_acquisition_or_sale_date,observed_reference_fields_plus_unavailable_requested_fields
8128,1852,18년 뉴레이(휘),2024-10-10 10:47:13.968273,2024-06-18,2024-11-22 02:36:19,,unavailable,,unavailable,,unavailable,,unavailable,,unavailable_no_verified_acquisition_or_sale_date,observed_reference_fields_plus_unavailable_requested_fields
8129,1852,18년 뉴레이(휘),2024-10-10 10:47:13.989376,2024-06-18,2025-04-08 05:11:19,,unavailable,,unavailable,,unavailable,,unavailable,,unavailable_no_verified_acquisition_or_sale_date,observed_reference_fields_plus_unavailable_requested_fields
8130,1852,18년 뉴레이(휘),2024-10-10 10:47:14.007577,2024-06-18,2024-11-22 02:36:27,,unavailable,,unavailable,,unavailable,,unavailable,,unavailable_no_verified_acquisition_or_sale_date,observed_reference_fields_plus_unavailable_requested_fields
8131,1852,18년 뉴레이(휘),2024-10-10 10:47:14.025704,2024-06-20,2024-11-22 02:36:38,,unavailable,,unavailable,,unavailable,,unavailable,,unavailable_no_verified_acquisition_or_sale_date,observed_reference_fields_plus_unavailable_requested_fields
8132,1852,18년 뉴레이(휘),2024-10-10 10:47:14.043452,2024-06-20,2024-11-22 02:36:46,,unavailable,,unavailable,,unavailable,,unavailable,,unavailable_no_verified_acquisition_or_sale_date,observed_reference_fields_plus_unavailable_requested_fields
8133,1852,18년 뉴레이(휘),2024-10-10 10:47:14.058737,2024-06-20,2024-11-22 02:36:54,,unavailable,,unavailable,,unavailable,,unavailable,,unavailable_no_verified_acquisition_or_sale_date,observed_reference_fields_plus_unavailable_requested_fields
8134,1852,18년 뉴레이(휘),2024-10-10 10:47:14.073535,2024-06-20,2025-04-08 05:11:18,,unavailable,,unavailable,,unavailable,,unavailable,,unavailable_no_verified_acquisition_or_sale_date,observed_reference_fields_plus_unavailable_requested_fields
8135,1852,18년 뉴레이(휘),2024-10-10 10:47:14.092271,2024-06-20,2025-04-08 05:11:17,,unavailable,,unavailable,,unavailable,,unavailable,,unavailable_no_verified_acquisition_or_sale_date,observed_reference_fields_plus_unavailable_requested_fields
8136,1852,18년 뉴레이(휘),2024-10-10 10:47:14.110374,2024-06-20,2024-11-22 02:37:01,,unavailable,,unavailable,,unavailable,,unavailable,,unavailable_no_verified_acquisition_or_sale_date,observed_reference_fields_plus_unavailable_requested_fields
8137,2100,업무용차량,2024-10-10 10:47:14.131689,2020-03-05,2025-06-23 07:19:27,,unavailable,,unavailable,,unavailable,,unavailable,,unavailable_no_verified_acquisition_or_sale_date,observed_reference_fields_plus_unavailable_requested_fields
8138,1865,19년 더뉴 아반떼(휘),2024-10-10 10:47:14.147978,2019-08-05,2025-04-08 05:09:52,,unavailable,,unavailable,,unavailable,,unavailable,,unavailable_no_verified_acquisition_or_sale_date,observed_reference_fields_plus_unavailable_requested_fields
8139,1865,19년 더뉴 아반떼(휘),2024-10-10 10:47:14.165281,2019-08-05,2025-04-08 05:09:53,,unavailable,,unavailable,,unavailable,,unavailable,,unavailable_no_verified_acquisition_or_sale_date,observed_reference_fields_plus_unavailable_requested_fields
8140,1865,19년 더뉴 아반떼(휘),2024-10-10 10:47:14.186828,2019-08-05,2025-04-08 05:09:54,,unavailable,,unavailable,,unavailable,,unavailable,,unavailable_no_verified_acquisition_or_sale_date,observed_reference_fields_plus_unavailable_requested_fields
8141,1865,19년 더뉴 아반떼(휘),2024-10-10 10:47:14.202998,2019-08-05,2025-04-08 05:09:55,,unavailable,,unavailable,,unavailable,,unavailable,,unavailable_no_verified_acquisition_or_sale_date,observed_reference_fields_plus_unavailable_requested_fields
8142,1865,19년 더뉴 아반떼(휘),2024-10-10 10:47:14.217778,2019-08-05,2025-04-08 05:09:56,,unavailable,,unavailable,,unavailable,,unavailable,,unavailable_no_verified_acquisition_or_sale_date,observed_reference_fields_plus_unavailable_requested_fields
8143,1865,19년 더뉴 아반떼(휘),2024-10-10 10:47:14.234173,2019-08-21,2025-04-08 05:09:56,,unavailable,,unavailable,,unavailable,,unavailable,,unavailable_no_verified_acquisition_or_sale_date,observed_reference_fields_plus_unavailable_requested_fields
8144,1865,19년 더뉴 아반떼(휘),2024-10-10 10:47:14.250016,2019-08-21,2025-04-08 05:09:57,,unavailable,,unavailable,,unavailable,,unavailable,,unavailable_no_verified_acquisition_or_sale_date,observed_reference_fields_plus_unavailable_requested_fields
8145,1865,19년 더뉴 아반떼(휘),2024-10-10 10:47:14.267136,2019-08-21,2025-04-08 05:09:58,,unavailable,,unavailable,,unavailable,,unavailable,,unavailable_no_verified_acquisition_or_sale_date,observed_reference_fields_plus_unavailable_requested_fields
8146,1859,19년 더뉴카니발리무진7인(경유),2024-10-10 10:47:14.284388,2019-04-02,,,unavailable,,unavailable,,unavailable,,unavailable,,unavailable_no_verified_acquisition_or_sale_date,observed_reference_fields_plus_unavailable_requested_fields
8147,1859,19년 더뉴카니발리무진7인(경유),2024-10-10 10:47:14.302237,2019-04-02,,,unavailable,,unavailable,,unavailable,,unavailable,,unavailable_no_verified_acquisition_or_sale_date,observed_reference_fields_plus_unavailable_requested_fields
8148,1859,19년 더뉴카니발리무진7인(경유),2024-10-10 10:47:14.319122,2019-04-02,,,unavailable,,unavailable,,unavailable,,unavailable,,unavailable_no_verified_acquisition_or_sale_date,observed_reference_fields_plus_unavailable_requested_fields
8149,1859,19년 더뉴카니발리무진7인(경유),2024-10-10 10:47:14.335568,2019-04-02,,,unavailable,,unavailable,,unavailable,,unavailable,,unavailable_no_verified_acquisition_or_sale_date,observed_reference_fields_plus_unavailable_requested_fields
8150,1859,19년 더뉴카니발리무진7인(경유),2024-10-10 10:47:14.351768,2019-04-02,,,unavailable,,unavailable,,unavailable,,unavailable,,unavailable_no_verified_acquisition_or_sale_date,observed_reference_fields_plus_unavailable_requested_fields
8151,1859,19년 더뉴카니발리무진7인(경유),2024-10-10 10:47:14.405098,2019-08-16,2024-10-15 04:44:22,,unavailable,,unavailable,,unavailable,,unavailable,,unavailable_no_verified_acquisition_or_sale_date,observed_reference_fields_plus_unavailable_requested_fields
8152,1859,19년 더뉴카니발리무진7인(경유),2024-10-10 10:47:14.423784,2019-08-16,2024-10-15 04:44:35,,unavailable,,unavailable,,unavailable,,unavailable,,unavailable_no_verified_acquisition_or_sale_date,observed_reference_fields_plus_unavailable_requested_fields
8153,1859,19년 더뉴카니발리무진7인(경유),2024-10-10 10:47:14.442829,2019-08-16,2024-10-15 04:44:30,,unavailable,,unavailable,,unavailable,,unavailable,,unavailable_no_verified_acquisition_or_sale_date,observed_reference_fields_plus_unavailable_requested_fields
8154,1859,19년 더뉴카니발리무진7인(경유),2024-10-10 10:47:14.459054,2019-04-03,2024-10-15 04:44:26,,unavailable,,unavailable,,unavailable,,unavailable,,unavailable_no_verified_acquisition_or_sale_date,observed_reference_fields_plus_unavailable_requested_fields
8155,1860,19년 더뉴카니발하이리무진7인(경유),2024-10-10 10:47:14.476483,2019-04-08,2026-03-18 06:05:45,,unavailable,,unavailable,,unavailable,,unavailable,,unavailable_no_verified_acquisition_or_sale_date,observed_reference_fields_plus_unavailable_requested_fields
8156,1860,19년 더뉴카니발하이리무진7인(경유),2024-10-10 10:47:14.494121,2019-04-08,2026-03-18 06:05:52,,unavailable,,unavailable,,unavailable,,unavailable,,unavailable_no_verified_acquisition_or_sale_date,observed_reference_fields_plus_unavailable_requested_fields
8157,1860,19년 더뉴카니발하이리무진7인(경유),2024-10-10 10:47:14.509767,2019-06-24,2026-03-11 09:44:36,,unavailable,,unavailable,,unavailable,,unavailable,,unavailable_no_verified_acquisition_or_sale_date,observed_reference_fields_plus_unavailable_requested_fields
8158,1860,19년 더뉴카니발하이리무진7인(경유),2024-10-10 10:47:14.524437,2019-06-28,2026-03-18 06:06:03,,unavailable,,unavailable,,unavailable,,unavailable,,unavailable_no_verified_acquisition_or_sale_date,observed_reference_fields_plus_unavailable_requested_fields
8159,1860,19년 더뉴카니발하이리무진7인(경유),2024-10-10 10:47:14.540669,2019-06-28,2024-10-15 04:44:44,,unavailable,,unavailable,,unavailable,,unavailable,,unavailable_no_verified_acquisition_or_sale_date,observed_reference_fields_plus_unavailable_requested_fields
8160,1860,19년 더뉴카니발하이리무진7인(경유),2024-10-10 10:47:14.557328,2019-06-28,2024-10-15 04:44:40,,unavailable,,unavailable,,unavailable,,unavailable,,unavailable_no_verified_acquisition_or_sale_date,observed_reference_fields_plus_unavailable_requested_fields
8161,1858,19년 싼타페TM 2륜 (5인/경유),2024-10-10 10:47:14.574097,2019-07-12,2025-04-08 05:10:43,,unavailable,,unavailable,,unavailable,,unavailable,,unavailable_no_verified_acquisition_or_sale_date,observed_reference_fields_plus_unavailable_requested_fields
8162,1858,19년 싼타페TM 2륜 (5인/경유),2024-10-10 10:47:14.589875,2019-07-12,2025-04-08 05:10:45,,unavailable,,unavailable,,unavailable,,unavailable,,unavailable_no_verified_acquisition_or_sale_date,observed_reference_fields_plus_unavailable_requested_fields
8163,1857,19년 쏘울 부스터(휘),2024-10-10 10:47:14.605632,2019-06-17,2025-04-08 05:10:36,,unavailable,,unavailable,,unavailable,,unavailable,,unavailable_no_verified_acquisition_or_sale_date,observed_reference_fields_plus_unavailable_requested_fields
8164,1857,19년 쏘울 부스터(휘),2024-10-10 10:47:14.621932,2019-06-17,2025-04-08 05:10:37,,unavailable,,unavailable,,unavailable,,unavailable,,unavailable_no_verified_acquisition_or_sale_date,observed_reference_fields_plus_unavailable_requested_fields
8165,1857,19년 쏘울 부스터(휘),2024-10-10 10:47:14.639716,2019-06-17,2025-04-08 05:10:38,,unavailable,,unavailable,,unavailable,,unavailable,,unavailable_no_verified_acquisition_or_sale_date,observed_reference_fields_plus_unavailable_requested_fields
8166,1857,19년 쏘울 부스터(휘),2024-10-10 10:47:14.656747,2019-06-17,2025-04-08 05:10:40,,unavailable,,unavailable,,unavailable,,unavailable,,unavailable_no_verified_acquisition_or_sale_date,observed_reference_fields_plus_unavailable_requested_fields
8167,1868,20년 더 뉴 그랜저(휘),2024-10-10 10:47:14.673043,2020-01-02,,,unavailable,,unavailable,,unavailable,,unavailable,,unavailable_no_verified_acquisition_or_sale_date,observed_reference_fields_plus_unavailable_requested_fields
8168,1868,20년 더 뉴 그랜저(휘),2024-10-10 10:47:14.689857,2020-01-02,,,unavailable,,unavailable,,unavailable,,unavailable,,unavailable_no_verified_acquisition_or_sale_date,observed_reference_fields_plus_unavailable_requested_fields
8169,1868,20년 더 뉴 그랜저(휘),2024-10-10 10:47:14.706147,2020-01-02,,,unavailable,,unavailable,,unavailable,,unavailable,,unavailable_no_verified_acquisition_or_sale_date,observed_reference_fields_plus_unavailable_requested_fields
8170,1868,20년 더 뉴 그랜저(휘),2024-10-10 10:47:14.721958,2020-01-02,,,unavailable,,unavailable,,unavailable,,unavailable,,unavailable_no_verified_acquisition_or_sale_date,observed_reference_fields_plus_unavailable_requested_fields
8171,1871,20년 더 뉴 그랜저(LPG),2024-10-10 10:47:14.740107,2020-01-21,2024-10-15 04:22:12,,unavailable,,unavailable,,unavailable,,unavailable,,unavailable_no_verified_acquisition_or_sale_date,observed_reference_fields_plus_unavailable_requested_fields
8172,1871,20년 더 뉴 그랜저(LPG),2024-10-10 10:47:14.754961,2020-01-21,2024-10-15 04:22:19,,unavailable,,unavailable,,unavailable,,unavailable,,unavailable_no_verified_acquisition_or_sale_date,observed_reference_fields_plus_unavailable_requested_fields
8173,1871,20년 더 뉴 그랜저(LPG),2024-10-10 10:47:14.770684,2020-01-21,2024-10-15 04:22:25,,unavailable,,unavailable,,unavailable,,unavailable,,unavailable_no_verified_acquisition_or_sale_date,observed_reference_fields_plus_unavailable_requested_fields
8174,1871,20년 더 뉴 그랜저(LPG),2024-10-10 10:47:14.786490,2020-03-27,,,unavailable,,unavailable,,unavailable,,unavailable,,unavailable_no_verified_acquisition_or_sale_date,observed_reference_fields_plus_unavailable_requested_fields
8175,1871,20년 더 뉴 그랜저(LPG),2024-10-10 10:47:14.804136,2020-03-27,,,unavailable,,unavailable,,unavailable,,unavailable,,unavailable_no_verified_acquisition_or_sale_date,observed_reference_fields_plus_unavailable_requested_fields
8176,1871,20년 더 뉴 그랜저(LPG),2024-10-10 10:47:14.821445,2020-03-27,,,unavailable,,unavailable,,unavailable,,unavailable,,unavailable_no_verified_acquisition_or_sale_date,observed_reference_fields_plus_unavailable_requested_fields
8177,1872,20년 베리뉴티볼리(경유),2024-10-10 10:47:14.839885,2020-01-23,,,unavailable,,unavailable,,unavailable,,unavailable,,unavailable_no_verified_acquisition_or_sale_date,observed_reference_fields_plus_unavailable_requested_fields
8178,1872,20년 베리뉴티볼리(경유),2024-10-10 10:47:14.855110,2020-01-23,,,unavailable,,unavailable,,unavailable,,unavailable,,unavailable_no_verified_acquisition_or_sale_date,observed_reference_fields_plus_unavailable_requested_fields
8179,1872,20년 베리뉴티볼리(경유),2024-10-10 10:47:14.871079,2020-01-23,,,unavailable,,unavailable,,unavailable,,unavailable,,unavailable_no_verified_acquisition_or_sale_date,observed_reference_fields_plus_unavailable_requested_fields
8180,1872,20년 베리뉴티볼리(경유),2024-10-10 10:47:14.885917,2020-01-23,,,unavailable,,unavailable,,unavailable,,unavailable,,unavailable_no_verified_acquisition_or_sale_date,observed_reference_fields_plus_unavailable_requested_fields
8181,1874,20년 올뉴아반떼CN7(휘),2024-10-10 10:47:14.903777,2020-09-15,2024-10-15 04:14:11,,unavailable,,unavailable,,unavailable,,unavailable,,unavailable_no_verified_acquisition_or_sale_date,observed_reference_fields_plus_unavailable_requested_fields
8182,1874,20년 올뉴아반떼CN7(휘),2024-10-10 10:47:14.920640,2020-09-15,2024-10-15 04:14:15,,unavailable,,unavailable,,unavailable,,unavailable,,unavailable_no_verified_acquisition_or_sale_date,observed_reference_fields_plus_unavailable_requested_fields
8183,1874,20년 올뉴아반떼CN7(휘),2024-10-10 10:47:14.937656,2020-09-15,2024-10-15 04:14:19,,unavailable,,unavailable,,unavailable,,unavailable,,unavailable_no_verified_acquisition_or_sale_date,observed_reference_fields_plus_unavailable_requested_fields
8184,1874,20년 올뉴아반떼CN7(휘),2024-10-10 10:47:14.954931,2020-09-17,2024-10-15 04:14:23,,unavailable,,unavailable,,unavailable,,unavailable,,unavailable_no_verified_acquisition_or_sale_date,observed_reference_fields_plus_unavailable_requested_fields
8185,1874,20년 올뉴아반떼CN7(휘),2024-10-10 10:47:14.970618,2020-09-17,2024-10-15 04:14:05,,unavailable,,unavailable,,unavailable,,unavailable,,unavailable_no_verified_acquisition_or_sale_date,observed_reference_fields_plus_unavailable_requested_fields
8186,1874,20년 올뉴아반떼CN7(휘),2024-10-10 10:47:14.985415,2020-09-04,,,unavailable,,unavailable,,unavailable,,unavailable,,unavailable_no_verified_acquisition_or_sale_date,observed_reference_fields_plus_unavailable_requested_fields
8187,1874,20년 올뉴아반떼CN7(휘),2024-10-10 10:47:15.002699,2020-09-04,,,unavailable,,unavailable,,unavailable,,unavailable,,unavailable_no_verified_acquisition_or_sale_date,observed_reference_fields_plus_unavailable_requested_fields
8188,1874,20년 올뉴아반떼CN7(휘),2024-10-10 10:47:15.019884,2020-09-04,,,unavailable,,unavailable,,unavailable,,unavailable,,unavailable_no_verified_acquisition_or_sale_date,observed_reference_fields_plus_unavailable_requested_fields
8189,1874,20년 올뉴아반떼CN7(휘),2024-10-10 10:47:15.035105,2020-09-04,,,unavailable,,unavailable,,unavailable,,unavailable,,unavailable_no_verified_acquisition_or_sale_date,observed_reference_fields_plus_unavailable_requested_fields
8190,1874,20년 올뉴아반떼CN7(휘),2024-10-10 10:47:15.051837,2020-09-04,,,unavailable,,unavailable,,unavailable,,unavailable,,unavailable_no_verified_acquisition_or_sale_date,observed_reference_fields_plus_unavailable_requested_fields
8191,1879,20년 코나(전기),2024-10-10 10:47:15.068462,2020-09-11,,,unavailable,,unavailable,,unavailable,,unavailable,,unavailable_no_verified_acquisition_or_sale_date,observed_reference_fields_plus_unavailable_requested_fields
8192,1879,20년 코나(전기),2024-10-10 10:47:15.084840,2020-09-11,,,unavailable,,unavailable,,unavailable,,unavailable,,unavailable_no_verified_acquisition_or_sale_date,observed_reference_fields_plus_unavailable_requested_fields
8193,1879,20년 코나(전기),2024-10-10 10:47:15.099591,2020-09-11,,,unavailable,,unavailable,,unavailable,,unavailable,,unavailable_no_verified_acquisition_or_sale_date,observed_reference_fields_plus_unavailable_requested_fields
8194,1879,20년 코나(전기),2024-10-10 10:47:15.115448,2020-09-11,,,unavailable,,unavailable,,unavailable,,unavailable,,unavailable_no_verified_acquisition_or_sale_date,observed_reference_fields_plus_unavailable_requested_fields
8195,1879,20년 코나(전기),2024-10-10 10:47:15.129229,2020-09-11,,,unavailable,,unavailable,,unavailable,,unavailable,,unavailable_no_verified_acquisition_or_sale_date,observed_reference_fields_plus_unavailable_requested_fields
8196,1879,20년 코나(전기),2024-10-10 10:47:15.146070,2020-09-11,,,unavailable,,unavailable,,unavailable,,unavailable,,unavailable_no_verified_acquisition_or_sale_date,observed_reference_fields_plus_unavailable_requested_fields
8197,1879,20년 코나(전기),2024-10-10 10:47:15.162935,2020-09-11,,,unavailable,,unavailable,,unavailable,,unavailable,,unavailable_no_verified_acquisition_or_sale_date,observed_reference_fields_plus_unavailable_requested_fields
8198,1879,20년 코나(전기),2024-10-10 10:47:15.176951,2020-09-11,,,unavailable,,unavailable,,unavailable,,unavailable,,unavailable_no_verified_acquisition_or_sale_date,observed_reference_fields_plus_unavailable_requested_fields
8199,1879,20년 코나(전기),2024-10-10 10:47:15.193588,2020-09-11,,,unavailable,,unavailable,,unavailable,,unavailable,,unavailable_no_verified_acquisition_or_sale_date,observed_reference_fields_plus_unavailable_requested_fields
8200,1879,20년 코나(전기),2024-10-10 10:47:15.211806,2020-09-11,,,unavailable,,unavailable,,unavailable,,unavailable,,unavailable_no_verified_acquisition_or_sale_date,observed_reference_fields_plus_unavailable_requested_fields
8201,1879,20년 코나(전기),2024-10-10 10:47:15.228685,2020-09-11,,,unavailable,,unavailable,,unavailable,,unavailable,,unavailable_no_verified_acquisition_or_sale_date,observed_reference_fields_plus_unavailable_requested_fields
8202,1879,20년 코나(전기),2024-10-10 10:47:15.243983,2020-09-11,,,unavailable,,unavailable,,unavailable,,unavailable,,unavailable_no_verified_acquisition_or_sale_date,observed_reference_fields_plus_unavailable_requested_fields
8203,1879,20년 코나(전기),2024-10-10 10:47:15.263726,2020-09-11,,,unavailable,,unavailable,,unavailable,,unavailable,,unavailable_no_verified_acquisition_or_sale_date,observed_reference_fields_plus_unavailable_requested_fields
8204,1879,20년 코나(전기),2024-10-10 10:47:15.281584,2020-09-11,,,unavailable,,unavailable,,unavailable,,unavailable,,unavailable_no_verified_acquisition_or_sale_date,observed_reference_fields_plus_unavailable_requested_fields
8205,1879,20년 코나(전기),2024-10-10 10:47:15.296419,2020-09-11,,,unavailable,,unavailable,,unavailable,,unavailable,,unavailable_no_verified_acquisition_or_sale_date,observed_reference_fields_plus_unavailable_requested_fields
8206,1879,20년 코나(전기),2024-10-10 10:47:15.313819,2020-09-11,,,unavailable,,unavailable,,unavailable,,unavailable,,unavailable_no_verified_acquisition_or_sale_date,observed_reference_fields_plus_unavailable_requested_fields
8207,1879,20년 코나(전기),2024-10-10 10:47:15.329026,2020-09-11,,,unavailable,,unavailable,,unavailable,,unavailable,,unavailable_no_verified_acquisition_or_sale_date,observed_reference_fields_plus_unavailable_requested_fields
8208,1879,20년 코나(전기),2024-10-10 10:47:15.345998,2020-09-11,,,unavailable,,unavailable,,unavailable,,unavailable,,unavailable_no_verified_acquisition_or_sale_date,observed_reference_fields_plus_unavailable_requested_fields
8209,1879,20년 코나(전기),2024-10-10 10:47:15.365175,2020-09-11,,,unavailable,,unavailable,,unavailable,,unavailable,,unavailable_no_verified_acquisition_or_sale_date,observed_reference_fields_plus_unavailable_requested_fields
8210,1879,20년 코나(전기),2024-10-10 10:47:15.384436,2020-09-11,,,unavailable,,unavailable,,unavailable,,unavailable,,unavailable_no_verified_acquisition_or_sale_date,observed_reference_fields_plus_unavailable_requested_fields
8211,1879,20년 코나(전기),2024-10-10 10:47:15.408068,2020-09-11,,,unavailable,,unavailable,,unavailable,,unavailable,,unavailable_no_verified_acquisition_or_sale_date,observed_reference_fields_plus_unavailable_requested_fields
8212,1879,20년 코나(전기),2024-10-10 10:47:15.427422,2020-09-11,,,unavailable,,unavailable,,unavailable,,unavailable,,unavailable_no_verified_acquisition_or_sale_date,observed_reference_fields_plus_unavailable_requested_fields
8213,1879,20년 코나(전기),2024-10-10 10:47:15.447145,2020-09-11,,,unavailable,,unavailable,,unavailable,,unavailable,,unavailable_no_verified_acquisition_or_sale_date,observed_reference_fields_plus_unavailable_requested_fields
8214,1879,20년 코나(전기),2024-10-10 10:47:15.464831,2020-09-11,,,unavailable,,unavailable,,unavailable,,unavailable,,unavailable_no_verified_acquisition_or_sale_date,observed_reference_fields_plus_unavailable_requested_fields
8215,1879,20년 코나(전기),2024-10-10 10:47:15.481944,2020-09-11,,,unavailable,,unavailable,,unavailable,,unavailable,,unavailable_no_verified_acquisition_or_sale_date,observed_reference_fields_plus_unavailable_requested_fields
8216,1879,20년 코나(전기),2024-10-10 10:47:15.499108,2020-09-14,2024-10-15 04:09:13,,unavailable,,unavailable,,unavailable,,unavailable,,unavailable_no_verified_acquisition_or_sale_date,observed_reference_fields_plus_unavailable_requested_fields
8217,1879,20년 코나(전기),2024-10-10 10:47:15.519202,2020-09-14,2024-10-15 04:09:37,,unavailable,,unavailable,,unavailable,,unavailable,,unavailable_no_verified_acquisition_or_sale_date,observed_reference_fields_plus_unavailable_requested_fields
8218,1879,20년 코나(전기),2024-10-10 10:47:15.538567,2020-09-11,2024-10-15 04:11:14,,unavailable,,unavailable,,unavailable,,unavailable,,unavailable_no_verified_acquisition_or_sale_date,observed_reference_fields_plus_unavailable_requested_fields
8219,1879,20년 코나(전기),2024-10-10 10:47:15.562352,2020-09-11,2024-10-15 04:15:29,,unavailable,,unavailable,,unavailable,,unavailable,,unavailable_no_verified_acquisition_or_sale_date,observed_reference_fields_plus_unavailable_requested_fields
8220,1879,20년 코나(전기),2024-10-10 10:47:15.579574,2020-09-14,2024-10-15 04:15:34,,unavailable,,unavailable,,unavailable,,unavailable,,unavailable_no_verified_acquisition_or_sale_date,observed_reference_fields_plus_unavailable_requested_fields
8221,1879,20년 코나(전기),2024-10-10 10:47:15.597275,2020-09-14,2024-10-15 04:15:39,,unavailable,,unavailable,,unavailable,,unavailable,,unavailable_no_verified_acquisition_or_sale_date,observed_reference_fields_plus_unavailable_requested_fields
8222,1869,20년 K5(휘),2024-10-10 10:47:15.614506,2020-01-02,,,unavailable,,unavailable,,unavailable,,unavailable,,unavailable_no_verified_acquisition_or_sale_date,observed_reference_fields_plus_unavailable_requested_fields
8223,1869,20년 K5(휘),2024-10-10 10:47:15.634715,2020-01-02,,,unavailable,,unavailable,,unavailable,,unavailable,,unavailable_no_verified_acquisition_or_sale_date,observed_reference_fields_plus_unavailable_requested_fields
8224,1869,20년 K5(휘),2024-10-10 10:47:15.653508,2020-01-02,,,unavailable,,unavailable,,unavailable,,unavailable,,unavailable_no_verified_acquisition_or_sale_date,observed_reference_fields_plus_unavailable_requested_fields
8225,1869,20년 K5(휘),2024-10-10 10:47:15.677050,2020-07-17,,,unavailable,,unavailable,,unavailable,,unavailable,,unavailable_no_verified_acquisition_or_sale_date,observed_reference_fields_plus_unavailable_requested_fields
8226,1869,20년 K5(휘),2024-10-10 10:47:15.696689,2020-07-17,,,unavailable,,unavailable,,unavailable,,unavailable,,unavailable_no_verified_acquisition_or_sale_date,observed_reference_fields_plus_unavailable_requested_fields
8227,1869,20년 K5(휘),2024-10-10 10:47:15.712509,2020-07-21,,,unavailable,,unavailable,,unavailable,,unavailable,,unavailable_no_verified_acquisition_or_sale_date,observed_reference_fields_plus_unavailable_requested_fields
8228,1869,20년 K5(휘),2024-10-10 10:47:15.731336,2020-07-21,,,unavailable,,unavailable,,unavailable,,unavailable,,unavailable_no_verified_acquisition_or_sale_date,observed_reference_fields_plus_unavailable_requested_fields
8229,1869,20년 K5(휘),2024-10-10 10:47:15.750483,2020-07-21,,,unavailable,,unavailable,,unavailable,,unavailable,,unavailable_no_verified_acquisition_or_sale_date,observed_reference_fields_plus_unavailable_requested_fields
8230,1869,20년 K5(휘),2024-10-10 10:47:15.771619,2020-07-21,,,unavailable,,unavailable,,unavailable,,unavailable,,unavailable_no_verified_acquisition_or_sale_date,observed_reference_fields_plus_unavailable_requested_fields
8231,1869,20년 K5(휘),2024-10-10 10:47:15.788262,2020-07-21,,,unavailable,,unavailable,,unavailable,,unavailable,,unavailable_no_verified_acquisition_or_sale_date,observed_reference_fields_plus_unavailable_requested_fields
8232,1873,20년 K5(LPG),2024-10-10 10:47:15.808387,2020-03-03,2024-10-15 04:17:40,,unavailable,,unavailable,,unavailable,,unavailable,,unavailable_no_verified_acquisition_or_sale_date,observed_reference_fields_plus_unavailable_requested_fields
8233,1873,20년 K5(LPG),2024-10-10 10:47:15.823549,2020-03-03,2024-10-15 04:17:48,,unavailable,,unavailable,,unavailable,,unavailable,,unavailable_no_verified_acquisition_or_sale_date,observed_reference_fields_plus_unavailable_requested_fields
8234,1873,20년 K5(LPG),2024-10-10 10:47:15.840669,2020-03-03,2024-10-15 04:17:51,,unavailable,,unavailable,,unavailable,,unavailable,,unavailable_no_verified_acquisition_or_sale_date,observed_reference_fields_plus_unavailable_requested_fields
8235,1873,20년 K5(LPG),2024-10-10 10:47:15.856922,2020-03-03,2024-10-15 04:17:55,,unavailable,,unavailable,,unavailable,,unavailable,,unavailable_no_verified_acquisition_or_sale_date,observed_reference_fields_plus_unavailable_requested_fields
8236,1873,20년 K5(LPG),2024-10-10 10:47:15.876047,2020-03-03,2024-10-15 04:17:58,,unavailable,,unavailable,,unavailable,,unavailable,,unavailable_no_verified_acquisition_or_sale_date,observed_reference_fields_plus_unavailable_requested_fields
8237,1873,20년 K5(LPG),2024-10-10 10:47:15.901209,2020-05-27,2024-10-15 04:18:02,,unavailable,,unavailable,,unavailable,,unavailable,,unavailable_no_verified_acquisition_or_sale_date,observed_reference_fields_plus_unavailable_requested_fields
8238,1873,20년 K5(LPG),2024-10-10 10:47:15.919884,2020-05-27,2024-10-15 04:18:05,,unavailable,,unavailable,,unavailable,,unavailable,,unavailable_no_verified_acquisition_or_sale_date,observed_reference_fields_plus_unavailable_requested_fields
8239,1873,20년 K5(LPG),2024-10-10 10:47:15.942550,2020-05-27,2024-10-15 04:18:09,,unavailable,,unavailable,,unavailable,,unavailable,,unavailable_no_verified_acquisition_or_sale_date,observed_reference_fields_plus_unavailable_requested_fields
8240,2100,업무용차량,2024-10-10 10:47:15.958854,2025-03-02,2025-07-03 05:22:12,,unavailable,,unavailable,,unavailable,,unavailable,,unavailable_no_verified_acquisition_or_sale_date,observed_reference_fields_plus_unavailable_requested_fields
8241,2100,업무용차량,2024-10-10 10:47:15.984620,2020-03-26,2025-07-03 05:23:32,,unavailable,,unavailable,,unavailable,,unavailable,,unavailable_no_verified_acquisition_or_sale_date,observed_reference_fields_plus_unavailable_requested_fields
8242,2100,업무용차량,2024-10-10 10:47:16.001406,2020-03-26,2025-07-03 05:23:50,,unavailable,,unavailable,,unavailable,,unavailable,,unavailable_no_verified_acquisition_or_sale_date,observed_reference_fields_plus_unavailable_requested_fields
8243,2100,업무용차량,2024-10-10 10:47:16.019562,2020-07-17,2025-07-03 05:23:53,,unavailable,,unavailable,,unavailable,,unavailable,,unavailable_no_verified_acquisition_or_sale_date,observed_reference_fields_plus_unavailable_requested_fields
8244,2100,업무용차량,2024-10-10 10:47:16.038346,2020-07-30,2025-07-03 05:23:57,,unavailable,,unavailable,,unavailable,,unavailable,,unavailable_no_verified_acquisition_or_sale_date,observed_reference_fields_plus_unavailable_requested_fields
8245,2100,업무용차량,2024-10-10 10:47:16.057124,2020-07-30,2025-07-03 05:24:01,,unavailable,,unavailable,,unavailable,,unavailable,,unavailable_no_verified_acquisition_or_sale_date,observed_reference_fields_plus_unavailable_requested_fields
8246,2100,업무용차량,2024-10-10 10:47:16.073620,2020-07-30,2025-07-03 05:22:48,,unavailable,,unavailable,,unavailable,,unavailable,,unavailable_no_verified_acquisition_or_sale_date,observed_reference_fields_plus_unavailable_requested_fields
8247,2100,업무용차량,2024-10-10 10:47:16.092464,2020-07-30,2025-07-03 05:23:19,,unavailable,,unavailable,,unavailable,,unavailable,,unavailable_no_verified_acquisition_or_sale_date,observed_reference_fields_plus_unavailable_requested_fields
8248,2100,업무용차량,2024-10-10 10:47:16.109647,2020-07-30,2025-07-03 05:23:06,,unavailable,,unavailable,,unavailable,,unavailable,,unavailable_no_verified_acquisition_or_sale_date,observed_reference_fields_plus_unavailable_requested_fields
8249,2021,20년 K5(LPG) 청주지점,2024-10-10 10:47:16.125921,2020-03-03,,,unavailable,,unavailable,,unavailable,,unavailable,,unavailable_no_verified_acquisition_or_sale_date,observed_reference_fields_plus_unavailable_requested_fields
8250,2021,20년 K5(LPG) 청주지점,2024-10-10 10:47:16.147510,2020-03-03,,,unavailable,,unavailable,,unavailable,,unavailable,,unavailable_no_verified_acquisition_or_sale_date,observed_reference_fields_plus_unavailable_requested_fields
8251,2021,20년 K5(LPG) 청주지점,2024-10-10 10:47:16.172093,2020-03-03,,,unavailable,,unavailable,,unavailable,,unavailable,,unavailable_no_verified_acquisition_or_sale_date,observed_reference_fields_plus_unavailable_requested_fields
8252,2021,20년 K5(LPG) 청주지점,2024-10-10 10:47:16.190665,2020-03-03,,,unavailable,,unavailable,,unavailable,,unavailable,,unavailable_no_verified_acquisition_or_sale_date,observed_reference_fields_plus_unavailable_requested_fields
8253,2021,20년 K5(LPG) 청주지점,2024-10-10 10:47:16.207916,2020-03-03,,,unavailable,,unavailable,,unavailable,,unavailable,,unavailable_no_verified_acquisition_or_sale_date,observed_reference_fields_plus_unavailable_requested_fields
8254,1870,20년 QM6(LPG),2024-10-10 10:47:16.223621,2020-01-20,2026-03-18 06:09:33,,unavailable,,unavailable,,unavailable,,unavailable,,unavailable_no_verified_acquisition_or_sale_date,observed_reference_fields_plus_unavailable_requested_fields
8255,1870,20년 QM6(LPG),2024-10-10 10:47:16.243447,2020-01-20,2026-03-18 06:09:18,,unavailable,,unavailable,,unavailable,,unavailable,,unavailable_no_verified_acquisition_or_sale_date,observed_reference_fields_plus_unavailable_requested_fields
8256,1878,20/21년 BMW Z4 로드스터(휘),2024-10-10 10:47:16.263317,2020-11-27,2024-10-15 04:19:02,,unavailable,,unavailable,,unavailable,,unavailable,,unavailable_no_verified_acquisition_or_sale_date,observed_reference_fields_plus_unavailable_requested_fields
8257,1878,20/21년 BMW Z4 로드스터(휘),2024-10-10 10:47:16.283208,2021-03-31,,,unavailable,,unavailable,,unavailable,,unavailable,,unavailable_no_verified_acquisition_or_sale_date,observed_reference_fields_plus_unavailable_requested_fields
8258,1878,20/21년 BMW Z4 로드스터(휘),2024-10-10 10:47:16.306401,2020-07-30,2024-10-15 04:19:30,,unavailable,,unavailable,,unavailable,,unavailable,,unavailable_no_verified_acquisition_or_sale_date,observed_reference_fields_plus_unavailable_requested_fields
8259,1878,20/21년 BMW Z4 로드스터(휘),2024-10-10 10:47:16.325778,2020-07-31,,,unavailable,,unavailable,,unavailable,,unavailable,,unavailable_no_verified_acquisition_or_sale_date,observed_reference_fields_plus_unavailable_requested_fields
8260,1875,20년 벤츠 C클래스 카브리올레(휘),2024-10-10 10:47:16.341090,2020-05-22,,,unavailable,,unavailable,,unavailable,,unavailable,,unavailable_no_verified_acquisition_or_sale_date,observed_reference_fields_plus_unavailable_requested_fields
8261,1875,20년 벤츠 C클래스 카브리올레(휘),2024-10-10 10:47:16.358944,2020-05-22,,,unavailable,,unavailable,,unavailable,,unavailable,,unavailable_no_verified_acquisition_or_sale_date,observed_reference_fields_plus_unavailable_requested_fields
8262,1875,20년 벤츠 C클래스 카브리올레(휘),2024-10-10 10:47:16.379131,2020-05-22,,,unavailable,,unavailable,,unavailable,,unavailable,,unavailable_no_verified_acquisition_or_sale_date,observed_reference_fields_plus_unavailable_requested_fields
8263,1875,20년 벤츠 C클래스 카브리올레(휘),2024-10-10 10:47:16.397295,2020-05-22,,,unavailable,,unavailable,,unavailable,,unavailable,,unavailable_no_verified_acquisition_or_sale_date,observed_reference_fields_plus_unavailable_requested_fields
8264,1845,20년 SM6(휘),2024-10-10 10:47:16.414513,2020-01-20,,,unavailable,,unavailable,,unavailable,,unavailable,,unavailable_no_verified_acquisition_or_sale_date,observed_reference_fields_plus_unavailable_requested_fields
8265,1845,20년 SM6(휘),2024-10-10 10:47:16.435760,2020-01-20,,,unavailable,,unavailable,,unavailable,,unavailable,,unavailable_no_verified_acquisition_or_sale_date,observed_reference_fields_plus_unavailable_requested_fields
8266,1883,21년 4세대 쏘렌토(7인/휘),2024-10-10 10:47:16.451014,2021-05-14,,,unavailable,,unavailable,,unavailable,,unavailable,,unavailable_no_verified_acquisition_or_sale_date,observed_reference_fields_plus_unavailable_requested_fields
8267,1883,21년 4세대 쏘렌토(7인/휘),2024-10-10 10:47:16.468840,2021-05-14,,,unavailable,,unavailable,,unavailable,,unavailable,,unavailable_no_verified_acquisition_or_sale_date,observed_reference_fields_plus_unavailable_requested_fields
8268,1883,21년 4세대 쏘렌토(7인/휘),2024-10-10 10:47:16.489579,2021-05-14,,,unavailable,,unavailable,,unavailable,,unavailable,,unavailable_no_verified_acquisition_or_sale_date,observed_reference_fields_plus_unavailable_requested_fields
8269,1883,21년 4세대 쏘렌토(7인/휘),2024-10-10 10:47:16.509406,2021-01-12,2024-10-15 04:35:45,,unavailable,,unavailable,,unavailable,,unavailable,,unavailable_no_verified_acquisition_or_sale_date,observed_reference_fields_plus_unavailable_requested_fields
8270,1883,21년 4세대 쏘렌토(7인/휘),2024-10-10 10:47:16.528226,2021-01-12,2024-10-15 04:35:59,,unavailable,,unavailable,,unavailable,,unavailable,,unavailable_no_verified_acquisition_or_sale_date,observed_reference_fields_plus_unavailable_requested_fields
8271,1883,21년 4세대 쏘렌토(7인/휘),2024-10-10 10:47:16.553042,2021-01-12,2024-10-15 04:35:51,,unavailable,,unavailable,,unavailable,,unavailable,,unavailable_no_verified_acquisition_or_sale_date,observed_reference_fields_plus_unavailable_requested_fields
8272,1880,21년 더 뉴 K7(휘),2024-10-10 10:47:16.571846,2020-12-17,2024-10-15 04:22:30,,unavailable,,unavailable,,unavailable,,unavailable,,unavailable_no_verified_acquisition_or_sale_date,observed_reference_fields_plus_unavailable_requested_fields
8273,1880,21년 더 뉴 K7(휘),2024-10-10 10:47:16.595636,2021-01-14,2025-04-08 05:09:46,,unavailable,,unavailable,,unavailable,,unavailable,,unavailable_no_verified_acquisition_or_sale_date,observed_reference_fields_plus_unavailable_requested_fields
8274,1880,21년 더 뉴 K7(휘),2024-10-10 10:47:16.613414,2021-01-14,2025-04-08 05:09:47,,unavailable,,unavailable,,unavailable,,unavailable,,unavailable_no_verified_acquisition_or_sale_date,observed_reference_fields_plus_unavailable_requested_fields
8275,1880,21년 더 뉴 K7(휘),2024-10-10 10:47:16.631618,2021-01-14,2025-04-08 05:09:48,,unavailable,,unavailable,,unavailable,,unavailable,,unavailable_no_verified_acquisition_or_sale_date,observed_reference_fields_plus_unavailable_requested_fields
8276,1880,21년 더 뉴 K7(휘),2024-10-10 10:47:16.653820,2021-01-14,2025-04-08 05:09:48,,unavailable,,unavailable,,unavailable,,unavailable,,unavailable_no_verified_acquisition_or_sale_date,observed_reference_fields_plus_unavailable_requested_fields
8277,1893,21년 벤츠 더 뉴 E250(휘),2024-10-10 10:47:16.671190,2021-03-31,2024-10-15 04:18:02,,unavailable,,unavailable,,unavailable,,unavailable,,unavailable_no_verified_acquisition_or_sale_date,observed_reference_fields_plus_unavailable_requested_fields
8278,1893,21년 벤츠 더 뉴 E250(휘),2024-10-10 10:47:16.689373,2021-04-05,2024-10-15 04:18:09,,unavailable,,unavailable,,unavailable,,unavailable,,unavailable_no_verified_acquisition_or_sale_date,observed_reference_fields_plus_unavailable_requested_fields
8279,1889,21년 벤츠 C클래스 카브리올레(휘),2024-10-10 10:47:16.704248,2021-05-28,,,unavailable,,unavailable,,unavailable,,unavailable,,unavailable_no_verified_acquisition_or_sale_date,observed_reference_fields_plus_unavailable_requested_fields
8280,1889,21년 벤츠 C클래스 카브리올레(휘),2024-10-10 10:47:16.719096,2021-05-28,,,unavailable,,unavailable,,unavailable,,unavailable,,unavailable_no_verified_acquisition_or_sale_date,observed_reference_fields_plus_unavailable_requested_fields
8281,1889,21년 벤츠 C클래스 카브리올레(휘),2024-10-10 10:47:16.734355,2021-03-22,2024-10-15 04:19:39,,unavailable,,unavailable,,unavailable,,unavailable,,unavailable_no_verified_acquisition_or_sale_date,observed_reference_fields_plus_unavailable_requested_fields
8282,1889,21년 벤츠 C클래스 카브리올레(휘),2024-10-10 10:47:16.752085,2021-04-05,2024-10-15 04:19:44,,unavailable,,unavailable,,unavailable,,unavailable,,unavailable_no_verified_acquisition_or_sale_date,observed_reference_fields_plus_unavailable_requested_fields
8283,1892,21년 쏘나타DN8(휘),2024-10-10 10:47:16.770746,2021-04-05,,,unavailable,,unavailable,,unavailable,,unavailable,,unavailable_no_verified_acquisition_or_sale_date,observed_reference_fields_plus_unavailable_requested_fields
8284,1892,21년 쏘나타DN8(휘),2024-10-10 10:47:16.788550,2021-04-05,,,unavailable,,unavailable,,unavailable,,unavailable,,unavailable_no_verified_acquisition_or_sale_date,observed_reference_fields_plus_unavailable_requested_fields
8285,1892,21년 쏘나타DN8(휘),2024-10-10 10:47:16.805346,2021-04-05,,,unavailable,,unavailable,,unavailable,,unavailable,,unavailable_no_verified_acquisition_or_sale_date,observed_reference_fields_plus_unavailable_requested_fields
8286,1892,21년 쏘나타DN8(휘),2024-10-10 10:47:16.821452,2021-04-05,,,unavailable,,unavailable,,unavailable,,unavailable,,unavailable_no_verified_acquisition_or_sale_date,observed_reference_fields_plus_unavailable_requested_fields
8287,1892,21년 쏘나타DN8(휘),2024-10-10 10:47:16.837258,2021-04-05,,,unavailable,,unavailable,,unavailable,,unavailable,,unavailable_no_verified_acquisition_or_sale_date,observed_reference_fields_plus_unavailable_requested_fields
8288,1892,21년 쏘나타DN8(휘),2024-10-10 10:47:16.856542,2021-04-05,,,unavailable,,unavailable,,unavailable,,unavailable,,unavailable_no_verified_acquisition_or_sale_date,observed_reference_fields_plus_unavailable_requested_fields
8289,1892,21년 쏘나타DN8(휘),2024-10-10 10:47:16.872395,2021-04-05,,,unavailable,,unavailable,,unavailable,,unavailable,,unavailable_no_verified_acquisition_or_sale_date,observed_reference_fields_plus_unavailable_requested_fields
8290,1892,21년 쏘나타DN8(휘),2024-10-10 10:47:16.892606,2021-04-05,,,unavailable,,unavailable,,unavailable,,unavailable,,unavailable_no_verified_acquisition_or_sale_date,observed_reference_fields_plus_unavailable_requested_fields
8291,1892,21년 쏘나타DN8(휘),2024-10-10 10:47:16.913026,2021-04-05,,,unavailable,,unavailable,,unavailable,,unavailable,,unavailable_no_verified_acquisition_or_sale_date,observed_reference_fields_plus_unavailable_requested_fields
8292,1892,21년 쏘나타DN8(휘),2024-10-10 10:47:16.931348,2021-04-05,,,unavailable,,unavailable,,unavailable,,unavailable,,unavailable_no_verified_acquisition_or_sale_date,observed_reference_fields_plus_unavailable_requested_fields
8293,1892,21년 쏘나타DN8(휘),2024-10-10 10:47:16.948638,2021-03-29,2024-10-15 04:18:33,,unavailable,,unavailable,,unavailable,,unavailable,,unavailable_no_verified_acquisition_or_sale_date,observed_reference_fields_plus_unavailable_requested_fields
8294,1892,21년 쏘나타DN8(휘),2024-10-10 10:47:16.967492,2021-03-29,2024-10-15 04:18:29,,unavailable,,unavailable,,unavailable,,unavailable,,unavailable_no_verified_acquisition_or_sale_date,observed_reference_fields_plus_unavailable_requested_fields
8295,1892,21년 쏘나타DN8(휘),2024-10-10 10:47:16.983335,2021-03-29,2024-10-15 04:18:26,,unavailable,,unavailable,,unavailable,,unavailable,,unavailable_no_verified_acquisition_or_sale_date,observed_reference_fields_plus_unavailable_requested_fields
8296,1892,21년 쏘나타DN8(휘),2024-10-10 10:47:16.998140,2021-03-29,2024-10-15 04:18:19,,unavailable,,unavailable,,unavailable,,unavailable,,unavailable_no_verified_acquisition_or_sale_date,observed_reference_fields_plus_unavailable_requested_fields
8297,1892,21년 쏘나타DN8(휘),2024-10-10 10:47:17.016171,2021-03-29,2024-10-15 04:18:15,,unavailable,,unavailable,,unavailable,,unavailable,,unavailable_no_verified_acquisition_or_sale_date,observed_reference_fields_plus_unavailable_requested_fields
8298,1890,21년 아우디A5 카브리올레(휘),2024-10-10 10:47:17.032972,2021-03-19,,,unavailable,,unavailable,,unavailable,,unavailable,,unavailable_no_verified_acquisition_or_sale_date,observed_reference_fields_plus_unavailable_requested_fields
8299,1890,21년 아우디A5 카브리올레(휘),2024-10-10 10:47:17.051677,2021-03-19,2024-10-15 04:19:55,,unavailable,,unavailable,,unavailable,,unavailable,,unavailable_no_verified_acquisition_or_sale_date,observed_reference_fields_plus_unavailable_requested_fields
8300,1902,21년 아이오닉5(전기),2024-10-10 10:47:17.069507,2021-06-14,2024-10-15 04:15:47,,unavailable,,unavailable,,unavailable,,unavailable,,unavailable_no_verified_acquisition_or_sale_date,observed_reference_fields_plus_unavailable_requested_fields
8301,1902,21년 아이오닉5(전기),2024-10-10 10:47:17.085800,2021-06-14,2024-10-15 04:15:57,,unavailable,,unavailable,,unavailable,,unavailable,,unavailable_no_verified_acquisition_or_sale_date,observed_reference_fields_plus_unavailable_requested_fields
8302,1902,21년 아이오닉5(전기),2024-10-10 10:47:17.105572,2021-06-14,2024-10-15 04:16:03,,unavailable,,unavailable,,unavailable,,unavailable,,unavailable_no_verified_acquisition_or_sale_date,observed_reference_fields_plus_unavailable_requested_fields
8303,1902,21년 아이오닉5(전기),2024-10-10 10:47:17.121910,2021-06-14,2024-10-15 04:16:16,,unavailable,,unavailable,,unavailable,,unavailable,,unavailable_no_verified_acquisition_or_sale_date,observed_reference_fields_plus_unavailable_requested_fields
8304,1902,21년 아이오닉5(전기),2024-10-10 10:47:17.139188,2021-06-14,2024-10-15 04:16:20,,unavailable,,unavailable,,unavailable,,unavailable,,unavailable_no_verified_acquisition_or_sale_date,observed_reference_fields_plus_unavailable_requested_fields
8305,1902,21년 아이오닉5(전기),2024-10-10 10:47:17.157045,2021-06-14,2024-10-15 04:16:26,,unavailable,,unavailable,,unavailable,,unavailable,,unavailable_no_verified_acquisition_or_sale_date,observed_reference_fields_plus_unavailable_requested_fields
8306,1902,21년 아이오닉5(전기),2024-10-10 10:47:17.174323,2021-06-14,2024-10-15 04:16:31,,unavailable,,unavailable,,unavailable,,unavailable,,unavailable_no_verified_acquisition_or_sale_date,observed_reference_fields_plus_unavailable_requested_fields
8307,1902,21년 아이오닉5(전기),2024-10-10 10:47:17.190748,2021-06-14,2024-10-15 04:16:37,,unavailable,,unavailable,,unavailable,,unavailable,,unavailable_no_verified_acquisition_or_sale_date,observed_reference_fields_plus_unavailable_requested_fields
8308,1902,21년 아이오닉5(전기),2024-10-10 10:47:17.209163,2021-06-14,2024-10-15 04:16:42,,unavailable,,unavailable,,unavailable,,unavailable,,unavailable_no_verified_acquisition_or_sale_date,observed_reference_fields_plus_unavailable_requested_fields
8309,1902,21년 아이오닉5(전기),2024-10-10 10:47:17.226368,2021-06-14,2024-10-15 04:16:47,,unavailable,,unavailable,,unavailable,,unavailable,,unavailable_no_verified_acquisition_or_sale_date,observed_reference_fields_plus_unavailable_requested_fields
8310,1902,21년 아이오닉5(전기),2024-10-10 10:47:17.244623,2021-06-08,,,unavailable,,unavailable,,unavailable,,unavailable,,unavailable_no_verified_acquisition_or_sale_date,observed_reference_fields_plus_unavailable_requested_fields
8311,1902,21년 아이오닉5(전기),2024-10-10 10:47:17.265913,2021-06-08,,,unavailable,,unavailable,,unavailable,,unavailable,,unavailable_no_verified_acquisition_or_sale_date,observed_reference_fields_plus_unavailable_requested_fields
8312,1902,21년 아이오닉5(전기),2024-10-10 10:47:17.282133,2021-06-08,,,unavailable,,unavailable,,unavailable,,unavailable,,unavailable_no_verified_acquisition_or_sale_date,observed_reference_fields_plus_unavailable_requested_fields
8313,1902,21년 아이오닉5(전기),2024-10-10 10:47:17.304112,2021-06-08,,,unavailable,,unavailable,,unavailable,,unavailable,,unavailable_no_verified_acquisition_or_sale_date,observed_reference_fields_plus_unavailable_requested_fields
8314,1902,21년 아이오닉5(전기),2024-10-10 10:47:17.320814,2021-06-08,,,unavailable,,unavailable,,unavailable,,unavailable,,unavailable_no_verified_acquisition_or_sale_date,observed_reference_fields_plus_unavailable_requested_fields
8315,1902,21년 아이오닉5(전기),2024-10-10 10:47:17.337776,2021-06-11,,,unavailable,,unavailable,,unavailable,,unavailable,,unavailable_no_verified_acquisition_or_sale_date,observed_reference_fields_plus_unavailable_requested_fields
8316,1902,21년 아이오닉5(전기),2024-10-10 10:47:17.354497,2021-06-18,,,unavailable,,unavailable,,unavailable,,unavailable,,unavailable_no_verified_acquisition_or_sale_date,observed_reference_fields_plus_unavailable_requested_fields
8317,1902,21년 아이오닉5(전기),2024-10-10 10:47:17.372164,2021-06-16,,,unavailable,,unavailable,,unavailable,,unavailable,,unavailable_no_verified_acquisition_or_sale_date,observed_reference_fields_plus_unavailable_requested_fields
8318,1902,21년 아이오닉5(전기),2024-10-10 10:47:17.389501,2021-06-16,,,unavailable,,unavailable,,unavailable,,unavailable,,unavailable_no_verified_acquisition_or_sale_date,observed_reference_fields_plus_unavailable_requested_fields
8319,1902,21년 아이오닉5(전기),2024-10-10 10:47:17.409089,2021-06-16,,,unavailable,,unavailable,,unavailable,,unavailable,,unavailable_no_verified_acquisition_or_sale_date,observed_reference_fields_plus_unavailable_requested_fields
8320,1887,21년 G80(휘),2024-10-10 10:47:17.427387,2021-04-23,,,unavailable,,unavailable,,unavailable,,unavailable,,unavailable_no_verified_acquisition_or_sale_date,observed_reference_fields_plus_unavailable_requested_fields
8321,1887,21년 G80(휘),2024-10-10 10:47:17.445650,2021-04-23,,,unavailable,,unavailable,,unavailable,,unavailable,,unavailable_no_verified_acquisition_or_sale_date,observed_reference_fields_plus_unavailable_requested_fields
8322,1887,21년 G80(휘),2024-10-10 10:47:17.461871,2021-05-14,,,unavailable,,unavailable,,unavailable,,unavailable,,unavailable_no_verified_acquisition_or_sale_date,observed_reference_fields_plus_unavailable_requested_fields
8323,1887,21년 G80(휘),2024-10-10 10:47:17.478058,2021-03-11,2024-10-15 04:23:10,,unavailable,,unavailable,,unavailable,,unavailable,,unavailable_no_verified_acquisition_or_sale_date,observed_reference_fields_plus_unavailable_requested_fields
8324,1887,21년 G80(휘),2024-10-10 10:47:17.493388,2021-03-11,2024-10-15 04:23:14,,unavailable,,unavailable,,unavailable,,unavailable,,unavailable_no_verified_acquisition_or_sale_date,observed_reference_fields_plus_unavailable_requested_fields
8325,1887,21년 G80(휘),2024-10-10 10:47:17.514179,2021-04-20,2024-10-15 04:23:22,,unavailable,,unavailable,,unavailable,,unavailable,,unavailable_no_verified_acquisition_or_sale_date,observed_reference_fields_plus_unavailable_requested_fields
8326,1887,21년 G80(휘),2024-10-10 10:47:17.530845,2021-05-04,2024-10-15 04:23:26,,unavailable,,unavailable,,unavailable,,unavailable,,unavailable_no_verified_acquisition_or_sale_date,observed_reference_fields_plus_unavailable_requested_fields
8327,1885,21년 GV70(5인/휘),2024-10-10 10:47:17.553908,2021-04-06,2024-10-15 04:36:05,,unavailable,,unavailable,,unavailable,,unavailable,,unavailable_no_verified_acquisition_or_sale_date,observed_reference_fields_plus_unavailable_requested_fields
8328,1885,21년 GV70(5인/휘),2024-10-10 10:47:17.575090,2021-02-08,,,unavailable,,unavailable,,unavailable,,unavailable,,unavailable_no_verified_acquisition_or_sale_date,observed_reference_fields_plus_unavailable_requested_fields
8329,1885,21년 GV70(5인/휘),2024-10-10 10:47:17.591876,2021-02-24,,,unavailable,,unavailable,,unavailable,,unavailable,,unavailable_no_verified_acquisition_or_sale_date,observed_reference_fields_plus_unavailable_requested_fields
8330,1885,21년 GV70(5인/휘),2024-10-10 10:47:17.608204,2021-06-25,,,unavailable,,unavailable,,unavailable,,unavailable,,unavailable_no_verified_acquisition_or_sale_date,observed_reference_fields_plus_unavailable_requested_fields
8331,1885,21년 GV70(5인/휘),2024-10-10 10:47:17.624853,2021-06-24,,,unavailable,,unavailable,,unavailable,,unavailable,,unavailable_no_verified_acquisition_or_sale_date,observed_reference_fields_plus_unavailable_requested_fields
8332,1897,21년 GV80(5인/휘),2024-10-10 10:47:17.643050,2020-11-16,2024-10-15 04:36:13,,unavailable,,unavailable,,unavailable,,unavailable,,unavailable_no_verified_acquisition_or_sale_date,observed_reference_fields_plus_unavailable_requested_fields
8333,1897,21년 GV80(5인/휘),2024-10-10 10:47:17.659974,2020-11-17,2024-10-15 04:36:18,,unavailable,,unavailable,,unavailable,,unavailable,,unavailable_no_verified_acquisition_or_sale_date,observed_reference_fields_plus_unavailable_requested_fields
8334,1897,21년 GV80(5인/휘),2024-10-10 10:47:17.677648,2021-04-13,,,unavailable,,unavailable,,unavailable,,unavailable,,unavailable_no_verified_acquisition_or_sale_date,observed_reference_fields_plus_unavailable_requested_fields
8335,1897,21년 GV80(5인/휘),2024-10-10 10:47:17.694373,2021-12-06,,,unavailable,,unavailable,,unavailable,,unavailable,,unavailable_no_verified_acquisition_or_sale_date,observed_reference_fields_plus_unavailable_requested_fields
8336,1897,21년 GV80(5인/휘),2024-10-10 10:47:17.714003,2021-12-01,,,unavailable,,unavailable,,unavailable,,unavailable,,unavailable_no_verified_acquisition_or_sale_date,observed_reference_fields_plus_unavailable_requested_fields
8337,1891,21년 K5(휘),2024-10-10 10:47:17.731300,2021-03-24,,,unavailable,,unavailable,,unavailable,,unavailable,,unavailable_no_verified_acquisition_or_sale_date,observed_reference_fields_plus_unavailable_requested_fields
8338,1891,21년 K5(휘),2024-10-10 10:47:17.750603,2021-03-24,,,unavailable,,unavailable,,unavailable,,unavailable,,unavailable_no_verified_acquisition_or_sale_date,observed_reference_fields_plus_unavailable_requested_fields
8339,1891,21년 K5(휘),2024-10-10 10:47:17.771354,2021-03-24,,,unavailable,,unavailable,,unavailable,,unavailable,,unavailable_no_verified_acquisition_or_sale_date,observed_reference_fields_plus_unavailable_requested_fields
8340,1891,21년 K5(휘),2024-10-10 10:47:17.790030,2021-03-24,,,unavailable,,unavailable,,unavailable,,unavailable,,unavailable_no_verified_acquisition_or_sale_date,observed_reference_fields_plus_unavailable_requested_fields
8341,1891,21년 K5(휘),2024-10-10 10:47:17.810262,2021-03-25,,,unavailable,,unavailable,,unavailable,,unavailable,,unavailable_no_verified_acquisition_or_sale_date,observed_reference_fields_plus_unavailable_requested_fields
8342,1891,21년 K5(휘),2024-10-10 10:47:17.832829,2021-03-25,,,unavailable,,unavailable,,unavailable,,unavailable,,unavailable_no_verified_acquisition_or_sale_date,observed_reference_fields_plus_unavailable_requested_fields
8343,1891,21년 K5(휘),2024-10-10 10:47:17.848115,2021-03-25,,,unavailable,,unavailable,,unavailable,,unavailable,,unavailable_no_verified_acquisition_or_sale_date,observed_reference_fields_plus_unavailable_requested_fields
8344,1891,21년 K5(휘),2024-10-10 10:47:17.866303,2021-03-25,,,unavailable,,unavailable,,unavailable,,unavailable,,unavailable_no_verified_acquisition_or_sale_date,observed_reference_fields_plus_unavailable_requested_fields
8345,1891,21년 K5(휘),2024-10-10 10:47:17.886888,2021-03-25,,,unavailable,,unavailable,,unavailable,,unavailable,,unavailable_no_verified_acquisition_or_sale_date,observed_reference_fields_plus_unavailable_requested_fields
8346,1891,21년 K5(휘),2024-10-10 10:47:17.903675,2021-03-25,,,unavailable,,unavailable,,unavailable,,unavailable,,unavailable_no_verified_acquisition_or_sale_date,observed_reference_fields_plus_unavailable_requested_fields
8347,1898,21년 K8(휘),2024-10-10 10:47:17.922930,2021-04-23,2025-04-08 05:09:30,,unavailable,,unavailable,,unavailable,,unavailable,,unavailable_no_verified_acquisition_or_sale_date,observed_reference_fields_plus_unavailable_requested_fields
8348,1898,21년 K8(휘),2024-10-10 10:47:17.940154,2021-04-23,2025-04-08 05:09:31,,unavailable,,unavailable,,unavailable,,unavailable,,unavailable_no_verified_acquisition_or_sale_date,observed_reference_fields_plus_unavailable_requested_fields
8349,1898,21년 K8(휘),2024-10-10 10:47:17.995542,2021-04-23,2025-04-08 05:09:32,,unavailable,,unavailable,,unavailable,,unavailable,,unavailable_no_verified_acquisition_or_sale_date,observed_reference_fields_plus_unavailable_requested_fields
8350,1898,21년 K8(휘),2024-10-10 10:47:18.014170,2021-05-14,2024-10-15 04:22:36,,unavailable,,unavailable,,unavailable,,unavailable,,unavailable_no_verified_acquisition_or_sale_date,observed_reference_fields_plus_unavailable_requested_fields
8351,1898,21년 K8(휘),2024-10-10 10:47:18.029861,2021-05-14,2024-10-15 04:22:41,,unavailable,,unavailable,,unavailable,,unavailable,,unavailable_no_verified_acquisition_or_sale_date,observed_reference_fields_plus_unavailable_requested_fields
8352,1900,21년 K8(LPG),2024-10-10 10:47:18.048000,2021-06-16,2025-04-08 05:09:25,,unavailable,,unavailable,,unavailable,,unavailable,,unavailable_no_verified_acquisition_or_sale_date,observed_reference_fields_plus_unavailable_requested_fields
8353,1900,21년 K8(LPG),2024-10-10 10:47:18.069771,2021-06-16,2025-04-08 05:09:26,,unavailable,,unavailable,,unavailable,,unavailable,,unavailable_no_verified_acquisition_or_sale_date,observed_reference_fields_plus_unavailable_requested_fields
8354,1900,21년 K8(LPG),2024-10-10 10:47:18.087554,2021-06-14,2024-10-15 04:22:50,,unavailable,,unavailable,,unavailable,,unavailable,,unavailable_no_verified_acquisition_or_sale_date,observed_reference_fields_plus_unavailable_requested_fields
8355,1900,21년 K8(LPG),2024-10-10 10:47:18.102726,2021-06-14,2024-10-15 04:22:54,,unavailable,,unavailable,,unavailable,,unavailable,,unavailable_no_verified_acquisition_or_sale_date,observed_reference_fields_plus_unavailable_requested_fields
8356,1900,21년 K8(LPG),2024-10-10 10:47:18.122490,2021-05-25,2025-04-08 05:09:26,,unavailable,,unavailable,,unavailable,,unavailable,,unavailable_no_verified_acquisition_or_sale_date,observed_reference_fields_plus_unavailable_requested_fields
8357,1894,21년 QM6(휘),2024-10-10 10:47:18.139812,2021-04-05,,,unavailable,,unavailable,,unavailable,,unavailable,,unavailable_no_verified_acquisition_or_sale_date,observed_reference_fields_plus_unavailable_requested_fields
8358,1894,21년 QM6(휘),2024-10-10 10:47:18.159954,2021-04-05,,,unavailable,,unavailable,,unavailable,,unavailable,,unavailable_no_verified_acquisition_or_sale_date,observed_reference_fields_plus_unavailable_requested_fields
8359,1894,21년 QM6(휘),2024-10-10 10:47:18.178224,2021-04-05,,,unavailable,,unavailable,,unavailable,,unavailable,,unavailable_no_verified_acquisition_or_sale_date,observed_reference_fields_plus_unavailable_requested_fields
8360,1894,21년 QM6(휘),2024-10-10 10:47:18.194442,2021-03-31,2024-10-15 04:35:28,,unavailable,,unavailable,,unavailable,,unavailable,,unavailable_no_verified_acquisition_or_sale_date,observed_reference_fields_plus_unavailable_requested_fields
8361,1894,21년 QM6(휘),2024-10-10 10:47:18.213761,2021-03-31,2024-10-15 04:35:32,,unavailable,,unavailable,,unavailable,,unavailable,,unavailable_no_verified_acquisition_or_sale_date,observed_reference_fields_plus_unavailable_requested_fields
8362,1894,21년 QM6(휘),2024-10-10 10:47:18.233081,2021-03-31,2024-10-15 04:35:41,,unavailable,,unavailable,,unavailable,,unavailable,,unavailable_no_verified_acquisition_or_sale_date,observed_reference_fields_plus_unavailable_requested_fields
8363,1894,21년 QM6(휘),2024-10-10 10:47:18.252806,2021-05-04,2024-10-15 04:35:36,,unavailable,,unavailable,,unavailable,,unavailable,,unavailable_no_verified_acquisition_or_sale_date,observed_reference_fields_plus_unavailable_requested_fields
8364,1901,21/22년 BMW 420i 컨버터블(휘),2024-10-10 10:47:18.270456,2021-05-25,2026-03-18 06:06:32,,unavailable,,unavailable,,unavailable,,unavailable,,unavailable_no_verified_acquisition_or_sale_date,observed_reference_fields_plus_unavailable_requested_fields
8365,1901,21/22년 BMW 420i 컨버터블(휘),2024-10-10 10:47:18.287638,2021-05-25,2026-03-18 06:06:40,,unavailable,,unavailable,,unavailable,,unavailable,,unavailable_no_verified_acquisition_or_sale_date,observed_reference_fields_plus_unavailable_requested_fields
8366,1901,21/22년 BMW 420i 컨버터블(휘),2024-10-10 10:47:18.308745,2021-05-28,2026-03-18 06:06:48,,unavailable,,unavailable,,unavailable,,unavailable,,unavailable_no_verified_acquisition_or_sale_date,observed_reference_fields_plus_unavailable_requested_fields
8367,1901,21/22년 BMW 420i 컨버터블(휘),2024-10-10 10:47:18.326375,2022-04-29,2026-03-18 06:06:25,,unavailable,,unavailable,,unavailable,,unavailable,,unavailable_no_verified_acquisition_or_sale_date,observed_reference_fields_plus_unavailable_requested_fields
8368,1884,21년 4세대 더올뉴투싼(휘),2024-10-10 10:47:18.342083,2021-01-22,,,unavailable,,unavailable,,unavailable,,unavailable,,unavailable_no_verified_acquisition_or_sale_date,observed_reference_fields_plus_unavailable_requested_fields
8369,1884,21년 4세대 더올뉴투싼(휘),2024-10-10 10:47:18.357529,2021-01-22,,,unavailable,,unavailable,,unavailable,,unavailable,,unavailable_no_verified_acquisition_or_sale_date,observed_reference_fields_plus_unavailable_requested_fields
8370,1884,21년 4세대 더올뉴투싼(휘),2024-10-10 10:47:18.375202,2021-01-22,,,unavailable,,unavailable,,unavailable,,unavailable,,unavailable_no_verified_acquisition_or_sale_date,observed_reference_fields_plus_unavailable_requested_fields
8371,1884,21년 4세대 더올뉴투싼(휘),2024-10-10 10:47:18.392098,2021-01-22,,,unavailable,,unavailable,,unavailable,,unavailable,,unavailable_no_verified_acquisition_or_sale_date,observed_reference_fields_plus_unavailable_requested_fields
8372,1884,21년 4세대 더올뉴투싼(휘),2024-10-10 10:47:18.408433,2021-01-22,,,unavailable,,unavailable,,unavailable,,unavailable,,unavailable_no_verified_acquisition_or_sale_date,observed_reference_fields_plus_unavailable_requested_fields
8373,1884,21년 4세대 더올뉴투싼(휘),2024-10-10 10:47:18.431717,2021-05-07,,,unavailable,,unavailable,,unavailable,,unavailable,,unavailable_no_verified_acquisition_or_sale_date,observed_reference_fields_plus_unavailable_requested_fields
8374,1884,21년 4세대 더올뉴투싼(휘),2024-10-10 10:47:18.448999,2021-05-14,,,unavailable,,unavailable,,unavailable,,unavailable,,unavailable_no_verified_acquisition_or_sale_date,observed_reference_fields_plus_unavailable_requested_fields
8375,1896,21년 K3(휘),2024-10-10 10:47:18.472860,2021-04-13,,,unavailable,,unavailable,,unavailable,,unavailable,,unavailable_no_verified_acquisition_or_sale_date,observed_reference_fields_plus_unavailable_requested_fields
8376,1896,21년 K3(휘),2024-10-10 10:47:18.494122,2021-04-13,,,unavailable,,unavailable,,unavailable,,unavailable,,unavailable_no_verified_acquisition_or_sale_date,observed_reference_fields_plus_unavailable_requested_fields
8377,1896,21년 K3(휘),2024-10-10 10:47:18.512809,2021-04-13,,,unavailable,,unavailable,,unavailable,,unavailable,,unavailable_no_verified_acquisition_or_sale_date,observed_reference_fields_plus_unavailable_requested_fields
8378,1896,21년 K3(휘),2024-10-10 10:47:18.537676,2021-04-13,,,unavailable,,unavailable,,unavailable,,unavailable,,unavailable_no_verified_acquisition_or_sale_date,observed_reference_fields_plus_unavailable_requested_fields
8379,1896,21년 K3(휘),2024-10-10 10:47:18.558373,2021-04-13,,,unavailable,,unavailable,,unavailable,,unavailable,,unavailable_no_verified_acquisition_or_sale_date,observed_reference_fields_plus_unavailable_requested_fields
8380,1896,21년 K3(휘),2024-10-10 10:47:18.575533,2021-05-17,,,unavailable,,unavailable,,unavailable,,unavailable,,unavailable_no_verified_acquisition_or_sale_date,observed_reference_fields_plus_unavailable_requested_fields
8381,1896,21년 K3(휘),2024-10-10 10:47:18.593349,2021-05-25,,,unavailable,,unavailable,,unavailable,,unavailable,,unavailable_no_verified_acquisition_or_sale_date,observed_reference_fields_plus_unavailable_requested_fields
8382,1896,21년 K3(휘),2024-10-10 10:47:18.612195,2021-05-25,,,unavailable,,unavailable,,unavailable,,unavailable,,unavailable_no_verified_acquisition_or_sale_date,observed_reference_fields_plus_unavailable_requested_fields
8383,1896,21년 K3(휘),2024-10-10 10:47:18.663079,2021-05-25,,,unavailable,,unavailable,,unavailable,,unavailable,,unavailable_no_verified_acquisition_or_sale_date,observed_reference_fields_plus_unavailable_requested_fields
8384,1896,21년 K3(휘),2024-10-10 10:47:18.680920,2021-05-25,,,unavailable,,unavailable,,unavailable,,unavailable,,unavailable_no_verified_acquisition_or_sale_date,observed_reference_fields_plus_unavailable_requested_fields
8385,1882,21년 올뉴아반떼CN7(휘),2024-10-10 10:47:18.700715,2021-06-16,,,unavailable,,unavailable,,unavailable,,unavailable,,unavailable_no_verified_acquisition_or_sale_date,observed_reference_fields_plus_unavailable_requested_fields
8386,1882,21년 올뉴아반떼CN7(휘),2024-10-10 10:47:18.716713,2021-06-16,,,unavailable,,unavailable,,unavailable,,unavailable,,unavailable_no_verified_acquisition_or_sale_date,observed_reference_fields_plus_unavailable_requested_fields
8387,1882,21년 올뉴아반떼CN7(휘),2024-10-10 10:47:18.737516,2021-06-16,,,unavailable,,unavailable,,unavailable,,unavailable,,unavailable_no_verified_acquisition_or_sale_date,observed_reference_fields_plus_unavailable_requested_fields
8388,1882,21년 올뉴아반떼CN7(휘),2024-10-10 10:47:18.757810,2021-06-16,,,unavailable,,unavailable,,unavailable,,unavailable,,unavailable_no_verified_acquisition_or_sale_date,observed_reference_fields_plus_unavailable_requested_fields
8389,1882,21년 올뉴아반떼CN7(휘),2024-10-10 10:47:18.775203,2021-06-16,,,unavailable,,unavailable,,unavailable,,unavailable,,unavailable_no_verified_acquisition_or_sale_date,observed_reference_fields_plus_unavailable_requested_fields
8390,1882,21년 올뉴아반떼CN7(휘),2024-10-10 10:47:18.791471,2021-01-04,2024-10-15 04:14:29,,unavailable,,unavailable,,unavailable,,unavailable,,unavailable_no_verified_acquisition_or_sale_date,observed_reference_fields_plus_unavailable_requested_fields
8391,1882,21년 올뉴아반떼CN7(휘),2024-10-10 10:47:18.814284,2021-01-04,2024-10-15 04:14:34,,unavailable,,unavailable,,unavailable,,unavailable,,unavailable_no_verified_acquisition_or_sale_date,observed_reference_fields_plus_unavailable_requested_fields
8392,1882,21년 올뉴아반떼CN7(휘),2024-10-10 10:47:18.833072,2021-01-04,2024-10-15 04:14:39,,unavailable,,unavailable,,unavailable,,unavailable,,unavailable_no_verified_acquisition_or_sale_date,observed_reference_fields_plus_unavailable_requested_fields
8393,1882,21년 올뉴아반떼CN7(휘),2024-10-10 10:47:18.849202,2021-01-04,2024-10-15 04:14:48,,unavailable,,unavailable,,unavailable,,unavailable,,unavailable_no_verified_acquisition_or_sale_date,observed_reference_fields_plus_unavailable_requested_fields
8394,1882,21년 올뉴아반떼CN7(휘),2024-10-10 10:47:18.864501,2021-04-07,,,unavailable,,unavailable,,unavailable,,unavailable,,unavailable_no_verified_acquisition_or_sale_date,observed_reference_fields_plus_unavailable_requested_fields
8395,1882,21년 올뉴아반떼CN7(휘),2024-10-10 10:47:18.881282,2021-05-28,,,unavailable,,unavailable,,unavailable,,unavailable,,unavailable_no_verified_acquisition_or_sale_date,observed_reference_fields_plus_unavailable_requested_fields
8396,1882,21년 올뉴아반떼CN7(휘),2024-10-10 10:47:18.898012,2021-06-08,,,unavailable,,unavailable,,unavailable,,unavailable,,unavailable_no_verified_acquisition_or_sale_date,observed_reference_fields_plus_unavailable_requested_fields
8397,1882,21년 올뉴아반떼CN7(휘),2024-10-10 10:47:18.913859,2021-06-11,,,unavailable,,unavailable,,unavailable,,unavailable,,unavailable_no_verified_acquisition_or_sale_date,observed_reference_fields_plus_unavailable_requested_fields
8398,1882,21년 올뉴아반떼CN7(휘),2024-10-10 10:47:18.930062,2021-06-11,,,unavailable,,unavailable,,unavailable,,unavailable,,unavailable_no_verified_acquisition_or_sale_date,observed_reference_fields_plus_unavailable_requested_fields
8399,1882,21년 올뉴아반떼CN7(휘),2024-10-10 10:47:18.949303,2021-06-18,,,unavailable,,unavailable,,unavailable,,unavailable,,unavailable_no_verified_acquisition_or_sale_date,observed_reference_fields_plus_unavailable_requested_fields
8400,1882,21년 올뉴아반떼CN7(휘),2024-10-10 10:47:18.965573,2021-05-28,2024-10-15 04:14:53,,unavailable,,unavailable,,unavailable,,unavailable,,unavailable_no_verified_acquisition_or_sale_date,observed_reference_fields_plus_unavailable_requested_fields
8401,1882,21년 올뉴아반떼CN7(휘),2024-10-10 10:47:18.982861,2021-05-28,2024-10-15 04:15:38,,unavailable,,unavailable,,unavailable,,unavailable,,unavailable_no_verified_acquisition_or_sale_date,observed_reference_fields_plus_unavailable_requested_fields
8402,1882,21년 올뉴아반떼CN7(휘),2024-10-10 10:47:18.999572,2021-05-28,2024-10-15 04:15:07,,unavailable,,unavailable,,unavailable,,unavailable,,unavailable_no_verified_acquisition_or_sale_date,observed_reference_fields_plus_unavailable_requested_fields
8403,1882,21년 올뉴아반떼CN7(휘),2024-10-10 10:47:19.015439,2021-05-28,2024-10-15 04:15:29,,unavailable,,unavailable,,unavailable,,unavailable,,unavailable_no_verified_acquisition_or_sale_date,observed_reference_fields_plus_unavailable_requested_fields
8404,1882,21년 올뉴아반떼CN7(휘),2024-10-10 10:47:19.030582,2021-05-28,2024-10-15 04:15:03,,unavailable,,unavailable,,unavailable,,unavailable,,unavailable_no_verified_acquisition_or_sale_date,observed_reference_fields_plus_unavailable_requested_fields
8405,1882,21년 올뉴아반떼CN7(휘),2024-10-10 10:47:19.047409,2021-05-28,2024-10-15 04:15:21,,unavailable,,unavailable,,unavailable,,unavailable,,unavailable_no_verified_acquisition_or_sale_date,observed_reference_fields_plus_unavailable_requested_fields
8406,1882,21년 올뉴아반떼CN7(휘),2024-10-10 10:47:19.063635,2021-05-28,2024-10-15 04:15:17,,unavailable,,unavailable,,unavailable,,unavailable,,unavailable_no_verified_acquisition_or_sale_date,observed_reference_fields_plus_unavailable_requested_fields
8407,1882,21년 올뉴아반떼CN7(휘),2024-10-10 10:47:19.078415,2021-05-28,2024-10-15 04:15:25,,unavailable,,unavailable,,unavailable,,unavailable,,unavailable_no_verified_acquisition_or_sale_date,observed_reference_fields_plus_unavailable_requested_fields
8408,1882,21년 올뉴아반떼CN7(휘),2024-10-10 10:47:19.093094,2021-05-28,2024-10-15 04:15:33,,unavailable,,unavailable,,unavailable,,unavailable,,unavailable_no_verified_acquisition_or_sale_date,observed_reference_fields_plus_unavailable_requested_fields
8409,1882,21년 올뉴아반떼CN7(휘),2024-10-10 10:47:19.109357,2021-05-28,2024-10-15 04:14:57,,unavailable,,unavailable,,unavailable,,unavailable,,unavailable_no_verified_acquisition_or_sale_date,observed_reference_fields_plus_unavailable_requested_fields
8410,1882,21년 올뉴아반떼CN7(휘),2024-10-10 10:47:19.124188,2021-04-16,,,unavailable,,unavailable,,unavailable,,unavailable,,unavailable_no_verified_acquisition_or_sale_date,observed_reference_fields_plus_unavailable_requested_fields
8411,1882,21년 올뉴아반떼CN7(휘),2024-10-10 10:47:19.218606,2021-04-16,,,unavailable,,unavailable,,unavailable,,unavailable,,unavailable_no_verified_acquisition_or_sale_date,observed_reference_fields_plus_unavailable_requested_fields
8412,1882,21년 올뉴아반떼CN7(휘),2024-10-10 10:47:19.235253,2021-04-21,,,unavailable,,unavailable,,unavailable,,unavailable,,unavailable_no_verified_acquisition_or_sale_date,observed_reference_fields_plus_unavailable_requested_fields
8413,1882,21년 올뉴아반떼CN7(휘),2024-10-10 10:47:19.260224,2021-04-21,,,unavailable,,unavailable,,unavailable,,unavailable,,unavailable_no_verified_acquisition_or_sale_date,observed_reference_fields_plus_unavailable_requested_fields
8414,1882,21년 올뉴아반떼CN7(휘),2024-10-10 10:47:19.284201,2021-01-04,2024-10-15 04:15:12,,unavailable,,unavailable,,unavailable,,unavailable,,unavailable_no_verified_acquisition_or_sale_date,observed_reference_fields_plus_unavailable_requested_fields
8415,1910,22년 스포티지(휘),2024-10-10 10:47:19.320184,2022-01-06,2024-10-15 04:43:37,,unavailable,,unavailable,,unavailable,,unavailable,,unavailable_no_verified_acquisition_or_sale_date,observed_reference_fields_plus_unavailable_requested_fields
8416,1910,22년 스포티지(휘),2024-10-10 10:47:19.334440,2022-01-06,2024-10-15 04:43:41,,unavailable,,unavailable,,unavailable,,unavailable,,unavailable_no_verified_acquisition_or_sale_date,observed_reference_fields_plus_unavailable_requested_fields
8417,1910,22년 스포티지(휘),2024-10-10 10:47:19.352169,2022-01-06,2024-10-15 04:43:49,,unavailable,,unavailable,,unavailable,,unavailable,,unavailable_no_verified_acquisition_or_sale_date,observed_reference_fields_plus_unavailable_requested_fields
8418,1910,22년 스포티지(휘),2024-10-10 10:47:19.367819,2022-01-06,2024-10-15 04:43:45,,unavailable,,unavailable,,unavailable,,unavailable,,unavailable_no_verified_acquisition_or_sale_date,observed_reference_fields_plus_unavailable_requested_fields
8419,1910,22년 스포티지(휘),2024-10-10 10:47:19.383555,2022-01-06,2024-10-15 04:43:54,,unavailable,,unavailable,,unavailable,,unavailable,,unavailable_no_verified_acquisition_or_sale_date,observed_reference_fields_plus_unavailable_requested_fields
8420,1910,22년 스포티지(휘),2024-10-10 10:47:19.400226,2022-04-20,2026-03-18 06:07:29,,unavailable,,unavailable,,unavailable,,unavailable,,unavailable_no_verified_acquisition_or_sale_date,observed_reference_fields_plus_unavailable_requested_fields
8421,1910,22년 스포티지(휘),2024-10-10 10:47:19.416260,2022-04-20,2026-03-18 06:08:26,,unavailable,,unavailable,,unavailable,,unavailable,,unavailable_no_verified_acquisition_or_sale_date,observed_reference_fields_plus_unavailable_requested_fields
8422,1910,22년 스포티지(휘),2024-10-10 10:47:19.447953,2022-04-20,2026-03-18 06:07:47,,unavailable,,unavailable,,unavailable,,unavailable,,unavailable_no_verified_acquisition_or_sale_date,observed_reference_fields_plus_unavailable_requested_fields
8423,1910,22년 스포티지(휘),2024-10-10 10:47:19.464559,2022-04-20,2026-03-18 06:08:01,,unavailable,,unavailable,,unavailable,,unavailable,,unavailable_no_verified_acquisition_or_sale_date,observed_reference_fields_plus_unavailable_requested_fields
8424,1910,22년 스포티지(휘),2024-10-10 10:47:19.483281,2022-04-20,2026-03-18 06:08:14,,unavailable,,unavailable,,unavailable,,unavailable,,unavailable_no_verified_acquisition_or_sale_date,observed_reference_fields_plus_unavailable_requested_fields
8425,1914,22년 니로 하이브리드(휘),2024-10-10 10:47:19.498559,2022-03-25,2024-10-15 04:40:44,,unavailable,,unavailable,,unavailable,,unavailable,,unavailable_no_verified_acquisition_or_sale_date,observed_reference_fields_plus_unavailable_requested_fields
8426,1914,22년 니로 하이브리드(휘),2024-10-10 10:47:19.515432,2022-04-04,2024-10-15 04:40:48,,unavailable,,unavailable,,unavailable,,unavailable,,unavailable_no_verified_acquisition_or_sale_date,observed_reference_fields_plus_unavailable_requested_fields
8427,1914,22년 니로 하이브리드(휘),2024-10-10 10:47:19.534195,2022-04-22,2024-10-15 04:40:53,,unavailable,,unavailable,,unavailable,,unavailable,,unavailable_no_verified_acquisition_or_sale_date,observed_reference_fields_plus_unavailable_requested_fields
8428,1914,22년 니로 하이브리드(휘),2024-10-10 10:47:19.550029,2022-04-22,2024-10-15 04:41:02,,unavailable,,unavailable,,unavailable,,unavailable,,unavailable_no_verified_acquisition_or_sale_date,observed_reference_fields_plus_unavailable_requested_fields
8429,1914,22년 니로 하이브리드(휘),2024-10-10 10:47:19.566848,2022-04-26,2024-10-15 04:41:10,,unavailable,,unavailable,,unavailable,,unavailable,,unavailable_no_verified_acquisition_or_sale_date,observed_reference_fields_plus_unavailable_requested_fields
8430,1914,22년 니로 하이브리드(휘),2024-10-10 10:47:19.583760,2022-05-10,2024-10-15 04:41:15,,unavailable,,unavailable,,unavailable,,unavailable,,unavailable_no_verified_acquisition_or_sale_date,observed_reference_fields_plus_unavailable_requested_fields
8431,1914,22년 니로 하이브리드(휘),2024-10-10 10:47:19.598595,2022-04-06,,,unavailable,,unavailable,,unavailable,,unavailable,,unavailable_no_verified_acquisition_or_sale_date,observed_reference_fields_plus_unavailable_requested_fields
8432,1914,22년 니로 하이브리드(휘),2024-10-10 10:47:19.617271,2022-04-06,,,unavailable,,unavailable,,unavailable,,unavailable,,unavailable_no_verified_acquisition_or_sale_date,observed_reference_fields_plus_unavailable_requested_fields
8433,1914,22년 니로 하이브리드(휘),2024-10-10 10:47:19.636876,2022-04-21,,,unavailable,,unavailable,,unavailable,,unavailable,,unavailable_no_verified_acquisition_or_sale_date,observed_reference_fields_plus_unavailable_requested_fields
8434,1914,22년 니로 하이브리드(휘),2024-10-10 10:47:19.656654,2022-04-21,,,unavailable,,unavailable,,unavailable,,unavailable,,unavailable_no_verified_acquisition_or_sale_date,observed_reference_fields_plus_unavailable_requested_fields
8435,1914,22년 니로 하이브리드(휘),2024-10-10 10:47:19.675374,2022-05-05,,,unavailable,,unavailable,,unavailable,,unavailable,,unavailable_no_verified_acquisition_or_sale_date,observed_reference_fields_plus_unavailable_requested_fields
8436,1914,22년 니로 하이브리드(휘),2024-10-10 10:47:19.694098,2022-05-05,,,unavailable,,unavailable,,unavailable,,unavailable,,unavailable_no_verified_acquisition_or_sale_date,observed_reference_fields_plus_unavailable_requested_fields
8437,1914,22년 니로 하이브리드(휘),2024-10-10 10:47:19.710849,2022-05-05,,,unavailable,,unavailable,,unavailable,,unavailable,,unavailable_no_verified_acquisition_or_sale_date,observed_reference_fields_plus_unavailable_requested_fields
8438,1914,22년 니로 하이브리드(휘),2024-10-10 10:47:19.732297,2022-05-05,,,unavailable,,unavailable,,unavailable,,unavailable,,unavailable_no_verified_acquisition_or_sale_date,observed_reference_fields_plus_unavailable_requested_fields
8439,1903,22년 베뉴(휘),2024-10-10 10:47:19.748989,2021-09-03,2024-10-15 04:10:13,,unavailable,,unavailable,,unavailable,,unavailable,,unavailable_no_verified_acquisition_or_sale_date,observed_reference_fields_plus_unavailable_requested_fields
8440,1903,22년 베뉴(휘),2024-10-10 10:47:19.770316,2021-09-03,2024-10-15 04:10:20,,unavailable,,unavailable,,unavailable,,unavailable,,unavailable_no_verified_acquisition_or_sale_date,observed_reference_fields_plus_unavailable_requested_fields
8441,1903,22년 베뉴(휘),2024-10-10 10:47:19.793615,2021-09-03,2024-10-15 04:10:32,,unavailable,,unavailable,,unavailable,,unavailable,,unavailable_no_verified_acquisition_or_sale_date,observed_reference_fields_plus_unavailable_requested_fields
8442,1903,22년 베뉴(휘),2024-10-10 10:47:19.814936,2021-09-03,2024-10-15 04:10:43,,unavailable,,unavailable,,unavailable,,unavailable,,unavailable_no_verified_acquisition_or_sale_date,observed_reference_fields_plus_unavailable_requested_fields
8443,1903,22년 베뉴(휘),2024-10-10 10:47:19.838016,2021-09-03,2024-10-15 04:11:00,,unavailable,,unavailable,,unavailable,,unavailable,,unavailable_no_verified_acquisition_or_sale_date,observed_reference_fields_plus_unavailable_requested_fields
8444,1903,22년 베뉴(휘),2024-10-10 10:47:19.856855,2022-01-25,,,unavailable,,unavailable,,unavailable,,unavailable,,unavailable_no_verified_acquisition_or_sale_date,observed_reference_fields_plus_unavailable_requested_fields
8445,1903,22년 베뉴(휘),2024-10-10 10:47:19.873281,2022-01-25,,,unavailable,,unavailable,,unavailable,,unavailable,,unavailable_no_verified_acquisition_or_sale_date,observed_reference_fields_plus_unavailable_requested_fields
8446,1912,22년 스포티지 하이브리드(휘),2024-10-10 10:47:19.892485,2022-01-26,2024-10-15 04:42:13,,unavailable,,unavailable,,unavailable,,unavailable,,unavailable_no_verified_acquisition_or_sale_date,observed_reference_fields_plus_unavailable_requested_fields
8447,1912,22년 스포티지 하이브리드(휘),2024-10-10 10:47:19.907802,2022-01-26,2024-10-15 04:42:17,,unavailable,,unavailable,,unavailable,,unavailable,,unavailable_no_verified_acquisition_or_sale_date,observed_reference_fields_plus_unavailable_requested_fields
8448,1912,22년 스포티지 하이브리드(휘),2024-10-10 10:47:19.924691,2022-01-26,2024-10-15 04:42:23,,unavailable,,unavailable,,unavailable,,unavailable,,unavailable_no_verified_acquisition_or_sale_date,observed_reference_fields_plus_unavailable_requested_fields
8449,1912,22년 스포티지 하이브리드(휘),2024-10-10 10:47:19.943488,2022-04-29,2024-10-15 04:42:27,,unavailable,,unavailable,,unavailable,,unavailable,,unavailable_no_verified_acquisition_or_sale_date,observed_reference_fields_plus_unavailable_requested_fields
8450,1912,22년 스포티지 하이브리드(휘),2024-10-10 10:47:19.960177,2022-10-17,2024-10-15 04:42:32,,unavailable,,unavailable,,unavailable,,unavailable,,unavailable_no_verified_acquisition_or_sale_date,observed_reference_fields_plus_unavailable_requested_fields
8451,1912,22년 스포티지 하이브리드(휘),2024-10-10 10:47:19.979220,2022-10-17,2024-10-15 04:42:36,,unavailable,,unavailable,,unavailable,,unavailable,,unavailable_no_verified_acquisition_or_sale_date,observed_reference_fields_plus_unavailable_requested_fields
8452,1912,22년 스포티지 하이브리드(휘),2024-10-10 10:47:19.995879,2022-10-17,2024-10-15 04:42:40,,unavailable,,unavailable,,unavailable,,unavailable,,unavailable_no_verified_acquisition_or_sale_date,observed_reference_fields_plus_unavailable_requested_fields
8453,1912,22년 스포티지 하이브리드(휘),2024-10-10 10:47:20.014314,2022-10-17,2024-10-15 04:42:44,,unavailable,,unavailable,,unavailable,,unavailable,,unavailable_no_verified_acquisition_or_sale_date,observed_reference_fields_plus_unavailable_requested_fields
8454,1912,22년 스포티지 하이브리드(휘),2024-10-10 10:47:20.033021,2022-10-26,2024-10-15 04:42:48,,unavailable,,unavailable,,unavailable,,unavailable,,unavailable_no_verified_acquisition_or_sale_date,observed_reference_fields_plus_unavailable_requested_fields
8455,1912,22년 스포티지 하이브리드(휘),2024-10-10 10:47:20.049585,2022-10-17,,,unavailable,,unavailable,,unavailable,,unavailable,,unavailable_no_verified_acquisition_or_sale_date,observed_reference_fields_plus_unavailable_requested_fields
8456,1912,22년 스포티지 하이브리드(휘),2024-10-10 10:47:20.066613,2022-10-17,,,unavailable,,unavailable,,unavailable,,unavailable,,unavailable_no_verified_acquisition_or_sale_date,observed_reference_fields_plus_unavailable_requested_fields
8457,1912,22년 스포티지 하이브리드(휘),2024-10-10 10:47:20.084371,2022-10-17,,,unavailable,,unavailable,,unavailable,,unavailable,,unavailable_no_verified_acquisition_or_sale_date,observed_reference_fields_plus_unavailable_requested_fields
8458,1913,22년 쏘렌토 하이브리드(7인/휘),2024-10-10 10:47:20.102135,2022-03-10,2024-10-15 04:38:32,,unavailable,,unavailable,,unavailable,,unavailable,,unavailable_no_verified_acquisition_or_sale_date,observed_reference_fields_plus_unavailable_requested_fields
8459,1913,22년 쏘렌토 하이브리드(7인/휘),2024-10-10 10:47:20.119707,2022-03-10,2024-10-15 04:38:40,,unavailable,,unavailable,,unavailable,,unavailable,,unavailable_no_verified_acquisition_or_sale_date,observed_reference_fields_plus_unavailable_requested_fields
8460,1913,22년 쏘렌토 하이브리드(7인/휘),2024-10-10 10:47:20.136014,2022-03-10,2024-10-15 04:38:36,,unavailable,,unavailable,,unavailable,,unavailable,,unavailable_no_verified_acquisition_or_sale_date,observed_reference_fields_plus_unavailable_requested_fields
8461,1913,22년 쏘렌토 하이브리드(7인/휘),2024-10-10 10:47:20.153352,2022-03-10,2024-10-15 04:38:53,,unavailable,,unavailable,,unavailable,,unavailable,,unavailable_no_verified_acquisition_or_sale_date,observed_reference_fields_plus_unavailable_requested_fields
8462,1913,22년 쏘렌토 하이브리드(7인/휘),2024-10-10 10:47:20.170046,2022-03-10,2024-10-15 04:38:44,,unavailable,,unavailable,,unavailable,,unavailable,,unavailable_no_verified_acquisition_or_sale_date,observed_reference_fields_plus_unavailable_requested_fields
8463,1913,22년 쏘렌토 하이브리드(7인/휘),2024-10-10 10:47:20.189695,2022-04-04,2024-10-15 04:38:49,,unavailable,,unavailable,,unavailable,,unavailable,,unavailable_no_verified_acquisition_or_sale_date,observed_reference_fields_plus_unavailable_requested_fields
8464,1913,22년 쏘렌토 하이브리드(7인/휘),2024-10-10 10:47:20.204898,2022-04-29,2024-10-15 04:38:57,,unavailable,,unavailable,,unavailable,,unavailable,,unavailable_no_verified_acquisition_or_sale_date,observed_reference_fields_plus_unavailable_requested_fields
8465,1913,22년 쏘렌토 하이브리드(7인/휘),2024-10-10 10:47:20.221600,2022-04-29,2024-10-15 04:39:01,,unavailable,,unavailable,,unavailable,,unavailable,,unavailable_no_verified_acquisition_or_sale_date,observed_reference_fields_plus_unavailable_requested_fields
8466,1913,22년 쏘렌토 하이브리드(7인/휘),2024-10-10 10:47:20.239224,2022-04-29,2024-10-15 04:39:05,,unavailable,,unavailable,,unavailable,,unavailable,,unavailable_no_verified_acquisition_or_sale_date,observed_reference_fields_plus_unavailable_requested_fields
8467,1913,22년 쏘렌토 하이브리드(7인/휘),2024-10-10 10:47:20.255910,2022-04-29,2024-10-15 04:39:11,,unavailable,,unavailable,,unavailable,,unavailable,,unavailable_no_verified_acquisition_or_sale_date,observed_reference_fields_plus_unavailable_requested_fields
8468,1913,22년 쏘렌토 하이브리드(7인/휘),2024-10-10 10:47:20.274038,2022-07-07,,,unavailable,,unavailable,,unavailable,,unavailable,,unavailable_no_verified_acquisition_or_sale_date,observed_reference_fields_plus_unavailable_requested_fields
8469,1913,22년 쏘렌토 하이브리드(7인/휘),2024-10-10 10:47:20.292265,2022-07-07,,,unavailable,,unavailable,,unavailable,,unavailable,,unavailable_no_verified_acquisition_or_sale_date,observed_reference_fields_plus_unavailable_requested_fields
8470,1913,22년 쏘렌토 하이브리드(7인/휘),2024-10-10 10:47:20.308009,2022-07-07,,,unavailable,,unavailable,,unavailable,,unavailable,,unavailable_no_verified_acquisition_or_sale_date,observed_reference_fields_plus_unavailable_requested_fields
8471,1911,22년 폭스바겐 제타(휘),2024-10-10 10:47:20.324773,2022-01-25,2025-04-08 05:09:20,,unavailable,,unavailable,,unavailable,,unavailable,,unavailable_no_verified_acquisition_or_sale_date,observed_reference_fields_plus_unavailable_requested_fields
8472,1911,22년 폭스바겐 제타(휘),2024-10-10 10:47:20.342027,2022-01-25,2025-04-08 05:09:21,,unavailable,,unavailable,,unavailable,,unavailable,,unavailable_no_verified_acquisition_or_sale_date,observed_reference_fields_plus_unavailable_requested_fields
8473,1911,22년 폭스바겐 제타(휘),2024-10-10 10:47:20.357160,2022-01-25,2025-04-08 05:09:21,,unavailable,,unavailable,,unavailable,,unavailable,,unavailable_no_verified_acquisition_or_sale_date,observed_reference_fields_plus_unavailable_requested_fields
8474,1908,22년 BMW 미니 컨버터블(휘),2024-10-10 10:47:20.373453,2022-03-30,,,unavailable,,unavailable,,unavailable,,unavailable,,unavailable_no_verified_acquisition_or_sale_date,observed_reference_fields_plus_unavailable_requested_fields
8475,1908,22년 BMW 미니 컨버터블(휘),2024-10-10 10:47:20.390717,2021-11-19,2024-10-15 04:18:37,,unavailable,,unavailable,,unavailable,,unavailable,,unavailable_no_verified_acquisition_or_sale_date,observed_reference_fields_plus_unavailable_requested_fields
8476,1908,22년 BMW 미니 컨버터블(휘),2024-10-10 10:47:20.410394,2022-03-30,,,unavailable,,unavailable,,unavailable,,unavailable,,unavailable_no_verified_acquisition_or_sale_date,observed_reference_fields_plus_unavailable_requested_fields
8477,1908,22년 BMW 미니 컨버터블(휘),2024-10-10 10:47:20.427220,2022-03-30,,,unavailable,,unavailable,,unavailable,,unavailable,,unavailable_no_verified_acquisition_or_sale_date,observed_reference_fields_plus_unavailable_requested_fields
8478,1908,22년 BMW 미니 컨버터블(휘),2024-10-10 10:47:20.443346,2022-04-25,,,unavailable,,unavailable,,unavailable,,unavailable,,unavailable_no_verified_acquisition_or_sale_date,observed_reference_fields_plus_unavailable_requested_fields
8479,1919,22년 BMW 미니 컨버터블S(휘),2024-10-10 10:47:20.460595,2022-04-25,,,unavailable,,unavailable,,unavailable,,unavailable,,unavailable_no_verified_acquisition_or_sale_date,observed_reference_fields_plus_unavailable_requested_fields
8480,1919,22년 BMW 미니 컨버터블S(휘),2024-10-10 10:47:20.486777,2022-04-25,,,unavailable,,unavailable,,unavailable,,unavailable,,unavailable_no_verified_acquisition_or_sale_date,observed_reference_fields_plus_unavailable_requested_fields
8481,1905,22년 EV6(전기),2024-10-10 10:47:20.504392,2021-10-26,,,unavailable,,unavailable,,unavailable,,unavailable,,unavailable_no_verified_acquisition_or_sale_date,observed_reference_fields_plus_unavailable_requested_fields
8482,1905,22년 EV6(전기),2024-10-10 10:47:20.519596,2021-10-26,,,unavailable,,unavailable,,unavailable,,unavailable,,unavailable_no_verified_acquisition_or_sale_date,observed_reference_fields_plus_unavailable_requested_fields
8483,1905,22년 EV6(전기),2024-10-10 10:47:20.538716,2022-05-12,2024-10-15 01:53:30,,unavailable,,unavailable,,unavailable,,unavailable,,unavailable_no_verified_acquisition_or_sale_date,observed_reference_fields_plus_unavailable_requested_fields
8484,1905,22년 EV6(전기),2024-10-10 10:47:20.555912,2022-05-12,2024-10-15 04:15:15,,unavailable,,unavailable,,unavailable,,unavailable,,unavailable_no_verified_acquisition_or_sale_date,observed_reference_fields_plus_unavailable_requested_fields
8485,1905,22년 EV6(전기),2024-10-10 10:47:20.574306,2022-05-13,2024-10-15 04:16:56,,unavailable,,unavailable,,unavailable,,unavailable,,unavailable_no_verified_acquisition_or_sale_date,observed_reference_fields_plus_unavailable_requested_fields
8486,1905,22년 EV6(전기),2024-10-10 10:47:20.591243,2022-05-12,2024-10-15 04:17:01,,unavailable,,unavailable,,unavailable,,unavailable,,unavailable_no_verified_acquisition_or_sale_date,observed_reference_fields_plus_unavailable_requested_fields
8487,1905,22년 EV6(전기),2024-10-10 10:47:20.609022,2022-05-13,2024-10-15 04:17:07,,unavailable,,unavailable,,unavailable,,unavailable,,unavailable_no_verified_acquisition_or_sale_date,observed_reference_fields_plus_unavailable_requested_fields
8488,1905,22년 EV6(전기),2024-10-10 10:47:20.625695,2022-05-12,2024-10-15 04:17:24,,unavailable,,unavailable,,unavailable,,unavailable,,unavailable_no_verified_acquisition_or_sale_date,observed_reference_fields_plus_unavailable_requested_fields
8489,1905,22년 EV6(전기),2024-10-10 10:47:20.643416,2022-05-12,2024-10-15 04:17:32,,unavailable,,unavailable,,unavailable,,unavailable,,unavailable_no_verified_acquisition_or_sale_date,observed_reference_fields_plus_unavailable_requested_fields
8490,1905,22년 EV6(전기),2024-10-10 10:47:20.660547,2022-05-13,2024-10-15 04:17:48,,unavailable,,unavailable,,unavailable,,unavailable,,unavailable_no_verified_acquisition_or_sale_date,observed_reference_fields_plus_unavailable_requested_fields
8491,1905,22년 EV6(전기),2024-10-10 10:47:20.678901,2022-05-12,2024-10-15 04:17:38,,unavailable,,unavailable,,unavailable,,unavailable,,unavailable_no_verified_acquisition_or_sale_date,observed_reference_fields_plus_unavailable_requested_fields
8492,1905,22년 EV6(전기),2024-10-10 10:47:20.697140,2022-05-12,2024-10-15 04:17:43,,unavailable,,unavailable,,unavailable,,unavailable,,unavailable_no_verified_acquisition_or_sale_date,observed_reference_fields_plus_unavailable_requested_fields
8493,1905,22년 EV6(전기),2024-10-10 10:47:20.713310,2021-12-01,,,unavailable,,unavailable,,unavailable,,unavailable,,unavailable_no_verified_acquisition_or_sale_date,observed_reference_fields_plus_unavailable_requested_fields
8494,1905,22년 EV6(전기),2024-10-10 10:47:20.730174,2021-12-01,,,unavailable,,unavailable,,unavailable,,unavailable,,unavailable_no_verified_acquisition_or_sale_date,observed_reference_fields_plus_unavailable_requested_fields
8495,1905,22년 EV6(전기),2024-10-10 10:47:20.749239,2021-10-26,,,unavailable,,unavailable,,unavailable,,unavailable,,unavailable_no_verified_acquisition_or_sale_date,observed_reference_fields_plus_unavailable_requested_fields
8496,1905,22년 EV6(전기),2024-10-10 10:47:20.799762,2021-10-26,,,unavailable,,unavailable,,unavailable,,unavailable,,unavailable_no_verified_acquisition_or_sale_date,observed_reference_fields_plus_unavailable_requested_fields
8497,1905,22년 EV6(전기),2024-10-10 10:47:20.814467,2021-10-26,,,unavailable,,unavailable,,unavailable,,unavailable,,unavailable_no_verified_acquisition_or_sale_date,observed_reference_fields_plus_unavailable_requested_fields
8498,1905,22년 EV6(전기),2024-10-10 10:47:20.829181,2021-10-26,,,unavailable,,unavailable,,unavailable,,unavailable,,unavailable_no_verified_acquisition_or_sale_date,observed_reference_fields_plus_unavailable_requested_fields
8499,1905,22년 EV6(전기),2024-10-10 10:47:20.845925,2022-04-14,,,unavailable,,unavailable,,unavailable,,unavailable,,unavailable_no_verified_acquisition_or_sale_date,observed_reference_fields_plus_unavailable_requested_fields
8500,1905,22년 EV6(전기),2024-10-10 10:47:20.861796,2022-04-14,,,unavailable,,unavailable,,unavailable,,unavailable,,unavailable_no_verified_acquisition_or_sale_date,observed_reference_fields_plus_unavailable_requested_fields
8501,1905,22년 EV6(전기),2024-10-10 10:47:20.880912,2022-04-14,,,unavailable,,unavailable,,unavailable,,unavailable,,unavailable_no_verified_acquisition_or_sale_date,observed_reference_fields_plus_unavailable_requested_fields
8502,1905,22년 EV6(전기),2024-10-10 10:47:20.898596,2022-04-14,,,unavailable,,unavailable,,unavailable,,unavailable,,unavailable_no_verified_acquisition_or_sale_date,observed_reference_fields_plus_unavailable_requested_fields
8503,1905,22년 EV6(전기),2024-10-10 10:47:20.913947,2022-04-14,,,unavailable,,unavailable,,unavailable,,unavailable,,unavailable_no_verified_acquisition_or_sale_date,observed_reference_fields_plus_unavailable_requested_fields
8504,1905,22년 EV6(전기),2024-10-10 10:47:20.930807,2022-04-14,,,unavailable,,unavailable,,unavailable,,unavailable,,unavailable_no_verified_acquisition_or_sale_date,observed_reference_fields_plus_unavailable_requested_fields
8505,1905,22년 EV6(전기),2024-10-10 10:47:20.947408,2022-04-14,,,unavailable,,unavailable,,unavailable,,unavailable,,unavailable_no_verified_acquisition_or_sale_date,observed_reference_fields_plus_unavailable_requested_fields
8506,1905,22년 EV6(전기),2024-10-10 10:47:20.965234,2022-04-15,,,unavailable,,unavailable,,unavailable,,unavailable,,unavailable_no_verified_acquisition_or_sale_date,observed_reference_fields_plus_unavailable_requested_fields
8507,1905,22년 EV6(전기),2024-10-10 10:47:20.986475,2022-04-15,,,unavailable,,unavailable,,unavailable,,unavailable,,unavailable_no_verified_acquisition_or_sale_date,observed_reference_fields_plus_unavailable_requested_fields
8508,1905,22년 EV6(전기),2024-10-10 10:47:21.001768,2022-04-15,,,unavailable,,unavailable,,unavailable,,unavailable,,unavailable_no_verified_acquisition_or_sale_date,observed_reference_fields_plus_unavailable_requested_fields
8509,1905,22년 EV6(전기),2024-10-10 10:47:21.016514,2022-04-15,,,unavailable,,unavailable,,unavailable,,unavailable,,unavailable_no_verified_acquisition_or_sale_date,observed_reference_fields_plus_unavailable_requested_fields
8510,1905,22년 EV6(전기),2024-10-10 10:47:21.031707,2022-04-15,,,unavailable,,unavailable,,unavailable,,unavailable,,unavailable_no_verified_acquisition_or_sale_date,observed_reference_fields_plus_unavailable_requested_fields
8511,1905,22년 EV6(전기),2024-10-10 10:47:21.045941,2022-04-15,,,unavailable,,unavailable,,unavailable,,unavailable,,unavailable_no_verified_acquisition_or_sale_date,observed_reference_fields_plus_unavailable_requested_fields
8512,1906,22년 k3(휘),2024-10-10 10:47:21.061259,2022-01-17,,,unavailable,,unavailable,,unavailable,,unavailable,,unavailable_no_verified_acquisition_or_sale_date,observed_reference_fields_plus_unavailable_requested_fields
8513,1906,22년 k3(휘),2024-10-10 10:47:21.078019,2022-01-17,,,unavailable,,unavailable,,unavailable,,unavailable,,unavailable_no_verified_acquisition_or_sale_date,observed_reference_fields_plus_unavailable_requested_fields
8514,1906,22년 k3(휘),2024-10-10 10:47:21.095382,2022-01-17,,,unavailable,,unavailable,,unavailable,,unavailable,,unavailable_no_verified_acquisition_or_sale_date,observed_reference_fields_plus_unavailable_requested_fields
8515,1906,22년 k3(휘),2024-10-10 10:47:21.110657,2022-01-17,,,unavailable,,unavailable,,unavailable,,unavailable,,unavailable_no_verified_acquisition_or_sale_date,observed_reference_fields_plus_unavailable_requested_fields
8516,1906,22년 k3(휘),2024-10-10 10:47:21.125953,2022-01-17,,,unavailable,,unavailable,,unavailable,,unavailable,,unavailable_no_verified_acquisition_or_sale_date,observed_reference_fields_plus_unavailable_requested_fields
8517,1906,22년 k3(휘),2024-10-10 10:47:21.142779,2022-01-06,2024-10-15 04:16:03,,unavailable,,unavailable,,unavailable,,unavailable,,unavailable_no_verified_acquisition_or_sale_date,observed_reference_fields_plus_unavailable_requested_fields
8518,1906,22년 k3(휘),2024-10-10 10:47:21.158084,2022-01-07,2024-10-15 04:15:58,,unavailable,,unavailable,,unavailable,,unavailable,,unavailable_no_verified_acquisition_or_sale_date,observed_reference_fields_plus_unavailable_requested_fields
8519,1906,22년 k3(휘),2024-10-10 10:47:21.174889,2022-01-06,2024-10-15 04:15:54,,unavailable,,unavailable,,unavailable,,unavailable,,unavailable_no_verified_acquisition_or_sale_date,observed_reference_fields_plus_unavailable_requested_fields
8520,1906,22년 k3(휘),2024-10-10 10:47:21.194511,2022-01-06,2024-10-15 04:15:49,,unavailable,,unavailable,,unavailable,,unavailable,,unavailable_no_verified_acquisition_or_sale_date,observed_reference_fields_plus_unavailable_requested_fields
8521,1906,22년 k3(휘),2024-10-10 10:47:21.208591,2022-01-06,2024-10-15 04:15:44,,unavailable,,unavailable,,unavailable,,unavailable,,unavailable_no_verified_acquisition_or_sale_date,observed_reference_fields_plus_unavailable_requested_fields
8522,1906,22년 k3(휘),2024-10-10 10:47:21.225288,2021-11-04,,,unavailable,,unavailable,,unavailable,,unavailable,,unavailable_no_verified_acquisition_or_sale_date,observed_reference_fields_plus_unavailable_requested_fields
8523,1906,22년 k3(휘),2024-10-10 10:47:21.240044,2022-03-21,,,unavailable,,unavailable,,unavailable,,unavailable,,unavailable_no_verified_acquisition_or_sale_date,observed_reference_fields_plus_unavailable_requested_fields
8524,1906,22년 k3(휘),2024-10-10 10:47:21.257642,2022-03-21,2025-07-03 05:24:59,,unavailable,,unavailable,,unavailable,,unavailable,,unavailable_no_verified_acquisition_or_sale_date,observed_reference_fields_plus_unavailable_requested_fields
8525,1906,22년 k3(휘),2024-10-10 10:47:21.272815,2022-03-21,2025-07-03 05:25:07,,unavailable,,unavailable,,unavailable,,unavailable,,unavailable_no_verified_acquisition_or_sale_date,observed_reference_fields_plus_unavailable_requested_fields
8526,1906,22년 k3(휘),2024-10-10 10:47:21.290474,2022-03-21,2025-07-03 05:25:13,,unavailable,,unavailable,,unavailable,,unavailable,,unavailable_no_verified_acquisition_or_sale_date,observed_reference_fields_plus_unavailable_requested_fields
8527,1906,22년 k3(휘),2024-10-10 10:47:21.308044,2022-03-21,,,unavailable,,unavailable,,unavailable,,unavailable,,unavailable_no_verified_acquisition_or_sale_date,observed_reference_fields_plus_unavailable_requested_fields
8528,1906,22년 k3(휘),2024-10-10 10:47:21.326768,2022-03-21,,,unavailable,,unavailable,,unavailable,,unavailable,,unavailable_no_verified_acquisition_or_sale_date,observed_reference_fields_plus_unavailable_requested_fields
8529,1906,22년 k3(휘),2024-10-10 10:47:21.342896,2022-04-18,,,unavailable,,unavailable,,unavailable,,unavailable,,unavailable_no_verified_acquisition_or_sale_date,observed_reference_fields_plus_unavailable_requested_fields
8530,1906,22년 k3(휘),2024-10-10 10:47:21.359587,2022-04-18,,,unavailable,,unavailable,,unavailable,,unavailable,,unavailable_no_verified_acquisition_or_sale_date,observed_reference_fields_plus_unavailable_requested_fields
8531,1906,22년 k3(휘),2024-10-10 10:47:21.375798,2022-04-18,,,unavailable,,unavailable,,unavailable,,unavailable,,unavailable_no_verified_acquisition_or_sale_date,observed_reference_fields_plus_unavailable_requested_fields
8532,1906,22년 k3(휘),2024-10-10 10:47:21.393285,2022-04-18,,,unavailable,,unavailable,,unavailable,,unavailable,,unavailable_no_verified_acquisition_or_sale_date,observed_reference_fields_plus_unavailable_requested_fields
8533,1906,22년 k3(휘),2024-10-10 10:47:21.410068,2022-04-18,,,unavailable,,unavailable,,unavailable,,unavailable,,unavailable_no_verified_acquisition_or_sale_date,observed_reference_fields_plus_unavailable_requested_fields
8534,1906,22년 k3(휘),2024-10-10 10:47:21.424381,2022-05-31,,,unavailable,,unavailable,,unavailable,,unavailable,,unavailable_no_verified_acquisition_or_sale_date,observed_reference_fields_plus_unavailable_requested_fields
8535,1906,22년 k3(휘),2024-10-10 10:47:21.441228,2022-05-31,,,unavailable,,unavailable,,unavailable,,unavailable,,unavailable_no_verified_acquisition_or_sale_date,observed_reference_fields_plus_unavailable_requested_fields
8536,1906,22년 k3(휘),2024-10-10 10:47:21.456030,2022-05-31,,,unavailable,,unavailable,,unavailable,,unavailable,,unavailable_no_verified_acquisition_or_sale_date,observed_reference_fields_plus_unavailable_requested_fields
8537,1906,22년 k3(휘),2024-10-10 10:47:21.472806,2022-05-31,,,unavailable,,unavailable,,unavailable,,unavailable,,unavailable_no_verified_acquisition_or_sale_date,observed_reference_fields_plus_unavailable_requested_fields
8538,1906,22년 k3(휘),2024-10-10 10:47:21.495546,2022-05-31,,,unavailable,,unavailable,,unavailable,,unavailable,,unavailable_no_verified_acquisition_or_sale_date,observed_reference_fields_plus_unavailable_requested_fields
8539,1906,22년 k3(휘),2024-10-10 10:47:21.511745,2022-05-31,2025-07-03 05:25:24,,unavailable,,unavailable,,unavailable,,unavailable,,unavailable_no_verified_acquisition_or_sale_date,observed_reference_fields_plus_unavailable_requested_fields
8540,1906,22년 k3(휘),2024-10-10 10:47:21.528425,2022-05-31,,,unavailable,,unavailable,,unavailable,,unavailable,,unavailable_no_verified_acquisition_or_sale_date,observed_reference_fields_plus_unavailable_requested_fields
8541,1906,22년 k3(휘),2024-10-10 10:47:21.545422,2022-05-31,,,unavailable,,unavailable,,unavailable,,unavailable,,unavailable_no_verified_acquisition_or_sale_date,observed_reference_fields_plus_unavailable_requested_fields
8542,1906,22년 k3(휘),2024-10-10 10:47:21.563121,2022-05-31,2024-10-15 04:16:45,,unavailable,,unavailable,,unavailable,,unavailable,,unavailable_no_verified_acquisition_or_sale_date,observed_reference_fields_plus_unavailable_requested_fields
8543,1906,22년 k3(휘),2024-10-10 10:47:21.579411,2022-05-31,2024-10-15 04:16:41,,unavailable,,unavailable,,unavailable,,unavailable,,unavailable_no_verified_acquisition_or_sale_date,observed_reference_fields_plus_unavailable_requested_fields
8544,1906,22년 k3(휘),2024-10-10 10:47:21.593622,2022-05-31,2024-10-15 04:16:37,,unavailable,,unavailable,,unavailable,,unavailable,,unavailable_no_verified_acquisition_or_sale_date,observed_reference_fields_plus_unavailable_requested_fields
8545,1906,22년 k3(휘),2024-10-10 10:47:21.608800,2022-05-31,2024-10-15 04:16:49,,unavailable,,unavailable,,unavailable,,unavailable,,unavailable_no_verified_acquisition_or_sale_date,observed_reference_fields_plus_unavailable_requested_fields
8546,1906,22년 k3(휘),2024-10-10 10:47:21.624956,2022-07-05,2024-10-15 04:16:33,,unavailable,,unavailable,,unavailable,,unavailable,,unavailable_no_verified_acquisition_or_sale_date,observed_reference_fields_plus_unavailable_requested_fields
8547,1906,22년 k3(휘),2024-10-10 10:47:21.640185,2022-07-05,2024-10-15 04:16:20,,unavailable,,unavailable,,unavailable,,unavailable,,unavailable_no_verified_acquisition_or_sale_date,observed_reference_fields_plus_unavailable_requested_fields
8548,1906,22년 k3(휘),2024-10-10 10:47:21.655916,2022-07-05,2024-10-15 04:16:25,,unavailable,,unavailable,,unavailable,,unavailable,,unavailable_no_verified_acquisition_or_sale_date,observed_reference_fields_plus_unavailable_requested_fields
8549,1906,22년 k3(휘),2024-10-10 10:47:21.671585,2022-07-05,2024-10-15 04:16:29,,unavailable,,unavailable,,unavailable,,unavailable,,unavailable_no_verified_acquisition_or_sale_date,observed_reference_fields_plus_unavailable_requested_fields
8550,1906,22년 k3(휘),2024-10-10 10:47:21.688328,2022-07-05,2024-10-15 04:16:14,,unavailable,,unavailable,,unavailable,,unavailable,,unavailable_no_verified_acquisition_or_sale_date,observed_reference_fields_plus_unavailable_requested_fields
8551,1906,22년 k3(휘),2024-10-10 10:47:21.709332,2022-06-09,2024-10-15 04:16:09,,unavailable,,unavailable,,unavailable,,unavailable,,unavailable_no_verified_acquisition_or_sale_date,observed_reference_fields_plus_unavailable_requested_fields
8552,1959,24년 더 뉴 셀토스(휘),2024-10-10 10:47:21.725304,2024-05-10,2024-10-15 04:47:18,,unavailable,,unavailable,,unavailable,,unavailable,,unavailable_no_verified_acquisition_or_sale_date,observed_reference_fields_plus_unavailable_requested_fields
8553,1959,24년 더 뉴 셀토스(휘),2024-10-10 10:47:21.744645,2024-05-10,2024-10-15 04:47:23,,unavailable,,unavailable,,unavailable,,unavailable,,unavailable_no_verified_acquisition_or_sale_date,observed_reference_fields_plus_unavailable_requested_fields
8554,1959,24년 더 뉴 셀토스(휘),2024-10-10 10:47:21.760359,2024-05-10,2024-10-15 04:47:28,,unavailable,,unavailable,,unavailable,,unavailable,,unavailable_no_verified_acquisition_or_sale_date,observed_reference_fields_plus_unavailable_requested_fields
8555,1959,24년 더 뉴 셀토스(휘),2024-10-10 10:47:21.780118,2024-05-10,2024-10-15 04:47:32,,unavailable,,unavailable,,unavailable,,unavailable,,unavailable_no_verified_acquisition_or_sale_date,observed_reference_fields_plus_unavailable_requested_fields
8556,1959,24년 더 뉴 셀토스(휘),2024-10-10 10:47:21.794885,2024-05-10,2024-10-15 04:47:36,,unavailable,,unavailable,,unavailable,,unavailable,,unavailable_no_verified_acquisition_or_sale_date,observed_reference_fields_plus_unavailable_requested_fields
8557,1959,24년 더 뉴 셀토스(휘),2024-10-10 10:47:21.812007,2024-04-22,,,unavailable,,unavailable,,unavailable,,unavailable,,unavailable_no_verified_acquisition_or_sale_date,observed_reference_fields_plus_unavailable_requested_fields
8558,1959,24년 더 뉴 셀토스(휘),2024-10-10 10:47:21.826320,2024-04-12,,,unavailable,,unavailable,,unavailable,,unavailable,,unavailable_no_verified_acquisition_or_sale_date,observed_reference_fields_plus_unavailable_requested_fields
8559,1959,24년 더 뉴 셀토스(휘),2024-10-10 10:47:21.841025,2024-04-12,,,unavailable,,unavailable,,unavailable,,unavailable,,unavailable_no_verified_acquisition_or_sale_date,observed_reference_fields_plus_unavailable_requested_fields
8560,1959,24년 더 뉴 셀토스(휘),2024-10-10 10:47:21.857215,2024-04-12,,,unavailable,,unavailable,,unavailable,,unavailable,,unavailable_no_verified_acquisition_or_sale_date,observed_reference_fields_plus_unavailable_requested_fields
8561,1959,24년 더 뉴 셀토스(휘),2024-10-10 10:47:21.872056,2024-04-12,,,unavailable,,unavailable,,unavailable,,unavailable,,unavailable_no_verified_acquisition_or_sale_date,observed_reference_fields_plus_unavailable_requested_fields
8562,1959,24년 더 뉴 셀토스(휘),2024-10-10 10:47:21.888733,2024-04-12,,,unavailable,,unavailable,,unavailable,,unavailable,,unavailable_no_verified_acquisition_or_sale_date,observed_reference_fields_plus_unavailable_requested_fields
8563,1959,24년 더 뉴 셀토스(휘),2024-10-10 10:47:21.905427,2024-08-22,,,unavailable,,unavailable,,unavailable,,unavailable,,unavailable_no_verified_acquisition_or_sale_date,observed_reference_fields_plus_unavailable_requested_fields
8564,1959,24년 더 뉴 셀토스(휘),2024-10-10 10:47:21.921165,2024-08-22,,,unavailable,,unavailable,,unavailable,,unavailable,,unavailable_no_verified_acquisition_or_sale_date,observed_reference_fields_plus_unavailable_requested_fields
8565,1959,24년 더 뉴 셀토스(휘),2024-10-10 10:47:21.935084,2024-08-22,,,unavailable,,unavailable,,unavailable,,unavailable,,unavailable_no_verified_acquisition_or_sale_date,observed_reference_fields_plus_unavailable_requested_fields
8566,1959,24년 더 뉴 셀토스(휘),2024-10-10 10:47:21.950318,2024-08-22,,,unavailable,,unavailable,,unavailable,,unavailable,,unavailable_no_verified_acquisition_or_sale_date,observed_reference_fields_plus_unavailable_requested_fields
8567,1959,24년 더 뉴 셀토스(휘),2024-10-10 10:47:21.966096,2024-08-22,,,unavailable,,unavailable,,unavailable,,unavailable,,unavailable_no_verified_acquisition_or_sale_date,observed_reference_fields_plus_unavailable_requested_fields
8568,1956,24년 BMW 420i 컨버터블(휘),2024-10-10 10:47:21.982796,2024-04-01,,,unavailable,,unavailable,,unavailable,,unavailable,,unavailable_no_verified_acquisition_or_sale_date,observed_reference_fields_plus_unavailable_requested_fields
8569,1956,24년 BMW 420i 컨버터블(휘),2024-10-10 10:47:21.997647,2024-04-24,,,unavailable,,unavailable,,unavailable,,unavailable,,unavailable_no_verified_acquisition_or_sale_date,observed_reference_fields_plus_unavailable_requested_fields
8570,1956,24년 BMW 420i 컨버터블(휘),2024-10-10 10:47:22.014728,2024-04-30,,,unavailable,,unavailable,,unavailable,,unavailable,,unavailable_no_verified_acquisition_or_sale_date,observed_reference_fields_plus_unavailable_requested_fields
8571,1956,24년 BMW 420i 컨버터블(휘),2024-10-10 10:47:22.032129,2024-04-30,,,unavailable,,unavailable,,unavailable,,unavailable,,unavailable_no_verified_acquisition_or_sale_date,observed_reference_fields_plus_unavailable_requested_fields
8572,1956,24년 BMW 420i 컨버터블(휘),2024-10-10 10:47:22.047455,2024-04-26,,,unavailable,,unavailable,,unavailable,,unavailable,,unavailable_no_verified_acquisition_or_sale_date,observed_reference_fields_plus_unavailable_requested_fields
8573,1863,20년 쏘나타DN8(휘),2024-10-10 10:47:22.063285,2019-11-13,,,unavailable,,unavailable,,unavailable,,unavailable,,unavailable_no_verified_acquisition_or_sale_date,observed_reference_fields_plus_unavailable_requested_fields
8574,1863,20년 쏘나타DN8(휘),2024-10-10 10:47:22.082048,2019-11-13,,,unavailable,,unavailable,,unavailable,,unavailable,,unavailable_no_verified_acquisition_or_sale_date,observed_reference_fields_plus_unavailable_requested_fields
8575,1863,20년 쏘나타DN8(휘),2024-10-10 10:47:22.096363,2019-06-28,,,unavailable,,unavailable,,unavailable,,unavailable,,unavailable_no_verified_acquisition_or_sale_date,observed_reference_fields_plus_unavailable_requested_fields
8576,1863,20년 쏘나타DN8(휘),2024-10-10 10:47:22.114640,2019-06-28,,,unavailable,,unavailable,,unavailable,,unavailable,,unavailable_no_verified_acquisition_or_sale_date,observed_reference_fields_plus_unavailable_requested_fields
8577,1863,20년 쏘나타DN8(휘),2024-10-10 10:47:22.130479,2019-06-28,,,unavailable,,unavailable,,unavailable,,unavailable,,unavailable_no_verified_acquisition_or_sale_date,observed_reference_fields_plus_unavailable_requested_fields
8578,1863,20년 쏘나타DN8(휘),2024-10-10 10:47:22.145467,2019-06-28,,,unavailable,,unavailable,,unavailable,,unavailable,,unavailable_no_verified_acquisition_or_sale_date,observed_reference_fields_plus_unavailable_requested_fields
8579,1863,20년 쏘나타DN8(휘),2024-10-10 10:47:22.160320,2019-06-28,,,unavailable,,unavailable,,unavailable,,unavailable,,unavailable_no_verified_acquisition_or_sale_date,observed_reference_fields_plus_unavailable_requested_fields
8580,1864,20년 쏘나타DN8(LPG),2024-10-10 10:47:22.177131,2019-11-18,,,unavailable,,unavailable,,unavailable,,unavailable,,unavailable_no_verified_acquisition_or_sale_date,observed_reference_fields_plus_unavailable_requested_fields
8581,1864,20년 쏘나타DN8(LPG),2024-10-10 10:47:22.194357,2019-06-28,,,unavailable,,unavailable,,unavailable,,unavailable,,unavailable_no_verified_acquisition_or_sale_date,observed_reference_fields_plus_unavailable_requested_fields
8582,1864,20년 쏘나타DN8(LPG),2024-10-10 10:47:22.212569,2019-06-28,,,unavailable,,unavailable,,unavailable,,unavailable,,unavailable_no_verified_acquisition_or_sale_date,observed_reference_fields_plus_unavailable_requested_fields
8583,1864,20년 쏘나타DN8(LPG),2024-10-10 10:47:22.232214,2019-06-28,,,unavailable,,unavailable,,unavailable,,unavailable,,unavailable_no_verified_acquisition_or_sale_date,observed_reference_fields_plus_unavailable_requested_fields
8584,1864,20년 쏘나타DN8(LPG),2024-10-10 10:47:22.247858,2019-06-28,,,unavailable,,unavailable,,unavailable,,unavailable,,unavailable_no_verified_acquisition_or_sale_date,observed_reference_fields_plus_unavailable_requested_fields
8585,1864,20년 쏘나타DN8(LPG),2024-10-10 10:47:22.262677,2019-06-28,,,unavailable,,unavailable,,unavailable,,unavailable,,unavailable_no_verified_acquisition_or_sale_date,observed_reference_fields_plus_unavailable_requested_fields
8586,1876,20년 올뉴k3(휘),2024-10-10 10:47:22.279839,2020-11-06,,,unavailable,,unavailable,,unavailable,,unavailable,,unavailable_no_verified_acquisition_or_sale_date,observed_reference_fields_plus_unavailable_requested_fields
8587,1876,20년 올뉴k3(휘),2024-10-10 10:47:22.295679,2020-11-06,,,unavailable,,unavailable,,unavailable,,unavailable,,unavailable_no_verified_acquisition_or_sale_date,observed_reference_fields_plus_unavailable_requested_fields
8588,1876,20년 올뉴k3(휘),2024-10-10 10:47:22.314816,2020-11-06,,,unavailable,,unavailable,,unavailable,,unavailable,,unavailable_no_verified_acquisition_or_sale_date,observed_reference_fields_plus_unavailable_requested_fields
8589,1876,20년 올뉴k3(휘),2024-10-10 10:47:22.341707,2020-11-06,,,unavailable,,unavailable,,unavailable,,unavailable,,unavailable_no_verified_acquisition_or_sale_date,observed_reference_fields_plus_unavailable_requested_fields
8590,1876,20년 올뉴k3(휘),2024-10-10 10:47:22.358831,2020-05-22,,,unavailable,,unavailable,,unavailable,,unavailable,,unavailable_no_verified_acquisition_or_sale_date,observed_reference_fields_plus_unavailable_requested_fields
8591,1876,20년 올뉴k3(휘),2024-10-10 10:47:22.373551,2020-11-18,,,unavailable,,unavailable,,unavailable,,unavailable,,unavailable_no_verified_acquisition_or_sale_date,observed_reference_fields_plus_unavailable_requested_fields
8592,1876,20년 올뉴k3(휘),2024-10-10 10:47:22.393769,2020-05-22,,,unavailable,,unavailable,,unavailable,,unavailable,,unavailable_no_verified_acquisition_or_sale_date,observed_reference_fields_plus_unavailable_requested_fields
8593,1876,20년 올뉴k3(휘),2024-10-10 10:47:22.508575,2020-05-22,,,unavailable,,unavailable,,unavailable,,unavailable,,unavailable_no_verified_acquisition_or_sale_date,observed_reference_fields_plus_unavailable_requested_fields
8594,1876,20년 올뉴k3(휘),2024-10-10 10:47:22.530906,2020-05-22,,,unavailable,,unavailable,,unavailable,,unavailable,,unavailable_no_verified_acquisition_or_sale_date,observed_reference_fields_plus_unavailable_requested_fields
8595,1876,20년 올뉴k3(휘),2024-10-10 10:47:22.545712,2020-05-22,,,unavailable,,unavailable,,unavailable,,unavailable,,unavailable_no_verified_acquisition_or_sale_date,observed_reference_fields_plus_unavailable_requested_fields
8596,1877,20년 테슬라 모델3(전기),2024-10-10 10:47:22.565444,2020-08-19,,,unavailable,,unavailable,,unavailable,,unavailable,,unavailable_no_verified_acquisition_or_sale_date,observed_reference_fields_plus_unavailable_requested_fields
8597,1877,20년 테슬라 모델3(전기),2024-10-10 10:47:22.581213,2020-07-22,,,unavailable,,unavailable,,unavailable,,unavailable,,unavailable_no_verified_acquisition_or_sale_date,observed_reference_fields_plus_unavailable_requested_fields
8598,1877,20년 테슬라 모델3(전기),2024-10-10 10:47:22.598236,2020-08-18,,,unavailable,,unavailable,,unavailable,,unavailable,,unavailable_no_verified_acquisition_or_sale_date,observed_reference_fields_plus_unavailable_requested_fields
8599,1877,20년 테슬라 모델3(전기),2024-10-10 10:47:22.617993,2020-08-18,,,unavailable,,unavailable,,unavailable,,unavailable,,unavailable_no_verified_acquisition_or_sale_date,observed_reference_fields_plus_unavailable_requested_fields
8600,1877,20년 테슬라 모델3(전기),2024-10-10 10:47:22.632821,2020-07-22,,,unavailable,,unavailable,,unavailable,,unavailable,,unavailable_no_verified_acquisition_or_sale_date,observed_reference_fields_plus_unavailable_requested_fields
8601,1888,21년 4세대 카니발 리무진 7인승(경유),2024-10-10 10:47:22.651672,2021-03-19,,,unavailable,,unavailable,,unavailable,,unavailable,,unavailable_no_verified_acquisition_or_sale_date,observed_reference_fields_plus_unavailable_requested_fields
8602,1888,21년 4세대 카니발 리무진 7인승(경유),2024-10-10 10:47:22.668393,2021-03-19,,,unavailable,,unavailable,,unavailable,,unavailable,,unavailable_no_verified_acquisition_or_sale_date,observed_reference_fields_plus_unavailable_requested_fields
8603,1888,21년 4세대 카니발 리무진 7인승(경유),2024-10-10 10:47:22.685861,2021-03-19,,,unavailable,,unavailable,,unavailable,,unavailable,,unavailable_no_verified_acquisition_or_sale_date,observed_reference_fields_plus_unavailable_requested_fields
8604,1888,21년 4세대 카니발 리무진 7인승(경유),2024-10-10 10:47:22.700233,2021-03-19,,,unavailable,,unavailable,,unavailable,,unavailable,,unavailable_no_verified_acquisition_or_sale_date,observed_reference_fields_plus_unavailable_requested_fields
8605,1888,21년 4세대 카니발 리무진 7인승(경유),2024-10-10 10:47:22.716546,2021-03-19,,,unavailable,,unavailable,,unavailable,,unavailable,,unavailable_no_verified_acquisition_or_sale_date,observed_reference_fields_plus_unavailable_requested_fields
8606,1888,21년 4세대 카니발 리무진 7인승(경유),2024-10-10 10:47:22.734257,2021-03-15,2024-10-15 04:46:12,,unavailable,,unavailable,,unavailable,,unavailable,,unavailable_no_verified_acquisition_or_sale_date,observed_reference_fields_plus_unavailable_requested_fields
8607,1888,21년 4세대 카니발 리무진 7인승(경유),2024-10-10 10:47:22.750348,2021-03-15,2024-10-15 04:46:09,,unavailable,,unavailable,,unavailable,,unavailable,,unavailable_no_verified_acquisition_or_sale_date,observed_reference_fields_plus_unavailable_requested_fields
8608,1888,21년 4세대 카니발 리무진 7인승(경유),2024-10-10 10:47:22.765486,2021-03-15,2024-10-15 04:46:20,,unavailable,,unavailable,,unavailable,,unavailable,,unavailable_no_verified_acquisition_or_sale_date,observed_reference_fields_plus_unavailable_requested_fields
8609,1888,21년 4세대 카니발 리무진 7인승(경유),2024-10-10 10:47:22.784933,2021-03-15,2024-10-15 04:46:05,,unavailable,,unavailable,,unavailable,,unavailable,,unavailable_no_verified_acquisition_or_sale_date,observed_reference_fields_plus_unavailable_requested_fields
8610,1888,21년 4세대 카니발 리무진 7인승(경유),2024-10-10 10:47:22.803785,2021-03-15,2024-10-15 04:46:01,,unavailable,,unavailable,,unavailable,,unavailable,,unavailable_no_verified_acquisition_or_sale_date,observed_reference_fields_plus_unavailable_requested_fields
8611,1899,21/22년 트레일블레이저(휘),2024-10-10 10:47:22.820103,2021-04-30,,,unavailable,,unavailable,,unavailable,,unavailable,,unavailable_no_verified_acquisition_or_sale_date,observed_reference_fields_plus_unavailable_requested_fields
8612,1899,21/22년 트레일블레이저(휘),2024-10-10 10:47:22.837362,2021-04-30,,,unavailable,,unavailable,,unavailable,,unavailable,,unavailable_no_verified_acquisition_or_sale_date,observed_reference_fields_plus_unavailable_requested_fields
8613,1899,21/22년 트레일블레이저(휘),2024-10-10 10:47:22.852641,2021-04-30,,,unavailable,,unavailable,,unavailable,,unavailable,,unavailable_no_verified_acquisition_or_sale_date,observed_reference_fields_plus_unavailable_requested_fields
8614,1899,21/22년 트레일블레이저(휘),2024-10-10 10:47:22.868643,2021-04-30,,,unavailable,,unavailable,,unavailable,,unavailable,,unavailable_no_verified_acquisition_or_sale_date,observed_reference_fields_plus_unavailable_requested_fields
8615,1899,21/22년 트레일블레이저(휘),2024-10-10 10:47:22.884768,2021-04-30,,,unavailable,,unavailable,,unavailable,,unavailable,,unavailable_no_verified_acquisition_or_sale_date,observed_reference_fields_plus_unavailable_requested_fields
8616,1899,21/22년 트레일블레이저(휘),2024-10-10 10:47:22.901011,2022-09-30,,,unavailable,,unavailable,,unavailable,,unavailable,,unavailable_no_verified_acquisition_or_sale_date,observed_reference_fields_plus_unavailable_requested_fields
8617,1899,21/22년 트레일블레이저(휘),2024-10-10 10:47:22.915624,2022-09-30,,,unavailable,,unavailable,,unavailable,,unavailable,,unavailable_no_verified_acquisition_or_sale_date,observed_reference_fields_plus_unavailable_requested_fields
8618,1899,21/22년 트레일블레이저(휘),2024-10-10 10:47:22.936718,2022-09-30,,,unavailable,,unavailable,,unavailable,,unavailable,,unavailable_no_verified_acquisition_or_sale_date,observed_reference_fields_plus_unavailable_requested_fields
8619,1881,21년 4세대카니발 9인승(경유),2024-10-10 10:47:22.953883,2021-03-19,2025-04-08 05:09:35,,unavailable,,unavailable,,unavailable,,unavailable,,unavailable_no_verified_acquisition_or_sale_date,observed_reference_fields_plus_unavailable_requested_fields
8620,1881,21년 4세대카니발 9인승(경유),2024-10-10 10:47:22.968674,2021-03-19,2025-04-08 05:09:36,,unavailable,,unavailable,,unavailable,,unavailable,,unavailable_no_verified_acquisition_or_sale_date,observed_reference_fields_plus_unavailable_requested_fields
8621,1881,21년 4세대카니발 9인승(경유),2024-10-10 10:47:22.983936,2021-03-19,2025-04-08 05:09:37,,unavailable,,unavailable,,unavailable,,unavailable,,unavailable_no_verified_acquisition_or_sale_date,observed_reference_fields_plus_unavailable_requested_fields
8622,1881,21년 4세대카니발 9인승(경유),2024-10-10 10:47:23.000771,2021-03-19,2025-04-08 05:09:38,,unavailable,,unavailable,,unavailable,,unavailable,,unavailable_no_verified_acquisition_or_sale_date,observed_reference_fields_plus_unavailable_requested_fields
8623,1881,21년 4세대카니발 9인승(경유),2024-10-10 10:47:23.022181,2021-03-19,2025-04-08 05:09:39,,unavailable,,unavailable,,unavailable,,unavailable,,unavailable_no_verified_acquisition_or_sale_date,observed_reference_fields_plus_unavailable_requested_fields
8624,1881,21년 4세대카니발 9인승(경유),2024-10-10 10:47:23.042147,2021-07-09,2024-10-15 04:45:46,,unavailable,,unavailable,,unavailable,,unavailable,,unavailable_no_verified_acquisition_or_sale_date,observed_reference_fields_plus_unavailable_requested_fields
8625,1881,21년 4세대카니발 9인승(경유),2024-10-10 10:47:23.057852,2021-07-09,2024-10-15 04:45:41,,unavailable,,unavailable,,unavailable,,unavailable,,unavailable_no_verified_acquisition_or_sale_date,observed_reference_fields_plus_unavailable_requested_fields
8626,1881,21년 4세대카니발 9인승(경유),2024-10-10 10:47:23.076565,2021-07-09,2024-10-15 04:45:00,,unavailable,,unavailable,,unavailable,,unavailable,,unavailable_no_verified_acquisition_or_sale_date,observed_reference_fields_plus_unavailable_requested_fields
8627,1881,21년 4세대카니발 9인승(경유),2024-10-10 10:47:23.093812,2021-07-09,2024-10-15 04:44:55,,unavailable,,unavailable,,unavailable,,unavailable,,unavailable_no_verified_acquisition_or_sale_date,observed_reference_fields_plus_unavailable_requested_fields
8628,1881,21년 4세대카니발 9인승(경유),2024-10-10 10:47:23.110051,2021-07-09,2024-10-15 04:44:51,,unavailable,,unavailable,,unavailable,,unavailable,,unavailable_no_verified_acquisition_or_sale_date,observed_reference_fields_plus_unavailable_requested_fields
8629,1881,21년 4세대카니발 9인승(경유),2024-10-10 10:47:23.126286,2021-01-26,2025-04-08 05:09:39,,unavailable,,unavailable,,unavailable,,unavailable,,unavailable_no_verified_acquisition_or_sale_date,observed_reference_fields_plus_unavailable_requested_fields
8630,1881,21년 4세대카니발 9인승(경유),2024-10-10 10:47:23.143516,2021-01-26,2025-04-08 05:09:40,,unavailable,,unavailable,,unavailable,,unavailable,,unavailable_no_verified_acquisition_or_sale_date,observed_reference_fields_plus_unavailable_requested_fields
8631,1881,21년 4세대카니발 9인승(경유),2024-10-10 10:47:23.159980,2021-02-08,2025-04-08 05:09:41,,unavailable,,unavailable,,unavailable,,unavailable,,unavailable_no_verified_acquisition_or_sale_date,observed_reference_fields_plus_unavailable_requested_fields
8632,1881,21년 4세대카니발 9인승(경유),2024-10-10 10:47:23.175600,2021-02-08,2025-04-08 05:09:42,,unavailable,,unavailable,,unavailable,,unavailable,,unavailable_no_verified_acquisition_or_sale_date,observed_reference_fields_plus_unavailable_requested_fields
8633,1881,21년 4세대카니발 9인승(경유),2024-10-10 10:47:23.194710,2021-02-08,2025-04-08 05:09:42,,unavailable,,unavailable,,unavailable,,unavailable,,unavailable_no_verified_acquisition_or_sale_date,observed_reference_fields_plus_unavailable_requested_fields
8634,1895,21년 머스탱 컨버터블(휘),2024-10-10 10:47:23.214422,2021-03-29,2026-03-18 06:05:20,,unavailable,,unavailable,,unavailable,,unavailable,,unavailable_no_verified_acquisition_or_sale_date,observed_reference_fields_plus_unavailable_requested_fields
8635,1895,21년 머스탱 컨버터블(휘),2024-10-10 10:47:23.236364,2021-04-06,2026-03-18 06:05:27,,unavailable,,unavailable,,unavailable,,unavailable,,unavailable_no_verified_acquisition_or_sale_date,observed_reference_fields_plus_unavailable_requested_fields
8636,1895,21년 머스탱 컨버터블(휘),2024-10-10 10:47:23.253610,2021-04-07,2026-03-18 06:05:35,,unavailable,,unavailable,,unavailable,,unavailable,,unavailable_no_verified_acquisition_or_sale_date,observed_reference_fields_plus_unavailable_requested_fields
8637,1915,22년 모닝(휘),2024-10-10 10:47:23.271302,2022-05-14,,,unavailable,,unavailable,,unavailable,,unavailable,,unavailable_no_verified_acquisition_or_sale_date,observed_reference_fields_plus_unavailable_requested_fields
8638,1915,22년 모닝(휘),2024-10-10 10:47:23.288473,2022-05-14,,,unavailable,,unavailable,,unavailable,,unavailable,,unavailable_no_verified_acquisition_or_sale_date,observed_reference_fields_plus_unavailable_requested_fields
8639,1915,22년 모닝(휘),2024-10-10 10:47:23.308435,2022-05-14,,,unavailable,,unavailable,,unavailable,,unavailable,,unavailable_no_verified_acquisition_or_sale_date,observed_reference_fields_plus_unavailable_requested_fields
8640,1915,22년 모닝(휘),2024-10-10 10:47:23.338655,2022-05-13,2024-10-15 04:12:22,,unavailable,,unavailable,,unavailable,,unavailable,,unavailable_no_verified_acquisition_or_sale_date,observed_reference_fields_plus_unavailable_requested_fields
8641,1915,22년 모닝(휘),2024-10-10 10:47:23.354838,2022-05-13,2024-10-15 04:12:26,,unavailable,,unavailable,,unavailable,,unavailable,,unavailable_no_verified_acquisition_or_sale_date,observed_reference_fields_plus_unavailable_requested_fields
8642,1915,22년 모닝(휘),2024-10-10 10:47:23.375771,2022-05-18,2024-10-15 04:12:16,,unavailable,,unavailable,,unavailable,,unavailable,,unavailable_no_verified_acquisition_or_sale_date,observed_reference_fields_plus_unavailable_requested_fields
8643,1915,22년 모닝(휘),2024-10-10 10:47:23.396038,2022-04-04,2025-07-03 05:24:25,,unavailable,,unavailable,,unavailable,,unavailable,,unavailable_no_verified_acquisition_or_sale_date,observed_reference_fields_plus_unavailable_requested_fields
8644,1915,22년 모닝(휘),2024-10-10 10:47:23.413228,2022-04-04,2025-04-08 05:16:31,,unavailable,,unavailable,,unavailable,,unavailable,,unavailable_no_verified_acquisition_or_sale_date,observed_reference_fields_plus_unavailable_requested_fields
8645,1915,22년 모닝(휘),2024-10-10 10:47:23.434470,2022-04-04,2025-04-08 05:16:33,,unavailable,,unavailable,,unavailable,,unavailable,,unavailable_no_verified_acquisition_or_sale_date,observed_reference_fields_plus_unavailable_requested_fields
8646,1915,22년 모닝(휘),2024-10-10 10:47:23.454187,2022-04-04,2025-04-08 05:16:35,,unavailable,,unavailable,,unavailable,,unavailable,,unavailable_no_verified_acquisition_or_sale_date,observed_reference_fields_plus_unavailable_requested_fields
8647,1915,22년 모닝(휘),2024-10-10 10:47:23.472403,2022-04-04,2025-04-08 05:16:37,,unavailable,,unavailable,,unavailable,,unavailable,,unavailable_no_verified_acquisition_or_sale_date,observed_reference_fields_plus_unavailable_requested_fields
8648,1915,22년 모닝(휘),2024-10-10 10:47:23.488258,2022-04-04,2025-04-08 05:16:40,,unavailable,,unavailable,,unavailable,,unavailable,,unavailable_no_verified_acquisition_or_sale_date,observed_reference_fields_plus_unavailable_requested_fields
8649,1915,22년 모닝(휘),2024-10-10 10:47:23.506546,2022-04-04,,,unavailable,,unavailable,,unavailable,,unavailable,,unavailable_no_verified_acquisition_or_sale_date,observed_reference_fields_plus_unavailable_requested_fields
8650,1915,22년 모닝(휘),2024-10-10 10:47:23.521320,2022-04-04,,,unavailable,,unavailable,,unavailable,,unavailable,,unavailable_no_verified_acquisition_or_sale_date,observed_reference_fields_plus_unavailable_requested_fields
8651,1915,22년 모닝(휘),2024-10-10 10:47:23.537104,2022-04-18,,,unavailable,,unavailable,,unavailable,,unavailable,,unavailable_no_verified_acquisition_or_sale_date,observed_reference_fields_plus_unavailable_requested_fields
8652,1915,22년 모닝(휘),2024-10-10 10:47:23.556637,2022-04-18,,,unavailable,,unavailable,,unavailable,,unavailable,,unavailable_no_verified_acquisition_or_sale_date,observed_reference_fields_plus_unavailable_requested_fields
8653,1915,22년 모닝(휘),2024-10-10 10:47:23.575866,2022-04-18,,,unavailable,,unavailable,,unavailable,,unavailable,,unavailable_no_verified_acquisition_or_sale_date,observed_reference_fields_plus_unavailable_requested_fields
8654,1915,22년 모닝(휘),2024-10-10 10:47:23.591691,2022-04-18,,,unavailable,,unavailable,,unavailable,,unavailable,,unavailable_no_verified_acquisition_or_sale_date,observed_reference_fields_plus_unavailable_requested_fields
8655,1915,22년 모닝(휘),2024-10-10 10:47:23.607883,2022-04-18,,,unavailable,,unavailable,,unavailable,,unavailable,,unavailable_no_verified_acquisition_or_sale_date,observed_reference_fields_plus_unavailable_requested_fields
8656,1915,22년 모닝(휘),2024-10-10 10:47:23.625972,2022-04-18,,,unavailable,,unavailable,,unavailable,,unavailable,,unavailable_no_verified_acquisition_or_sale_date,observed_reference_fields_plus_unavailable_requested_fields
8657,1915,22년 모닝(휘),2024-10-10 10:47:23.640820,2022-04-18,,,unavailable,,unavailable,,unavailable,,unavailable,,unavailable_no_verified_acquisition_or_sale_date,observed_reference_fields_plus_unavailable_requested_fields
8658,1915,22년 모닝(휘),2024-10-10 10:47:23.657986,2022-04-18,,,unavailable,,unavailable,,unavailable,,unavailable,,unavailable_no_verified_acquisition_or_sale_date,observed_reference_fields_plus_unavailable_requested_fields
8659,1915,22년 모닝(휘),2024-10-10 10:47:23.676324,2022-04-21,,,unavailable,,unavailable,,unavailable,,unavailable,,unavailable_no_verified_acquisition_or_sale_date,observed_reference_fields_plus_unavailable_requested_fields
8660,1915,22년 모닝(휘),2024-10-10 10:47:23.693363,2022-04-21,,,unavailable,,unavailable,,unavailable,,unavailable,,unavailable_no_verified_acquisition_or_sale_date,observed_reference_fields_plus_unavailable_requested_fields
8661,1915,22년 모닝(휘),2024-10-10 10:47:23.710797,2022-05-18,2024-10-15 04:11:35,,unavailable,,unavailable,,unavailable,,unavailable,,unavailable_no_verified_acquisition_or_sale_date,observed_reference_fields_plus_unavailable_requested_fields
8662,1915,22년 모닝(휘),2024-10-10 10:47:23.726979,2022-05-14,2024-10-15 04:12:09,,unavailable,,unavailable,,unavailable,,unavailable,,unavailable_no_verified_acquisition_or_sale_date,observed_reference_fields_plus_unavailable_requested_fields
8663,1915,22년 모닝(휘),2024-10-10 10:47:23.741761,2022-05-18,2024-10-15 04:12:01,,unavailable,,unavailable,,unavailable,,unavailable,,unavailable_no_verified_acquisition_or_sale_date,observed_reference_fields_plus_unavailable_requested_fields
8664,1915,22년 모닝(휘),2024-10-10 10:47:23.758980,2022-05-18,2024-10-15 04:11:55,,unavailable,,unavailable,,unavailable,,unavailable,,unavailable_no_verified_acquisition_or_sale_date,observed_reference_fields_plus_unavailable_requested_fields
8665,1915,22년 모닝(휘),2024-10-10 10:47:23.775311,2022-05-18,2024-10-15 04:11:45,,unavailable,,unavailable,,unavailable,,unavailable,,unavailable_no_verified_acquisition_or_sale_date,observed_reference_fields_plus_unavailable_requested_fields
8666,1915,22년 모닝(휘),2024-10-10 10:47:23.792132,2022-05-18,2024-10-15 04:11:40,,unavailable,,unavailable,,unavailable,,unavailable,,unavailable_no_verified_acquisition_or_sale_date,observed_reference_fields_plus_unavailable_requested_fields
8667,1921,22년 볼보 XC40(휘),2024-10-10 10:47:23.807852,2022-07-29,,,unavailable,,unavailable,,unavailable,,unavailable,,unavailable_no_verified_acquisition_or_sale_date,observed_reference_fields_plus_unavailable_requested_fields
8668,1921,22년 볼보 XC40(휘),2024-10-10 10:47:23.828601,2022-07-29,,,unavailable,,unavailable,,unavailable,,unavailable,,unavailable_no_verified_acquisition_or_sale_date,observed_reference_fields_plus_unavailable_requested_fields
8669,1920,22년 스타리아 11인승(경유),2024-10-10 10:47:23.847281,2022-10-11,2024-10-15 04:49:03,,unavailable,,unavailable,,unavailable,,unavailable,,unavailable_no_verified_acquisition_or_sale_date,observed_reference_fields_plus_unavailable_requested_fields
8670,1920,22년 스타리아 11인승(경유),2024-10-10 10:47:23.863988,2022-10-11,2024-10-15 04:49:06,,unavailable,,unavailable,,unavailable,,unavailable,,unavailable_no_verified_acquisition_or_sale_date,observed_reference_fields_plus_unavailable_requested_fields
8671,1920,22년 스타리아 11인승(경유),2024-10-10 10:47:23.880137,2022-10-11,2024-10-15 04:49:13,,unavailable,,unavailable,,unavailable,,unavailable,,unavailable_no_verified_acquisition_or_sale_date,observed_reference_fields_plus_unavailable_requested_fields
8672,1920,22년 스타리아 11인승(경유),2024-10-10 10:47:23.896887,2022-10-11,2024-10-15 04:49:09,,unavailable,,unavailable,,unavailable,,unavailable,,unavailable_no_verified_acquisition_or_sale_date,observed_reference_fields_plus_unavailable_requested_fields
8673,1920,22년 스타리아 11인승(경유),2024-10-10 10:47:23.915068,2022-10-11,2024-10-15 04:49:19,,unavailable,,unavailable,,unavailable,,unavailable,,unavailable_no_verified_acquisition_or_sale_date,observed_reference_fields_plus_unavailable_requested_fields
8674,1920,22년 스타리아 11인승(경유),2024-10-10 10:47:23.930785,2022-07-06,2026-03-11 09:54:44,,unavailable,,unavailable,,unavailable,,unavailable,,unavailable_no_verified_acquisition_or_sale_date,observed_reference_fields_plus_unavailable_requested_fields
8675,1920,22년 스타리아 11인승(경유),2024-10-10 10:47:23.948088,2022-07-06,2026-03-11 09:54:47,,unavailable,,unavailable,,unavailable,,unavailable,,unavailable_no_verified_acquisition_or_sale_date,observed_reference_fields_plus_unavailable_requested_fields
8676,1920,22년 스타리아 11인승(경유),2024-10-10 10:47:23.969741,2022-07-06,2026-03-11 09:54:49,,unavailable,,unavailable,,unavailable,,unavailable,,unavailable_no_verified_acquisition_or_sale_date,observed_reference_fields_plus_unavailable_requested_fields
8677,1920,22년 스타리아 11인승(경유),2024-10-10 10:47:23.985430,2022-07-06,2026-03-11 09:54:51,,unavailable,,unavailable,,unavailable,,unavailable,,unavailable_no_verified_acquisition_or_sale_date,observed_reference_fields_plus_unavailable_requested_fields
8678,1920,22년 스타리아 11인승(경유),2024-10-10 10:47:24.004746,2022-07-22,2026-03-11 09:54:53,,unavailable,,unavailable,,unavailable,,unavailable,,unavailable_no_verified_acquisition_or_sale_date,observed_reference_fields_plus_unavailable_requested_fields
8679,1904,22년 스타리아 9인승(경유),2024-10-10 10:47:24.024269,2021-09-28,2026-03-18 05:59:05,,unavailable,,unavailable,,unavailable,,unavailable,,unavailable_no_verified_acquisition_or_sale_date,observed_reference_fields_plus_unavailable_requested_fields
8680,1904,22년 스타리아 9인승(경유),2024-10-10 10:47:24.042818,2021-10-01,2026-03-18 06:03:23,,unavailable,,unavailable,,unavailable,,unavailable,,unavailable_no_verified_acquisition_or_sale_date,observed_reference_fields_plus_unavailable_requested_fields
8681,1904,22년 스타리아 9인승(경유),2024-10-10 10:47:24.061585,2021-09-28,2026-03-18 06:04:05,,unavailable,,unavailable,,unavailable,,unavailable,,unavailable_no_verified_acquisition_or_sale_date,observed_reference_fields_plus_unavailable_requested_fields
8682,1904,22년 스타리아 9인승(경유),2024-10-10 10:47:24.089967,2021-10-01,2026-03-18 06:00:00,,unavailable,,unavailable,,unavailable,,unavailable,,unavailable_no_verified_acquisition_or_sale_date,observed_reference_fields_plus_unavailable_requested_fields
8683,1904,22년 스타리아 9인승(경유),2024-10-10 10:47:24.123647,2021-10-01,2026-03-11 09:49:40,,unavailable,,unavailable,,unavailable,,unavailable,,unavailable_no_verified_acquisition_or_sale_date,observed_reference_fields_plus_unavailable_requested_fields
8684,1904,22년 스타리아 9인승(경유),2024-10-10 10:47:24.147137,2021-10-01,2026-03-18 06:03:34,,unavailable,,unavailable,,unavailable,,unavailable,,unavailable_no_verified_acquisition_or_sale_date,observed_reference_fields_plus_unavailable_requested_fields
8685,1904,22년 스타리아 9인승(경유),2024-10-10 10:47:24.162953,2022-04-22,2024-10-15 04:48:17,,unavailable,,unavailable,,unavailable,,unavailable,,unavailable_no_verified_acquisition_or_sale_date,observed_reference_fields_plus_unavailable_requested_fields
8686,1904,22년 스타리아 9인승(경유),2024-10-10 10:47:24.179630,2022-04-22,2024-10-15 04:48:20,,unavailable,,unavailable,,unavailable,,unavailable,,unavailable_no_verified_acquisition_or_sale_date,observed_reference_fields_plus_unavailable_requested_fields
8687,1904,22년 스타리아 9인승(경유),2024-10-10 10:47:24.195842,2022-04-22,2024-10-15 04:48:25,,unavailable,,unavailable,,unavailable,,unavailable,,unavailable_no_verified_acquisition_or_sale_date,observed_reference_fields_plus_unavailable_requested_fields
8688,1904,22년 스타리아 9인승(경유),2024-10-10 10:47:24.210062,2022-04-22,2024-10-15 04:48:32,,unavailable,,unavailable,,unavailable,,unavailable,,unavailable_no_verified_acquisition_or_sale_date,observed_reference_fields_plus_unavailable_requested_fields
8689,1904,22년 스타리아 9인승(경유),2024-10-10 10:47:24.226735,2022-04-22,2024-10-15 04:48:29,,unavailable,,unavailable,,unavailable,,unavailable,,unavailable_no_verified_acquisition_or_sale_date,observed_reference_fields_plus_unavailable_requested_fields
8690,1904,22년 스타리아 9인승(경유),2024-10-10 10:47:24.243845,2022-06-10,2026-03-18 06:00:15,,unavailable,,unavailable,,unavailable,,unavailable,,unavailable_no_verified_acquisition_or_sale_date,observed_reference_fields_plus_unavailable_requested_fields
8691,1904,22년 스타리아 9인승(경유),2024-10-10 10:47:24.262188,2022-06-10,2026-03-18 05:59:38,,unavailable,,unavailable,,unavailable,,unavailable,,unavailable_no_verified_acquisition_or_sale_date,observed_reference_fields_plus_unavailable_requested_fields
8692,1904,22년 스타리아 9인승(경유),2024-10-10 10:47:24.281384,2022-06-10,2026-03-18 06:03:46,,unavailable,,unavailable,,unavailable,,unavailable,,unavailable_no_verified_acquisition_or_sale_date,observed_reference_fields_plus_unavailable_requested_fields
8693,1904,22년 스타리아 9인승(경유),2024-10-10 10:47:24.299031,2022-06-10,2026-03-18 06:00:34,,unavailable,,unavailable,,unavailable,,unavailable,,unavailable_no_verified_acquisition_or_sale_date,observed_reference_fields_plus_unavailable_requested_fields
8694,1904,22년 스타리아 9인승(경유),2024-10-10 10:47:24.318123,2022-07-06,2026-03-18 05:59:24,,unavailable,,unavailable,,unavailable,,unavailable,,unavailable_no_verified_acquisition_or_sale_date,observed_reference_fields_plus_unavailable_requested_fields
8695,1909,22년 스포티지(경유),2024-10-10 10:47:24.339914,2021-11-19,2026-03-18 06:11:25,,unavailable,,unavailable,,unavailable,,unavailable,,unavailable_no_verified_acquisition_or_sale_date,observed_reference_fields_plus_unavailable_requested_fields
8696,1909,22년 스포티지(경유),2024-10-10 10:47:24.355634,2021-11-19,2026-03-18 06:12:06,,unavailable,,unavailable,,unavailable,,unavailable,,unavailable_no_verified_acquisition_or_sale_date,observed_reference_fields_plus_unavailable_requested_fields
8697,1909,22년 스포티지(경유),2024-10-10 10:47:24.372350,2021-11-19,2026-03-18 06:13:37,,unavailable,,unavailable,,unavailable,,unavailable,,unavailable_no_verified_acquisition_or_sale_date,observed_reference_fields_plus_unavailable_requested_fields
8698,1909,22년 스포티지(경유),2024-10-10 10:47:24.394760,2021-11-19,2026-03-18 06:11:55,,unavailable,,unavailable,,unavailable,,unavailable,,unavailable_no_verified_acquisition_or_sale_date,observed_reference_fields_plus_unavailable_requested_fields
8699,1909,22년 스포티지(경유),2024-10-10 10:47:24.412458,2021-11-19,2026-03-18 06:13:00,,unavailable,,unavailable,,unavailable,,unavailable,,unavailable_no_verified_acquisition_or_sale_date,observed_reference_fields_plus_unavailable_requested_fields
8700,1909,22년 스포티지(경유),2024-10-10 10:47:24.432127,2021-11-19,2026-03-18 06:11:40,,unavailable,,unavailable,,unavailable,,unavailable,,unavailable_no_verified_acquisition_or_sale_date,observed_reference_fields_plus_unavailable_requested_fields
8701,1909,22년 스포티지(경유),2024-10-10 10:47:24.475847,2021-11-19,2026-03-18 06:12:30,,unavailable,,unavailable,,unavailable,,unavailable,,unavailable_no_verified_acquisition_or_sale_date,observed_reference_fields_plus_unavailable_requested_fields
8702,1909,22년 스포티지(경유),2024-10-10 10:47:24.493707,2021-11-19,2026-03-18 06:12:18,,unavailable,,unavailable,,unavailable,,unavailable,,unavailable_no_verified_acquisition_or_sale_date,observed_reference_fields_plus_unavailable_requested_fields
8703,1909,22년 스포티지(경유),2024-10-10 10:47:24.513529,2021-11-19,2026-03-18 06:13:13,,unavailable,,unavailable,,unavailable,,unavailable,,unavailable_no_verified_acquisition_or_sale_date,observed_reference_fields_plus_unavailable_requested_fields
8704,1909,22년 스포티지(경유),2024-10-10 10:47:24.530306,2021-11-19,2026-03-18 06:13:52,,unavailable,,unavailable,,unavailable,,unavailable,,unavailable_no_verified_acquisition_or_sale_date,observed_reference_fields_plus_unavailable_requested_fields
8705,1907,22년 캐스퍼(휘),2024-10-10 10:47:24.548051,2021-12-07,2024-10-15 04:12:42,,unavailable,,unavailable,,unavailable,,unavailable,,unavailable_no_verified_acquisition_or_sale_date,observed_reference_fields_plus_unavailable_requested_fields
8706,1907,22년 캐스퍼(휘),2024-10-10 10:47:24.567794,2021-12-08,2024-10-15 04:12:47,,unavailable,,unavailable,,unavailable,,unavailable,,unavailable_no_verified_acquisition_or_sale_date,observed_reference_fields_plus_unavailable_requested_fields
8707,1907,22년 캐스퍼(휘),2024-10-10 10:47:24.590462,2021-12-10,2024-10-15 04:12:51,,unavailable,,unavailable,,unavailable,,unavailable,,unavailable_no_verified_acquisition_or_sale_date,observed_reference_fields_plus_unavailable_requested_fields
8708,1907,22년 캐스퍼(휘),2024-10-10 10:47:24.609623,2022-03-25,2024-10-15 04:12:56,,unavailable,,unavailable,,unavailable,,unavailable,,unavailable_no_verified_acquisition_or_sale_date,observed_reference_fields_plus_unavailable_requested_fields
8709,1907,22년 캐스퍼(휘),2024-10-10 10:47:24.625830,2022-03-25,2024-10-15 04:13:00,,unavailable,,unavailable,,unavailable,,unavailable,,unavailable_no_verified_acquisition_or_sale_date,observed_reference_fields_plus_unavailable_requested_fields
8710,1907,22년 캐스퍼(휘),2024-10-10 10:47:24.641647,2022-04-04,2024-10-15 04:12:37,,unavailable,,unavailable,,unavailable,,unavailable,,unavailable_no_verified_acquisition_or_sale_date,observed_reference_fields_plus_unavailable_requested_fields
8711,1907,22년 캐스퍼(휘),2024-10-10 10:47:24.658305,2021-11-08,,,unavailable,,unavailable,,unavailable,,unavailable,,unavailable_no_verified_acquisition_or_sale_date,observed_reference_fields_plus_unavailable_requested_fields
8712,1907,22년 캐스퍼(휘),2024-10-10 10:47:24.675504,2021-12-06,,,unavailable,,unavailable,,unavailable,,unavailable,,unavailable_no_verified_acquisition_or_sale_date,observed_reference_fields_plus_unavailable_requested_fields
8713,1907,22년 캐스퍼(휘),2024-10-10 10:47:24.696611,2021-12-10,,,unavailable,,unavailable,,unavailable,,unavailable,,unavailable_no_verified_acquisition_or_sale_date,observed_reference_fields_plus_unavailable_requested_fields
8714,1907,22년 캐스퍼(휘),2024-10-10 10:47:24.746719,2021-12-10,,,unavailable,,unavailable,,unavailable,,unavailable,,unavailable_no_verified_acquisition_or_sale_date,observed_reference_fields_plus_unavailable_requested_fields
8715,1907,22년 캐스퍼(휘),2024-10-10 10:47:24.767838,2022-01-07,,,unavailable,,unavailable,,unavailable,,unavailable,,unavailable_no_verified_acquisition_or_sale_date,observed_reference_fields_plus_unavailable_requested_fields
8716,1907,22년 캐스퍼(휘),2024-10-10 10:47:24.784952,2022-01-07,,,unavailable,,unavailable,,unavailable,,unavailable,,unavailable_no_verified_acquisition_or_sale_date,observed_reference_fields_plus_unavailable_requested_fields
8717,1907,22년 캐스퍼(휘),2024-10-10 10:47:24.802599,2022-01-14,,,unavailable,,unavailable,,unavailable,,unavailable,,unavailable_no_verified_acquisition_or_sale_date,observed_reference_fields_plus_unavailable_requested_fields
8718,1907,22년 캐스퍼(휘),2024-10-10 10:47:24.819933,2022-09-30,,,unavailable,,unavailable,,unavailable,,unavailable,,unavailable_no_verified_acquisition_or_sale_date,observed_reference_fields_plus_unavailable_requested_fields
8719,1907,22년 캐스퍼(휘),2024-10-10 10:47:24.853501,2022-09-30,,,unavailable,,unavailable,,unavailable,,unavailable,,unavailable_no_verified_acquisition_or_sale_date,observed_reference_fields_plus_unavailable_requested_fields
8720,1907,22년 캐스퍼(휘),2024-10-10 10:47:24.871730,2022-09-30,,,unavailable,,unavailable,,unavailable,,unavailable,,unavailable_no_verified_acquisition_or_sale_date,observed_reference_fields_plus_unavailable_requested_fields
8721,1918,22년 포르쉐 718박스터 컨버터블(휘),2024-10-10 10:47:24.890400,2022-04-22,2024-10-22 00:49:24,,unavailable,,unavailable,,unavailable,,unavailable,,unavailable_no_verified_acquisition_or_sale_date,observed_reference_fields_plus_unavailable_requested_fields
8722,1918,22년 포르쉐 718박스터 컨버터블(휘),2024-10-10 10:47:24.908575,2022-05-25,2025-04-08 05:19:10,,unavailable,,unavailable,,unavailable,,unavailable,,unavailable_no_verified_acquisition_or_sale_date,observed_reference_fields_plus_unavailable_requested_fields
8723,1918,22년 포르쉐 718박스터 컨버터블(휘),2024-10-10 10:47:24.925759,2022-04-22,,,unavailable,,unavailable,,unavailable,,unavailable,,unavailable_no_verified_acquisition_or_sale_date,observed_reference_fields_plus_unavailable_requested_fields
8724,1916,22년 K5(휘),2024-10-10 10:47:24.943060,2022-04-13,2024-10-15 04:18:39,,unavailable,,unavailable,,unavailable,,unavailable,,unavailable_no_verified_acquisition_or_sale_date,observed_reference_fields_plus_unavailable_requested_fields
8725,1916,22년 K5(휘),2024-10-10 10:47:24.961543,2022-04-13,2024-10-15 04:18:44,,unavailable,,unavailable,,unavailable,,unavailable,,unavailable_no_verified_acquisition_or_sale_date,observed_reference_fields_plus_unavailable_requested_fields
8726,1916,22년 K5(휘),2024-10-10 10:47:24.979168,2022-04-13,2024-10-15 04:18:47,,unavailable,,unavailable,,unavailable,,unavailable,,unavailable_no_verified_acquisition_or_sale_date,observed_reference_fields_plus_unavailable_requested_fields
8727,1916,22년 K5(휘),2024-10-10 10:47:25.000249,2022-04-13,2024-10-15 04:18:51,,unavailable,,unavailable,,unavailable,,unavailable,,unavailable_no_verified_acquisition_or_sale_date,observed_reference_fields_plus_unavailable_requested_fields
8728,1916,22년 K5(휘),2024-10-10 10:47:25.015888,2022-04-21,2024-10-15 04:18:54,,unavailable,,unavailable,,unavailable,,unavailable,,unavailable_no_verified_acquisition_or_sale_date,observed_reference_fields_plus_unavailable_requested_fields
8729,1916,22년 K5(휘),2024-10-10 10:47:25.033157,2022-04-21,2024-10-15 04:19:10,,unavailable,,unavailable,,unavailable,,unavailable,,unavailable_no_verified_acquisition_or_sale_date,observed_reference_fields_plus_unavailable_requested_fields
8730,1916,22년 K5(휘),2024-10-10 10:47:25.049827,2022-04-21,2024-10-15 04:19:16,,unavailable,,unavailable,,unavailable,,unavailable,,unavailable_no_verified_acquisition_or_sale_date,observed_reference_fields_plus_unavailable_requested_fields
8731,1916,22년 K5(휘),2024-10-10 10:47:25.084486,2022-04-21,2024-10-15 04:18:59,,unavailable,,unavailable,,unavailable,,unavailable,,unavailable_no_verified_acquisition_or_sale_date,observed_reference_fields_plus_unavailable_requested_fields
8732,1916,22년 K5(휘),2024-10-10 10:47:25.138508,2022-04-21,2024-10-15 04:19:02,,unavailable,,unavailable,,unavailable,,unavailable,,unavailable_no_verified_acquisition_or_sale_date,observed_reference_fields_plus_unavailable_requested_fields
8733,1916,22년 K5(휘),2024-10-10 10:47:25.155696,2022-04-21,2024-10-15 04:19:06,,unavailable,,unavailable,,unavailable,,unavailable,,unavailable_no_verified_acquisition_or_sale_date,observed_reference_fields_plus_unavailable_requested_fields
8734,1916,22년 K5(휘),2024-10-10 10:47:25.173624,2022-04-04,,,unavailable,,unavailable,,unavailable,,unavailable,,unavailable_no_verified_acquisition_or_sale_date,observed_reference_fields_plus_unavailable_requested_fields
8735,1916,22년 K5(휘),2024-10-10 10:47:25.190737,2022-04-04,,,unavailable,,unavailable,,unavailable,,unavailable,,unavailable_no_verified_acquisition_or_sale_date,observed_reference_fields_plus_unavailable_requested_fields
8736,1870,20년 QM6(LPG),2024-10-10 10:47:25.206681,2022-04-04,2026-03-16 03:48:47,,unavailable,,unavailable,,unavailable,,unavailable,,unavailable_no_verified_acquisition_or_sale_date,observed_reference_fields_plus_unavailable_requested_fields
8737,1916,22년 K5(휘),2024-10-10 10:47:25.221880,2022-04-04,,,unavailable,,unavailable,,unavailable,,unavailable,,unavailable_no_verified_acquisition_or_sale_date,observed_reference_fields_plus_unavailable_requested_fields
8738,1916,22년 K5(휘),2024-10-10 10:47:25.236190,2022-04-04,,,unavailable,,unavailable,,unavailable,,unavailable,,unavailable_no_verified_acquisition_or_sale_date,observed_reference_fields_plus_unavailable_requested_fields
8739,1916,22년 K5(휘),2024-10-10 10:47:25.251944,2022-04-06,,,unavailable,,unavailable,,unavailable,,unavailable,,unavailable_no_verified_acquisition_or_sale_date,observed_reference_fields_plus_unavailable_requested_fields
8740,1916,22년 K5(휘),2024-10-10 10:47:25.267199,2022-04-06,,,unavailable,,unavailable,,unavailable,,unavailable,,unavailable_no_verified_acquisition_or_sale_date,observed_reference_fields_plus_unavailable_requested_fields
8741,1916,22년 K5(휘),2024-10-10 10:47:25.284457,2022-04-06,,,unavailable,,unavailable,,unavailable,,unavailable,,unavailable_no_verified_acquisition_or_sale_date,observed_reference_fields_plus_unavailable_requested_fields
8742,1916,22년 K5(휘),2024-10-10 10:47:25.304668,2022-04-06,,,unavailable,,unavailable,,unavailable,,unavailable,,unavailable_no_verified_acquisition_or_sale_date,observed_reference_fields_plus_unavailable_requested_fields
8743,1916,22년 K5(휘),2024-10-10 10:47:25.322914,2022-04-06,,,unavailable,,unavailable,,unavailable,,unavailable,,unavailable_no_verified_acquisition_or_sale_date,observed_reference_fields_plus_unavailable_requested_fields
8744,1917,22년 XM3(휘),2024-10-10 10:47:25.346622,2022-04-14,2024-10-15 04:36:25,,unavailable,,unavailable,,unavailable,,unavailable,,unavailable_no_verified_acquisition_or_sale_date,observed_reference_fields_plus_unavailable_requested_fields
8745,1917,22년 XM3(휘),2024-10-10 10:47:25.365726,2022-04-14,2024-10-15 04:37:42,,unavailable,,unavailable,,unavailable,,unavailable,,unavailable_no_verified_acquisition_or_sale_date,observed_reference_fields_plus_unavailable_requested_fields
8746,1917,22년 XM3(휘),2024-10-10 10:47:25.386993,2022-04-14,2024-10-15 04:37:46,,unavailable,,unavailable,,unavailable,,unavailable,,unavailable_no_verified_acquisition_or_sale_date,observed_reference_fields_plus_unavailable_requested_fields
8747,1917,22년 XM3(휘),2024-10-10 10:47:25.526552,2022-04-14,2024-10-15 04:37:50,,unavailable,,unavailable,,unavailable,,unavailable,,unavailable_no_verified_acquisition_or_sale_date,observed_reference_fields_plus_unavailable_requested_fields
8748,1917,22년 XM3(휘),2024-10-10 10:47:25.543732,2022-04-14,2024-10-15 04:37:55,,unavailable,,unavailable,,unavailable,,unavailable,,unavailable_no_verified_acquisition_or_sale_date,observed_reference_fields_plus_unavailable_requested_fields
8749,1917,22년 XM3(휘),2024-10-10 10:47:25.560326,2022-04-15,,,unavailable,,unavailable,,unavailable,,unavailable,,unavailable_no_verified_acquisition_or_sale_date,observed_reference_fields_plus_unavailable_requested_fields
8750,1917,22년 XM3(휘),2024-10-10 10:47:25.575561,2022-05-18,,,unavailable,,unavailable,,unavailable,,unavailable,,unavailable_no_verified_acquisition_or_sale_date,observed_reference_fields_plus_unavailable_requested_fields
8751,1931,23년 4세대 쏘렌토(5인/경유),2024-10-10 10:47:25.591753,2023-05-12,,,unavailable,,unavailable,,unavailable,,unavailable,,unavailable_no_verified_acquisition_or_sale_date,observed_reference_fields_plus_unavailable_requested_fields
8752,1931,23년 4세대 쏘렌토(5인/경유),2024-10-10 10:47:25.608138,2023-05-12,,,unavailable,,unavailable,,unavailable,,unavailable,,unavailable_no_verified_acquisition_or_sale_date,observed_reference_fields_plus_unavailable_requested_fields
8753,1931,23년 4세대 쏘렌토(5인/경유),2024-10-10 10:47:25.623971,2023-05-12,,,unavailable,,unavailable,,unavailable,,unavailable,,unavailable_no_verified_acquisition_or_sale_date,observed_reference_fields_plus_unavailable_requested_fields
8754,1930,23년 4세대 쏘렌토(5인/휘),2024-10-10 10:47:25.696108,2023-05-12,,,unavailable,,unavailable,,unavailable,,unavailable,,unavailable_no_verified_acquisition_or_sale_date,observed_reference_fields_plus_unavailable_requested_fields
8755,1930,23년 4세대 쏘렌토(5인/휘),2024-10-10 10:47:25.713751,2023-05-12,,,unavailable,,unavailable,,unavailable,,unavailable,,unavailable_no_verified_acquisition_or_sale_date,observed_reference_fields_plus_unavailable_requested_fields
8756,1930,23년 4세대 쏘렌토(5인/휘),2024-10-10 10:47:25.729397,2023-05-12,,,unavailable,,unavailable,,unavailable,,unavailable,,unavailable_no_verified_acquisition_or_sale_date,observed_reference_fields_plus_unavailable_requested_fields
8757,1932,23년 4세대 쏘렌토(7인/휘),2024-10-10 10:47:25.744160,2023-05-12,,,unavailable,,unavailable,,unavailable,,unavailable,,unavailable_no_verified_acquisition_or_sale_date,observed_reference_fields_plus_unavailable_requested_fields
8758,1940,23년 디올뉴 그랜저(휘),2024-10-10 10:47:25.759783,2023-07-05,,,unavailable,,unavailable,,unavailable,,unavailable,,unavailable_no_verified_acquisition_or_sale_date,observed_reference_fields_plus_unavailable_requested_fields
8759,1940,23년 디올뉴 그랜저(휘),2024-10-10 10:47:25.779110,2023-07-05,,,unavailable,,unavailable,,unavailable,,unavailable,,unavailable_no_verified_acquisition_or_sale_date,observed_reference_fields_plus_unavailable_requested_fields
8760,1940,23년 디올뉴 그랜저(휘),2024-10-10 10:47:25.802134,2023-07-12,,,unavailable,,unavailable,,unavailable,,unavailable,,unavailable_no_verified_acquisition_or_sale_date,observed_reference_fields_plus_unavailable_requested_fields
8761,1940,23년 디올뉴 그랜저(휘),2024-10-10 10:47:25.817823,2023-07-25,,,unavailable,,unavailable,,unavailable,,unavailable,,unavailable_no_verified_acquisition_or_sale_date,observed_reference_fields_plus_unavailable_requested_fields
8762,1940,23년 디올뉴 그랜저(휘),2024-10-10 10:47:25.832681,2023-07-05,,,unavailable,,unavailable,,unavailable,,unavailable,,unavailable_no_verified_acquisition_or_sale_date,observed_reference_fields_plus_unavailable_requested_fields
8763,1938,23년 스타리아  9인승 4륜(경유),2024-10-10 10:47:25.847618,2023-06-29,,,unavailable,,unavailable,,unavailable,,unavailable,,unavailable_no_verified_acquisition_or_sale_date,observed_reference_fields_plus_unavailable_requested_fields
8764,1938,23년 스타리아  9인승 4륜(경유),2024-10-10 10:47:25.869455,2023-06-29,,,unavailable,,unavailable,,unavailable,,unavailable,,unavailable_no_verified_acquisition_or_sale_date,observed_reference_fields_plus_unavailable_requested_fields
8765,1938,23년 스타리아  9인승 4륜(경유),2024-10-10 10:47:25.886661,2023-06-29,,,unavailable,,unavailable,,unavailable,,unavailable,,unavailable_no_verified_acquisition_or_sale_date,observed_reference_fields_plus_unavailable_requested_fields
8766,1938,23년 스타리아  9인승 4륜(경유),2024-10-10 10:47:25.903931,2023-06-29,,,unavailable,,unavailable,,unavailable,,unavailable,,unavailable_no_verified_acquisition_or_sale_date,observed_reference_fields_plus_unavailable_requested_fields
8767,1938,23년 스타리아  9인승 4륜(경유),2024-10-10 10:47:25.926914,2023-06-29,,,unavailable,,unavailable,,unavailable,,unavailable,,unavailable_no_verified_acquisition_or_sale_date,observed_reference_fields_plus_unavailable_requested_fields
8768,1938,23년 스타리아  9인승 4륜(경유),2024-10-10 10:47:25.942668,2023-06-29,,,unavailable,,unavailable,,unavailable,,unavailable,,unavailable_no_verified_acquisition_or_sale_date,observed_reference_fields_plus_unavailable_requested_fields
8769,1938,23년 스타리아  9인승 4륜(경유),2024-10-10 10:47:25.957391,2023-06-29,,,unavailable,,unavailable,,unavailable,,unavailable,,unavailable_no_verified_acquisition_or_sale_date,observed_reference_fields_plus_unavailable_requested_fields
8770,1938,23년 스타리아  9인승 4륜(경유),2024-10-10 10:47:25.973521,2023-06-29,,,unavailable,,unavailable,,unavailable,,unavailable,,unavailable_no_verified_acquisition_or_sale_date,observed_reference_fields_plus_unavailable_requested_fields
8771,1938,23년 스타리아  9인승 4륜(경유),2024-10-10 10:47:25.989422,2023-06-29,,,unavailable,,unavailable,,unavailable,,unavailable,,unavailable_no_verified_acquisition_or_sale_date,observed_reference_fields_plus_unavailable_requested_fields
8772,1938,23년 스타리아  9인승 4륜(경유),2024-10-10 10:47:26.006131,2023-07-05,,,unavailable,,unavailable,,unavailable,,unavailable,,unavailable_no_verified_acquisition_or_sale_date,observed_reference_fields_plus_unavailable_requested_fields
8773,1938,23년 스타리아  9인승 4륜(경유),2024-10-10 10:47:26.023984,2023-07-10,2024-10-15 04:49:02,,unavailable,,unavailable,,unavailable,,unavailable,,unavailable_no_verified_acquisition_or_sale_date,observed_reference_fields_plus_unavailable_requested_fields
8774,1938,23년 스타리아  9인승 4륜(경유),2024-10-10 10:47:26.040109,2023-07-10,2024-10-15 04:48:49,,unavailable,,unavailable,,unavailable,,unavailable,,unavailable_no_verified_acquisition_or_sale_date,observed_reference_fields_plus_unavailable_requested_fields
8775,1938,23년 스타리아  9인승 4륜(경유),2024-10-10 10:47:26.055377,2023-07-10,2024-10-15 04:48:58,,unavailable,,unavailable,,unavailable,,unavailable,,unavailable_no_verified_acquisition_or_sale_date,observed_reference_fields_plus_unavailable_requested_fields
8776,1938,23년 스타리아  9인승 4륜(경유),2024-10-10 10:47:26.078229,2023-07-10,2024-10-15 04:48:54,,unavailable,,unavailable,,unavailable,,unavailable,,unavailable_no_verified_acquisition_or_sale_date,observed_reference_fields_plus_unavailable_requested_fields
8777,1938,23년 스타리아  9인승 4륜(경유),2024-10-10 10:47:26.092991,2023-07-10,2024-10-15 04:48:45,,unavailable,,unavailable,,unavailable,,unavailable,,unavailable_no_verified_acquisition_or_sale_date,observed_reference_fields_plus_unavailable_requested_fields
8778,1929,23년 머스탱컨버터블(휘),2024-10-10 10:47:26.155672,2023-07-04,,,unavailable,,unavailable,,unavailable,,unavailable,,unavailable_no_verified_acquisition_or_sale_date,observed_reference_fields_plus_unavailable_requested_fields
8779,1929,23년 머스탱컨버터블(휘),2024-10-10 10:47:26.172890,2023-05-12,,,unavailable,,unavailable,,unavailable,,unavailable,,unavailable_no_verified_acquisition_or_sale_date,observed_reference_fields_plus_unavailable_requested_fields
8780,1929,23년 머스탱컨버터블(휘),2024-10-10 10:47:26.188048,2023-05-12,,,unavailable,,unavailable,,unavailable,,unavailable,,unavailable_no_verified_acquisition_or_sale_date,observed_reference_fields_plus_unavailable_requested_fields
8781,1929,23년 머스탱컨버터블(휘),2024-10-10 10:47:26.206146,2023-05-12,,,unavailable,,unavailable,,unavailable,,unavailable,,unavailable_no_verified_acquisition_or_sale_date,observed_reference_fields_plus_unavailable_requested_fields
8782,1929,23년 머스탱컨버터블(휘),2024-10-10 10:47:26.228329,2023-05-11,2024-10-15 04:20:16,,unavailable,,unavailable,,unavailable,,unavailable,,unavailable_no_verified_acquisition_or_sale_date,observed_reference_fields_plus_unavailable_requested_fields
8783,1929,23년 머스탱컨버터블(휘),2024-10-10 10:47:26.257406,2023-07-14,2024-10-15 04:20:23,,unavailable,,unavailable,,unavailable,,unavailable,,unavailable_no_verified_acquisition_or_sale_date,observed_reference_fields_plus_unavailable_requested_fields
8784,1935,23년 지프 랭글러 파워탑(휘),2024-10-10 10:47:26.273095,2023-06-09,,,unavailable,,unavailable,,unavailable,,unavailable,,unavailable_no_verified_acquisition_or_sale_date,observed_reference_fields_plus_unavailable_requested_fields
8785,1935,23년 지프 랭글러 파워탑(휘),2024-10-10 10:47:26.289389,2023-06-09,,,unavailable,,unavailable,,unavailable,,unavailable,,unavailable_no_verified_acquisition_or_sale_date,observed_reference_fields_plus_unavailable_requested_fields
8786,1935,23년 지프 랭글러 파워탑(휘),2024-10-10 10:47:26.308586,2023-06-09,,,unavailable,,unavailable,,unavailable,,unavailable,,unavailable_no_verified_acquisition_or_sale_date,observed_reference_fields_plus_unavailable_requested_fields
8787,1935,23년 지프 랭글러 파워탑(휘),2024-10-10 10:47:26.328342,2023-06-09,,,unavailable,,unavailable,,unavailable,,unavailable,,unavailable_no_verified_acquisition_or_sale_date,observed_reference_fields_plus_unavailable_requested_fields
8788,1935,23년 지프 랭글러 파워탑(휘),2024-10-10 10:47:26.369049,2023-06-14,2024-10-15 04:21:15,,unavailable,,unavailable,,unavailable,,unavailable,,unavailable_no_verified_acquisition_or_sale_date,observed_reference_fields_plus_unavailable_requested_fields
8789,1935,23년 지프 랭글러 파워탑(휘),2024-10-10 10:47:26.385987,2023-06-14,2024-10-15 04:21:21,,unavailable,,unavailable,,unavailable,,unavailable,,unavailable_no_verified_acquisition_or_sale_date,observed_reference_fields_plus_unavailable_requested_fields
8790,1935,23년 지프 랭글러 파워탑(휘),2024-10-10 10:47:26.403178,2023-06-30,2024-10-15 04:21:26,,unavailable,,unavailable,,unavailable,,unavailable,,unavailable_no_verified_acquisition_or_sale_date,observed_reference_fields_plus_unavailable_requested_fields
8791,1935,23년 지프 랭글러 파워탑(휘),2024-10-10 10:47:26.420431,2023-06-30,2024-10-15 04:21:32,,unavailable,,unavailable,,unavailable,,unavailable,,unavailable_no_verified_acquisition_or_sale_date,observed_reference_fields_plus_unavailable_requested_fields
8792,1933,23년 카니발 하이리무진 9인승(경유),2024-10-10 10:47:26.436191,2023-05-26,,,unavailable,,unavailable,,unavailable,,unavailable,,unavailable_no_verified_acquisition_or_sale_date,observed_reference_fields_plus_unavailable_requested_fields
8793,1933,23년 카니발 하이리무진 9인승(경유),2024-10-10 10:47:26.450995,2023-05-26,,,unavailable,,unavailable,,unavailable,,unavailable,,unavailable_no_verified_acquisition_or_sale_date,observed_reference_fields_plus_unavailable_requested_fields
8794,1933,23년 카니발 하이리무진 9인승(경유),2024-10-10 10:47:26.465834,2023-05-26,,,unavailable,,unavailable,,unavailable,,unavailable,,unavailable_no_verified_acquisition_or_sale_date,observed_reference_fields_plus_unavailable_requested_fields
8795,1928,23년 투싼 하이브리드(휘),2024-10-10 10:47:26.482565,2023-06-12,,,unavailable,,unavailable,,unavailable,,unavailable,,unavailable_no_verified_acquisition_or_sale_date,observed_reference_fields_plus_unavailable_requested_fields
8796,1928,23년 투싼 하이브리드(휘),2024-10-10 10:47:26.497799,2023-06-12,,,unavailable,,unavailable,,unavailable,,unavailable,,unavailable_no_verified_acquisition_or_sale_date,observed_reference_fields_plus_unavailable_requested_fields
8797,1928,23년 투싼 하이브리드(휘),2024-10-10 10:47:26.515906,2023-06-12,,,unavailable,,unavailable,,unavailable,,unavailable,,unavailable_no_verified_acquisition_or_sale_date,observed_reference_fields_plus_unavailable_requested_fields
8798,1928,23년 투싼 하이브리드(휘),2024-10-10 10:47:26.533060,2023-06-12,,,unavailable,,unavailable,,unavailable,,unavailable,,unavailable_no_verified_acquisition_or_sale_date,observed_reference_fields_plus_unavailable_requested_fields
8799,1928,23년 투싼 하이브리드(휘),2024-10-10 10:47:26.553673,2023-03-27,,,unavailable,,unavailable,,unavailable,,unavailable,,unavailable_no_verified_acquisition_or_sale_date,observed_reference_fields_plus_unavailable_requested_fields
8800,1928,23년 투싼 하이브리드(휘),2024-10-10 10:47:26.569822,2023-03-27,,,unavailable,,unavailable,,unavailable,,unavailable,,unavailable_no_verified_acquisition_or_sale_date,observed_reference_fields_plus_unavailable_requested_fields
8801,1928,23년 투싼 하이브리드(휘),2024-10-10 10:47:26.586532,2023-03-27,,,unavailable,,unavailable,,unavailable,,unavailable,,unavailable_no_verified_acquisition_or_sale_date,observed_reference_fields_plus_unavailable_requested_fields
8802,1927,23년 팰리세이드 4륜(8인/경유),2024-10-10 10:47:26.601721,2023-05-11,2026-03-18 06:20:49,,unavailable,,unavailable,,unavailable,,unavailable,,unavailable_no_verified_acquisition_or_sale_date,observed_reference_fields_plus_unavailable_requested_fields
8803,1927,23년 팰리세이드 4륜(8인/경유),2024-10-10 10:47:26.620602,2023-05-12,2026-03-18 06:20:06,,unavailable,,unavailable,,unavailable,,unavailable,,unavailable_no_verified_acquisition_or_sale_date,observed_reference_fields_plus_unavailable_requested_fields
8804,1927,23년 팰리세이드 4륜(8인/경유),2024-10-10 10:47:26.638905,2023-05-12,2026-03-18 06:21:52,,unavailable,,unavailable,,unavailable,,unavailable,,unavailable_no_verified_acquisition_or_sale_date,observed_reference_fields_plus_unavailable_requested_fields
8805,1927,23년 팰리세이드 4륜(8인/경유),2024-10-10 10:47:26.656596,2023-05-11,2026-03-18 06:21:32,,unavailable,,unavailable,,unavailable,,unavailable,,unavailable_no_verified_acquisition_or_sale_date,observed_reference_fields_plus_unavailable_requested_fields
8806,1927,23년 팰리세이드 4륜(8인/경유),2024-10-10 10:47:26.673727,2023-04-06,2026-03-18 06:15:02,,unavailable,,unavailable,,unavailable,,unavailable,,unavailable_no_verified_acquisition_or_sale_date,observed_reference_fields_plus_unavailable_requested_fields
8807,1927,23년 팰리세이드 4륜(8인/경유),2024-10-10 10:47:26.689479,2023-03-20,2026-03-18 06:21:43,,unavailable,,unavailable,,unavailable,,unavailable,,unavailable_no_verified_acquisition_or_sale_date,observed_reference_fields_plus_unavailable_requested_fields
8808,1927,23년 팰리세이드 4륜(8인/경유),2024-10-10 10:47:26.706299,2023-03-20,2026-03-18 06:20:36,,unavailable,,unavailable,,unavailable,,unavailable,,unavailable_no_verified_acquisition_or_sale_date,observed_reference_fields_plus_unavailable_requested_fields
8809,1927,23년 팰리세이드 4륜(8인/경유),2024-10-10 10:47:26.722995,2023-04-09,2026-03-18 06:19:12,,unavailable,,unavailable,,unavailable,,unavailable,,unavailable_no_verified_acquisition_or_sale_date,observed_reference_fields_plus_unavailable_requested_fields
8810,1927,23년 팰리세이드 4륜(8인/경유),2024-10-10 10:47:26.739807,2023-04-05,2026-03-18 06:19:24,,unavailable,,unavailable,,unavailable,,unavailable,,unavailable_no_verified_acquisition_or_sale_date,observed_reference_fields_plus_unavailable_requested_fields
8811,1927,23년 팰리세이드 4륜(8인/경유),2024-10-10 10:47:26.758346,2023-06-02,2026-03-18 06:19:37,,unavailable,,unavailable,,unavailable,,unavailable,,unavailable_no_verified_acquisition_or_sale_date,observed_reference_fields_plus_unavailable_requested_fields
8812,1927,23년 팰리세이드 4륜(8인/경유),2024-10-10 10:47:26.775288,2023-06-02,2026-03-18 06:19:48,,unavailable,,unavailable,,unavailable,,unavailable,,unavailable_no_verified_acquisition_or_sale_date,observed_reference_fields_plus_unavailable_requested_fields
8813,1927,23년 팰리세이드 4륜(8인/경유),2024-10-10 10:47:26.790147,2023-06-02,2026-03-18 06:21:21,,unavailable,,unavailable,,unavailable,,unavailable,,unavailable_no_verified_acquisition_or_sale_date,observed_reference_fields_plus_unavailable_requested_fields
8814,1927,23년 팰리세이드 4륜(8인/경유),2024-10-10 10:47:26.804873,2023-03-20,2026-03-18 06:14:39,,unavailable,,unavailable,,unavailable,,unavailable,,unavailable_no_verified_acquisition_or_sale_date,observed_reference_fields_plus_unavailable_requested_fields
8815,1941,23년 GV70(5인/휘),2024-10-10 10:47:26.825663,2023-07-10,,,unavailable,,unavailable,,unavailable,,unavailable,,unavailable_no_verified_acquisition_or_sale_date,observed_reference_fields_plus_unavailable_requested_fields
8816,1941,23년 GV70(5인/휘),2024-10-10 10:47:26.843355,2023-07-10,,,unavailable,,unavailable,,unavailable,,unavailable,,unavailable_no_verified_acquisition_or_sale_date,observed_reference_fields_plus_unavailable_requested_fields
8817,1941,23년 GV70(5인/휘),2024-10-10 10:47:26.858108,2023-07-10,,,unavailable,,unavailable,,unavailable,,unavailable,,unavailable_no_verified_acquisition_or_sale_date,observed_reference_fields_plus_unavailable_requested_fields
8818,1941,23년 GV70(5인/휘),2024-10-10 10:47:26.874800,2023-07-10,,,unavailable,,unavailable,,unavailable,,unavailable,,unavailable_no_verified_acquisition_or_sale_date,observed_reference_fields_plus_unavailable_requested_fields
8819,1941,23년 GV70(5인/휘),2024-10-10 10:47:26.896438,2023-07-10,,,unavailable,,unavailable,,unavailable,,unavailable,,unavailable_no_verified_acquisition_or_sale_date,observed_reference_fields_plus_unavailable_requested_fields
8820,1936,23년 GV80 4륜(7인/휘),2024-10-10 10:47:26.947402,2023-06-12,,,unavailable,,unavailable,,unavailable,,unavailable,,unavailable_no_verified_acquisition_or_sale_date,observed_reference_fields_plus_unavailable_requested_fields
8821,1936,23년 GV80 4륜(7인/휘),2024-10-10 10:47:26.967612,2023-06-19,,,unavailable,,unavailable,,unavailable,,unavailable,,unavailable_no_verified_acquisition_or_sale_date,observed_reference_fields_plus_unavailable_requested_fields
8822,1936,23년 GV80 4륜(7인/휘),2024-10-10 10:47:26.982870,2023-06-12,,,unavailable,,unavailable,,unavailable,,unavailable,,unavailable_no_verified_acquisition_or_sale_date,observed_reference_fields_plus_unavailable_requested_fields
8823,1936,23년 GV80 4륜(7인/휘),2024-10-10 10:47:26.996705,2023-06-12,,,unavailable,,unavailable,,unavailable,,unavailable,,unavailable_no_verified_acquisition_or_sale_date,observed_reference_fields_plus_unavailable_requested_fields
8824,1923,23년 K8(LPG),2024-10-10 10:47:27.017048,2022-11-14,,,unavailable,,unavailable,,unavailable,,unavailable,,unavailable_no_verified_acquisition_or_sale_date,observed_reference_fields_plus_unavailable_requested_fields
8825,1923,23년 K8(LPG),2024-10-10 10:47:27.035390,2022-11-14,,,unavailable,,unavailable,,unavailable,,unavailable,,unavailable_no_verified_acquisition_or_sale_date,observed_reference_fields_plus_unavailable_requested_fields
8826,1923,23년 K8(LPG),2024-10-10 10:47:27.050575,2022-11-15,,,unavailable,,unavailable,,unavailable,,unavailable,,unavailable_no_verified_acquisition_or_sale_date,observed_reference_fields_plus_unavailable_requested_fields
8827,1925,23년 4세대 카니발 리무진 7인승(경유),2024-10-10 10:47:27.065414,2023-05-19,,,unavailable,,unavailable,,unavailable,,unavailable,,unavailable_no_verified_acquisition_or_sale_date,observed_reference_fields_plus_unavailable_requested_fields
8828,1925,23년 4세대 카니발 리무진 7인승(경유),2024-10-10 10:47:27.082175,2023-05-19,,,unavailable,,unavailable,,unavailable,,unavailable,,unavailable_no_verified_acquisition_or_sale_date,observed_reference_fields_plus_unavailable_requested_fields
8829,1925,23년 4세대 카니발 리무진 7인승(경유),2024-10-10 10:47:27.097618,2023-05-26,2024-10-15 04:50:23,,unavailable,,unavailable,,unavailable,,unavailable,,unavailable_no_verified_acquisition_or_sale_date,observed_reference_fields_plus_unavailable_requested_fields
8830,1925,23년 4세대 카니발 리무진 7인승(경유),2024-10-10 10:47:27.114405,2023-05-26,2024-10-15 04:50:26,,unavailable,,unavailable,,unavailable,,unavailable,,unavailable_no_verified_acquisition_or_sale_date,observed_reference_fields_plus_unavailable_requested_fields
8831,1925,23년 4세대 카니발 리무진 7인승(경유),2024-10-10 10:47:27.131597,2023-02-14,2024-10-15 04:50:58,,unavailable,,unavailable,,unavailable,,unavailable,,unavailable_no_verified_acquisition_or_sale_date,observed_reference_fields_plus_unavailable_requested_fields
8832,1925,23년 4세대 카니발 리무진 7인승(경유),2024-10-10 10:47:27.148239,2023-02-14,2024-10-15 04:50:35,,unavailable,,unavailable,,unavailable,,unavailable,,unavailable_no_verified_acquisition_or_sale_date,observed_reference_fields_plus_unavailable_requested_fields
8833,1925,23년 4세대 카니발 리무진 7인승(경유),2024-10-10 10:47:27.163744,2023-02-14,2024-10-15 04:50:30,,unavailable,,unavailable,,unavailable,,unavailable,,unavailable_no_verified_acquisition_or_sale_date,observed_reference_fields_plus_unavailable_requested_fields
8834,1925,23년 4세대 카니발 리무진 7인승(경유),2024-10-10 10:47:27.178895,2023-02-14,2024-10-15 04:50:55,,unavailable,,unavailable,,unavailable,,unavailable,,unavailable_no_verified_acquisition_or_sale_date,observed_reference_fields_plus_unavailable_requested_fields
8835,1925,23년 4세대 카니발 리무진 7인승(경유),2024-10-10 10:47:27.195110,2023-03-10,,,unavailable,,unavailable,,unavailable,,unavailable,,unavailable_no_verified_acquisition_or_sale_date,observed_reference_fields_plus_unavailable_requested_fields
8836,1925,23년 4세대 카니발 리무진 7인승(경유),2024-10-10 10:47:27.210449,2023-03-10,,,unavailable,,unavailable,,unavailable,,unavailable,,unavailable_no_verified_acquisition_or_sale_date,observed_reference_fields_plus_unavailable_requested_fields
8837,1925,23년 4세대 카니발 리무진 7인승(경유),2024-10-10 10:47:27.229945,2023-03-10,,,unavailable,,unavailable,,unavailable,,unavailable,,unavailable_no_verified_acquisition_or_sale_date,observed_reference_fields_plus_unavailable_requested_fields
8838,1926,23년 4세대 카니발 9인승(경유),2024-10-10 10:47:27.246093,2023-05-17,,,unavailable,,unavailable,,unavailable,,unavailable,,unavailable_no_verified_acquisition_or_sale_date,observed_reference_fields_plus_unavailable_requested_fields
8839,1926,23년 4세대 카니발 9인승(경유),2024-10-10 10:47:27.263771,2023-05-17,,,unavailable,,unavailable,,unavailable,,unavailable,,unavailable_no_verified_acquisition_or_sale_date,observed_reference_fields_plus_unavailable_requested_fields
8840,1926,23년 4세대 카니발 9인승(경유),2024-10-10 10:47:27.279944,2023-05-17,,,unavailable,,unavailable,,unavailable,,unavailable,,unavailable_no_verified_acquisition_or_sale_date,observed_reference_fields_plus_unavailable_requested_fields
8841,1926,23년 4세대 카니발 9인승(경유),2024-10-10 10:47:27.297137,2023-05-19,,,unavailable,,unavailable,,unavailable,,unavailable,,unavailable_no_verified_acquisition_or_sale_date,observed_reference_fields_plus_unavailable_requested_fields
8842,1926,23년 4세대 카니발 9인승(경유),2024-10-10 10:47:27.314753,2023-05-24,,,unavailable,,unavailable,,unavailable,,unavailable,,unavailable_no_verified_acquisition_or_sale_date,observed_reference_fields_plus_unavailable_requested_fields
8843,1926,23년 4세대 카니발 9인승(경유),2024-10-10 10:47:27.333077,2023-05-24,,,unavailable,,unavailable,,unavailable,,unavailable,,unavailable_no_verified_acquisition_or_sale_date,observed_reference_fields_plus_unavailable_requested_fields
8844,1926,23년 4세대 카니발 9인승(경유),2024-10-10 10:47:27.358557,2023-05-24,,,unavailable,,unavailable,,unavailable,,unavailable,,unavailable_no_verified_acquisition_or_sale_date,observed_reference_fields_plus_unavailable_requested_fields
8845,1926,23년 4세대 카니발 9인승(경유),2024-10-10 10:47:27.374826,2023-05-24,,,unavailable,,unavailable,,unavailable,,unavailable,,unavailable_no_verified_acquisition_or_sale_date,observed_reference_fields_plus_unavailable_requested_fields
8846,1926,23년 4세대 카니발 9인승(경유),2024-10-10 10:47:27.389601,2023-05-24,,,unavailable,,unavailable,,unavailable,,unavailable,,unavailable_no_verified_acquisition_or_sale_date,observed_reference_fields_plus_unavailable_requested_fields
8847,1926,23년 4세대 카니발 9인승(경유),2024-10-10 10:47:27.407447,2023-05-24,,,unavailable,,unavailable,,unavailable,,unavailable,,unavailable_no_verified_acquisition_or_sale_date,observed_reference_fields_plus_unavailable_requested_fields
8848,1926,23년 4세대 카니발 9인승(경유),2024-10-10 10:47:27.424762,2023-05-24,,,unavailable,,unavailable,,unavailable,,unavailable,,unavailable_no_verified_acquisition_or_sale_date,observed_reference_fields_plus_unavailable_requested_fields
8849,1926,23년 4세대 카니발 9인승(경유),2024-10-10 10:47:27.447117,2023-05-24,,,unavailable,,unavailable,,unavailable,,unavailable,,unavailable_no_verified_acquisition_or_sale_date,observed_reference_fields_plus_unavailable_requested_fields
8850,1926,23년 4세대 카니발 9인승(경유),2024-10-10 10:47:27.466976,2023-05-24,,,unavailable,,unavailable,,unavailable,,unavailable,,unavailable_no_verified_acquisition_or_sale_date,observed_reference_fields_plus_unavailable_requested_fields
8851,1926,23년 4세대 카니발 9인승(경유),2024-10-10 10:47:27.486755,2023-05-24,,,unavailable,,unavailable,,unavailable,,unavailable,,unavailable_no_verified_acquisition_or_sale_date,observed_reference_fields_plus_unavailable_requested_fields
8852,1926,23년 4세대 카니발 9인승(경유),2024-10-10 10:47:27.506117,2023-02-16,,,unavailable,,unavailable,,unavailable,,unavailable,,unavailable_no_verified_acquisition_or_sale_date,observed_reference_fields_plus_unavailable_requested_fields
8853,1926,23년 4세대 카니발 9인승(경유),2024-10-10 10:47:27.523845,2023-02-16,,,unavailable,,unavailable,,unavailable,,unavailable,,unavailable_no_verified_acquisition_or_sale_date,observed_reference_fields_plus_unavailable_requested_fields
8854,1926,23년 4세대 카니발 9인승(경유),2024-10-10 10:47:27.544029,2023-02-20,,,unavailable,,unavailable,,unavailable,,unavailable,,unavailable_no_verified_acquisition_or_sale_date,observed_reference_fields_plus_unavailable_requested_fields
8855,1926,23년 4세대 카니발 9인승(경유),2024-10-10 10:47:27.561718,2023-02-20,,,unavailable,,unavailable,,unavailable,,unavailable,,unavailable_no_verified_acquisition_or_sale_date,observed_reference_fields_plus_unavailable_requested_fields
8856,1926,23년 4세대 카니발 9인승(경유),2024-10-10 10:47:27.579585,2023-04-20,2024-10-15 04:51:15,,unavailable,,unavailable,,unavailable,,unavailable,,unavailable_no_verified_acquisition_or_sale_date,observed_reference_fields_plus_unavailable_requested_fields
8857,1926,23년 4세대 카니발 9인승(경유),2024-10-10 10:47:27.611055,2023-04-20,2024-10-15 04:51:23,,unavailable,,unavailable,,unavailable,,unavailable,,unavailable_no_verified_acquisition_or_sale_date,observed_reference_fields_plus_unavailable_requested_fields
8858,1926,23년 4세대 카니발 9인승(경유),2024-10-10 10:47:27.633568,2023-04-20,2024-10-15 04:51:33,,unavailable,,unavailable,,unavailable,,unavailable,,unavailable_no_verified_acquisition_or_sale_date,observed_reference_fields_plus_unavailable_requested_fields
8859,1926,23년 4세대 카니발 9인승(경유),2024-10-10 10:47:27.668603,2023-04-20,2024-10-15 04:51:36,,unavailable,,unavailable,,unavailable,,unavailable,,unavailable_no_verified_acquisition_or_sale_date,observed_reference_fields_plus_unavailable_requested_fields
8860,1926,23년 4세대 카니발 9인승(경유),2024-10-10 10:47:27.695033,2023-04-25,2024-10-15 04:51:27,,unavailable,,unavailable,,unavailable,,unavailable,,unavailable_no_verified_acquisition_or_sale_date,observed_reference_fields_plus_unavailable_requested_fields
8861,1926,23년 4세대 카니발 9인승(경유),2024-10-10 10:47:27.713029,2023-04-25,2024-10-15 04:50:21,,unavailable,,unavailable,,unavailable,,unavailable,,unavailable_no_verified_acquisition_or_sale_date,observed_reference_fields_plus_unavailable_requested_fields
8862,1926,23년 4세대 카니발 9인승(경유),2024-10-10 10:47:27.730603,2023-07-05,2024-10-15 04:50:17,,unavailable,,unavailable,,unavailable,,unavailable,,unavailable_no_verified_acquisition_or_sale_date,observed_reference_fields_plus_unavailable_requested_fields
8863,1926,23년 4세대 카니발 9인승(경유),2024-10-10 10:47:27.749671,2023-07-05,2024-10-15 04:50:12,,unavailable,,unavailable,,unavailable,,unavailable,,unavailable_no_verified_acquisition_or_sale_date,observed_reference_fields_plus_unavailable_requested_fields
8864,1926,23년 4세대 카니발 9인승(경유),2024-10-10 10:47:27.767846,2023-03-03,,,unavailable,,unavailable,,unavailable,,unavailable,,unavailable_no_verified_acquisition_or_sale_date,observed_reference_fields_plus_unavailable_requested_fields
8865,1926,23년 4세대 카니발 9인승(경유),2024-10-10 10:47:27.784477,2023-03-03,,,unavailable,,unavailable,,unavailable,,unavailable,,unavailable_no_verified_acquisition_or_sale_date,observed_reference_fields_plus_unavailable_requested_fields
8866,1926,23년 4세대 카니발 9인승(경유),2024-10-10 10:47:27.801391,2023-02-20,,,unavailable,,unavailable,,unavailable,,unavailable,,unavailable_no_verified_acquisition_or_sale_date,observed_reference_fields_plus_unavailable_requested_fields
8867,1924,23년 4세대 카니발 9인승(휘),2024-10-10 10:47:27.822538,2022-11-15,,,unavailable,,unavailable,,unavailable,,unavailable,,unavailable_no_verified_acquisition_or_sale_date,observed_reference_fields_plus_unavailable_requested_fields
8868,1924,23년 4세대 카니발 9인승(휘),2024-10-10 10:47:27.850539,2022-12-09,,,unavailable,,unavailable,,unavailable,,unavailable,,unavailable_no_verified_acquisition_or_sale_date,observed_reference_fields_plus_unavailable_requested_fields
8869,1924,23년 4세대 카니발 9인승(휘),2024-10-10 10:47:27.873146,2022-12-09,,,unavailable,,unavailable,,unavailable,,unavailable,,unavailable_no_verified_acquisition_or_sale_date,observed_reference_fields_plus_unavailable_requested_fields
8870,1924,23년 4세대 카니발 9인승(휘),2024-10-10 10:47:27.892186,2022-12-09,,,unavailable,,unavailable,,unavailable,,unavailable,,unavailable_no_verified_acquisition_or_sale_date,observed_reference_fields_plus_unavailable_requested_fields
8871,1924,23년 4세대 카니발 9인승(휘),2024-10-10 10:47:27.912881,2022-12-09,,,unavailable,,unavailable,,unavailable,,unavailable,,unavailable_no_verified_acquisition_or_sale_date,observed_reference_fields_plus_unavailable_requested_fields
8872,1924,23년 4세대 카니발 9인승(휘),2024-10-10 10:47:27.931579,2022-12-09,,,unavailable,,unavailable,,unavailable,,unavailable,,unavailable_no_verified_acquisition_or_sale_date,observed_reference_fields_plus_unavailable_requested_fields
8873,1924,23년 4세대 카니발 9인승(휘),2024-10-10 10:47:27.950804,2022-12-09,,,unavailable,,unavailable,,unavailable,,unavailable,,unavailable_no_verified_acquisition_or_sale_date,observed_reference_fields_plus_unavailable_requested_fields
8874,1922,23년 쏠라티(15인/경유),2024-10-10 10:47:27.969286,2023-02-06,2024-10-15 04:49:58,,unavailable,,unavailable,,unavailable,,unavailable,,unavailable_no_verified_acquisition_or_sale_date,observed_reference_fields_plus_unavailable_requested_fields
8875,1922,23년 쏠라티(15인/경유),2024-10-10 10:47:27.985091,2023-08-14,2024-10-15 04:50:04,,unavailable,,unavailable,,unavailable,,unavailable,,unavailable_no_verified_acquisition_or_sale_date,observed_reference_fields_plus_unavailable_requested_fields
8876,1922,23년 쏠라티(15인/경유),2024-10-10 10:47:28.001381,2023-09-19,,,unavailable,,unavailable,,unavailable,,unavailable,,unavailable_no_verified_acquisition_or_sale_date,observed_reference_fields_plus_unavailable_requested_fields
8877,1922,23년 쏠라티(15인/경유),2024-10-10 10:47:28.021941,2023-10-06,,,unavailable,,unavailable,,unavailable,,unavailable,,unavailable_no_verified_acquisition_or_sale_date,observed_reference_fields_plus_unavailable_requested_fields
8878,1922,23년 쏠라티(15인/경유),2024-10-10 10:47:28.042566,2022-11-14,,,unavailable,,unavailable,,unavailable,,unavailable,,unavailable_no_verified_acquisition_or_sale_date,observed_reference_fields_plus_unavailable_requested_fields
8879,1922,23년 쏠라티(15인/경유),2024-10-10 10:47:28.062725,2023-01-27,,,unavailable,,unavailable,,unavailable,,unavailable,,unavailable_no_verified_acquisition_or_sale_date,observed_reference_fields_plus_unavailable_requested_fields
8880,1939,24년 레이(휘),2024-10-10 10:47:28.085745,2023-06-29,,,unavailable,,unavailable,,unavailable,,unavailable,,unavailable_no_verified_acquisition_or_sale_date,observed_reference_fields_plus_unavailable_requested_fields
8881,1939,24년 레이(휘),2024-10-10 10:47:28.102114,2023-06-29,,,unavailable,,unavailable,,unavailable,,unavailable,,unavailable_no_verified_acquisition_or_sale_date,observed_reference_fields_plus_unavailable_requested_fields
8882,1939,24년 레이(휘),2024-10-10 10:47:28.119922,2023-06-29,,,unavailable,,unavailable,,unavailable,,unavailable,,unavailable_no_verified_acquisition_or_sale_date,observed_reference_fields_plus_unavailable_requested_fields
8883,1939,24년 레이(휘),2024-10-10 10:47:28.136625,2023-06-29,,,unavailable,,unavailable,,unavailable,,unavailable,,unavailable_no_verified_acquisition_or_sale_date,observed_reference_fields_plus_unavailable_requested_fields
8884,1939,24년 레이(휘),2024-10-10 10:47:28.157373,2023-07-05,,,unavailable,,unavailable,,unavailable,,unavailable,,unavailable_no_verified_acquisition_or_sale_date,observed_reference_fields_plus_unavailable_requested_fields
8885,1951,24년 더 뉴 쏘렌토 하이브리드(7인/휘),2024-10-10 10:47:28.173038,2024-01-31,2024-10-15 04:45:55,,unavailable,,unavailable,,unavailable,,unavailable,,unavailable_no_verified_acquisition_or_sale_date,observed_reference_fields_plus_unavailable_requested_fields
8886,1951,24년 더 뉴 쏘렌토 하이브리드(7인/휘),2024-10-10 10:47:28.191894,2024-01-31,2024-10-15 04:45:42,,unavailable,,unavailable,,unavailable,,unavailable,,unavailable_no_verified_acquisition_or_sale_date,observed_reference_fields_plus_unavailable_requested_fields
8887,1951,24년 더 뉴 쏘렌토 하이브리드(7인/휘),2024-10-10 10:47:28.209673,2024-01-31,2024-10-15 04:45:46,,unavailable,,unavailable,,unavailable,,unavailable,,unavailable_no_verified_acquisition_or_sale_date,observed_reference_fields_plus_unavailable_requested_fields
8888,1951,24년 더 뉴 쏘렌토 하이브리드(7인/휘),2024-10-10 10:47:28.229248,2024-01-31,2024-10-15 04:45:51,,unavailable,,unavailable,,unavailable,,unavailable,,unavailable_no_verified_acquisition_or_sale_date,observed_reference_fields_plus_unavailable_requested_fields
8889,1951,24년 더 뉴 쏘렌토 하이브리드(7인/휘),2024-10-10 10:47:28.248257,2024-01-31,2024-10-15 04:46:00,,unavailable,,unavailable,,unavailable,,unavailable,,unavailable_no_verified_acquisition_or_sale_date,observed_reference_fields_plus_unavailable_requested_fields
8890,1951,24년 더 뉴 쏘렌토 하이브리드(7인/휘),2024-10-10 10:47:28.276825,2024-09-01,,,unavailable,,unavailable,,unavailable,,unavailable,,unavailable_no_verified_acquisition_or_sale_date,observed_reference_fields_plus_unavailable_requested_fields
8891,1951,24년 더 뉴 쏘렌토 하이브리드(7인/휘),2024-10-10 10:47:28.294435,2024-09-01,,,unavailable,,unavailable,,unavailable,,unavailable,,unavailable_no_verified_acquisition_or_sale_date,observed_reference_fields_plus_unavailable_requested_fields
8892,1951,24년 더 뉴 쏘렌토 하이브리드(7인/휘),2024-10-10 10:47:28.311546,2024-09-01,,,unavailable,,unavailable,,unavailable,,unavailable,,unavailable_no_verified_acquisition_or_sale_date,observed_reference_fields_plus_unavailable_requested_fields
8893,1951,24년 더 뉴 쏘렌토 하이브리드(7인/휘),2024-10-10 10:47:28.329511,2024-09-01,,,unavailable,,unavailable,,unavailable,,unavailable,,unavailable_no_verified_acquisition_or_sale_date,observed_reference_fields_plus_unavailable_requested_fields
8894,1951,24년 더 뉴 쏘렌토 하이브리드(7인/휘),2024-10-10 10:47:28.350626,2024-09-01,,,unavailable,,unavailable,,unavailable,,unavailable,,unavailable_no_verified_acquisition_or_sale_date,observed_reference_fields_plus_unavailable_requested_fields
8895,1951,24년 더 뉴 쏘렌토 하이브리드(7인/휘),2024-10-10 10:47:28.369296,2024-03-29,2024-10-15 04:46:45,,unavailable,,unavailable,,unavailable,,unavailable,,unavailable_no_verified_acquisition_or_sale_date,observed_reference_fields_plus_unavailable_requested_fields
8896,1951,24년 더 뉴 쏘렌토 하이브리드(7인/휘),2024-10-10 10:47:28.388944,2024-03-29,2024-10-15 04:46:51,,unavailable,,unavailable,,unavailable,,unavailable,,unavailable_no_verified_acquisition_or_sale_date,observed_reference_fields_plus_unavailable_requested_fields
8897,1951,24년 더 뉴 쏘렌토 하이브리드(7인/휘),2024-10-10 10:47:28.411145,2024-03-29,2024-10-15 04:47:03,,unavailable,,unavailable,,unavailable,,unavailable,,unavailable_no_verified_acquisition_or_sale_date,observed_reference_fields_plus_unavailable_requested_fields
8898,1951,24년 더 뉴 쏘렌토 하이브리드(7인/휘),2024-10-10 10:47:28.464954,2024-03-29,2024-10-15 04:46:58,,unavailable,,unavailable,,unavailable,,unavailable,,unavailable_no_verified_acquisition_or_sale_date,observed_reference_fields_plus_unavailable_requested_fields
8899,1951,24년 더 뉴 쏘렌토 하이브리드(7인/휘),2024-10-10 10:47:28.486155,2024-03-29,2024-10-15 04:47:08,,unavailable,,unavailable,,unavailable,,unavailable,,unavailable_no_verified_acquisition_or_sale_date,observed_reference_fields_plus_unavailable_requested_fields
8900,1951,24년 더 뉴 쏘렌토 하이브리드(7인/휘),2024-10-10 10:47:28.503316,2024-03-11,2024-10-15 04:47:13,,unavailable,,unavailable,,unavailable,,unavailable,,unavailable_no_verified_acquisition_or_sale_date,observed_reference_fields_plus_unavailable_requested_fields
8901,1958,24년 더 뉴 카니발 하이브리드 9인승(휘),2024-10-10 10:47:28.519602,2024-04-17,,,unavailable,,unavailable,,unavailable,,unavailable,,unavailable_no_verified_acquisition_or_sale_date,observed_reference_fields_plus_unavailable_requested_fields
8902,1958,24년 더 뉴 카니발 하이브리드 9인승(휘),2024-10-10 10:47:28.543248,2024-04-17,,,unavailable,,unavailable,,unavailable,,unavailable,,unavailable_no_verified_acquisition_or_sale_date,observed_reference_fields_plus_unavailable_requested_fields
8903,1976,24년 더 뉴 카니발 9인승(휘),2024-10-10 10:47:28.564341,2024-09-24,,,unavailable,,unavailable,,unavailable,,unavailable,,unavailable_no_verified_acquisition_or_sale_date,observed_reference_fields_plus_unavailable_requested_fields
8904,1976,24년 더 뉴 카니발 9인승(휘),2024-10-10 10:47:28.585256,2024-09-24,,,unavailable,,unavailable,,unavailable,,unavailable,,unavailable_no_verified_acquisition_or_sale_date,observed_reference_fields_plus_unavailable_requested_fields
8905,1976,24년 더 뉴 카니발 9인승(휘),2024-10-10 10:47:28.608428,2024-09-24,,,unavailable,,unavailable,,unavailable,,unavailable,,unavailable_no_verified_acquisition_or_sale_date,observed_reference_fields_plus_unavailable_requested_fields
8906,1976,24년 더 뉴 카니발 9인승(휘),2024-10-10 10:47:28.628348,2024-09-24,,,unavailable,,unavailable,,unavailable,,unavailable,,unavailable_no_verified_acquisition_or_sale_date,observed_reference_fields_plus_unavailable_requested_fields
8907,1976,24년 더 뉴 카니발 9인승(휘),2024-10-10 10:47:28.645987,2024-09-24,,,unavailable,,unavailable,,unavailable,,unavailable,,unavailable_no_verified_acquisition_or_sale_date,observed_reference_fields_plus_unavailable_requested_fields
8908,1969,24년 더 뉴 카니발 9인승(경유),2024-10-10 10:47:28.664249,2024-07-18,,,unavailable,,unavailable,,unavailable,,unavailable,,unavailable_no_verified_acquisition_or_sale_date,observed_reference_fields_plus_unavailable_requested_fields
8909,1969,24년 더 뉴 카니발 9인승(경유),2024-10-10 10:47:28.680430,2024-07-18,,,unavailable,,unavailable,,unavailable,,unavailable,,unavailable_no_verified_acquisition_or_sale_date,observed_reference_fields_plus_unavailable_requested_fields
8910,1969,24년 더 뉴 카니발 9인승(경유),2024-10-10 10:47:28.701052,2024-07-02,,,unavailable,,unavailable,,unavailable,,unavailable,,unavailable_no_verified_acquisition_or_sale_date,observed_reference_fields_plus_unavailable_requested_fields
8911,1969,24년 더 뉴 카니발 9인승(경유),2024-10-10 10:47:28.720396,2024-07-02,,,unavailable,,unavailable,,unavailable,,unavailable,,unavailable_no_verified_acquisition_or_sale_date,observed_reference_fields_plus_unavailable_requested_fields
8912,1969,24년 더 뉴 카니발 9인승(경유),2024-10-10 10:47:28.738180,2024-07-12,,,unavailable,,unavailable,,unavailable,,unavailable,,unavailable_no_verified_acquisition_or_sale_date,observed_reference_fields_plus_unavailable_requested_fields
8913,1973,24년 더 뉴 카니발리무진 7인(경유),2024-10-10 10:47:28.755336,2024-09-03,,,unavailable,,unavailable,,unavailable,,unavailable,,unavailable_no_verified_acquisition_or_sale_date,observed_reference_fields_plus_unavailable_requested_fields
8914,1973,24년 더 뉴 카니발리무진 7인(경유),2024-10-10 10:47:28.774558,2024-09-03,,,unavailable,,unavailable,,unavailable,,unavailable,,unavailable_no_verified_acquisition_or_sale_date,observed_reference_fields_plus_unavailable_requested_fields
8915,1973,24년 더 뉴 카니발리무진 7인(경유),2024-10-10 10:47:28.791812,2024-09-03,,,unavailable,,unavailable,,unavailable,,unavailable,,unavailable_no_verified_acquisition_or_sale_date,observed_reference_fields_plus_unavailable_requested_fields
8916,1973,24년 더 뉴 카니발리무진 7인(경유),2024-10-10 10:47:28.810573,2024-09-22,,,unavailable,,unavailable,,unavailable,,unavailable,,unavailable_no_verified_acquisition_or_sale_date,observed_reference_fields_plus_unavailable_requested_fields
8917,1975,24년 더 뉴 투싼 4륜(휘),2024-10-10 10:47:28.830889,2024-09-22,,,unavailable,,unavailable,,unavailable,,unavailable,,unavailable_no_verified_acquisition_or_sale_date,observed_reference_fields_plus_unavailable_requested_fields
8918,1975,24년 더 뉴 투싼 4륜(휘),2024-10-10 10:47:28.856634,2024-09-22,,,unavailable,,unavailable,,unavailable,,unavailable,,unavailable_no_verified_acquisition_or_sale_date,observed_reference_fields_plus_unavailable_requested_fields
8919,1975,24년 더 뉴 투싼 4륜(휘),2024-10-10 10:47:28.882370,2024-09-22,,,unavailable,,unavailable,,unavailable,,unavailable,,unavailable_no_verified_acquisition_or_sale_date,observed_reference_fields_plus_unavailable_requested_fields
8920,1975,24년 더 뉴 투싼 4륜(휘),2024-10-10 10:47:28.905689,2024-09-22,,,unavailable,,unavailable,,unavailable,,unavailable,,unavailable_no_verified_acquisition_or_sale_date,observed_reference_fields_plus_unavailable_requested_fields
8921,1975,24년 더 뉴 투싼 4륜(휘),2024-10-10 10:47:28.921990,2024-09-22,,,unavailable,,unavailable,,unavailable,,unavailable,,unavailable_no_verified_acquisition_or_sale_date,observed_reference_fields_plus_unavailable_requested_fields
8922,1970,24년 더 뉴 K3(휘),2024-10-10 10:47:28.939872,2024-07-18,2024-10-15 04:17:15,,unavailable,,unavailable,,unavailable,,unavailable,,unavailable_no_verified_acquisition_or_sale_date,observed_reference_fields_plus_unavailable_requested_fields
8923,1970,24년 더 뉴 K3(휘),2024-10-10 10:47:28.959059,2024-07-18,2024-10-15 04:17:18,,unavailable,,unavailable,,unavailable,,unavailable,,unavailable_no_verified_acquisition_or_sale_date,observed_reference_fields_plus_unavailable_requested_fields
8924,1970,24년 더 뉴 K3(휘),2024-10-10 10:47:28.977840,2024-07-18,2024-10-15 04:17:11,,unavailable,,unavailable,,unavailable,,unavailable,,unavailable_no_verified_acquisition_or_sale_date,observed_reference_fields_plus_unavailable_requested_fields
8925,1970,24년 더 뉴 K3(휘),2024-10-10 10:47:28.993365,2024-07-18,2024-10-15 04:17:06,,unavailable,,unavailable,,unavailable,,unavailable,,unavailable_no_verified_acquisition_or_sale_date,observed_reference_fields_plus_unavailable_requested_fields
8926,1970,24년 더 뉴 K3(휘),2024-10-10 10:47:29.014124,2024-07-18,2024-10-15 04:17:03,,unavailable,,unavailable,,unavailable,,unavailable,,unavailable_no_verified_acquisition_or_sale_date,observed_reference_fields_plus_unavailable_requested_fields
8927,1970,24년 더 뉴 K3(휘),2024-10-10 10:47:29.035118,2024-07-18,2024-10-15 04:17:00,,unavailable,,unavailable,,unavailable,,unavailable,,unavailable_no_verified_acquisition_or_sale_date,observed_reference_fields_plus_unavailable_requested_fields
8928,1970,24년 더 뉴 K3(휘),2024-10-10 10:47:29.051871,2024-07-18,2024-10-15 04:16:56,,unavailable,,unavailable,,unavailable,,unavailable,,unavailable_no_verified_acquisition_or_sale_date,observed_reference_fields_plus_unavailable_requested_fields
8929,1970,24년 더 뉴 K3(휘),2024-10-10 10:47:29.069137,2024-07-03,,,unavailable,,unavailable,,unavailable,,unavailable,,unavailable_no_verified_acquisition_or_sale_date,observed_reference_fields_plus_unavailable_requested_fields
8930,1970,24년 더 뉴 K3(휘),2024-10-10 10:47:29.087503,2024-07-03,2026-03-18 06:28:01,,unavailable,,unavailable,,unavailable,,unavailable,,unavailable_no_verified_acquisition_or_sale_date,observed_reference_fields_plus_unavailable_requested_fields
8931,1970,24년 더 뉴 K3(휘),2024-10-10 10:47:29.103391,2024-07-03,,,unavailable,,unavailable,,unavailable,,unavailable,,unavailable_no_verified_acquisition_or_sale_date,observed_reference_fields_plus_unavailable_requested_fields
8932,1970,24년 더 뉴 K3(휘),2024-10-10 10:47:29.120146,2024-07-03,,,unavailable,,unavailable,,unavailable,,unavailable,,unavailable_no_verified_acquisition_or_sale_date,observed_reference_fields_plus_unavailable_requested_fields
8933,1970,24년 더 뉴 K3(휘),2024-10-10 10:47:29.133952,2024-07-03,,,unavailable,,unavailable,,unavailable,,unavailable,,unavailable_no_verified_acquisition_or_sale_date,observed_reference_fields_plus_unavailable_requested_fields
8934,1970,24년 더 뉴 K3(휘),2024-10-10 10:47:29.150197,2024-07-03,,,unavailable,,unavailable,,unavailable,,unavailable,,unavailable_no_verified_acquisition_or_sale_date,observed_reference_fields_plus_unavailable_requested_fields
8935,1970,24년 더 뉴 K3(휘),2024-10-10 10:47:29.165481,2024-07-08,,,unavailable,,unavailable,,unavailable,,unavailable,,unavailable_no_verified_acquisition_or_sale_date,observed_reference_fields_plus_unavailable_requested_fields
8936,1970,24년 더 뉴 K3(휘),2024-10-10 10:47:29.188173,2024-07-08,,,unavailable,,unavailable,,unavailable,,unavailable,,unavailable_no_verified_acquisition_or_sale_date,observed_reference_fields_plus_unavailable_requested_fields
8937,1970,24년 더 뉴 K3(휘),2024-10-10 10:47:29.207000,2024-07-10,,,unavailable,,unavailable,,unavailable,,unavailable,,unavailable_no_verified_acquisition_or_sale_date,observed_reference_fields_plus_unavailable_requested_fields
8938,1970,24년 더 뉴 K3(휘),2024-10-10 10:47:29.226273,2024-07-10,,,unavailable,,unavailable,,unavailable,,unavailable,,unavailable_no_verified_acquisition_or_sale_date,observed_reference_fields_plus_unavailable_requested_fields
8939,1946,24년 더 뉴 K5 하이브리드(휘),2024-10-10 10:47:29.247570,2024-02-05,,,unavailable,,unavailable,,unavailable,,unavailable,,unavailable_no_verified_acquisition_or_sale_date,observed_reference_fields_plus_unavailable_requested_fields
8940,1946,24년 더 뉴 K5 하이브리드(휘),2024-10-10 10:47:29.272269,2024-03-14,,,unavailable,,unavailable,,unavailable,,unavailable,,unavailable_no_verified_acquisition_or_sale_date,observed_reference_fields_plus_unavailable_requested_fields
8941,1946,24년 더 뉴 K5 하이브리드(휘),2024-10-10 10:47:29.303970,2024-01-04,2024-10-15 04:19:23,,unavailable,,unavailable,,unavailable,,unavailable,,unavailable_no_verified_acquisition_or_sale_date,observed_reference_fields_plus_unavailable_requested_fields
8942,1946,24년 더 뉴 K5 하이브리드(휘),2024-10-10 10:47:29.337271,2024-01-04,2024-10-15 04:19:27,,unavailable,,unavailable,,unavailable,,unavailable,,unavailable_no_verified_acquisition_or_sale_date,observed_reference_fields_plus_unavailable_requested_fields
8943,1946,24년 더 뉴 K5 하이브리드(휘),2024-10-10 10:47:29.366505,2024-01-04,2024-10-15 04:19:30,,unavailable,,unavailable,,unavailable,,unavailable,,unavailable_no_verified_acquisition_or_sale_date,observed_reference_fields_plus_unavailable_requested_fields
8944,1946,24년 더 뉴 K5 하이브리드(휘),2024-10-10 10:47:29.387264,2024-01-04,2024-10-15 04:19:37,,unavailable,,unavailable,,unavailable,,unavailable,,unavailable_no_verified_acquisition_or_sale_date,observed_reference_fields_plus_unavailable_requested_fields
8945,1946,24년 더 뉴 K5 하이브리드(휘),2024-10-10 10:47:29.403149,2024-01-04,2024-10-15 04:19:40,,unavailable,,unavailable,,unavailable,,unavailable,,unavailable_no_verified_acquisition_or_sale_date,observed_reference_fields_plus_unavailable_requested_fields
8946,1946,24년 더 뉴 K5 하이브리드(휘),2024-10-10 10:47:29.422482,2024-02-07,,,unavailable,,unavailable,,unavailable,,unavailable,,unavailable_no_verified_acquisition_or_sale_date,observed_reference_fields_plus_unavailable_requested_fields
8947,1946,24년 더 뉴 K5 하이브리드(휘),2024-10-10 10:47:29.439705,2024-03-15,,,unavailable,,unavailable,,unavailable,,unavailable,,unavailable_no_verified_acquisition_or_sale_date,observed_reference_fields_plus_unavailable_requested_fields
8948,1946,24년 더 뉴 K5 하이브리드(휘),2024-10-10 10:47:29.460614,2024-03-15,,,unavailable,,unavailable,,unavailable,,unavailable,,unavailable_no_verified_acquisition_or_sale_date,observed_reference_fields_plus_unavailable_requested_fields
8949,1946,24년 더 뉴 K5 하이브리드(휘),2024-10-10 10:47:29.477401,2024-06-25,,,unavailable,,unavailable,,unavailable,,unavailable,,unavailable_no_verified_acquisition_or_sale_date,observed_reference_fields_plus_unavailable_requested_fields
8950,1946,24년 더 뉴 K5 하이브리드(휘),2024-10-10 10:47:29.499089,2024-06-25,,,unavailable,,unavailable,,unavailable,,unavailable,,unavailable_no_verified_acquisition_or_sale_date,observed_reference_fields_plus_unavailable_requested_fields
8951,1946,24년 더 뉴 K5 하이브리드(휘),2024-10-10 10:47:29.518210,2024-06-25,,,unavailable,,unavailable,,unavailable,,unavailable,,unavailable_no_verified_acquisition_or_sale_date,observed_reference_fields_plus_unavailable_requested_fields
8952,1946,24년 더 뉴 K5 하이브리드(휘),2024-10-10 10:47:29.535046,2024-06-25,,,unavailable,,unavailable,,unavailable,,unavailable,,unavailable_no_verified_acquisition_or_sale_date,observed_reference_fields_plus_unavailable_requested_fields
8953,1946,24년 더 뉴 K5 하이브리드(휘),2024-10-10 10:47:29.553650,2024-06-25,,,unavailable,,unavailable,,unavailable,,unavailable,,unavailable_no_verified_acquisition_or_sale_date,observed_reference_fields_plus_unavailable_requested_fields
8954,1953,24년 더 올뉴머스탱컨버터블2.3 (휘),2024-10-10 10:47:29.571317,2024-03-07,,,unavailable,,unavailable,,unavailable,,unavailable,,unavailable_no_verified_acquisition_or_sale_date,observed_reference_fields_plus_unavailable_requested_fields
8955,1953,24년 더 올뉴머스탱컨버터블2.3 (휘),2024-10-10 10:47:29.591000,2024-03-06,,,unavailable,,unavailable,,unavailable,,unavailable,,unavailable_no_verified_acquisition_or_sale_date,observed_reference_fields_plus_unavailable_requested_fields
8956,1953,24년 더 올뉴머스탱컨버터블2.3 (휘),2024-10-10 10:47:29.608614,2024-03-06,,,unavailable,,unavailable,,unavailable,,unavailable,,unavailable_no_verified_acquisition_or_sale_date,observed_reference_fields_plus_unavailable_requested_fields
8957,1953,24년 더 올뉴머스탱컨버터블2.3 (휘),2024-10-10 10:47:29.626760,2024-05-17,,,unavailable,,unavailable,,unavailable,,unavailable,,unavailable_no_verified_acquisition_or_sale_date,observed_reference_fields_plus_unavailable_requested_fields
8958,1953,24년 더 올뉴머스탱컨버터블2.3 (휘),2024-10-10 10:47:29.645580,2024-03-07,,,unavailable,,unavailable,,unavailable,,unavailable,,unavailable_no_verified_acquisition_or_sale_date,observed_reference_fields_plus_unavailable_requested_fields
8959,1953,24년 더 올뉴머스탱컨버터블2.3 (휘),2024-10-10 10:47:29.665445,2024-03-07,,,unavailable,,unavailable,,unavailable,,unavailable,,unavailable_no_verified_acquisition_or_sale_date,observed_reference_fields_plus_unavailable_requested_fields
8960,1953,24년 더 올뉴머스탱컨버터블2.3 (휘),2024-10-10 10:47:29.681838,2024-03-07,,,unavailable,,unavailable,,unavailable,,unavailable,,unavailable_no_verified_acquisition_or_sale_date,observed_reference_fields_plus_unavailable_requested_fields
8961,1953,24년 더 올뉴머스탱컨버터블2.3 (휘),2024-10-10 10:47:29.701204,2024-03-21,,,unavailable,,unavailable,,unavailable,,unavailable,,unavailable_no_verified_acquisition_or_sale_date,observed_reference_fields_plus_unavailable_requested_fields
8962,1957,24년 더 뉴 쏘렌토 하이브리드 4륜(5인/휘),2024-10-10 10:47:29.719437,2024-07-31,,,unavailable,,unavailable,,unavailable,,unavailable,,unavailable_no_verified_acquisition_or_sale_date,observed_reference_fields_plus_unavailable_requested_fields
8963,1957,24년 더 뉴 쏘렌토 하이브리드 4륜(5인/휘),2024-10-10 10:47:29.738306,2024-04-01,,,unavailable,,unavailable,,unavailable,,unavailable,,unavailable_no_verified_acquisition_or_sale_date,observed_reference_fields_plus_unavailable_requested_fields
8964,1957,24년 더 뉴 쏘렌토 하이브리드 4륜(5인/휘),2024-10-10 10:47:29.758670,2024-04-01,,,unavailable,,unavailable,,unavailable,,unavailable,,unavailable_no_verified_acquisition_or_sale_date,observed_reference_fields_plus_unavailable_requested_fields
8965,1957,24년 더 뉴 쏘렌토 하이브리드 4륜(5인/휘),2024-10-10 10:47:29.775151,2024-04-03,,,unavailable,,unavailable,,unavailable,,unavailable,,unavailable_no_verified_acquisition_or_sale_date,observed_reference_fields_plus_unavailable_requested_fields
8966,1947,24년 더뉴그랜저 하이브리드(휘),2024-10-10 10:47:29.795441,2023-11-22,2024-10-15 04:29:49,,unavailable,,unavailable,,unavailable,,unavailable,,unavailable_no_verified_acquisition_or_sale_date,observed_reference_fields_plus_unavailable_requested_fields
8967,1947,24년 더뉴그랜저 하이브리드(휘),2024-10-10 10:47:29.813276,2023-11-22,2024-10-15 04:29:55,,unavailable,,unavailable,,unavailable,,unavailable,,unavailable_no_verified_acquisition_or_sale_date,observed_reference_fields_plus_unavailable_requested_fields
8968,1947,24년 더뉴그랜저 하이브리드(휘),2024-10-10 10:47:29.833992,2023-11-22,2024-10-15 04:30:01,,unavailable,,unavailable,,unavailable,,unavailable,,unavailable_no_verified_acquisition_or_sale_date,observed_reference_fields_plus_unavailable_requested_fields
8969,1947,24년 더뉴그랜저 하이브리드(휘),2024-10-10 10:47:29.859689,2024-08-22,,,unavailable,,unavailable,,unavailable,,unavailable,,unavailable_no_verified_acquisition_or_sale_date,observed_reference_fields_plus_unavailable_requested_fields
8970,1947,24년 더뉴그랜저 하이브리드(휘),2024-10-10 10:47:29.878452,2024-08-22,,,unavailable,,unavailable,,unavailable,,unavailable,,unavailable_no_verified_acquisition_or_sale_date,observed_reference_fields_plus_unavailable_requested_fields
8971,1947,24년 더뉴그랜저 하이브리드(휘),2024-10-10 10:47:29.898114,2024-08-22,,,unavailable,,unavailable,,unavailable,,unavailable,,unavailable_no_verified_acquisition_or_sale_date,observed_reference_fields_plus_unavailable_requested_fields
8972,1952,24년 더 뉴 K5(휘),2024-10-10 10:47:29.918233,2024-02-07,,,unavailable,,unavailable,,unavailable,,unavailable,,unavailable_no_verified_acquisition_or_sale_date,observed_reference_fields_plus_unavailable_requested_fields
8973,1952,24년 더 뉴 K5(휘),2024-10-10 10:47:29.936106,2024-02-07,,,unavailable,,unavailable,,unavailable,,unavailable,,unavailable_no_verified_acquisition_or_sale_date,observed_reference_fields_plus_unavailable_requested_fields
8974,1952,24년 더 뉴 K5(휘),2024-10-10 10:47:29.956598,2024-02-26,,,unavailable,,unavailable,,unavailable,,unavailable,,unavailable_no_verified_acquisition_or_sale_date,observed_reference_fields_plus_unavailable_requested_fields
8975,1952,24년 더 뉴 K5(휘),2024-10-10 10:47:29.988839,2024-02-26,,,unavailable,,unavailable,,unavailable,,unavailable,,unavailable_no_verified_acquisition_or_sale_date,observed_reference_fields_plus_unavailable_requested_fields
8976,1952,24년 더 뉴 K5(휘),2024-10-10 10:47:30.018659,2024-02-26,,,unavailable,,unavailable,,unavailable,,unavailable,,unavailable_no_verified_acquisition_or_sale_date,observed_reference_fields_plus_unavailable_requested_fields
8977,1952,24년 더 뉴 K5(휘),2024-10-10 10:47:30.037894,2024-03-15,,,unavailable,,unavailable,,unavailable,,unavailable,,unavailable_no_verified_acquisition_or_sale_date,observed_reference_fields_plus_unavailable_requested_fields
8978,1952,24년 더 뉴 K5(휘),2024-10-10 10:47:30.057177,2024-03-15,,,unavailable,,unavailable,,unavailable,,unavailable,,unavailable_no_verified_acquisition_or_sale_date,observed_reference_fields_plus_unavailable_requested_fields
8979,1952,24년 더 뉴 K5(휘),2024-10-10 10:47:30.076919,2024-03-15,,,unavailable,,unavailable,,unavailable,,unavailable,,unavailable_no_verified_acquisition_or_sale_date,observed_reference_fields_plus_unavailable_requested_fields
8980,1955,24년 마이바흐 S580(휘),2024-10-10 10:47:30.102241,2024-03-22,2024-10-15 04:21:46,,unavailable,,unavailable,,unavailable,,unavailable,,unavailable_no_verified_acquisition_or_sale_date,observed_reference_fields_plus_unavailable_requested_fields
8981,1968,24년 벤츠 CLE 컨버터블(휘),2024-10-10 10:47:30.118033,2024-06-25,,,unavailable,,unavailable,,unavailable,,unavailable,,unavailable_no_verified_acquisition_or_sale_date,observed_reference_fields_plus_unavailable_requested_fields
8982,1968,24년 벤츠 CLE 컨버터블(휘),2024-10-10 10:47:30.133568,2024-06-25,2025-04-08 05:20:10,,unavailable,,unavailable,,unavailable,,unavailable,,unavailable_no_verified_acquisition_or_sale_date,observed_reference_fields_plus_unavailable_requested_fields
8983,1968,24년 벤츠 CLE 컨버터블(휘),2024-10-10 10:47:30.149854,2024-06-25,,,unavailable,,unavailable,,unavailable,,unavailable,,unavailable_no_verified_acquisition_or_sale_date,observed_reference_fields_plus_unavailable_requested_fields
8984,1968,24년 벤츠 CLE 컨버터블(휘),2024-10-10 10:47:30.167088,2024-07-23,,,unavailable,,unavailable,,unavailable,,unavailable,,unavailable_no_verified_acquisition_or_sale_date,observed_reference_fields_plus_unavailable_requested_fields
8985,1968,24년 벤츠 CLE 컨버터블(휘),2024-10-10 10:47:30.183371,2024-07-23,,,unavailable,,unavailable,,unavailable,,unavailable,,unavailable_no_verified_acquisition_or_sale_date,observed_reference_fields_plus_unavailable_requested_fields
8986,1954,24년 벤츠 S500 (휘),2024-10-10 10:47:30.200130,2024-03-22,2024-10-15 04:21:40,,unavailable,,unavailable,,unavailable,,unavailable,,unavailable_no_verified_acquisition_or_sale_date,observed_reference_fields_plus_unavailable_requested_fields
8987,1937,24년 쏘나타 디엣지(휘),2024-10-10 10:47:30.218436,2023-06-22,,,unavailable,,unavailable,,unavailable,,unavailable,,unavailable_no_verified_acquisition_or_sale_date,observed_reference_fields_plus_unavailable_requested_fields
8988,1937,24년 쏘나타 디엣지(휘),2024-10-10 10:47:30.235723,2023-06-22,,,unavailable,,unavailable,,unavailable,,unavailable,,unavailable_no_verified_acquisition_or_sale_date,observed_reference_fields_plus_unavailable_requested_fields
8989,1937,24년 쏘나타 디엣지(휘),2024-10-10 10:47:30.253421,2023-06-22,,,unavailable,,unavailable,,unavailable,,unavailable,,unavailable_no_verified_acquisition_or_sale_date,observed_reference_fields_plus_unavailable_requested_fields
8990,1937,24년 쏘나타 디엣지(휘),2024-10-10 10:47:30.271798,2023-06-22,,,unavailable,,unavailable,,unavailable,,unavailable,,unavailable_no_verified_acquisition_or_sale_date,observed_reference_fields_plus_unavailable_requested_fields
8991,1937,24년 쏘나타 디엣지(휘),2024-10-10 10:47:30.291206,2023-06-22,,,unavailable,,unavailable,,unavailable,,unavailable,,unavailable_no_verified_acquisition_or_sale_date,observed_reference_fields_plus_unavailable_requested_fields
8992,1937,24년 쏘나타 디엣지(휘),2024-10-10 10:47:30.306970,2023-06-20,,,unavailable,,unavailable,,unavailable,,unavailable,,unavailable_no_verified_acquisition_or_sale_date,observed_reference_fields_plus_unavailable_requested_fields
8993,1937,24년 쏘나타 디엣지(휘),2024-10-10 10:47:30.324843,2023-06-20,,,unavailable,,unavailable,,unavailable,,unavailable,,unavailable_no_verified_acquisition_or_sale_date,observed_reference_fields_plus_unavailable_requested_fields
8994,1937,24년 쏘나타 디엣지(휘),2024-10-10 10:47:30.341671,2023-06-20,,,unavailable,,unavailable,,unavailable,,unavailable,,unavailable_no_verified_acquisition_or_sale_date,observed_reference_fields_plus_unavailable_requested_fields
8995,1937,24년 쏘나타 디엣지(휘),2024-10-10 10:47:30.362986,2023-06-20,,,unavailable,,unavailable,,unavailable,,unavailable,,unavailable_no_verified_acquisition_or_sale_date,observed_reference_fields_plus_unavailable_requested_fields
8996,1937,24년 쏘나타 디엣지(휘),2024-10-10 10:47:30.380990,2023-06-22,,,unavailable,,unavailable,,unavailable,,unavailable,,unavailable_no_verified_acquisition_or_sale_date,observed_reference_fields_plus_unavailable_requested_fields
8997,1937,24년 쏘나타 디엣지(휘),2024-10-10 10:47:30.398823,2024-06-20,,,unavailable,,unavailable,,unavailable,,unavailable,,unavailable_no_verified_acquisition_or_sale_date,observed_reference_fields_plus_unavailable_requested_fields
8998,1937,24년 쏘나타 디엣지(휘),2024-10-10 10:47:30.417240,2024-06-20,,,unavailable,,unavailable,,unavailable,,unavailable,,unavailable_no_verified_acquisition_or_sale_date,observed_reference_fields_plus_unavailable_requested_fields
8999,1937,24년 쏘나타 디엣지(휘),2024-10-10 10:47:30.433522,2024-06-20,,,unavailable,,unavailable,,unavailable,,unavailable,,unavailable_no_verified_acquisition_or_sale_date,observed_reference_fields_plus_unavailable_requested_fields
9000,1937,24년 쏘나타 디엣지(휘),2024-10-10 10:47:30.450956,2024-06-20,,,unavailable,,unavailable,,unavailable,,unavailable,,unavailable_no_verified_acquisition_or_sale_date,observed_reference_fields_plus_unavailable_requested_fields
9001,1937,24년 쏘나타 디엣지(휘),2024-10-10 10:47:30.468778,2024-06-20,,,unavailable,,unavailable,,unavailable,,unavailable,,unavailable_no_verified_acquisition_or_sale_date,observed_reference_fields_plus_unavailable_requested_fields
9002,1948,24년 스타리아  11인승(경유),2024-10-10 10:47:30.486173,2024-01-04,2024-10-15 04:46:53,,unavailable,,unavailable,,unavailable,,unavailable,,unavailable_no_verified_acquisition_or_sale_date,observed_reference_fields_plus_unavailable_requested_fields
9003,1948,24년 스타리아  11인승(경유),2024-10-10 10:47:30.508182,2024-01-04,2024-10-15 04:46:49,,unavailable,,unavailable,,unavailable,,unavailable,,unavailable_no_verified_acquisition_or_sale_date,observed_reference_fields_plus_unavailable_requested_fields
9004,1948,24년 스타리아  11인승(경유),2024-10-10 10:47:30.524458,2024-02-16,,,unavailable,,unavailable,,unavailable,,unavailable,,unavailable_no_verified_acquisition_or_sale_date,observed_reference_fields_plus_unavailable_requested_fields
9005,1948,24년 스타리아  11인승(경유),2024-10-10 10:47:30.550458,2024-02-16,,,unavailable,,unavailable,,unavailable,,unavailable,,unavailable_no_verified_acquisition_or_sale_date,observed_reference_fields_plus_unavailable_requested_fields
9006,1948,24년 스타리아  11인승(경유),2024-10-10 10:47:30.581059,2024-02-16,,,unavailable,,unavailable,,unavailable,,unavailable,,unavailable_no_verified_acquisition_or_sale_date,observed_reference_fields_plus_unavailable_requested_fields
9007,1948,24년 스타리아  11인승(경유),2024-10-10 10:47:30.609130,2024-02-16,,,unavailable,,unavailable,,unavailable,,unavailable,,unavailable_no_verified_acquisition_or_sale_date,observed_reference_fields_plus_unavailable_requested_fields
9008,1948,24년 스타리아  11인승(경유),2024-10-10 10:47:30.626443,2024-02-16,,,unavailable,,unavailable,,unavailable,,unavailable,,unavailable_no_verified_acquisition_or_sale_date,observed_reference_fields_plus_unavailable_requested_fields
9009,1948,24년 스타리아  11인승(경유),2024-10-10 10:47:30.643726,2024-02-16,,,unavailable,,unavailable,,unavailable,,unavailable,,unavailable_no_verified_acquisition_or_sale_date,observed_reference_fields_plus_unavailable_requested_fields
9010,1948,24년 스타리아  11인승(경유),2024-10-10 10:47:30.662578,2024-02-16,,,unavailable,,unavailable,,unavailable,,unavailable,,unavailable_no_verified_acquisition_or_sale_date,observed_reference_fields_plus_unavailable_requested_fields
9011,1948,24년 스타리아  11인승(경유),2024-10-10 10:47:30.681021,2024-02-14,,,unavailable,,unavailable,,unavailable,,unavailable,,unavailable_no_verified_acquisition_or_sale_date,observed_reference_fields_plus_unavailable_requested_fields
9012,1945,24년 스타리아 11인승 4륜(경유),2024-10-10 10:47:30.701840,2023-11-30,,,unavailable,,unavailable,,unavailable,,unavailable,,unavailable_no_verified_acquisition_or_sale_date,observed_reference_fields_plus_unavailable_requested_fields
9013,1945,24년 스타리아 11인승 4륜(경유),2024-10-10 10:47:30.723407,2023-11-30,,,unavailable,,unavailable,,unavailable,,unavailable,,unavailable_no_verified_acquisition_or_sale_date,observed_reference_fields_plus_unavailable_requested_fields
9014,1950,24년 스타리아라운지 4륜 7인승(경유),2024-10-10 10:47:30.741554,2024-02-05,,,unavailable,,unavailable,,unavailable,,unavailable,,unavailable_no_verified_acquisition_or_sale_date,observed_reference_fields_plus_unavailable_requested_fields
9015,1950,24년 스타리아라운지 4륜 7인승(경유),2024-10-10 10:47:30.757768,2024-02-05,,,unavailable,,unavailable,,unavailable,,unavailable,,unavailable_no_verified_acquisition_or_sale_date,observed_reference_fields_plus_unavailable_requested_fields
9016,1950,24년 스타리아라운지 4륜 7인승(경유),2024-10-10 10:47:30.776195,2024-02-05,,,unavailable,,unavailable,,unavailable,,unavailable,,unavailable_no_verified_acquisition_or_sale_date,observed_reference_fields_plus_unavailable_requested_fields
9017,1950,24년 스타리아라운지 4륜 7인승(경유),2024-10-10 10:47:30.794522,2024-02-05,,,unavailable,,unavailable,,unavailable,,unavailable,,unavailable_no_verified_acquisition_or_sale_date,observed_reference_fields_plus_unavailable_requested_fields
9018,1950,24년 스타리아라운지 4륜 7인승(경유),2024-10-10 10:47:30.814217,2024-02-05,,,unavailable,,unavailable,,unavailable,,unavailable,,unavailable_no_verified_acquisition_or_sale_date,observed_reference_fields_plus_unavailable_requested_fields
9019,1971,24년 싼타페 하이브리드 4륜 (7인/휘),2024-10-10 10:47:30.833004,2024-09-22,,,unavailable,,unavailable,,unavailable,,unavailable,,unavailable_no_verified_acquisition_or_sale_date,observed_reference_fields_plus_unavailable_requested_fields
9020,1971,24년 싼타페 하이브리드 4륜 (7인/휘),2024-10-10 10:47:30.848814,2024-09-22,,,unavailable,,unavailable,,unavailable,,unavailable,,unavailable_no_verified_acquisition_or_sale_date,observed_reference_fields_plus_unavailable_requested_fields
9021,1971,24년 싼타페 하이브리드 4륜 (7인/휘),2024-10-10 10:47:30.863999,2024-09-22,,,unavailable,,unavailable,,unavailable,,unavailable,,unavailable_no_verified_acquisition_or_sale_date,observed_reference_fields_plus_unavailable_requested_fields
9022,1971,24년 싼타페 하이브리드 4륜 (7인/휘),2024-10-10 10:47:30.879271,2024-09-22,,,unavailable,,unavailable,,unavailable,,unavailable,,unavailable_no_verified_acquisition_or_sale_date,observed_reference_fields_plus_unavailable_requested_fields
9023,1974,24년 쏘나타 디엣지 하이브리드(휘),2024-10-10 10:47:30.897017,2024-09-11,,,unavailable,,unavailable,,unavailable,,unavailable,,unavailable_no_verified_acquisition_or_sale_date,observed_reference_fields_plus_unavailable_requested_fields
9024,1974,24년 쏘나타 디엣지 하이브리드(휘),2024-10-10 10:47:30.915908,2024-09-11,,,unavailable,,unavailable,,unavailable,,unavailable,,unavailable_no_verified_acquisition_or_sale_date,observed_reference_fields_plus_unavailable_requested_fields
9025,1974,24년 쏘나타 디엣지 하이브리드(휘),2024-10-10 10:47:30.931699,2024-09-11,,,unavailable,,unavailable,,unavailable,,unavailable,,unavailable_no_verified_acquisition_or_sale_date,observed_reference_fields_plus_unavailable_requested_fields
9026,1974,24년 쏘나타 디엣지 하이브리드(휘),2024-10-10 10:47:30.946240,2024-09-11,,,unavailable,,unavailable,,unavailable,,unavailable,,unavailable_no_verified_acquisition_or_sale_date,observed_reference_fields_plus_unavailable_requested_fields
9027,1974,24년 쏘나타 디엣지 하이브리드(휘),2024-10-10 10:47:30.964102,2024-09-11,,,unavailable,,unavailable,,unavailable,,unavailable,,unavailable_no_verified_acquisition_or_sale_date,observed_reference_fields_plus_unavailable_requested_fields
9028,1949,24년 쏠라티(15인/경유),2024-10-10 10:47:30.984951,2023-12-19,2024-10-15 04:47:52,,unavailable,,unavailable,,unavailable,,unavailable,,unavailable_no_verified_acquisition_or_sale_date,observed_reference_fields_plus_unavailable_requested_fields
9029,1949,24년 쏠라티(15인/경유),2024-10-10 10:47:31.006191,2024-01-04,2024-10-15 04:47:55,,unavailable,,unavailable,,unavailable,,unavailable,,unavailable_no_verified_acquisition_or_sale_date,observed_reference_fields_plus_unavailable_requested_fields
9030,1949,24년 쏠라티(15인/경유),2024-10-10 10:47:31.028027,2024-01-04,,,unavailable,,unavailable,,unavailable,,unavailable,,unavailable_no_verified_acquisition_or_sale_date,observed_reference_fields_plus_unavailable_requested_fields
9031,1949,24년 쏠라티(15인/경유),2024-10-10 10:47:31.045413,2024-03-29,2024-10-15 04:47:41,,unavailable,,unavailable,,unavailable,,unavailable,,unavailable_no_verified_acquisition_or_sale_date,observed_reference_fields_plus_unavailable_requested_fields
9032,1949,24년 쏠라티(15인/경유),2024-10-10 10:47:31.063710,2024-05-30,2024-10-15 04:47:38,,unavailable,,unavailable,,unavailable,,unavailable,,unavailable_no_verified_acquisition_or_sale_date,observed_reference_fields_plus_unavailable_requested_fields
9033,1960,24년 카니발 하이리무진 9인승(경유),2024-10-10 10:47:31.079938,2024-05-27,,,unavailable,,unavailable,,unavailable,,unavailable,,unavailable_no_verified_acquisition_or_sale_date,observed_reference_fields_plus_unavailable_requested_fields
9034,1960,24년 카니발 하이리무진 9인승(경유),2024-10-10 10:47:31.097225,2024-05-27,,,unavailable,,unavailable,,unavailable,,unavailable,,unavailable_no_verified_acquisition_or_sale_date,observed_reference_fields_plus_unavailable_requested_fields
9035,1960,24년 카니발 하이리무진 9인승(경유),2024-10-10 10:47:31.121607,2024-05-21,,,unavailable,,unavailable,,unavailable,,unavailable,,unavailable_no_verified_acquisition_or_sale_date,observed_reference_fields_plus_unavailable_requested_fields
9036,1960,24년 카니발 하이리무진 9인승(경유),2024-10-10 10:47:31.138341,2024-04-30,,,unavailable,,unavailable,,unavailable,,unavailable,,unavailable_no_verified_acquisition_or_sale_date,observed_reference_fields_plus_unavailable_requested_fields
9037,1960,24년 카니발 하이리무진 9인승(경유),2024-10-10 10:47:31.156008,2024-04-30,,,unavailable,,unavailable,,unavailable,,unavailable,,unavailable_no_verified_acquisition_or_sale_date,observed_reference_fields_plus_unavailable_requested_fields
9038,1972,24년 G80 4륜(휘),2024-10-10 10:47:31.170795,2024-08-22,,,unavailable,,unavailable,,unavailable,,unavailable,,unavailable_no_verified_acquisition_or_sale_date,observed_reference_fields_plus_unavailable_requested_fields
9039,1972,24년 G80 4륜(휘),2024-10-10 10:47:31.187094,2024-08-22,,,unavailable,,unavailable,,unavailable,,unavailable,,unavailable_no_verified_acquisition_or_sale_date,observed_reference_fields_plus_unavailable_requested_fields
9040,1972,24년 G80 4륜(휘),2024-10-10 10:47:31.206928,2024-08-22,,,unavailable,,unavailable,,unavailable,,unavailable,,unavailable_no_verified_acquisition_or_sale_date,observed_reference_fields_plus_unavailable_requested_fields
9041,1944,24년 더 뉴 쏘렌토 4륜(7인/휘),2024-10-10 10:47:31.223833,2023-10-06,2024-10-15 04:44:15,,unavailable,,unavailable,,unavailable,,unavailable,,unavailable_no_verified_acquisition_or_sale_date,observed_reference_fields_plus_unavailable_requested_fields
9042,1944,24년 더 뉴 쏘렌토 4륜(7인/휘),2024-10-10 10:47:31.241025,2023-10-06,2024-10-15 04:44:20,,unavailable,,unavailable,,unavailable,,unavailable,,unavailable_no_verified_acquisition_or_sale_date,observed_reference_fields_plus_unavailable_requested_fields
9043,1944,24년 더 뉴 쏘렌토 4륜(7인/휘),2024-10-10 10:47:31.258241,2023-10-06,2024-10-15 04:44:24,,unavailable,,unavailable,,unavailable,,unavailable,,unavailable_no_verified_acquisition_or_sale_date,observed_reference_fields_plus_unavailable_requested_fields
9044,1944,24년 더 뉴 쏘렌토 4륜(7인/휘),2024-10-10 10:47:31.275557,2023-10-06,2024-10-15 04:44:28,,unavailable,,unavailable,,unavailable,,unavailable,,unavailable_no_verified_acquisition_or_sale_date,observed_reference_fields_plus_unavailable_requested_fields
9045,1944,24년 더 뉴 쏘렌토 4륜(7인/휘),2024-10-10 10:47:31.296933,2023-10-06,2024-10-15 04:44:33,,unavailable,,unavailable,,unavailable,,unavailable,,unavailable_no_verified_acquisition_or_sale_date,observed_reference_fields_plus_unavailable_requested_fields
9046,1944,24년 더 뉴 쏘렌토 4륜(7인/휘),2024-10-10 10:47:31.319196,2023-09-21,,,unavailable,,unavailable,,unavailable,,unavailable,,unavailable_no_verified_acquisition_or_sale_date,observed_reference_fields_plus_unavailable_requested_fields
9047,1944,24년 더 뉴 쏘렌토 4륜(7인/휘),2024-10-10 10:47:31.352384,2023-09-21,,,unavailable,,unavailable,,unavailable,,unavailable,,unavailable_no_verified_acquisition_or_sale_date,observed_reference_fields_plus_unavailable_requested_fields
9048,1944,24년 더 뉴 쏘렌토 4륜(7인/휘),2024-10-10 10:47:31.380298,2023-09-21,,,unavailable,,unavailable,,unavailable,,unavailable,,unavailable_no_verified_acquisition_or_sale_date,observed_reference_fields_plus_unavailable_requested_fields
9049,1944,24년 더 뉴 쏘렌토 4륜(7인/휘),2024-10-10 10:47:31.395965,2023-09-21,,,unavailable,,unavailable,,unavailable,,unavailable,,unavailable_no_verified_acquisition_or_sale_date,observed_reference_fields_plus_unavailable_requested_fields
9050,1944,24년 더 뉴 쏘렌토 4륜(7인/휘),2024-10-10 10:47:31.412630,2023-09-21,,,unavailable,,unavailable,,unavailable,,unavailable,,unavailable_no_verified_acquisition_or_sale_date,observed_reference_fields_plus_unavailable_requested_fields
9051,1944,24년 더 뉴 쏘렌토 4륜(7인/휘),2024-10-10 10:47:31.428343,2023-09-21,,,unavailable,,unavailable,,unavailable,,unavailable,,unavailable_no_verified_acquisition_or_sale_date,observed_reference_fields_plus_unavailable_requested_fields
9052,1944,24년 더 뉴 쏘렌토 4륜(7인/휘),2024-10-10 10:47:31.445493,2023-09-21,,,unavailable,,unavailable,,unavailable,,unavailable,,unavailable_no_verified_acquisition_or_sale_date,observed_reference_fields_plus_unavailable_requested_fields
9053,1944,24년 더 뉴 쏘렌토 4륜(7인/휘),2024-10-10 10:47:31.464722,2024-03-28,,,unavailable,,unavailable,,unavailable,,unavailable,,unavailable_no_verified_acquisition_or_sale_date,observed_reference_fields_plus_unavailable_requested_fields
9054,1942,24년 더 뉴 아반떼(휘),2024-10-10 10:47:31.480400,2023-07-28,,,unavailable,,unavailable,,unavailable,,unavailable,,unavailable_no_verified_acquisition_or_sale_date,observed_reference_fields_plus_unavailable_requested_fields
9055,1942,24년 더 뉴 아반떼(휘),2024-10-10 10:47:31.499679,2023-07-28,,,unavailable,,unavailable,,unavailable,,unavailable,,unavailable_no_verified_acquisition_or_sale_date,observed_reference_fields_plus_unavailable_requested_fields
9056,1942,24년 더 뉴 아반떼(휘),2024-10-10 10:47:31.518387,2023-07-28,,,unavailable,,unavailable,,unavailable,,unavailable,,unavailable_no_verified_acquisition_or_sale_date,observed_reference_fields_plus_unavailable_requested_fields
9057,1942,24년 더 뉴 아반떼(휘),2024-10-10 10:47:31.536553,2023-07-28,,,unavailable,,unavailable,,unavailable,,unavailable,,unavailable_no_verified_acquisition_or_sale_date,observed_reference_fields_plus_unavailable_requested_fields
9058,1942,24년 더 뉴 아반떼(휘),2024-10-10 10:47:31.557819,2023-07-28,,,unavailable,,unavailable,,unavailable,,unavailable,,unavailable_no_verified_acquisition_or_sale_date,observed_reference_fields_plus_unavailable_requested_fields
9059,1942,24년 더 뉴 아반떼(휘),2024-10-10 10:47:31.574091,2023-07-28,,,unavailable,,unavailable,,unavailable,,unavailable,,unavailable_no_verified_acquisition_or_sale_date,observed_reference_fields_plus_unavailable_requested_fields
9060,1942,24년 더 뉴 아반떼(휘),2024-10-10 10:47:31.589965,2024-06-17,,,unavailable,,unavailable,,unavailable,,unavailable,,unavailable_no_verified_acquisition_or_sale_date,observed_reference_fields_plus_unavailable_requested_fields
9061,1942,24년 더 뉴 아반떼(휘),2024-10-10 10:47:31.615020,2024-06-17,,,unavailable,,unavailable,,unavailable,,unavailable,,unavailable_no_verified_acquisition_or_sale_date,observed_reference_fields_plus_unavailable_requested_fields
9062,1942,24년 더 뉴 아반떼(휘),2024-10-10 10:47:31.633260,2024-06-17,,,unavailable,,unavailable,,unavailable,,unavailable,,unavailable_no_verified_acquisition_or_sale_date,observed_reference_fields_plus_unavailable_requested_fields
9063,1942,24년 더 뉴 아반떼(휘),2024-10-10 10:47:31.649034,2024-06-17,,,unavailable,,unavailable,,unavailable,,unavailable,,unavailable_no_verified_acquisition_or_sale_date,observed_reference_fields_plus_unavailable_requested_fields
9064,1942,24년 더 뉴 아반떼(휘),2024-10-10 10:47:31.666212,2024-06-17,,,unavailable,,unavailable,,unavailable,,unavailable,,unavailable_no_verified_acquisition_or_sale_date,observed_reference_fields_plus_unavailable_requested_fields
9065,1942,24년 더 뉴 아반떼(휘),2024-10-10 10:47:31.683415,2024-06-18,,,unavailable,,unavailable,,unavailable,,unavailable,,unavailable_no_verified_acquisition_or_sale_date,observed_reference_fields_plus_unavailable_requested_fields
9066,1942,24년 더 뉴 아반떼(휘),2024-10-10 10:47:31.702523,2024-06-18,,,unavailable,,unavailable,,unavailable,,unavailable,,unavailable_no_verified_acquisition_or_sale_date,observed_reference_fields_plus_unavailable_requested_fields
9067,1942,24년 더 뉴 아반떼(휘),2024-10-10 10:47:31.720149,2024-06-18,,,unavailable,,unavailable,,unavailable,,unavailable,,unavailable_no_verified_acquisition_or_sale_date,observed_reference_fields_plus_unavailable_requested_fields
9068,1942,24년 더 뉴 아반떼(휘),2024-10-10 10:47:31.740209,2024-06-21,,,unavailable,,unavailable,,unavailable,,unavailable,,unavailable_no_verified_acquisition_or_sale_date,observed_reference_fields_plus_unavailable_requested_fields
9069,1942,24년 더 뉴 아반떼(휘),2024-10-10 10:47:31.755909,2024-06-21,,,unavailable,,unavailable,,unavailable,,unavailable,,unavailable_no_verified_acquisition_or_sale_date,observed_reference_fields_plus_unavailable_requested_fields
9070,1934,24년 BMW 미니 컨버터블(휘),2024-10-10 10:47:31.773160,2023-05-30,2024-10-15 04:18:44,,unavailable,,unavailable,,unavailable,,unavailable,,unavailable_no_verified_acquisition_or_sale_date,observed_reference_fields_plus_unavailable_requested_fields
9071,1934,24년 BMW 미니 컨버터블(휘),2024-10-10 10:47:31.791424,2023-05-30,2024-10-15 04:18:51,,unavailable,,unavailable,,unavailable,,unavailable,,unavailable_no_verified_acquisition_or_sale_date,observed_reference_fields_plus_unavailable_requested_fields
9072,1934,24년 BMW 미니 컨버터블(휘),2024-10-10 10:47:31.811068,2024-02-26,,,unavailable,,unavailable,,unavailable,,unavailable,,unavailable_no_verified_acquisition_or_sale_date,observed_reference_fields_plus_unavailable_requested_fields
9073,1934,24년 BMW 미니 컨버터블(휘),2024-10-10 10:47:31.829298,2024-03-22,,,unavailable,,unavailable,,unavailable,,unavailable,,unavailable_no_verified_acquisition_or_sale_date,observed_reference_fields_plus_unavailable_requested_fields
9074,1934,24년 BMW 미니 컨버터블(휘),2024-10-10 10:47:31.847922,2024-03-22,,,unavailable,,unavailable,,unavailable,,unavailable,,unavailable_no_verified_acquisition_or_sale_date,observed_reference_fields_plus_unavailable_requested_fields
9075,1934,24년 BMW 미니 컨버터블(휘),2024-10-10 10:47:31.864093,2024-04-16,2024-10-15 04:18:57,,unavailable,,unavailable,,unavailable,,unavailable,,unavailable_no_verified_acquisition_or_sale_date,observed_reference_fields_plus_unavailable_requested_fields
9076,1934,24년 BMW 미니 컨버터블(휘),2024-10-10 10:47:31.879669,2024-02-26,,,unavailable,,unavailable,,unavailable,,unavailable,,unavailable_no_verified_acquisition_or_sale_date,observed_reference_fields_plus_unavailable_requested_fields
9077,1886,21년 벤츠G63 AMG 지바겐(휘),2024-10-10 10:47:31.895763,2021-03-03,,,unavailable,,unavailable,,unavailable,,unavailable,,unavailable_no_verified_acquisition_or_sale_date,observed_reference_fields_plus_unavailable_requested_fields
9078,1943,24년 디올뉴 싼타페 4륜(7인/휘),2024-10-10 10:47:31.913503,2023-09-19,,,unavailable,,unavailable,,unavailable,,unavailable,,unavailable_no_verified_acquisition_or_sale_date,observed_reference_fields_plus_unavailable_requested_fields
9079,1943,24년 디올뉴 싼타페 4륜(7인/휘),2024-10-10 10:47:31.930785,2023-09-18,,,unavailable,,unavailable,,unavailable,,unavailable,,unavailable_no_verified_acquisition_or_sale_date,observed_reference_fields_plus_unavailable_requested_fields
9080,1943,24년 디올뉴 싼타페 4륜(7인/휘),2024-10-10 10:47:31.950883,2023-09-18,,,unavailable,,unavailable,,unavailable,,unavailable,,unavailable_no_verified_acquisition_or_sale_date,observed_reference_fields_plus_unavailable_requested_fields
9081,1943,24년 디올뉴 싼타페 4륜(7인/휘),2024-10-10 10:47:31.966190,2023-09-18,,,unavailable,,unavailable,,unavailable,,unavailable,,unavailable_no_verified_acquisition_or_sale_date,observed_reference_fields_plus_unavailable_requested_fields
9082,1943,24년 디올뉴 싼타페 4륜(7인/휘),2024-10-10 10:47:31.981487,2023-09-18,,,unavailable,,unavailable,,unavailable,,unavailable,,unavailable_no_verified_acquisition_or_sale_date,observed_reference_fields_plus_unavailable_requested_fields
9083,1943,24년 디올뉴 싼타페 4륜(7인/휘),2024-10-10 10:47:32.002773,2023-09-18,,,unavailable,,unavailable,,unavailable,,unavailable,,unavailable_no_verified_acquisition_or_sale_date,observed_reference_fields_plus_unavailable_requested_fields
9084,1943,24년 디올뉴 싼타페 4륜(7인/휘),2024-10-10 10:47:32.022009,2023-09-19,,,unavailable,,unavailable,,unavailable,,unavailable,,unavailable_no_verified_acquisition_or_sale_date,observed_reference_fields_plus_unavailable_requested_fields
9085,1943,24년 디올뉴 싼타페 4륜(7인/휘),2024-10-10 10:47:32.038288,2023-09-19,,,unavailable,,unavailable,,unavailable,,unavailable,,unavailable_no_verified_acquisition_or_sale_date,observed_reference_fields_plus_unavailable_requested_fields
9086,1943,24년 디올뉴 싼타페 4륜(7인/휘),2024-10-10 10:47:32.056534,2023-09-19,,,unavailable,,unavailable,,unavailable,,unavailable,,unavailable_no_verified_acquisition_or_sale_date,observed_reference_fields_plus_unavailable_requested_fields
9087,1943,24년 디올뉴 싼타페 4륜(7인/휘),2024-10-10 10:47:32.072406,2023-10-06,,,unavailable,,unavailable,,unavailable,,unavailable,,unavailable_no_verified_acquisition_or_sale_date,observed_reference_fields_plus_unavailable_requested_fields
9088,1943,24년 디올뉴 싼타페 4륜(7인/휘),2024-10-10 10:47:32.089456,2023-10-06,,,unavailable,,unavailable,,unavailable,,unavailable,,unavailable_no_verified_acquisition_or_sale_date,observed_reference_fields_plus_unavailable_requested_fields
9089,1969,24년 더 뉴 카니발 9인승(경유),2024-10-14 11:24:42.600353,2024-09-30,,,unavailable,,unavailable,,unavailable,,unavailable,,unavailable_no_verified_acquisition_or_sale_date,observed_reference_fields_plus_unavailable_requested_fields
9090,1969,24년 더 뉴 카니발 9인승(경유),2024-10-14 11:24:42.620677,2024-09-30,,,unavailable,,unavailable,,unavailable,,unavailable,,unavailable_no_verified_acquisition_or_sale_date,observed_reference_fields_plus_unavailable_requested_fields
9091,1969,24년 더 뉴 카니발 9인승(경유),2024-10-14 11:24:42.624857,2024-09-30,,,unavailable,,unavailable,,unavailable,,unavailable,,unavailable_no_verified_acquisition_or_sale_date,observed_reference_fields_plus_unavailable_requested_fields
9092,1969,24년 더 뉴 카니발 9인승(경유),2024-10-14 11:24:42.627523,2024-09-30,,,unavailable,,unavailable,,unavailable,,unavailable,,unavailable_no_verified_acquisition_or_sale_date,observed_reference_fields_plus_unavailable_requested_fields
9093,1969,24년 더 뉴 카니발 9인승(경유),2024-10-14 11:24:42.629733,2024-10-08,,,unavailable,,unavailable,,unavailable,,unavailable,,unavailable_no_verified_acquisition_or_sale_date,observed_reference_fields_plus_unavailable_requested_fields
9094,1969,24년 더 뉴 카니발 9인승(경유),2024-10-14 11:24:42.631725,2024-10-08,,,unavailable,,unavailable,,unavailable,,unavailable,,unavailable_no_verified_acquisition_or_sale_date,observed_reference_fields_plus_unavailable_requested_fields
9095,1947,24년 더뉴그랜저 하이브리드(휘),2024-10-14 11:24:42.634381,2024-10-08,,,unavailable,,unavailable,,unavailable,,unavailable,,unavailable_no_verified_acquisition_or_sale_date,observed_reference_fields_plus_unavailable_requested_fields
9096,1947,24년 더뉴그랜저 하이브리드(휘),2024-10-14 11:24:42.636896,2024-10-08,,,unavailable,,unavailable,,unavailable,,unavailable,,unavailable_no_verified_acquisition_or_sale_date,observed_reference_fields_plus_unavailable_requested_fields
9097,1971,24년 싼타페 하이브리드 4륜 (7인/휘),2024-10-14 11:24:42.640116,2024-10-08,,,unavailable,,unavailable,,unavailable,,unavailable,,unavailable_no_verified_acquisition_or_sale_date,observed_reference_fields_plus_unavailable_requested_fields
9098,1971,24년 싼타페 하이브리드 4륜 (7인/휘),2024-10-14 11:24:42.643042,2024-10-08,,,unavailable,,unavailable,,unavailable,,unavailable,,unavailable_no_verified_acquisition_or_sale_date,observed_reference_fields_plus_unavailable_requested_fields
9099,1971,24년 싼타페 하이브리드 4륜 (7인/휘),2024-10-14 11:24:42.645880,2024-10-08,,,unavailable,,unavailable,,unavailable,,unavailable,,unavailable_no_verified_acquisition_or_sale_date,observed_reference_fields_plus_unavailable_requested_fields
9100,1971,24년 싼타페 하이브리드 4륜 (7인/휘),2024-10-14 11:24:42.648133,2024-10-08,,,unavailable,,unavailable,,unavailable,,unavailable,,unavailable_no_verified_acquisition_or_sale_date,observed_reference_fields_plus_unavailable_requested_fields
9101,1971,24년 싼타페 하이브리드 4륜 (7인/휘),2024-10-14 11:24:42.650560,2024-10-08,,,unavailable,,unavailable,,unavailable,,unavailable,,unavailable_no_verified_acquisition_or_sale_date,observed_reference_fields_plus_unavailable_requested_fields
9102,1977,24년 코나(휘),2024-10-14 11:24:42.652907,2024-10-08,,,unavailable,,unavailable,,unavailable,,unavailable,,unavailable_no_verified_acquisition_or_sale_date,observed_reference_fields_plus_unavailable_requested_fields
9103,1977,24년 코나(휘),2024-10-14 11:24:42.654768,2024-10-08,,,unavailable,,unavailable,,unavailable,,unavailable,,unavailable_no_verified_acquisition_or_sale_date,observed_reference_fields_plus_unavailable_requested_fields
9104,1977,24년 코나(휘),2024-10-14 11:24:42.656480,2024-10-08,,,unavailable,,unavailable,,unavailable,,unavailable,,unavailable_no_verified_acquisition_or_sale_date,observed_reference_fields_plus_unavailable_requested_fields
9105,1977,24년 코나(휘),2024-10-14 11:24:42.658821,2024-10-08,,,unavailable,,unavailable,,unavailable,,unavailable,,unavailable_no_verified_acquisition_or_sale_date,observed_reference_fields_plus_unavailable_requested_fields
9106,1977,24년 코나(휘),2024-10-14 11:24:42.660808,2024-10-08,,,unavailable,,unavailable,,unavailable,,unavailable,,unavailable_no_verified_acquisition_or_sale_date,observed_reference_fields_plus_unavailable_requested_fields
9107,1944,24년 더 뉴 쏘렌토 4륜(7인/휘),2024-10-14 11:24:42.662937,2024-09-30,,,unavailable,,unavailable,,unavailable,,unavailable,,unavailable_no_verified_acquisition_or_sale_date,observed_reference_fields_plus_unavailable_requested_fields
9108,1944,24년 더 뉴 쏘렌토 4륜(7인/휘),2024-10-14 11:24:42.664636,2024-09-30,,,unavailable,,unavailable,,unavailable,,unavailable,,unavailable_no_verified_acquisition_or_sale_date,observed_reference_fields_plus_unavailable_requested_fields
9109,1944,24년 더 뉴 쏘렌토 4륜(7인/휘),2024-10-14 11:24:42.666703,2024-09-30,,,unavailable,,unavailable,,unavailable,,unavailable,,unavailable_no_verified_acquisition_or_sale_date,observed_reference_fields_plus_unavailable_requested_fields
9110,1944,24년 더 뉴 쏘렌토 4륜(7인/휘),2024-10-14 11:24:42.668329,2024-09-30,,,unavailable,,unavailable,,unavailable,,unavailable,,unavailable_no_verified_acquisition_or_sale_date,observed_reference_fields_plus_unavailable_requested_fields
9111,1944,24년 더 뉴 쏘렌토 4륜(7인/휘),2024-10-14 11:24:42.670420,2024-09-30,,,unavailable,,unavailable,,unavailable,,unavailable,,unavailable_no_verified_acquisition_or_sale_date,observed_reference_fields_plus_unavailable_requested_fields
9430,1985,18/19 더뉴K5[휘],2024-10-14 13:42:13.739645,,2024-10-14 13:42:13,,unavailable,,unavailable,,unavailable,,unavailable,,unavailable_no_verified_acquisition_or_sale_date,observed_reference_fields_plus_unavailable_requested_fields
9431,1986,2019 더뉴K5[LPG],2024-10-14 13:42:13.776100,,2024-10-14 13:42:13,,unavailable,,unavailable,,unavailable,,unavailable,,unavailable_no_verified_acquisition_or_sale_date,observed_reference_fields_plus_unavailable_requested_fields
9432,1986,2019 더뉴K5[LPG],2024-10-14 13:42:13.811569,,2024-10-14 13:42:13,,unavailable,,unavailable,,unavailable,,unavailable,,unavailable_no_verified_acquisition_or_sale_date,observed_reference_fields_plus_unavailable_requested_fields
9433,1985,18/19 더뉴K5[휘],2024-10-14 13:42:13.846583,,2024-10-14 13:42:13,,unavailable,,unavailable,,unavailable,,unavailable,,unavailable_no_verified_acquisition_or_sale_date,observed_reference_fields_plus_unavailable_requested_fields
9434,1986,2019 더뉴K5[LPG],2024-10-14 13:42:13.882501,,2024-10-14 13:42:13,,unavailable,,unavailable,,unavailable,,unavailable,,unavailable_no_verified_acquisition_or_sale_date,observed_reference_fields_plus_unavailable_requested_fields
9435,1986,2019 더뉴K5[LPG],2024-10-14 13:42:13.917247,,2024-10-14 13:42:13,,unavailable,,unavailable,,unavailable,,unavailable,,unavailable_no_verified_acquisition_or_sale_date,observed_reference_fields_plus_unavailable_requested_fields
9436,1986,2019 더뉴K5[LPG],2024-10-14 13:42:13.953042,,2024-10-14 13:42:13,,unavailable,,unavailable,,unavailable,,unavailable,,unavailable_no_verified_acquisition_or_sale_date,observed_reference_fields_plus_unavailable_requested_fields
9437,1985,18/19 더뉴K5[휘],2024-10-14 13:42:13.988758,,2024-10-14 13:42:13,,unavailable,,unavailable,,unavailable,,unavailable,,unavailable_no_verified_acquisition_or_sale_date,observed_reference_fields_plus_unavailable_requested_fields
9438,1852,18년 뉴레이(휘),2024-10-14 13:42:14.024355,,2024-10-14 13:42:14,,unavailable,,unavailable,,unavailable,,unavailable,,unavailable_no_verified_acquisition_or_sale_date,observed_reference_fields_plus_unavailable_requested_fields
9439,1843,16/18년 올뉴카니발9인(경유),2024-10-14 13:42:14.059095,,2024-10-14 13:42:14,,unavailable,,unavailable,,unavailable,,unavailable,,unavailable_no_verified_acquisition_or_sale_date,observed_reference_fields_plus_unavailable_requested_fields
9440,1843,16/18년 올뉴카니발9인(경유),2024-10-14 13:42:14.094327,,2024-10-14 13:42:14,,unavailable,,unavailable,,unavailable,,unavailable,,unavailable_no_verified_acquisition_or_sale_date,observed_reference_fields_plus_unavailable_requested_fields
9441,1843,16/18년 올뉴카니발9인(경유),2024-10-14 13:42:14.129703,,2024-10-14 13:42:14,,unavailable,,unavailable,,unavailable,,unavailable,,unavailable_no_verified_acquisition_or_sale_date,observed_reference_fields_plus_unavailable_requested_fields
9442,1982,2018 더뉴모하비7인(4WD)[경유],2024-10-14 13:42:14.164081,,2024-10-14 13:42:14,,unavailable,,unavailable,,unavailable,,unavailable,,unavailable_no_verified_acquisition_or_sale_date,observed_reference_fields_plus_unavailable_requested_fields
9443,1982,2018 더뉴모하비7인(4WD)[경유],2024-10-14 13:42:14.199254,,2024-10-14 13:42:14,,unavailable,,unavailable,,unavailable,,unavailable,,unavailable_no_verified_acquisition_or_sale_date,observed_reference_fields_plus_unavailable_requested_fields
9444,1905,22년 EV6(전기),2024-10-14 13:42:14.234139,,2024-10-14 13:42:14,,unavailable,,unavailable,,unavailable,,unavailable,,unavailable_no_verified_acquisition_or_sale_date,observed_reference_fields_plus_unavailable_requested_fields
9445,1858,19년 싼타페TM 2륜 (5인/경유),2024-10-14 13:42:14.269326,,2024-10-14 13:42:14,,unavailable,,unavailable,,unavailable,,unavailable,,unavailable_no_verified_acquisition_or_sale_date,observed_reference_fields_plus_unavailable_requested_fields
9446,1858,19년 싼타페TM 2륜 (5인/경유),2024-10-14 13:42:14.305016,,2024-10-14 13:42:14,,unavailable,,unavailable,,unavailable,,unavailable,,unavailable_no_verified_acquisition_or_sale_date,observed_reference_fields_plus_unavailable_requested_fields
9447,1858,19년 싼타페TM 2륜 (5인/경유),2024-10-14 13:42:14.340671,,2024-10-14 13:42:14,,unavailable,,unavailable,,unavailable,,unavailable,,unavailable_no_verified_acquisition_or_sale_date,observed_reference_fields_plus_unavailable_requested_fields
9448,1987,19년 팰리세이드 8인승[경유],2024-10-14 13:42:14.375927,,2024-10-14 13:42:14,,unavailable,,unavailable,,unavailable,,unavailable,,unavailable_no_verified_acquisition_or_sale_date,observed_reference_fields_plus_unavailable_requested_fields
9449,1996,19년 팰리세이드 8인승 4륜[경유],2024-10-14 13:42:14.411426,,2024-10-14 13:42:14,,unavailable,,unavailable,,unavailable,,unavailable,,unavailable_no_verified_acquisition_or_sale_date,observed_reference_fields_plus_unavailable_requested_fields
9450,1987,19년 팰리세이드 8인승[경유],2024-10-14 13:42:14.446642,,2024-10-14 13:42:14,,unavailable,,unavailable,,unavailable,,unavailable,,unavailable_no_verified_acquisition_or_sale_date,observed_reference_fields_plus_unavailable_requested_fields
9451,1996,19년 팰리세이드 8인승 4륜[경유],2024-10-14 13:42:14.481541,,2024-10-14 13:42:14,,unavailable,,unavailable,,unavailable,,unavailable,,unavailable_no_verified_acquisition_or_sale_date,observed_reference_fields_plus_unavailable_requested_fields
9452,1858,19년 싼타페TM 2륜 (5인/경유),2024-10-14 13:42:14.516641,,2024-10-14 13:42:14,,unavailable,,unavailable,,unavailable,,unavailable,,unavailable_no_verified_acquisition_or_sale_date,observed_reference_fields_plus_unavailable_requested_fields
9453,1858,19년 싼타페TM 2륜 (5인/경유),2024-10-14 13:42:14.551969,,2024-10-14 13:42:14,,unavailable,,unavailable,,unavailable,,unavailable,,unavailable_no_verified_acquisition_or_sale_date,observed_reference_fields_plus_unavailable_requested_fields
9454,1858,19년 싼타페TM 2륜 (5인/경유),2024-10-14 13:42:14.587770,,2024-10-14 13:42:14,,unavailable,,unavailable,,unavailable,,unavailable,,unavailable_no_verified_acquisition_or_sale_date,observed_reference_fields_plus_unavailable_requested_fields
9455,1852,18년 뉴레이(휘),2024-10-14 13:42:14.622865,,2024-10-14 13:42:14,,unavailable,,unavailable,,unavailable,,unavailable,,unavailable_no_verified_acquisition_or_sale_date,observed_reference_fields_plus_unavailable_requested_fields
9456,1983,18/19 쏘나타뉴라이즈[LPG],2024-10-14 13:42:14.658012,,2024-10-14 13:42:14,,unavailable,,unavailable,,unavailable,,unavailable,,unavailable_no_verified_acquisition_or_sale_date,observed_reference_fields_plus_unavailable_requested_fields
9457,1987,19년 팰리세이드 8인승[경유],2024-10-14 13:42:14.693722,,2024-10-14 13:42:14,,unavailable,,unavailable,,unavailable,,unavailable,,unavailable_no_verified_acquisition_or_sale_date,observed_reference_fields_plus_unavailable_requested_fields
9458,1852,18년 뉴레이(휘),2024-10-14 13:42:14.728438,,2024-10-14 13:42:14,,unavailable,,unavailable,,unavailable,,unavailable,,unavailable_no_verified_acquisition_or_sale_date,observed_reference_fields_plus_unavailable_requested_fields
9459,1987,19년 팰리세이드 8인승[경유],2024-10-14 13:42:14.763116,,2024-10-14 13:42:14,,unavailable,,unavailable,,unavailable,,unavailable,,unavailable_no_verified_acquisition_or_sale_date,observed_reference_fields_plus_unavailable_requested_fields
9460,1979,17~19년 그랜져IG[LPG],2024-10-14 13:42:14.798136,,2024-10-14 13:42:14,,unavailable,,unavailable,,unavailable,,unavailable,,unavailable_no_verified_acquisition_or_sale_date,observed_reference_fields_plus_unavailable_requested_fields
9461,1979,17~19년 그랜져IG[LPG],2024-10-14 13:42:14.833785,,2024-10-14 13:42:14,,unavailable,,unavailable,,unavailable,,unavailable,,unavailable_no_verified_acquisition_or_sale_date,observed_reference_fields_plus_unavailable_requested_fields
9462,1979,17~19년 그랜져IG[LPG],2024-10-14 13:42:14.869290,,2024-10-14 13:42:14,,unavailable,,unavailable,,unavailable,,unavailable,,unavailable_no_verified_acquisition_or_sale_date,observed_reference_fields_plus_unavailable_requested_fields
9463,1981,17년 올뉴스포티지[경유],2024-10-14 13:42:14.904248,,2024-10-14 13:42:14,,unavailable,,unavailable,,unavailable,,unavailable,,unavailable_no_verified_acquisition_or_sale_date,observed_reference_fields_plus_unavailable_requested_fields
9464,1980,17년 올뉴쏘렌토5인[경유],2024-10-14 13:42:14.938664,,2024-10-14 13:42:14,,unavailable,,unavailable,,unavailable,,unavailable,,unavailable_no_verified_acquisition_or_sale_date,observed_reference_fields_plus_unavailable_requested_fields
9465,1980,17년 올뉴쏘렌토5인[경유],2024-10-14 13:42:14.973820,,2024-10-14 13:42:14,,unavailable,,unavailable,,unavailable,,unavailable,,unavailable_no_verified_acquisition_or_sale_date,observed_reference_fields_plus_unavailable_requested_fields
9466,1980,17년 올뉴쏘렌토5인[경유],2024-10-14 13:42:15.008956,,2024-10-14 13:42:15,,unavailable,,unavailable,,unavailable,,unavailable,,unavailable_no_verified_acquisition_or_sale_date,observed_reference_fields_plus_unavailable_requested_fields
9467,1843,16/18년 올뉴카니발9인(경유),2024-10-14 13:42:15.044039,,2024-10-14 13:42:15,,unavailable,,unavailable,,unavailable,,unavailable,,unavailable_no_verified_acquisition_or_sale_date,observed_reference_fields_plus_unavailable_requested_fields
9468,1843,16/18년 올뉴카니발9인(경유),2024-10-14 13:42:15.080704,,2024-10-14 13:42:15,,unavailable,,unavailable,,unavailable,,unavailable,,unavailable_no_verified_acquisition_or_sale_date,observed_reference_fields_plus_unavailable_requested_fields
9469,1843,16/18년 올뉴카니발9인(경유),2024-10-14 13:42:15.118520,,2024-10-14 13:42:15,,unavailable,,unavailable,,unavailable,,unavailable,,unavailable_no_verified_acquisition_or_sale_date,observed_reference_fields_plus_unavailable_requested_fields
9470,1843,16/18년 올뉴카니발9인(경유),2024-10-14 13:42:15.153117,,2024-10-14 13:42:15,,unavailable,,unavailable,,unavailable,,unavailable,,unavailable_no_verified_acquisition_or_sale_date,observed_reference_fields_plus_unavailable_requested_fields
9471,1843,16/18년 올뉴카니발9인(경유),2024-10-14 13:42:15.188352,,2024-10-14 13:42:15,,unavailable,,unavailable,,unavailable,,unavailable,,unavailable_no_verified_acquisition_or_sale_date,observed_reference_fields_plus_unavailable_requested_fields
9472,1843,16/18년 올뉴카니발9인(경유),2024-10-14 13:42:15.222878,,2024-10-14 13:42:15,,unavailable,,unavailable,,unavailable,,unavailable,,unavailable_no_verified_acquisition_or_sale_date,observed_reference_fields_plus_unavailable_requested_fields
9473,1843,16/18년 올뉴카니발9인(경유),2024-10-14 13:42:15.258192,,2024-10-14 13:42:15,,unavailable,,unavailable,,unavailable,,unavailable,,unavailable_no_verified_acquisition_or_sale_date,observed_reference_fields_plus_unavailable_requested_fields
9474,1843,16/18년 올뉴카니발9인(경유),2024-10-14 13:42:15.293304,,2024-10-14 13:42:15,,unavailable,,unavailable,,unavailable,,unavailable,,unavailable_no_verified_acquisition_or_sale_date,observed_reference_fields_plus_unavailable_requested_fields
9475,1843,16/18년 올뉴카니발9인(경유),2024-10-14 13:42:15.328988,,2024-10-14 13:42:15,,unavailable,,unavailable,,unavailable,,unavailable,,unavailable_no_verified_acquisition_or_sale_date,observed_reference_fields_plus_unavailable_requested_fields
9476,1843,16/18년 올뉴카니발9인(경유),2024-10-14 13:42:15.364827,,2024-10-14 13:42:15,,unavailable,,unavailable,,unavailable,,unavailable,,unavailable_no_verified_acquisition_or_sale_date,observed_reference_fields_plus_unavailable_requested_fields
9477,1934,24년 BMW 미니 컨버터블(휘),2024-10-14 13:42:15.399121,,2024-10-14 13:42:15,,unavailable,,unavailable,,unavailable,,unavailable,,unavailable_no_verified_acquisition_or_sale_date,observed_reference_fields_plus_unavailable_requested_fields
9478,1915,22년 모닝(휘),2024-10-14 13:42:15.433308,,2024-10-14 13:42:15,,unavailable,,unavailable,,unavailable,,unavailable,,unavailable_no_verified_acquisition_or_sale_date,observed_reference_fields_plus_unavailable_requested_fields
9479,1917,22년 XM3(휘),2024-10-14 13:42:15.468337,,2024-10-14 13:42:15,,unavailable,,unavailable,,unavailable,,unavailable,,unavailable_no_verified_acquisition_or_sale_date,observed_reference_fields_plus_unavailable_requested_fields
9480,1917,22년 XM3(휘),2024-10-14 13:42:15.502674,,2024-10-14 13:42:15,,unavailable,,unavailable,,unavailable,,unavailable,,unavailable_no_verified_acquisition_or_sale_date,observed_reference_fields_plus_unavailable_requested_fields
9481,1915,22년 모닝(휘),2024-10-14 13:42:15.537854,,2024-10-14 13:42:15,,unavailable,,unavailable,,unavailable,,unavailable,,unavailable_no_verified_acquisition_or_sale_date,observed_reference_fields_plus_unavailable_requested_fields
9482,1915,22년 모닝(휘),2024-10-14 13:42:15.572545,,2024-10-14 13:42:15,,unavailable,,unavailable,,unavailable,,unavailable,,unavailable_no_verified_acquisition_or_sale_date,observed_reference_fields_plus_unavailable_requested_fields
9483,1915,22년 모닝(휘),2024-10-14 13:42:15.607312,,2024-10-14 13:42:15,,unavailable,,unavailable,,unavailable,,unavailable,,unavailable_no_verified_acquisition_or_sale_date,observed_reference_fields_plus_unavailable_requested_fields
9484,1915,22년 모닝(휘),2024-10-14 13:42:15.641511,,2024-10-14 13:42:15,,unavailable,,unavailable,,unavailable,,unavailable,,unavailable_no_verified_acquisition_or_sale_date,observed_reference_fields_plus_unavailable_requested_fields
9485,1915,22년 모닝(휘),2024-10-14 13:42:15.676660,,2024-10-14 13:42:15,,unavailable,,unavailable,,unavailable,,unavailable,,unavailable_no_verified_acquisition_or_sale_date,observed_reference_fields_plus_unavailable_requested_fields
9486,1915,22년 모닝(휘),2024-10-14 13:42:15.711595,,2024-10-14 13:42:15,,unavailable,,unavailable,,unavailable,,unavailable,,unavailable_no_verified_acquisition_or_sale_date,observed_reference_fields_plus_unavailable_requested_fields
9487,1915,22년 모닝(휘),2024-10-14 13:42:15.746502,,2024-10-14 13:42:15,,unavailable,,unavailable,,unavailable,,unavailable,,unavailable_no_verified_acquisition_or_sale_date,observed_reference_fields_plus_unavailable_requested_fields
9488,1915,22년 모닝(휘),2024-10-14 13:42:15.782144,,2024-10-14 13:42:15,,unavailable,,unavailable,,unavailable,,unavailable,,unavailable_no_verified_acquisition_or_sale_date,observed_reference_fields_plus_unavailable_requested_fields
9489,1915,22년 모닝(휘),2024-10-14 13:42:15.817803,,2024-10-14 13:42:15,,unavailable,,unavailable,,unavailable,,unavailable,,unavailable_no_verified_acquisition_or_sale_date,observed_reference_fields_plus_unavailable_requested_fields
9490,1915,22년 모닝(휘),2024-10-14 13:42:15.852986,,2024-10-14 13:42:15,,unavailable,,unavailable,,unavailable,,unavailable,,unavailable_no_verified_acquisition_or_sale_date,observed_reference_fields_plus_unavailable_requested_fields
9491,1917,22년 XM3(휘),2024-10-14 13:42:15.888208,,2024-10-14 13:42:15,,unavailable,,unavailable,,unavailable,,unavailable,,unavailable_no_verified_acquisition_or_sale_date,observed_reference_fields_plus_unavailable_requested_fields
9492,1949,24년 쏠라티(15인/경유),2024-10-14 13:42:15.922977,,2024-10-14 13:42:15,,unavailable,,unavailable,,unavailable,,unavailable,,unavailable_no_verified_acquisition_or_sale_date,observed_reference_fields_plus_unavailable_requested_fields
9493,1988,19년 뉴SM3 ZE[전기],2024-10-14 13:42:15.957352,,2024-10-14 13:42:15,,unavailable,,unavailable,,unavailable,,unavailable,,unavailable_no_verified_acquisition_or_sale_date,observed_reference_fields_plus_unavailable_requested_fields
9494,1988,19년 뉴SM3 ZE[전기],2024-10-14 13:42:15.992990,,2024-10-14 13:42:15,,unavailable,,unavailable,,unavailable,,unavailable,,unavailable_no_verified_acquisition_or_sale_date,observed_reference_fields_plus_unavailable_requested_fields
9495,1988,19년 뉴SM3 ZE[전기],2024-10-14 13:42:16.028198,,2024-10-14 13:42:16,,unavailable,,unavailable,,unavailable,,unavailable,,unavailable_no_verified_acquisition_or_sale_date,observed_reference_fields_plus_unavailable_requested_fields
9496,1988,19년 뉴SM3 ZE[전기],2024-10-14 13:42:16.063373,,2024-10-14 13:42:16,,unavailable,,unavailable,,unavailable,,unavailable,,unavailable_no_verified_acquisition_or_sale_date,observed_reference_fields_plus_unavailable_requested_fields
9497,1988,19년 뉴SM3 ZE[전기],2024-10-14 13:42:16.101366,,2024-10-14 13:42:16,,unavailable,,unavailable,,unavailable,,unavailable,,unavailable_no_verified_acquisition_or_sale_date,observed_reference_fields_plus_unavailable_requested_fields
9498,1988,19년 뉴SM3 ZE[전기],2024-10-14 13:42:16.136366,,2024-10-14 13:42:16,,unavailable,,unavailable,,unavailable,,unavailable,,unavailable_no_verified_acquisition_or_sale_date,observed_reference_fields_plus_unavailable_requested_fields
9499,1988,19년 뉴SM3 ZE[전기],2024-10-14 13:42:16.170958,,2024-10-14 13:42:16,,unavailable,,unavailable,,unavailable,,unavailable,,unavailable_no_verified_acquisition_or_sale_date,observed_reference_fields_plus_unavailable_requested_fields
9500,1988,19년 뉴SM3 ZE[전기],2024-10-14 13:42:16.205969,,2024-10-14 13:42:16,,unavailable,,unavailable,,unavailable,,unavailable,,unavailable_no_verified_acquisition_or_sale_date,observed_reference_fields_plus_unavailable_requested_fields
9501,1988,19년 뉴SM3 ZE[전기],2024-10-14 13:42:16.240867,,2024-10-14 13:42:16,,unavailable,,unavailable,,unavailable,,unavailable,,unavailable_no_verified_acquisition_or_sale_date,observed_reference_fields_plus_unavailable_requested_fields
9502,2015,24년 더 뉴 모하비 마스터즈 4WD 7인승(경유),2024-10-14 13:42:16.277161,,2024-11-14 13:42:16,,unavailable,,unavailable,,unavailable,,unavailable,,unavailable_no_verified_acquisition_or_sale_date,observed_reference_fields_plus_unavailable_requested_fields
9503,1915,22년 모닝(휘),2024-10-14 13:42:16.311805,,2024-10-14 13:42:16,,unavailable,,unavailable,,unavailable,,unavailable,,unavailable_no_verified_acquisition_or_sale_date,observed_reference_fields_plus_unavailable_requested_fields
9504,1915,22년 모닝(휘),2024-10-14 13:42:16.346639,,2024-10-14 13:42:16,,unavailable,,unavailable,,unavailable,,unavailable,,unavailable_no_verified_acquisition_or_sale_date,observed_reference_fields_plus_unavailable_requested_fields
9505,1915,22년 모닝(휘),2024-10-14 13:42:16.381735,,2024-10-14 13:42:16,,unavailable,,unavailable,,unavailable,,unavailable,,unavailable_no_verified_acquisition_or_sale_date,observed_reference_fields_plus_unavailable_requested_fields
9506,1915,22년 모닝(휘),2024-10-14 13:42:16.427092,,2024-10-14 13:42:16,,unavailable,,unavailable,,unavailable,,unavailable,,unavailable_no_verified_acquisition_or_sale_date,observed_reference_fields_plus_unavailable_requested_fields
9507,1915,22년 모닝(휘),2024-10-14 13:42:16.463473,,2024-10-14 13:42:16,,unavailable,,unavailable,,unavailable,,unavailable,,unavailable_no_verified_acquisition_or_sale_date,observed_reference_fields_plus_unavailable_requested_fields
9508,1915,22년 모닝(휘),2024-10-14 13:42:16.499410,,2024-10-14 13:42:16,,unavailable,,unavailable,,unavailable,,unavailable,,unavailable_no_verified_acquisition_or_sale_date,observed_reference_fields_plus_unavailable_requested_fields
9509,1915,22년 모닝(휘),2024-10-14 13:42:16.534220,,2024-10-14 13:42:16,,unavailable,,unavailable,,unavailable,,unavailable,,unavailable_no_verified_acquisition_or_sale_date,observed_reference_fields_plus_unavailable_requested_fields
9510,1915,22년 모닝(휘),2024-10-14 13:42:16.569806,,2024-10-14 13:42:16,,unavailable,,unavailable,,unavailable,,unavailable,,unavailable_no_verified_acquisition_or_sale_date,observed_reference_fields_plus_unavailable_requested_fields
9511,2001,2022년  QM6(휘),2024-10-14 13:42:16.606856,,2024-10-14 13:42:16,,unavailable,,unavailable,,unavailable,,unavailable,,unavailable_no_verified_acquisition_or_sale_date,observed_reference_fields_plus_unavailable_requested_fields
9512,2001,2022년  QM6(휘),2024-10-14 13:42:16.641778,,2024-10-14 13:42:16,,unavailable,,unavailable,,unavailable,,unavailable,,unavailable_no_verified_acquisition_or_sale_date,observed_reference_fields_plus_unavailable_requested_fields
9513,2001,2022년  QM6(휘),2024-10-14 13:42:16.676970,,2024-10-14 13:42:16,,unavailable,,unavailable,,unavailable,,unavailable,,unavailable_no_verified_acquisition_or_sale_date,observed_reference_fields_plus_unavailable_requested_fields
9514,2001,2022년  QM6(휘),2024-10-14 13:42:16.712637,,2024-10-14 13:42:16,,unavailable,,unavailable,,unavailable,,unavailable,,unavailable_no_verified_acquisition_or_sale_date,observed_reference_fields_plus_unavailable_requested_fields
9515,2001,2022년  QM6(휘),2024-10-14 13:42:16.746749,,2024-10-14 13:42:16,,unavailable,,unavailable,,unavailable,,unavailable,,unavailable_no_verified_acquisition_or_sale_date,observed_reference_fields_plus_unavailable_requested_fields
9516,2001,2022년  QM6(휘),2024-10-14 13:42:16.781639,,2024-10-14 13:42:16,,unavailable,,unavailable,,unavailable,,unavailable,,unavailable_no_verified_acquisition_or_sale_date,observed_reference_fields_plus_unavailable_requested_fields
9517,2001,2022년  QM6(휘),2024-10-14 13:42:16.816712,,2024-10-14 13:42:16,,unavailable,,unavailable,,unavailable,,unavailable,,unavailable_no_verified_acquisition_or_sale_date,observed_reference_fields_plus_unavailable_requested_fields
9518,2001,2022년  QM6(휘),2024-10-14 13:42:16.852215,,2024-10-14 13:42:16,,unavailable,,unavailable,,unavailable,,unavailable,,unavailable_no_verified_acquisition_or_sale_date,observed_reference_fields_plus_unavailable_requested_fields
9519,2001,2022년  QM6(휘),2024-10-14 13:42:16.887198,,2024-10-14 13:42:16,,unavailable,,unavailable,,unavailable,,unavailable,,unavailable_no_verified_acquisition_or_sale_date,observed_reference_fields_plus_unavailable_requested_fields
9520,2001,2022년  QM6(휘),2024-10-14 13:42:16.922771,,2024-10-14 13:42:16,,unavailable,,unavailable,,unavailable,,unavailable,,unavailable_no_verified_acquisition_or_sale_date,observed_reference_fields_plus_unavailable_requested_fields
9521,2002,22년 아반떼 하이브리드(휘),2024-10-14 13:42:16.959017,,2024-10-14 13:42:16,,unavailable,,unavailable,,unavailable,,unavailable,,unavailable_no_verified_acquisition_or_sale_date,observed_reference_fields_plus_unavailable_requested_fields
9522,2002,22년 아반떼 하이브리드(휘),2024-10-14 13:42:16.993561,,2024-10-14 13:42:16,,unavailable,,unavailable,,unavailable,,unavailable,,unavailable_no_verified_acquisition_or_sale_date,observed_reference_fields_plus_unavailable_requested_fields
9523,2002,22년 아반떼 하이브리드(휘),2024-10-14 13:42:17.071362,,2024-10-14 13:42:17,,unavailable,,unavailable,,unavailable,,unavailable,,unavailable_no_verified_acquisition_or_sale_date,observed_reference_fields_plus_unavailable_requested_fields
9524,2002,22년 아반떼 하이브리드(휘),2024-10-14 13:42:17.107116,,2024-10-14 13:42:17,,unavailable,,unavailable,,unavailable,,unavailable,,unavailable_no_verified_acquisition_or_sale_date,observed_reference_fields_plus_unavailable_requested_fields
9525,2002,22년 아반떼 하이브리드(휘),2024-10-14 13:42:17.141491,,2024-10-14 13:42:17,,unavailable,,unavailable,,unavailable,,unavailable,,unavailable_no_verified_acquisition_or_sale_date,observed_reference_fields_plus_unavailable_requested_fields
9526,2002,22년 아반떼 하이브리드(휘),2024-10-14 13:42:17.177595,,2024-10-14 13:42:17,,unavailable,,unavailable,,unavailable,,unavailable,,unavailable_no_verified_acquisition_or_sale_date,observed_reference_fields_plus_unavailable_requested_fields
9527,2002,22년 아반떼 하이브리드(휘),2024-10-14 13:42:17.212340,,2024-10-14 13:42:17,,unavailable,,unavailable,,unavailable,,unavailable,,unavailable_no_verified_acquisition_or_sale_date,observed_reference_fields_plus_unavailable_requested_fields
9528,2003,2023 스포티지 LPG(LPG),2024-10-14 13:42:17.247957,,2024-10-14 13:42:17,,unavailable,,unavailable,,unavailable,,unavailable,,unavailable_no_verified_acquisition_or_sale_date,observed_reference_fields_plus_unavailable_requested_fields
9529,2003,2023 스포티지 LPG(LPG),2024-10-14 13:42:17.282729,,2024-10-14 13:42:17,,unavailable,,unavailable,,unavailable,,unavailable,,unavailable_no_verified_acquisition_or_sale_date,observed_reference_fields_plus_unavailable_requested_fields
9530,2003,2023 스포티지 LPG(LPG),2024-10-14 13:42:17.317758,,2024-10-14 13:42:17,,unavailable,,unavailable,,unavailable,,unavailable,,unavailable_no_verified_acquisition_or_sale_date,observed_reference_fields_plus_unavailable_requested_fields
9531,2003,2023 스포티지 LPG(LPG),2024-10-14 13:42:17.352758,,2024-10-14 13:42:17,,unavailable,,unavailable,,unavailable,,unavailable,,unavailable_no_verified_acquisition_or_sale_date,observed_reference_fields_plus_unavailable_requested_fields
9532,2003,2023 스포티지 LPG(LPG),2024-10-14 13:42:17.387734,,2024-10-14 13:42:17,,unavailable,,unavailable,,unavailable,,unavailable,,unavailable_no_verified_acquisition_or_sale_date,observed_reference_fields_plus_unavailable_requested_fields
9533,2004,2023 스포티지 하이브리드(휘),2024-10-14 13:42:17.422834,,2024-11-14 13:42:16,,unavailable,,unavailable,,unavailable,,unavailable,,unavailable_no_verified_acquisition_or_sale_date,observed_reference_fields_plus_unavailable_requested_fields
9534,2004,2023 스포티지 하이브리드(휘),2024-10-14 13:42:17.458195,,2024-11-14 13:42:16,,unavailable,,unavailable,,unavailable,,unavailable,,unavailable_no_verified_acquisition_or_sale_date,observed_reference_fields_plus_unavailable_requested_fields
9535,2005,2023 싼타페 하이브리드(휘),2024-10-14 13:42:17.492818,,2024-11-14 13:42:16,,unavailable,,unavailable,,unavailable,,unavailable,,unavailable_no_verified_acquisition_or_sale_date,observed_reference_fields_plus_unavailable_requested_fields
9536,2005,2023 싼타페 하이브리드(휘),2024-10-14 13:42:17.528576,,2024-11-14 13:42:16,,unavailable,,unavailable,,unavailable,,unavailable,,unavailable_no_verified_acquisition_or_sale_date,observed_reference_fields_plus_unavailable_requested_fields
9537,2005,2023 싼타페 하이브리드(휘),2024-10-14 13:42:17.563967,,2024-11-14 13:42:16,,unavailable,,unavailable,,unavailable,,unavailable,,unavailable_no_verified_acquisition_or_sale_date,observed_reference_fields_plus_unavailable_requested_fields
9538,2005,2023 싼타페 하이브리드(휘),2024-10-14 13:42:17.599417,,2024-11-14 13:42:16,,unavailable,,unavailable,,unavailable,,unavailable,,unavailable_no_verified_acquisition_or_sale_date,observed_reference_fields_plus_unavailable_requested_fields
9539,2005,2023 싼타페 하이브리드(휘),2024-10-14 13:42:17.635439,,2024-11-14 13:42:16,,unavailable,,unavailable,,unavailable,,unavailable,,unavailable_no_verified_acquisition_or_sale_date,observed_reference_fields_plus_unavailable_requested_fields
9540,2006,23년 팰리세이드 8인승 4WD(휘),2024-10-14 13:42:17.670024,,2024-10-14 13:42:17,,unavailable,,unavailable,,unavailable,,unavailable,,unavailable_no_verified_acquisition_or_sale_date,observed_reference_fields_plus_unavailable_requested_fields
9541,2006,23년 팰리세이드 8인승 4WD(휘),2024-10-14 13:42:17.705701,,2024-10-14 13:42:17,,unavailable,,unavailable,,unavailable,,unavailable,,unavailable_no_verified_acquisition_or_sale_date,observed_reference_fields_plus_unavailable_requested_fields
9542,2006,23년 팰리세이드 8인승 4WD(휘),2024-10-14 13:42:17.740413,,2024-10-14 13:42:17,,unavailable,,unavailable,,unavailable,,unavailable,,unavailable_no_verified_acquisition_or_sale_date,observed_reference_fields_plus_unavailable_requested_fields
9543,2006,23년 팰리세이드 8인승 4WD(휘),2024-10-14 13:42:17.775985,,2024-10-14 13:42:17,,unavailable,,unavailable,,unavailable,,unavailable,,unavailable_no_verified_acquisition_or_sale_date,observed_reference_fields_plus_unavailable_requested_fields
9544,2006,23년 팰리세이드 8인승 4WD(휘),2024-10-14 13:42:17.810639,,2024-10-14 13:42:17,,unavailable,,unavailable,,unavailable,,unavailable,,unavailable_no_verified_acquisition_or_sale_date,observed_reference_fields_plus_unavailable_requested_fields
9545,2007,23년 K5 하이브리드(휘),2024-10-14 13:42:17.846330,,2024-10-14 13:42:17,,unavailable,,unavailable,,unavailable,,unavailable,,unavailable_no_verified_acquisition_or_sale_date,observed_reference_fields_plus_unavailable_requested_fields
9546,2007,23년 K5 하이브리드(휘),2024-10-14 13:42:17.881305,,2024-10-14 13:42:17,,unavailable,,unavailable,,unavailable,,unavailable,,unavailable_no_verified_acquisition_or_sale_date,observed_reference_fields_plus_unavailable_requested_fields
9547,2008,23년 G80 AWD(휘),2024-10-14 13:42:17.916320,,2024-10-14 13:42:17,,unavailable,,unavailable,,unavailable,,unavailable,,unavailable_no_verified_acquisition_or_sale_date,observed_reference_fields_plus_unavailable_requested_fields
9548,2008,23년 G80 AWD(휘),2024-10-14 13:42:17.951410,,2024-10-14 13:42:17,,unavailable,,unavailable,,unavailable,,unavailable,,unavailable_no_verified_acquisition_or_sale_date,observed_reference_fields_plus_unavailable_requested_fields
9549,2013,24년 더 뉴 투싼 하이브리드(휘),2024-10-14 13:42:17.986029,,2024-10-14 13:42:17,,unavailable,,unavailable,,unavailable,,unavailable,,unavailable_no_verified_acquisition_or_sale_date,observed_reference_fields_plus_unavailable_requested_fields
9550,2013,24년 더 뉴 투싼 하이브리드(휘),2024-10-14 13:42:18.020687,,2024-10-14 13:42:18,,unavailable,,unavailable,,unavailable,,unavailable,,unavailable_no_verified_acquisition_or_sale_date,observed_reference_fields_plus_unavailable_requested_fields
9551,2013,24년 더 뉴 투싼 하이브리드(휘),2024-10-14 13:42:18.056252,,2024-10-14 13:42:18,,unavailable,,unavailable,,unavailable,,unavailable,,unavailable_no_verified_acquisition_or_sale_date,observed_reference_fields_plus_unavailable_requested_fields
9552,2013,24년 더 뉴 투싼 하이브리드(휘),2024-10-14 13:42:18.090844,,2024-10-14 13:42:18,,unavailable,,unavailable,,unavailable,,unavailable,,unavailable_no_verified_acquisition_or_sale_date,observed_reference_fields_plus_unavailable_requested_fields
9553,2013,24년 더 뉴 투싼 하이브리드(휘),2024-10-14 13:42:18.126594,,2024-10-14 13:42:18,,unavailable,,unavailable,,unavailable,,unavailable,,unavailable_no_verified_acquisition_or_sale_date,observed_reference_fields_plus_unavailable_requested_fields
9554,1992,2020 베리뉴티볼리(휘발유),2024-10-14 13:42:18.161565,,2024-11-14 13:42:16,,unavailable,,unavailable,,unavailable,,unavailable,,unavailable_no_verified_acquisition_or_sale_date,observed_reference_fields_plus_unavailable_requested_fields
9555,1971,24년 싼타페 하이브리드 4륜 (7인/휘),2024-10-14 13:42:18.197090,,2024-10-14 13:42:18,,unavailable,,unavailable,,unavailable,,unavailable,,unavailable_no_verified_acquisition_or_sale_date,observed_reference_fields_plus_unavailable_requested_fields
9556,1870,20년 QM6(LPG),2024-10-14 13:42:18.232317,,2024-10-14 13:42:18,,unavailable,,unavailable,,unavailable,,unavailable,,unavailable_no_verified_acquisition_or_sale_date,observed_reference_fields_plus_unavailable_requested_fields
9557,1971,24년 싼타페 하이브리드 4륜 (7인/휘),2024-10-14 13:42:18.267602,,2024-10-14 13:42:18,,unavailable,,unavailable,,unavailable,,unavailable,,unavailable_no_verified_acquisition_or_sale_date,observed_reference_fields_plus_unavailable_requested_fields
9558,1870,20년 QM6(LPG),2024-10-14 13:42:18.302840,,2024-10-14 13:42:18,,unavailable,,unavailable,,unavailable,,unavailable,,unavailable_no_verified_acquisition_or_sale_date,observed_reference_fields_plus_unavailable_requested_fields
9559,1971,24년 싼타페 하이브리드 4륜 (7인/휘),2024-10-14 13:42:18.337957,,2024-10-14 13:42:18,,unavailable,,unavailable,,unavailable,,unavailable,,unavailable_no_verified_acquisition_or_sale_date,observed_reference_fields_plus_unavailable_requested_fields
9560,1870,20년 QM6(LPG),2024-10-14 13:42:18.372505,,2024-10-14 13:42:18,,unavailable,,unavailable,,unavailable,,unavailable,,unavailable_no_verified_acquisition_or_sale_date,observed_reference_fields_plus_unavailable_requested_fields
9561,1989,2020 스포티지 더볼드(휘),2024-10-14 13:42:18.411044,,2024-10-14 13:42:18,,unavailable,,unavailable,,unavailable,,unavailable,,unavailable_no_verified_acquisition_or_sale_date,observed_reference_fields_plus_unavailable_requested_fields
9562,1989,2020 스포티지 더볼드(휘),2024-10-14 13:42:18.445553,,2024-10-14 13:42:18,,unavailable,,unavailable,,unavailable,,unavailable,,unavailable_no_verified_acquisition_or_sale_date,observed_reference_fields_plus_unavailable_requested_fields
9563,1989,2020 스포티지 더볼드(휘),2024-10-14 13:42:18.480257,,2024-10-14 13:42:18,,unavailable,,unavailable,,unavailable,,unavailable,,unavailable_no_verified_acquisition_or_sale_date,observed_reference_fields_plus_unavailable_requested_fields
9564,1989,2020 스포티지 더볼드(휘),2024-10-14 13:42:18.514836,,2024-10-14 13:42:18,,unavailable,,unavailable,,unavailable,,unavailable,,unavailable_no_verified_acquisition_or_sale_date,observed_reference_fields_plus_unavailable_requested_fields
9565,1989,2020 스포티지 더볼드(휘),2024-10-14 13:42:18.550381,,2024-10-14 13:42:18,,unavailable,,unavailable,,unavailable,,unavailable,,unavailable_no_verified_acquisition_or_sale_date,observed_reference_fields_plus_unavailable_requested_fields
9566,1989,2020 스포티지 더볼드(휘),2024-10-14 13:42:18.585079,,2024-10-14 13:42:18,,unavailable,,unavailable,,unavailable,,unavailable,,unavailable_no_verified_acquisition_or_sale_date,observed_reference_fields_plus_unavailable_requested_fields
9567,1992,2020 베리뉴티볼리(휘발유),2024-10-14 13:42:18.619754,,2024-11-14 13:42:16,,unavailable,,unavailable,,unavailable,,unavailable,,unavailable_no_verified_acquisition_or_sale_date,observed_reference_fields_plus_unavailable_requested_fields
9568,1992,2020 베리뉴티볼리(휘발유),2024-10-14 13:42:18.654897,,2024-11-14 13:42:16,,unavailable,,unavailable,,unavailable,,unavailable,,unavailable_no_verified_acquisition_or_sale_date,observed_reference_fields_plus_unavailable_requested_fields
9569,1992,2020 베리뉴티볼리(휘발유),2024-10-14 13:42:18.689723,,2024-11-14 13:42:16,,unavailable,,unavailable,,unavailable,,unavailable,,unavailable_no_verified_acquisition_or_sale_date,observed_reference_fields_plus_unavailable_requested_fields
9570,1971,24년 싼타페 하이브리드 4륜 (7인/휘),2024-10-14 13:42:18.724938,,2024-10-14 13:42:18,,unavailable,,unavailable,,unavailable,,unavailable,,unavailable_no_verified_acquisition_or_sale_date,observed_reference_fields_plus_unavailable_requested_fields
9571,1992,2020 베리뉴티볼리(휘발유),2024-10-14 13:42:18.759796,,2024-11-14 13:42:16,,unavailable,,unavailable,,unavailable,,unavailable,,unavailable_no_verified_acquisition_or_sale_date,observed_reference_fields_plus_unavailable_requested_fields
9572,1971,24년 싼타페 하이브리드 4륜 (7인/휘),2024-10-14 13:42:18.795204,,2024-10-14 13:42:18,,unavailable,,unavailable,,unavailable,,unavailable,,unavailable_no_verified_acquisition_or_sale_date,observed_reference_fields_plus_unavailable_requested_fields
9573,1992,2020 베리뉴티볼리(휘발유),2024-10-14 13:42:18.829884,,2024-11-14 13:42:16,,unavailable,,unavailable,,unavailable,,unavailable,,unavailable_no_verified_acquisition_or_sale_date,observed_reference_fields_plus_unavailable_requested_fields
9574,2019,24년 더 뉴 K3 프레스티지(휘),2024-10-14 13:42:18.864668,,2024-10-14 13:42:18,,unavailable,,unavailable,,unavailable,,unavailable,,unavailable_no_verified_acquisition_or_sale_date,observed_reference_fields_plus_unavailable_requested_fields
9575,1991,2020 뉴 코란도(휘발유),2024-10-14 13:42:18.899746,,2024-10-14 13:42:18,,unavailable,,unavailable,,unavailable,,unavailable,,unavailable_no_verified_acquisition_or_sale_date,observed_reference_fields_plus_unavailable_requested_fields
9576,1991,2020 뉴 코란도(휘발유),2024-10-14 13:42:18.935402,,2024-10-14 13:42:18,,unavailable,,unavailable,,unavailable,,unavailable,,unavailable_no_verified_acquisition_or_sale_date,observed_reference_fields_plus_unavailable_requested_fields
9577,1991,2020 뉴 코란도(휘발유),2024-10-14 13:42:18.970175,,2024-10-14 13:42:18,,unavailable,,unavailable,,unavailable,,unavailable,,unavailable_no_verified_acquisition_or_sale_date,observed_reference_fields_plus_unavailable_requested_fields
9578,1991,2020 뉴 코란도(휘발유),2024-10-14 13:42:19.005445,,2024-10-14 13:42:19,,unavailable,,unavailable,,unavailable,,unavailable,,unavailable_no_verified_acquisition_or_sale_date,observed_reference_fields_plus_unavailable_requested_fields
9579,1991,2020 뉴 코란도(휘발유),2024-10-14 13:42:19.041053,,2024-10-14 13:42:19,,unavailable,,unavailable,,unavailable,,unavailable,,unavailable_no_verified_acquisition_or_sale_date,observed_reference_fields_plus_unavailable_requested_fields
9580,2004,2023 스포티지 하이브리드(휘),2024-10-14 13:42:19.075711,,2024-11-14 13:42:16,,unavailable,,unavailable,,unavailable,,unavailable,,unavailable_no_verified_acquisition_or_sale_date,observed_reference_fields_plus_unavailable_requested_fields
9581,2004,2023 스포티지 하이브리드(휘),2024-10-14 13:42:19.110420,,2024-11-14 13:42:16,,unavailable,,unavailable,,unavailable,,unavailable,,unavailable_no_verified_acquisition_or_sale_date,observed_reference_fields_plus_unavailable_requested_fields
9582,2004,2023 스포티지 하이브리드(휘),2024-10-14 13:42:19.146066,,2024-11-14 13:42:16,,unavailable,,unavailable,,unavailable,,unavailable,,unavailable_no_verified_acquisition_or_sale_date,observed_reference_fields_plus_unavailable_requested_fields
9583,2004,2023 스포티지 하이브리드(휘),2024-10-14 13:42:19.181680,,2024-11-14 13:42:16,,unavailable,,unavailable,,unavailable,,unavailable,,unavailable_no_verified_acquisition_or_sale_date,observed_reference_fields_plus_unavailable_requested_fields
9584,2017,24년 GV80 7인승 4륜(휘),2024-10-14 13:42:19.216034,,2024-10-14 13:42:19,,unavailable,,unavailable,,unavailable,,unavailable,,unavailable_no_verified_acquisition_or_sale_date,observed_reference_fields_plus_unavailable_requested_fields
9585,1992,2020 베리뉴티볼리(휘발유),2024-10-14 13:42:19.251794,,2024-11-14 13:42:16,,unavailable,,unavailable,,unavailable,,unavailable,,unavailable_no_verified_acquisition_or_sale_date,observed_reference_fields_plus_unavailable_requested_fields
9586,2017,24년 GV80 7인승 4륜(휘),2024-10-14 13:42:19.287846,,2024-10-14 13:42:19,,unavailable,,unavailable,,unavailable,,unavailable,,unavailable_no_verified_acquisition_or_sale_date,observed_reference_fields_plus_unavailable_requested_fields
9587,1992,2020 베리뉴티볼리(휘발유),2024-10-14 13:42:19.323662,,2024-11-14 13:42:16,,unavailable,,unavailable,,unavailable,,unavailable,,unavailable_no_verified_acquisition_or_sale_date,observed_reference_fields_plus_unavailable_requested_fields
9588,2009,20년  티볼리(휘)-반려동물가능,2024-10-14 13:42:19.359169,,2024-10-14 13:42:19,,unavailable,,unavailable,,unavailable,,unavailable,,unavailable_no_verified_acquisition_or_sale_date,observed_reference_fields_plus_unavailable_requested_fields
9589,1992,2020 베리뉴티볼리(휘발유),2024-10-14 13:42:19.393705,,2024-11-14 13:42:16,,unavailable,,unavailable,,unavailable,,unavailable,,unavailable_no_verified_acquisition_or_sale_date,observed_reference_fields_plus_unavailable_requested_fields
9590,2009,20년  티볼리(휘)-반려동물가능,2024-10-14 13:42:19.429121,,2024-10-14 13:42:19,,unavailable,,unavailable,,unavailable,,unavailable,,unavailable_no_verified_acquisition_or_sale_date,observed_reference_fields_plus_unavailable_requested_fields
9591,1992,2020 베리뉴티볼리(휘발유),2024-10-14 13:42:19.463649,,2024-11-14 13:42:16,,unavailable,,unavailable,,unavailable,,unavailable,,unavailable_no_verified_acquisition_or_sale_date,observed_reference_fields_plus_unavailable_requested_fields
9592,2009,20년  티볼리(휘)-반려동물가능,2024-10-14 13:42:19.498364,,2024-10-14 13:42:19,,unavailable,,unavailable,,unavailable,,unavailable,,unavailable_no_verified_acquisition_or_sale_date,observed_reference_fields_plus_unavailable_requested_fields
9593,1993,2020 팰리세이드(휘발유),2024-10-14 13:42:19.532646,,2024-10-14 13:42:19,,unavailable,,unavailable,,unavailable,,unavailable,,unavailable_no_verified_acquisition_or_sale_date,observed_reference_fields_plus_unavailable_requested_fields
9594,1991,2020 뉴 코란도(휘발유),2024-10-14 13:42:19.567222,,2024-10-14 13:42:19,,unavailable,,unavailable,,unavailable,,unavailable,,unavailable_no_verified_acquisition_or_sale_date,observed_reference_fields_plus_unavailable_requested_fields
9595,2019,24년 더 뉴 K3 프레스티지(휘),2024-10-14 13:42:19.602105,,2024-10-14 13:42:19,,unavailable,,unavailable,,unavailable,,unavailable,,unavailable_no_verified_acquisition_or_sale_date,observed_reference_fields_plus_unavailable_requested_fields
9596,1991,2020 뉴 코란도(휘발유),2024-10-14 13:42:19.639222,,2024-10-14 13:42:19,,unavailable,,unavailable,,unavailable,,unavailable,,unavailable_no_verified_acquisition_or_sale_date,observed_reference_fields_plus_unavailable_requested_fields
9597,1991,2020 뉴 코란도(휘발유),2024-10-14 13:42:19.674766,,2024-10-14 13:42:19,,unavailable,,unavailable,,unavailable,,unavailable,,unavailable_no_verified_acquisition_or_sale_date,observed_reference_fields_plus_unavailable_requested_fields
9598,2010,20년 뉴코란도(휘)-반려동물가능,2024-10-14 13:42:19.711065,,2024-10-14 13:42:19,,unavailable,,unavailable,,unavailable,,unavailable,,unavailable_no_verified_acquisition_or_sale_date,observed_reference_fields_plus_unavailable_requested_fields
9599,1991,2020 뉴 코란도(휘발유),2024-10-14 13:42:19.746670,,2024-10-14 13:42:19,,unavailable,,unavailable,,unavailable,,unavailable,,unavailable_no_verified_acquisition_or_sale_date,observed_reference_fields_plus_unavailable_requested_fields
9600,2019,24년 더 뉴 K3 프레스티지(휘),2024-10-14 13:42:19.781639,,2024-10-14 13:42:19,,unavailable,,unavailable,,unavailable,,unavailable,,unavailable_no_verified_acquisition_or_sale_date,observed_reference_fields_plus_unavailable_requested_fields
9601,2010,20년 뉴코란도(휘)-반려동물가능,2024-10-14 13:42:19.817099,,2024-10-14 13:42:19,,unavailable,,unavailable,,unavailable,,unavailable,,unavailable_no_verified_acquisition_or_sale_date,observed_reference_fields_plus_unavailable_requested_fields
9602,1991,2020 뉴 코란도(휘발유),2024-10-14 13:42:19.851281,,2024-10-14 13:42:19,,unavailable,,unavailable,,unavailable,,unavailable,,unavailable_no_verified_acquisition_or_sale_date,observed_reference_fields_plus_unavailable_requested_fields
9603,2010,20년 뉴코란도(휘)-반려동물가능,2024-10-14 13:42:19.885987,,2024-10-14 13:42:19,,unavailable,,unavailable,,unavailable,,unavailable,,unavailable_no_verified_acquisition_or_sale_date,observed_reference_fields_plus_unavailable_requested_fields
9604,1993,2020 팰리세이드(휘발유),2024-10-14 13:42:19.921746,,2024-10-14 13:42:19,,unavailable,,unavailable,,unavailable,,unavailable,,unavailable_no_verified_acquisition_or_sale_date,observed_reference_fields_plus_unavailable_requested_fields
9605,1993,2020 팰리세이드(휘발유),2024-10-14 13:42:19.957074,,2024-10-14 13:42:19,,unavailable,,unavailable,,unavailable,,unavailable,,unavailable_no_verified_acquisition_or_sale_date,observed_reference_fields_plus_unavailable_requested_fields
9606,1993,2020 팰리세이드(휘발유),2024-10-14 13:42:19.991837,,2024-10-14 13:42:19,,unavailable,,unavailable,,unavailable,,unavailable,,unavailable_no_verified_acquisition_or_sale_date,observed_reference_fields_plus_unavailable_requested_fields
9607,1993,2020 팰리세이드(휘발유),2024-10-14 13:42:20.026399,,2024-10-14 13:42:20,,unavailable,,unavailable,,unavailable,,unavailable,,unavailable_no_verified_acquisition_or_sale_date,observed_reference_fields_plus_unavailable_requested_fields
9608,1997,2021 소나타DN8(LPG),2024-10-14 13:42:20.061239,,2024-11-14 13:42:16,,unavailable,,unavailable,,unavailable,,unavailable,,unavailable_no_verified_acquisition_or_sale_date,observed_reference_fields_plus_unavailable_requested_fields
9609,1997,2021 소나타DN8(LPG),2024-10-14 13:42:20.096762,,2024-11-14 13:42:16,,unavailable,,unavailable,,unavailable,,unavailable,,unavailable_no_verified_acquisition_or_sale_date,observed_reference_fields_plus_unavailable_requested_fields
9610,1997,2021 소나타DN8(LPG),2024-10-14 13:42:20.131289,,2024-11-14 13:42:16,,unavailable,,unavailable,,unavailable,,unavailable,,unavailable_no_verified_acquisition_or_sale_date,observed_reference_fields_plus_unavailable_requested_fields
9611,1997,2021 소나타DN8(LPG),2024-10-14 13:42:20.166262,,2024-11-14 13:42:16,,unavailable,,unavailable,,unavailable,,unavailable,,unavailable_no_verified_acquisition_or_sale_date,observed_reference_fields_plus_unavailable_requested_fields
9612,1997,2021 소나타DN8(LPG),2024-10-14 13:42:20.201906,,2024-11-14 13:42:16,,unavailable,,unavailable,,unavailable,,unavailable,,unavailable_no_verified_acquisition_or_sale_date,observed_reference_fields_plus_unavailable_requested_fields
9613,2007,23년 K5 하이브리드(휘),2024-10-14 13:42:20.236883,,2024-10-14 13:42:20,,unavailable,,unavailable,,unavailable,,unavailable,,unavailable_no_verified_acquisition_or_sale_date,observed_reference_fields_plus_unavailable_requested_fields
9614,1998,2021 4세대 쏘렌토 하이브리드(휘),2024-10-14 13:42:20.272574,,2024-10-14 13:42:20,,unavailable,,unavailable,,unavailable,,unavailable,,unavailable_no_verified_acquisition_or_sale_date,observed_reference_fields_plus_unavailable_requested_fields
9615,1998,2021 4세대 쏘렌토 하이브리드(휘),2024-10-14 13:42:20.308047,,2024-10-14 13:42:20,,unavailable,,unavailable,,unavailable,,unavailable,,unavailable_no_verified_acquisition_or_sale_date,observed_reference_fields_plus_unavailable_requested_fields
9616,1998,2021 4세대 쏘렌토 하이브리드(휘),2024-10-14 13:42:20.343069,,2024-10-14 13:42:20,,unavailable,,unavailable,,unavailable,,unavailable,,unavailable_no_verified_acquisition_or_sale_date,observed_reference_fields_plus_unavailable_requested_fields
9617,1995,2021 4세대투싼 하이브리드(휘),2024-10-14 13:42:20.380069,,2024-10-14 13:42:20,,unavailable,,unavailable,,unavailable,,unavailable,,unavailable_no_verified_acquisition_or_sale_date,observed_reference_fields_plus_unavailable_requested_fields
9618,1991,2020 뉴 코란도(휘발유),2024-10-14 13:42:20.431230,,2024-10-14 13:42:20,,unavailable,,unavailable,,unavailable,,unavailable,,unavailable_no_verified_acquisition_or_sale_date,observed_reference_fields_plus_unavailable_requested_fields
9619,1991,2020 뉴 코란도(휘발유),2024-10-14 13:42:20.466217,,2024-10-14 13:42:20,,unavailable,,unavailable,,unavailable,,unavailable,,unavailable_no_verified_acquisition_or_sale_date,observed_reference_fields_plus_unavailable_requested_fields
9620,1966,18년 모닝(휘),2024-10-14 13:42:20.500343,,2024-10-14 13:42:20,,unavailable,,unavailable,,unavailable,,unavailable,,unavailable_no_verified_acquisition_or_sale_date,observed_reference_fields_plus_unavailable_requested_fields
9621,1966,18년 모닝(휘),2024-10-14 13:42:20.536016,,2024-10-14 13:42:20,,unavailable,,unavailable,,unavailable,,unavailable,,unavailable_no_verified_acquisition_or_sale_date,observed_reference_fields_plus_unavailable_requested_fields
9622,1966,18년 모닝(휘),2024-10-14 13:42:20.571735,,2024-10-14 13:42:20,,unavailable,,unavailable,,unavailable,,unavailable,,unavailable_no_verified_acquisition_or_sale_date,observed_reference_fields_plus_unavailable_requested_fields
9623,1966,18년 모닝(휘),2024-10-14 13:42:20.606480,,2024-10-14 13:42:20,,unavailable,,unavailable,,unavailable,,unavailable,,unavailable_no_verified_acquisition_or_sale_date,observed_reference_fields_plus_unavailable_requested_fields
9624,1966,18년 모닝(휘),2024-10-14 13:42:20.641086,,2024-10-14 13:42:20,,unavailable,,unavailable,,unavailable,,unavailable,,unavailable_no_verified_acquisition_or_sale_date,observed_reference_fields_plus_unavailable_requested_fields
9625,1852,18년 뉴레이(휘),2024-10-14 13:42:20.676167,,2024-10-14 13:42:20,,unavailable,,unavailable,,unavailable,,unavailable,,unavailable_no_verified_acquisition_or_sale_date,observed_reference_fields_plus_unavailable_requested_fields
9626,1852,18년 뉴레이(휘),2024-10-14 13:42:20.711827,,2024-10-14 13:42:20,,unavailable,,unavailable,,unavailable,,unavailable,,unavailable_no_verified_acquisition_or_sale_date,observed_reference_fields_plus_unavailable_requested_fields
9627,1852,18년 뉴레이(휘),2024-10-14 13:42:20.747479,,2024-10-14 13:42:20,,unavailable,,unavailable,,unavailable,,unavailable,,unavailable_no_verified_acquisition_or_sale_date,observed_reference_fields_plus_unavailable_requested_fields
9628,1852,18년 뉴레이(휘),2024-10-14 13:42:20.782964,,2024-10-14 13:42:20,,unavailable,,unavailable,,unavailable,,unavailable,,unavailable_no_verified_acquisition_or_sale_date,observed_reference_fields_plus_unavailable_requested_fields
9629,1852,18년 뉴레이(휘),2024-10-14 13:42:20.817939,,2024-10-14 13:42:20,,unavailable,,unavailable,,unavailable,,unavailable,,unavailable_no_verified_acquisition_or_sale_date,observed_reference_fields_plus_unavailable_requested_fields
9630,1852,18년 뉴레이(휘),2024-10-14 13:42:20.853069,,2024-10-14 13:42:20,,unavailable,,unavailable,,unavailable,,unavailable,,unavailable_no_verified_acquisition_or_sale_date,observed_reference_fields_plus_unavailable_requested_fields
9631,1852,18년 뉴레이(휘),2024-10-14 13:42:20.888802,,2024-10-14 13:42:20,,unavailable,,unavailable,,unavailable,,unavailable,,unavailable_no_verified_acquisition_or_sale_date,observed_reference_fields_plus_unavailable_requested_fields
9632,1960,24년 카니발 하이리무진 9인승(경유),2024-10-14 13:42:20.924064,,2024-10-14 13:42:20,,unavailable,,unavailable,,unavailable,,unavailable,,unavailable_no_verified_acquisition_or_sale_date,observed_reference_fields_plus_unavailable_requested_fields
9633,1969,24년 더 뉴 카니발 9인승(경유),2024-10-14 13:42:20.959031,,2024-10-14 13:42:20,,unavailable,,unavailable,,unavailable,,unavailable,,unavailable_no_verified_acquisition_or_sale_date,observed_reference_fields_plus_unavailable_requested_fields
9634,1968,24년 벤츠 CLE 컨버터블(휘),2024-10-14 13:42:20.994163,,2024-10-14 13:42:20,,unavailable,,unavailable,,unavailable,,unavailable,,unavailable_no_verified_acquisition_or_sale_date,observed_reference_fields_plus_unavailable_requested_fields
9635,1969,24년 더 뉴 카니발 9인승(경유),2024-10-14 13:42:21.029384,,2024-10-14 13:42:21,,unavailable,,unavailable,,unavailable,,unavailable,,unavailable_no_verified_acquisition_or_sale_date,observed_reference_fields_plus_unavailable_requested_fields
9636,1968,24년 벤츠 CLE 컨버터블(휘),2024-10-14 13:42:21.064122,,2024-10-14 13:42:21,,unavailable,,unavailable,,unavailable,,unavailable,,unavailable_no_verified_acquisition_or_sale_date,observed_reference_fields_plus_unavailable_requested_fields
9637,1951,24년 더 뉴 쏘렌토 하이브리드(7인/휘),2024-10-14 13:42:21.099033,,2024-10-14 13:42:21,,unavailable,,unavailable,,unavailable,,unavailable,,unavailable_no_verified_acquisition_or_sale_date,observed_reference_fields_plus_unavailable_requested_fields
9638,1951,24년 더 뉴 쏘렌토 하이브리드(7인/휘),2024-10-14 13:42:21.133780,,2024-10-14 13:42:21,,unavailable,,unavailable,,unavailable,,unavailable,,unavailable_no_verified_acquisition_or_sale_date,observed_reference_fields_plus_unavailable_requested_fields
9639,1991,2020 뉴 코란도(휘발유),2024-10-14 13:42:21.168500,,2024-10-14 13:42:21,,unavailable,,unavailable,,unavailable,,unavailable,,unavailable_no_verified_acquisition_or_sale_date,observed_reference_fields_plus_unavailable_requested_fields
9640,1991,2020 뉴 코란도(휘발유),2024-10-14 13:42:21.203090,,2024-10-14 13:42:21,,unavailable,,unavailable,,unavailable,,unavailable,,unavailable_no_verified_acquisition_or_sale_date,observed_reference_fields_plus_unavailable_requested_fields
9641,2015,24년 더 뉴 모하비 마스터즈 4WD 7인승(경유),2024-10-14 13:42:21.239179,,2024-11-14 13:42:16,,unavailable,,unavailable,,unavailable,,unavailable,,unavailable_no_verified_acquisition_or_sale_date,observed_reference_fields_plus_unavailable_requested_fields
9642,2015,24년 더 뉴 모하비 마스터즈 4WD 7인승(경유),2024-10-14 13:42:21.274700,,2024-11-14 13:42:16,,unavailable,,unavailable,,unavailable,,unavailable,,unavailable_no_verified_acquisition_or_sale_date,observed_reference_fields_plus_unavailable_requested_fields
9643,2019,24년 더 뉴 K3 프레스티지(휘),2024-10-14 13:42:21.308696,,2024-10-14 13:42:21,,unavailable,,unavailable,,unavailable,,unavailable,,unavailable_no_verified_acquisition_or_sale_date,observed_reference_fields_plus_unavailable_requested_fields
9644,2019,24년 더 뉴 K3 프레스티지(휘),2024-10-14 13:42:21.344162,,2024-10-14 13:42:21,,unavailable,,unavailable,,unavailable,,unavailable,,unavailable_no_verified_acquisition_or_sale_date,observed_reference_fields_plus_unavailable_requested_fields
9645,2015,24년 더 뉴 모하비 마스터즈 4WD 7인승(경유),2024-10-14 13:42:21.379206,,2024-11-14 13:42:16,,unavailable,,unavailable,,unavailable,,unavailable,,unavailable_no_verified_acquisition_or_sale_date,observed_reference_fields_plus_unavailable_requested_fields
9646,2019,24년 더 뉴 K3 프레스티지(휘),2024-10-14 13:42:21.414286,,2024-10-14 13:42:21,,unavailable,,unavailable,,unavailable,,unavailable,,unavailable_no_verified_acquisition_or_sale_date,observed_reference_fields_plus_unavailable_requested_fields
9647,2019,24년 더 뉴 K3 프레스티지(휘),2024-10-14 13:42:21.449374,,2024-10-14 13:42:21,,unavailable,,unavailable,,unavailable,,unavailable,,unavailable_no_verified_acquisition_or_sale_date,observed_reference_fields_plus_unavailable_requested_fields
9648,2020,24년 더 뉴 스포티지 하이브리드 4륜(휘),2024-10-14 13:42:21.485227,,2024-10-14 13:42:21,,unavailable,,unavailable,,unavailable,,unavailable,,unavailable_no_verified_acquisition_or_sale_date,observed_reference_fields_plus_unavailable_requested_fields
9649,2020,24년 더 뉴 스포티지 하이브리드 4륜(휘),2024-10-14 13:42:21.519933,,2024-10-14 13:42:21,,unavailable,,unavailable,,unavailable,,unavailable,,unavailable_no_verified_acquisition_or_sale_date,observed_reference_fields_plus_unavailable_requested_fields
9650,2020,24년 더 뉴 스포티지 하이브리드 4륜(휘),2024-10-14 13:42:21.554610,,2024-10-14 13:42:21,,unavailable,,unavailable,,unavailable,,unavailable,,unavailable_no_verified_acquisition_or_sale_date,observed_reference_fields_plus_unavailable_requested_fields
9651,2020,24년 더 뉴 스포티지 하이브리드 4륜(휘),2024-10-14 13:42:21.589168,,2024-10-14 13:42:21,,unavailable,,unavailable,,unavailable,,unavailable,,unavailable_no_verified_acquisition_or_sale_date,observed_reference_fields_plus_unavailable_requested_fields
9652,2020,24년 더 뉴 스포티지 하이브리드 4륜(휘),2024-10-14 13:42:21.623885,,2024-10-14 13:42:21,,unavailable,,unavailable,,unavailable,,unavailable,,unavailable_no_verified_acquisition_or_sale_date,observed_reference_fields_plus_unavailable_requested_fields
9653,1965,18년 더뉴k5(LPG),2024-10-14 13:42:21.658971,,2024-10-14 13:42:21,,unavailable,,unavailable,,unavailable,,unavailable,,unavailable_no_verified_acquisition_or_sale_date,observed_reference_fields_plus_unavailable_requested_fields
9654,1852,18년 뉴레이(휘),2024-10-14 13:42:21.694769,,2024-10-14 13:42:21,,unavailable,,unavailable,,unavailable,,unavailable,,unavailable_no_verified_acquisition_or_sale_date,observed_reference_fields_plus_unavailable_requested_fields
9655,1991,2020 뉴 코란도(휘발유),2024-10-14 13:42:21.729736,,2024-10-14 13:42:21,,unavailable,,unavailable,,unavailable,,unavailable,,unavailable_no_verified_acquisition_or_sale_date,observed_reference_fields_plus_unavailable_requested_fields
9656,2018,24년 더 뉴 카니발 리무진 7인승(휘),2024-10-14 13:42:21.765171,,2024-11-14 13:42:16,,unavailable,,unavailable,,unavailable,,unavailable,,unavailable_no_verified_acquisition_or_sale_date,observed_reference_fields_plus_unavailable_requested_fields
9657,2018,24년 더 뉴 카니발 리무진 7인승(휘),2024-10-14 13:42:21.800611,,2024-11-14 13:42:16,,unavailable,,unavailable,,unavailable,,unavailable,,unavailable_no_verified_acquisition_or_sale_date,observed_reference_fields_plus_unavailable_requested_fields
9658,2018,24년 더 뉴 카니발 리무진 7인승(휘),2024-10-14 13:42:21.835714,,2024-11-14 13:42:16,,unavailable,,unavailable,,unavailable,,unavailable,,unavailable_no_verified_acquisition_or_sale_date,observed_reference_fields_plus_unavailable_requested_fields
9659,2015,24년 더 뉴 모하비 마스터즈 4WD 7인승(경유),2024-10-14 13:42:21.870890,,2024-11-14 13:42:16,,unavailable,,unavailable,,unavailable,,unavailable,,unavailable_no_verified_acquisition_or_sale_date,observed_reference_fields_plus_unavailable_requested_fields
9660,1965,18년 더뉴k5(LPG),2024-10-14 13:42:21.905393,,2024-10-14 13:42:21,,unavailable,,unavailable,,unavailable,,unavailable,,unavailable_no_verified_acquisition_or_sale_date,observed_reference_fields_plus_unavailable_requested_fields
9661,1992,2020 베리뉴티볼리(휘발유),2024-10-14 13:42:21.939884,,2024-11-14 13:42:16,,unavailable,,unavailable,,unavailable,,unavailable,,unavailable_no_verified_acquisition_or_sale_date,observed_reference_fields_plus_unavailable_requested_fields
9662,1971,24년 싼타페 하이브리드 4륜 (7인/휘),2024-10-14 13:42:21.975493,,2024-10-14 13:42:21,,unavailable,,unavailable,,unavailable,,unavailable,,unavailable_no_verified_acquisition_or_sale_date,observed_reference_fields_plus_unavailable_requested_fields
9663,1947,24년 더뉴그랜저 하이브리드(휘),2024-10-14 13:42:22.011376,,2024-10-14 13:42:22,,unavailable,,unavailable,,unavailable,,unavailable,,unavailable_no_verified_acquisition_or_sale_date,observed_reference_fields_plus_unavailable_requested_fields
9664,1992,2020 베리뉴티볼리(휘발유),2024-10-14 13:42:22.046773,,2024-11-14 13:42:16,,unavailable,,unavailable,,unavailable,,unavailable,,unavailable_no_verified_acquisition_or_sale_date,observed_reference_fields_plus_unavailable_requested_fields
9665,1984,2018 싼타페TM (2WD)[경유],2024-10-14 13:42:22.081426,,2024-10-14 13:42:22,,unavailable,,unavailable,,unavailable,,unavailable,,unavailable_no_verified_acquisition_or_sale_date,observed_reference_fields_plus_unavailable_requested_fields
9666,1984,2018 싼타페TM (2WD)[경유],2024-10-14 13:42:22.116245,,2024-10-14 13:42:22,,unavailable,,unavailable,,unavailable,,unavailable,,unavailable_no_verified_acquisition_or_sale_date,observed_reference_fields_plus_unavailable_requested_fields
9667,1984,2018 싼타페TM (2WD)[경유],2024-10-14 13:42:22.150860,,2024-10-14 13:42:22,,unavailable,,unavailable,,unavailable,,unavailable,,unavailable_no_verified_acquisition_or_sale_date,observed_reference_fields_plus_unavailable_requested_fields
9668,1879,20년 코나(전기),2024-10-14 13:42:22.186197,,2024-10-14 13:42:22,,unavailable,,unavailable,,unavailable,,unavailable,,unavailable_no_verified_acquisition_or_sale_date,observed_reference_fields_plus_unavailable_requested_fields
9669,1879,20년 코나(전기),2024-10-14 13:42:22.221345,,2024-10-14 13:42:22,,unavailable,,unavailable,,unavailable,,unavailable,,unavailable_no_verified_acquisition_or_sale_date,observed_reference_fields_plus_unavailable_requested_fields
9670,1879,20년 코나(전기),2024-10-14 13:42:22.256814,,2024-10-14 13:42:22,,unavailable,,unavailable,,unavailable,,unavailable,,unavailable_no_verified_acquisition_or_sale_date,observed_reference_fields_plus_unavailable_requested_fields
9671,1879,20년 코나(전기),2024-10-14 13:42:22.292448,,2024-10-14 13:42:22,,unavailable,,unavailable,,unavailable,,unavailable,,unavailable_no_verified_acquisition_or_sale_date,observed_reference_fields_plus_unavailable_requested_fields
9672,1879,20년 코나(전기),2024-10-14 13:42:22.327224,,2024-10-14 13:42:22,,unavailable,,unavailable,,unavailable,,unavailable,,unavailable_no_verified_acquisition_or_sale_date,observed_reference_fields_plus_unavailable_requested_fields
9673,1879,20년 코나(전기),2024-10-14 13:42:22.362304,,2024-10-14 13:42:22,,unavailable,,unavailable,,unavailable,,unavailable,,unavailable_no_verified_acquisition_or_sale_date,observed_reference_fields_plus_unavailable_requested_fields
9674,1879,20년 코나(전기),2024-10-14 13:42:22.397399,,2024-10-14 13:42:22,,unavailable,,unavailable,,unavailable,,unavailable,,unavailable_no_verified_acquisition_or_sale_date,observed_reference_fields_plus_unavailable_requested_fields
9675,1879,20년 코나(전기),2024-10-14 13:42:22.432678,,2024-10-14 13:42:22,,unavailable,,unavailable,,unavailable,,unavailable,,unavailable_no_verified_acquisition_or_sale_date,observed_reference_fields_plus_unavailable_requested_fields
9676,1879,20년 코나(전기),2024-10-14 13:42:22.467058,,2024-10-14 13:42:22,,unavailable,,unavailable,,unavailable,,unavailable,,unavailable_no_verified_acquisition_or_sale_date,observed_reference_fields_plus_unavailable_requested_fields
9677,2011,코나 EV(장기),2024-10-14 13:42:22.502366,,2024-10-14 13:42:22,,unavailable,,unavailable,,unavailable,,unavailable,,unavailable_no_verified_acquisition_or_sale_date,observed_reference_fields_plus_unavailable_requested_fields
9678,1879,20년 코나(전기),2024-10-14 13:42:22.537238,,2024-10-14 13:42:22,,unavailable,,unavailable,,unavailable,,unavailable,,unavailable_no_verified_acquisition_or_sale_date,observed_reference_fields_plus_unavailable_requested_fields
9679,1879,20년 코나(전기),2024-10-14 13:42:22.572294,,2024-10-14 13:42:22,,unavailable,,unavailable,,unavailable,,unavailable,,unavailable_no_verified_acquisition_or_sale_date,observed_reference_fields_plus_unavailable_requested_fields
9680,2011,코나 EV(장기),2024-10-14 13:42:22.607294,,2024-10-14 13:42:22,,unavailable,,unavailable,,unavailable,,unavailable,,unavailable_no_verified_acquisition_or_sale_date,observed_reference_fields_plus_unavailable_requested_fields
9681,2011,코나 EV(장기),2024-10-14 13:42:22.642831,,2024-10-14 13:42:22,,unavailable,,unavailable,,unavailable,,unavailable,,unavailable_no_verified_acquisition_or_sale_date,observed_reference_fields_plus_unavailable_requested_fields
9682,2012,24년 스타리아 11인승(장기),2024-10-14 13:42:22.678323,,2024-10-14 13:42:22,,unavailable,,unavailable,,unavailable,,unavailable,,unavailable_no_verified_acquisition_or_sale_date,observed_reference_fields_plus_unavailable_requested_fields
9683,1922,23년 쏠라티(15인/경유),2024-10-14 13:42:22.713811,,2024-10-14 13:42:22,,unavailable,,unavailable,,unavailable,,unavailable,,unavailable_no_verified_acquisition_or_sale_date,observed_reference_fields_plus_unavailable_requested_fields
9684,1994,2021 BMW 미니쿠퍼 컨버터블(휘),2024-10-14 13:42:22.748498,,2024-10-14 13:42:22,,unavailable,,unavailable,,unavailable,,unavailable,,unavailable_no_verified_acquisition_or_sale_date,observed_reference_fields_plus_unavailable_requested_fields
9685,1994,2021 BMW 미니쿠퍼 컨버터블(휘),2024-10-14 13:42:22.783773,,2024-10-14 13:42:22,,unavailable,,unavailable,,unavailable,,unavailable,,unavailable_no_verified_acquisition_or_sale_date,observed_reference_fields_plus_unavailable_requested_fields
9686,1995,2021 4세대투싼 하이브리드(휘),2024-10-14 13:42:22.819363,,2024-10-14 13:42:22,,unavailable,,unavailable,,unavailable,,unavailable,,unavailable_no_verified_acquisition_or_sale_date,observed_reference_fields_plus_unavailable_requested_fields
9687,1995,2021 4세대투싼 하이브리드(휘),2024-10-14 13:42:22.855002,,2024-10-14 13:42:22,,unavailable,,unavailable,,unavailable,,unavailable,,unavailable_no_verified_acquisition_or_sale_date,observed_reference_fields_plus_unavailable_requested_fields
9688,1995,2021 4세대투싼 하이브리드(휘),2024-10-14 13:42:22.890619,,2024-10-14 13:42:22,,unavailable,,unavailable,,unavailable,,unavailable,,unavailable_no_verified_acquisition_or_sale_date,observed_reference_fields_plus_unavailable_requested_fields
9689,2007,23년 K5 하이브리드(휘),2024-10-14 13:42:22.925818,,2024-10-14 13:42:22,,unavailable,,unavailable,,unavailable,,unavailable,,unavailable_no_verified_acquisition_or_sale_date,observed_reference_fields_plus_unavailable_requested_fields
9690,2016,24년 제네시스 G90 3.5T AWD 48V e-SC,2024-10-14 13:42:22.960636,,2024-10-14 13:42:22,,unavailable,,unavailable,,unavailable,,unavailable,,unavailable_no_verified_acquisition_or_sale_date,observed_reference_fields_plus_unavailable_requested_fields
9691,1882,21년 올뉴아반떼CN7(휘),2024-10-14 13:42:22.994674,,2024-10-14 13:42:22,,unavailable,,unavailable,,unavailable,,unavailable,,unavailable_no_verified_acquisition_or_sale_date,observed_reference_fields_plus_unavailable_requested_fields
9692,1929,23년 머스탱컨버터블(휘),2024-10-14 13:42:23.029831,,2024-10-14 13:42:23,,unavailable,,unavailable,,unavailable,,unavailable,,unavailable_no_verified_acquisition_or_sale_date,observed_reference_fields_plus_unavailable_requested_fields
9693,1996,19년 팰리세이드 8인승 4륜[경유],2024-10-14 13:42:23.065015,,2024-10-14 13:42:23,,unavailable,,unavailable,,unavailable,,unavailable,,unavailable_no_verified_acquisition_or_sale_date,observed_reference_fields_plus_unavailable_requested_fields
9694,1996,19년 팰리세이드 8인승 4륜[경유],2024-10-14 13:42:23.099643,,2024-10-14 13:42:23,,unavailable,,unavailable,,unavailable,,unavailable,,unavailable_no_verified_acquisition_or_sale_date,observed_reference_fields_plus_unavailable_requested_fields
9695,1979,17~19년 그랜져IG[LPG],2024-10-14 13:42:23.136567,,2024-10-14 13:42:23,,unavailable,,unavailable,,unavailable,,unavailable,,unavailable_no_verified_acquisition_or_sale_date,observed_reference_fields_plus_unavailable_requested_fields
9696,1985,18/19 더뉴K5[휘],2024-10-14 13:42:23.172112,,2024-10-14 13:42:23,,unavailable,,unavailable,,unavailable,,unavailable,,unavailable_no_verified_acquisition_or_sale_date,observed_reference_fields_plus_unavailable_requested_fields
9697,1985,18/19 더뉴K5[휘],2024-10-14 13:42:23.206882,,2024-10-14 13:42:23,,unavailable,,unavailable,,unavailable,,unavailable,,unavailable_no_verified_acquisition_or_sale_date,observed_reference_fields_plus_unavailable_requested_fields
9698,1985,18/19 더뉴K5[휘],2024-10-14 13:42:23.242477,,2024-10-14 13:42:23,,unavailable,,unavailable,,unavailable,,unavailable,,unavailable_no_verified_acquisition_or_sale_date,observed_reference_fields_plus_unavailable_requested_fields
9699,1990,2020 뉴SM3 ZE RE(최고급형),2024-10-14 13:42:23.277633,,2024-10-14 13:42:23,,unavailable,,unavailable,,unavailable,,unavailable,,unavailable_no_verified_acquisition_or_sale_date,observed_reference_fields_plus_unavailable_requested_fields
9700,1855,18/19년 올뉴 K3(휘),2024-10-14 13:42:23.312402,,2024-10-14 13:42:23,,unavailable,,unavailable,,unavailable,,unavailable,,unavailable_no_verified_acquisition_or_sale_date,observed_reference_fields_plus_unavailable_requested_fields
9701,1979,17~19년 그랜져IG[LPG],2024-10-14 13:42:23.348002,,2024-10-14 13:42:23,,unavailable,,unavailable,,unavailable,,unavailable,,unavailable_no_verified_acquisition_or_sale_date,observed_reference_fields_plus_unavailable_requested_fields
9702,1987,19년 팰리세이드 8인승[경유],2024-10-14 13:42:23.383727,,2024-10-14 13:42:23,,unavailable,,unavailable,,unavailable,,unavailable,,unavailable_no_verified_acquisition_or_sale_date,observed_reference_fields_plus_unavailable_requested_fields
9703,1987,19년 팰리세이드 8인승[경유],2024-10-14 13:42:23.419137,,2024-10-14 13:42:23,,unavailable,,unavailable,,unavailable,,unavailable,,unavailable_no_verified_acquisition_or_sale_date,observed_reference_fields_plus_unavailable_requested_fields
9704,1878,20/21년 BMW Z4 로드스터(휘),2024-10-14 13:42:23.454003,,2024-10-14 13:42:23,,unavailable,,unavailable,,unavailable,,unavailable,,unavailable_no_verified_acquisition_or_sale_date,observed_reference_fields_plus_unavailable_requested_fields
9705,1978,17년 올뉴투싼[경유],2024-10-14 13:42:23.488905,,2024-10-14 13:42:23,,unavailable,,unavailable,,unavailable,,unavailable,,unavailable_no_verified_acquisition_or_sale_date,observed_reference_fields_plus_unavailable_requested_fields
9706,1978,17년 올뉴투싼[경유],2024-10-14 13:42:23.523822,,2024-10-14 13:42:23,,unavailable,,unavailable,,unavailable,,unavailable,,unavailable_no_verified_acquisition_or_sale_date,observed_reference_fields_plus_unavailable_requested_fields
9707,1978,17년 올뉴투싼[경유],2024-10-14 13:42:23.558505,,2024-10-14 13:42:23,,unavailable,,unavailable,,unavailable,,unavailable,,unavailable_no_verified_acquisition_or_sale_date,observed_reference_fields_plus_unavailable_requested_fields
9708,1990,2020 뉴SM3 ZE RE(최고급형),2024-10-14 13:42:23.593872,,2024-10-14 13:42:23,,unavailable,,unavailable,,unavailable,,unavailable,,unavailable_no_verified_acquisition_or_sale_date,observed_reference_fields_plus_unavailable_requested_fields
9709,1990,2020 뉴SM3 ZE RE(최고급형),2024-10-14 13:42:23.629168,,2024-10-14 13:42:23,,unavailable,,unavailable,,unavailable,,unavailable,,unavailable_no_verified_acquisition_or_sale_date,observed_reference_fields_plus_unavailable_requested_fields
9710,1990,2020 뉴SM3 ZE RE(최고급형),2024-10-14 13:42:23.664424,,2024-10-14 13:42:23,,unavailable,,unavailable,,unavailable,,unavailable,,unavailable_no_verified_acquisition_or_sale_date,observed_reference_fields_plus_unavailable_requested_fields
9711,1990,2020 뉴SM3 ZE RE(최고급형),2024-10-14 13:42:23.699945,,2024-10-14 13:42:23,,unavailable,,unavailable,,unavailable,,unavailable,,unavailable_no_verified_acquisition_or_sale_date,observed_reference_fields_plus_unavailable_requested_fields
9712,1990,2020 뉴SM3 ZE RE(최고급형),2024-10-14 13:42:23.737593,,2024-10-14 13:42:23,,unavailable,,unavailable,,unavailable,,unavailable,,unavailable_no_verified_acquisition_or_sale_date,observed_reference_fields_plus_unavailable_requested_fields
9713,1990,2020 뉴SM3 ZE RE(최고급형),2024-10-14 13:42:23.772369,,2024-10-14 13:42:23,,unavailable,,unavailable,,unavailable,,unavailable,,unavailable_no_verified_acquisition_or_sale_date,observed_reference_fields_plus_unavailable_requested_fields
9714,1990,2020 뉴SM3 ZE RE(최고급형),2024-10-14 13:42:23.806831,,2024-10-14 13:42:23,,unavailable,,unavailable,,unavailable,,unavailable,,unavailable_no_verified_acquisition_or_sale_date,observed_reference_fields_plus_unavailable_requested_fields
9715,1990,2020 뉴SM3 ZE RE(최고급형),2024-10-14 13:42:23.841984,,2024-10-14 13:42:23,,unavailable,,unavailable,,unavailable,,unavailable,,unavailable_no_verified_acquisition_or_sale_date,observed_reference_fields_plus_unavailable_requested_fields
9716,1990,2020 뉴SM3 ZE RE(최고급형),2024-10-14 13:42:23.877153,,2024-10-14 13:42:23,,unavailable,,unavailable,,unavailable,,unavailable,,unavailable_no_verified_acquisition_or_sale_date,observed_reference_fields_plus_unavailable_requested_fields
9717,1990,2020 뉴SM3 ZE RE(최고급형),2024-10-14 13:42:23.912819,,2024-10-14 13:42:23,,unavailable,,unavailable,,unavailable,,unavailable,,unavailable_no_verified_acquisition_or_sale_date,observed_reference_fields_plus_unavailable_requested_fields
9718,1990,2020 뉴SM3 ZE RE(최고급형),2024-10-14 13:42:23.948328,,2024-10-14 13:42:23,,unavailable,,unavailable,,unavailable,,unavailable,,unavailable_no_verified_acquisition_or_sale_date,observed_reference_fields_plus_unavailable_requested_fields
9719,1990,2020 뉴SM3 ZE RE(최고급형),2024-10-14 13:42:23.983993,,2024-10-14 13:42:23,,unavailable,,unavailable,,unavailable,,unavailable,,unavailable_no_verified_acquisition_or_sale_date,observed_reference_fields_plus_unavailable_requested_fields
9720,1990,2020 뉴SM3 ZE RE(최고급형),2024-10-14 13:42:24.018860,,2024-10-14 13:42:24,,unavailable,,unavailable,,unavailable,,unavailable,,unavailable_no_verified_acquisition_or_sale_date,observed_reference_fields_plus_unavailable_requested_fields
9721,1990,2020 뉴SM3 ZE RE(최고급형),2024-10-14 13:42:24.054235,,2024-10-14 13:42:24,,unavailable,,unavailable,,unavailable,,unavailable,,unavailable_no_verified_acquisition_or_sale_date,observed_reference_fields_plus_unavailable_requested_fields
9722,1990,2020 뉴SM3 ZE RE(최고급형),2024-10-14 13:42:24.089246,,2024-10-14 13:42:24,,unavailable,,unavailable,,unavailable,,unavailable,,unavailable_no_verified_acquisition_or_sale_date,observed_reference_fields_plus_unavailable_requested_fields
9723,1990,2020 뉴SM3 ZE RE(최고급형),2024-10-14 13:42:24.124200,,2024-10-14 13:42:24,,unavailable,,unavailable,,unavailable,,unavailable,,unavailable_no_verified_acquisition_or_sale_date,observed_reference_fields_plus_unavailable_requested_fields
9724,1990,2020 뉴SM3 ZE RE(최고급형),2024-10-14 13:42:24.159698,,2024-10-14 13:42:24,,unavailable,,unavailable,,unavailable,,unavailable,,unavailable_no_verified_acquisition_or_sale_date,observed_reference_fields_plus_unavailable_requested_fields
9725,1990,2020 뉴SM3 ZE RE(최고급형),2024-10-14 13:42:24.195279,,2024-10-14 13:42:24,,unavailable,,unavailable,,unavailable,,unavailable,,unavailable_no_verified_acquisition_or_sale_date,observed_reference_fields_plus_unavailable_requested_fields
9726,2014,24년 GV80 쿠페 3.5 4륜(휘),2024-10-14 13:42:24.229922,,2024-11-14 13:42:16,,unavailable,,unavailable,,unavailable,,unavailable,,unavailable_no_verified_acquisition_or_sale_date,observed_reference_fields_plus_unavailable_requested_fields
9727,2014,24년 GV80 쿠페 3.5 4륜(휘),2024-10-14 13:42:24.265720,,2024-11-14 13:42:16,,unavailable,,unavailable,,unavailable,,unavailable,,unavailable_no_verified_acquisition_or_sale_date,observed_reference_fields_plus_unavailable_requested_fields
9728,2006,23년 팰리세이드 8인승 4WD(휘),2024-10-14 13:42:24.301334,,2024-10-14 13:42:24,,unavailable,,unavailable,,unavailable,,unavailable,,unavailable_no_verified_acquisition_or_sale_date,observed_reference_fields_plus_unavailable_requested_fields
9729,1844,16/18년 올뉴그랜드카니발11인(경유),2024-10-14 13:42:24.336284,,2024-10-14 13:42:24,,unavailable,,unavailable,,unavailable,,unavailable,,unavailable_no_verified_acquisition_or_sale_date,observed_reference_fields_plus_unavailable_requested_fields
9730,1995,2021 4세대투싼 하이브리드(휘),2024-10-14 13:42:24.372342,,2024-10-14 13:42:24,,unavailable,,unavailable,,unavailable,,unavailable,,unavailable_no_verified_acquisition_or_sale_date,observed_reference_fields_plus_unavailable_requested_fields
9731,1999,2022 뉴레이(풀옵션)(휘),2024-10-14 13:42:24.408028,,2024-10-14 13:42:24,,unavailable,,unavailable,,unavailable,,unavailable,,unavailable_no_verified_acquisition_or_sale_date,observed_reference_fields_plus_unavailable_requested_fields
9732,1999,2022 뉴레이(풀옵션)(휘),2024-10-14 13:42:24.443855,,2024-10-14 13:42:24,,unavailable,,unavailable,,unavailable,,unavailable,,unavailable_no_verified_acquisition_or_sale_date,observed_reference_fields_plus_unavailable_requested_fields
9733,1999,2022 뉴레이(풀옵션)(휘),2024-10-14 13:42:24.479207,,2024-10-14 13:42:24,,unavailable,,unavailable,,unavailable,,unavailable,,unavailable_no_verified_acquisition_or_sale_date,observed_reference_fields_plus_unavailable_requested_fields
9734,1999,2022 뉴레이(풀옵션)(휘),2024-10-14 13:42:24.514754,,2024-10-14 13:42:24,,unavailable,,unavailable,,unavailable,,unavailable,,unavailable_no_verified_acquisition_or_sale_date,observed_reference_fields_plus_unavailable_requested_fields
9735,1999,2022 뉴레이(풀옵션)(휘),2024-10-14 13:42:24.550736,,2024-10-14 13:42:24,,unavailable,,unavailable,,unavailable,,unavailable,,unavailable_no_verified_acquisition_or_sale_date,observed_reference_fields_plus_unavailable_requested_fields
9736,2000,22년 아반떼(휘),2024-10-14 13:42:24.586352,,2024-10-14 13:42:24,,unavailable,,unavailable,,unavailable,,unavailable,,unavailable_no_verified_acquisition_or_sale_date,observed_reference_fields_plus_unavailable_requested_fields
9737,2000,22년 아반떼(휘),2024-10-14 13:42:24.621169,,2024-10-14 13:42:24,,unavailable,,unavailable,,unavailable,,unavailable,,unavailable_no_verified_acquisition_or_sale_date,observed_reference_fields_plus_unavailable_requested_fields
9738,2000,22년 아반떼(휘),2024-10-14 13:42:24.657088,,2024-10-14 13:42:24,,unavailable,,unavailable,,unavailable,,unavailable,,unavailable_no_verified_acquisition_or_sale_date,observed_reference_fields_plus_unavailable_requested_fields
9739,2000,22년 아반떼(휘),2024-10-14 13:42:24.691817,,2024-10-14 13:42:24,,unavailable,,unavailable,,unavailable,,unavailable,,unavailable_no_verified_acquisition_or_sale_date,observed_reference_fields_plus_unavailable_requested_fields
9740,2000,22년 아반떼(휘),2024-10-14 13:42:24.727299,,2024-10-14 13:42:24,,unavailable,,unavailable,,unavailable,,unavailable,,unavailable_no_verified_acquisition_or_sale_date,observed_reference_fields_plus_unavailable_requested_fields
9741,1999,2022 뉴레이(풀옵션)(휘),2024-10-14 13:42:24.762829,,2024-10-14 13:42:24,,unavailable,,unavailable,,unavailable,,unavailable,,unavailable_no_verified_acquisition_or_sale_date,observed_reference_fields_plus_unavailable_requested_fields
9742,1999,2022 뉴레이(풀옵션)(휘),2024-10-14 13:42:24.797650,,2024-10-14 13:42:24,,unavailable,,unavailable,,unavailable,,unavailable,,unavailable_no_verified_acquisition_or_sale_date,observed_reference_fields_plus_unavailable_requested_fields
9743,1999,2022 뉴레이(풀옵션)(휘),2024-10-14 13:42:24.833704,,2024-10-14 13:42:24,,unavailable,,unavailable,,unavailable,,unavailable,,unavailable_no_verified_acquisition_or_sale_date,observed_reference_fields_plus_unavailable_requested_fields
9744,1999,2022 뉴레이(풀옵션)(휘),2024-10-14 13:42:24.869087,,2024-10-14 13:42:24,,unavailable,,unavailable,,unavailable,,unavailable,,unavailable_no_verified_acquisition_or_sale_date,observed_reference_fields_plus_unavailable_requested_fields
9745,1999,2022 뉴레이(풀옵션)(휘),2024-10-14 13:42:24.903781,,2024-10-14 13:42:24,,unavailable,,unavailable,,unavailable,,unavailable,,unavailable_no_verified_acquisition_or_sale_date,observed_reference_fields_plus_unavailable_requested_fields
9746,2015,24년 더 뉴 모하비 마스터즈 4WD 7인승(경유),2024-10-14 13:42:24.939345,,2024-11-14 13:42:16,,unavailable,,unavailable,,unavailable,,unavailable,,unavailable_no_verified_acquisition_or_sale_date,observed_reference_fields_plus_unavailable_requested_fields
9747,1915,22년 모닝(휘),2024-10-14 13:42:24.974022,,2024-10-14 13:42:24,,unavailable,,unavailable,,unavailable,,unavailable,,unavailable_no_verified_acquisition_or_sale_date,observed_reference_fields_plus_unavailable_requested_fields
9748,2022,16년 올뉴K5[LPG],2024-10-29 18:47:08.723714,,2024-10-29 18:47:08,,unavailable,,unavailable,,unavailable,,unavailable,,unavailable_no_verified_acquisition_or_sale_date,observed_reference_fields_plus_unavailable_requested_fields
9749,1867,19년 베뉴(휘),2024-10-29 18:47:08.723714,,2024-10-29 18:47:08,,unavailable,,unavailable,,unavailable,,unavailable,,unavailable_no_verified_acquisition_or_sale_date,observed_reference_fields_plus_unavailable_requested_fields
9750,1867,19년 베뉴(휘),2024-10-29 18:47:08.723714,,2024-10-29 18:47:08,,unavailable,,unavailable,,unavailable,,unavailable,,unavailable_no_verified_acquisition_or_sale_date,observed_reference_fields_plus_unavailable_requested_fields
9751,2028,2021 지프 랭글러 루비콘 파워탑(휘),2024-10-29 18:47:08.723714,,2024-10-29 18:47:08,,unavailable,,unavailable,,unavailable,,unavailable,,unavailable_no_verified_acquisition_or_sale_date,observed_reference_fields_plus_unavailable_requested_fields
9752,2032,21년 포르쉐 카이엔 쿠페 하이브리드(휘),2024-10-29 18:47:08.723714,,2024-10-29 18:47:08,,unavailable,,unavailable,,unavailable,,unavailable,,unavailable_no_verified_acquisition_or_sale_date,observed_reference_fields_plus_unavailable_requested_fields
9753,1867,19년 베뉴(휘),2024-10-29 18:47:08.723714,,2024-10-29 18:47:08,,unavailable,,unavailable,,unavailable,,unavailable,,unavailable_no_verified_acquisition_or_sale_date,observed_reference_fields_plus_unavailable_requested_fields
9754,1988,19년 뉴SM3 ZE[전기],2024-10-29 18:47:08.723714,,2024-10-29 18:47:08,,unavailable,,unavailable,,unavailable,,unavailable,,unavailable_no_verified_acquisition_or_sale_date,observed_reference_fields_plus_unavailable_requested_fields
9755,1988,19년 뉴SM3 ZE[전기],2024-10-29 18:47:08.723714,,2024-10-29 18:47:08,,unavailable,,unavailable,,unavailable,,unavailable,,unavailable_no_verified_acquisition_or_sale_date,observed_reference_fields_plus_unavailable_requested_fields
9756,1988,19년 뉴SM3 ZE[전기],2024-10-29 18:47:08.723714,,2024-10-29 18:47:08,,unavailable,,unavailable,,unavailable,,unavailable,,unavailable_no_verified_acquisition_or_sale_date,observed_reference_fields_plus_unavailable_requested_fields
9757,1988,19년 뉴SM3 ZE[전기],2024-10-29 18:47:08.723714,,2024-10-29 18:47:08,,unavailable,,unavailable,,unavailable,,unavailable,,unavailable_no_verified_acquisition_or_sale_date,observed_reference_fields_plus_unavailable_requested_fields
9758,1988,19년 뉴SM3 ZE[전기],2024-10-29 18:47:08.723714,,2024-10-29 18:47:08,,unavailable,,unavailable,,unavailable,,unavailable,,unavailable_no_verified_acquisition_or_sale_date,observed_reference_fields_plus_unavailable_requested_fields
9759,1988,19년 뉴SM3 ZE[전기],2024-10-29 18:47:08.723714,,2024-10-29 18:47:08,,unavailable,,unavailable,,unavailable,,unavailable,,unavailable_no_verified_acquisition_or_sale_date,observed_reference_fields_plus_unavailable_requested_fields
9760,2028,2021 지프 랭글러 루비콘 파워탑(휘),2024-10-29 18:47:08.723714,,2024-10-29 18:47:08,,unavailable,,unavailable,,unavailable,,unavailable,,unavailable_no_verified_acquisition_or_sale_date,observed_reference_fields_plus_unavailable_requested_fields
9761,2030,2021 포르쉐 파나메라(휘),2024-10-29 18:47:08.723714,,2024-10-29 18:47:08,,unavailable,,unavailable,,unavailable,,unavailable,,unavailable_no_verified_acquisition_or_sale_date,observed_reference_fields_plus_unavailable_requested_fields
9762,2027,2021 아우디A6(휘발유),2024-10-29 18:47:08.723714,,2024-10-29 18:47:08,,unavailable,,unavailable,,unavailable,,unavailable,,unavailable_no_verified_acquisition_or_sale_date,observed_reference_fields_plus_unavailable_requested_fields
9763,2026,2021 BMW 520i M스포츠(휘발유),2024-10-29 18:47:08.723714,,2024-10-29 18:47:08,,unavailable,,unavailable,,unavailable,,unavailable,,unavailable_no_verified_acquisition_or_sale_date,observed_reference_fields_plus_unavailable_requested_fields
9764,2026,2021 BMW 520i M스포츠(휘발유),2024-10-29 18:47:08.723714,,2024-10-29 18:47:08,,unavailable,,unavailable,,unavailable,,unavailable,,unavailable_no_verified_acquisition_or_sale_date,observed_reference_fields_plus_unavailable_requested_fields
9765,2028,2021 지프 랭글러 루비콘 파워탑(휘),2024-10-29 18:47:08.723714,,2024-10-29 18:47:08,,unavailable,,unavailable,,unavailable,,unavailable,,unavailable_no_verified_acquisition_or_sale_date,observed_reference_fields_plus_unavailable_requested_fields
9766,2026,2021 BMW 520i M스포츠(휘발유),2024-10-29 18:47:08.723714,,2024-10-29 18:47:08,,unavailable,,unavailable,,unavailable,,unavailable,,unavailable_no_verified_acquisition_or_sale_date,observed_reference_fields_plus_unavailable_requested_fields
9767,2026,2021 BMW 520i M스포츠(휘발유),2024-10-29 18:47:08.723714,,2024-10-29 18:47:08,,unavailable,,unavailable,,unavailable,,unavailable,,unavailable_no_verified_acquisition_or_sale_date,observed_reference_fields_plus_unavailable_requested_fields
9768,2027,2021 아우디A6(휘발유),2024-10-29 18:47:08.723714,,2024-10-29 18:47:08,,unavailable,,unavailable,,unavailable,,unavailable,,unavailable_no_verified_acquisition_or_sale_date,observed_reference_fields_plus_unavailable_requested_fields
9769,2028,2021 지프 랭글러 루비콘 파워탑(휘),2024-10-29 18:47:08.723714,,2024-10-29 18:47:08,,unavailable,,unavailable,,unavailable,,unavailable,,unavailable_no_verified_acquisition_or_sale_date,observed_reference_fields_plus_unavailable_requested_fields
9770,2022,16년 올뉴K5[LPG],2024-10-29 18:47:08.723714,,2024-10-29 18:47:08,,unavailable,,unavailable,,unavailable,,unavailable,,unavailable_no_verified_acquisition_or_sale_date,observed_reference_fields_plus_unavailable_requested_fields
9771,1927,23년 팰리세이드 4륜(8인/경유),2024-10-29 18:47:08.723714,,2024-10-29 18:47:08,,unavailable,,unavailable,,unavailable,,unavailable,,unavailable_no_verified_acquisition_or_sale_date,observed_reference_fields_plus_unavailable_requested_fields
9772,2030,2021 포르쉐 파나메라(휘),2024-10-29 18:47:08.723714,,2024-10-29 18:47:08,,unavailable,,unavailable,,unavailable,,unavailable,,unavailable_no_verified_acquisition_or_sale_date,observed_reference_fields_plus_unavailable_requested_fields
9773,1886,21년 벤츠G63 AMG 지바겐(휘),2024-10-29 18:47:08.723714,,2024-10-29 18:47:08,,unavailable,,unavailable,,unavailable,,unavailable,,unavailable_no_verified_acquisition_or_sale_date,observed_reference_fields_plus_unavailable_requested_fields
9774,2034,2021 베뉴(휘),2024-10-29 18:47:08.723714,,2024-10-29 18:47:08,,unavailable,,unavailable,,unavailable,,unavailable,,unavailable_no_verified_acquisition_or_sale_date,observed_reference_fields_plus_unavailable_requested_fields
9775,2028,2021 지프 랭글러 루비콘 파워탑(휘),2024-10-29 18:47:08.723714,,2024-10-29 18:47:08,,unavailable,,unavailable,,unavailable,,unavailable,,unavailable_no_verified_acquisition_or_sale_date,observed_reference_fields_plus_unavailable_requested_fields
9776,2033,2021 포르쉐 카이엔(휘),2024-10-29 18:47:08.723714,,2024-10-29 18:47:08,,unavailable,,unavailable,,unavailable,,unavailable,,unavailable_no_verified_acquisition_or_sale_date,observed_reference_fields_plus_unavailable_requested_fields
9777,2028,2021 지프 랭글러 루비콘 파워탑(휘),2024-10-29 18:47:08.723714,,2024-10-29 18:47:08,,unavailable,,unavailable,,unavailable,,unavailable,,unavailable_no_verified_acquisition_or_sale_date,observed_reference_fields_plus_unavailable_requested_fields
9778,2034,2021 베뉴(휘),2024-10-29 18:47:08.723714,,2024-10-29 18:47:08,,unavailable,,unavailable,,unavailable,,unavailable,,unavailable_no_verified_acquisition_or_sale_date,observed_reference_fields_plus_unavailable_requested_fields
9779,2034,2021 베뉴(휘),2024-10-29 18:47:08.723714,,2024-10-29 18:47:08,,unavailable,,unavailable,,unavailable,,unavailable,,unavailable_no_verified_acquisition_or_sale_date,observed_reference_fields_plus_unavailable_requested_fields
9780,2034,2021 베뉴(휘),2024-10-29 18:47:08.723714,,2024-10-29 18:47:08,,unavailable,,unavailable,,unavailable,,unavailable,,unavailable_no_verified_acquisition_or_sale_date,observed_reference_fields_plus_unavailable_requested_fields
9781,2034,2021 베뉴(휘),2024-10-29 18:47:08.723714,,2024-10-29 18:47:08,,unavailable,,unavailable,,unavailable,,unavailable,,unavailable_no_verified_acquisition_or_sale_date,observed_reference_fields_plus_unavailable_requested_fields
9782,2034,2021 베뉴(휘),2024-10-29 18:47:08.723714,,2024-10-29 18:47:08,,unavailable,,unavailable,,unavailable,,unavailable,,unavailable_no_verified_acquisition_or_sale_date,observed_reference_fields_plus_unavailable_requested_fields
9783,2033,2021 포르쉐 카이엔(휘),2024-10-29 18:47:08.723714,,2024-10-29 18:47:08,,unavailable,,unavailable,,unavailable,,unavailable,,unavailable_no_verified_acquisition_or_sale_date,observed_reference_fields_plus_unavailable_requested_fields
9784,1867,19년 베뉴(휘),2024-10-29 18:47:08.723714,,2024-10-29 18:47:08,,unavailable,,unavailable,,unavailable,,unavailable,,unavailable_no_verified_acquisition_or_sale_date,observed_reference_fields_plus_unavailable_requested_fields
9785,1867,19년 베뉴(휘),2024-10-29 18:47:08.723714,,2024-10-29 18:47:08,,unavailable,,unavailable,,unavailable,,unavailable,,unavailable_no_verified_acquisition_or_sale_date,observed_reference_fields_plus_unavailable_requested_fields
9786,2028,2021 지프 랭글러 루비콘 파워탑(휘),2024-10-29 18:47:08.723714,,2024-10-29 18:47:08,,unavailable,,unavailable,,unavailable,,unavailable,,unavailable_no_verified_acquisition_or_sale_date,observed_reference_fields_plus_unavailable_requested_fields
9787,1940,23년 디올뉴 그랜저(휘),2024-10-29 18:47:08.723714,,2024-10-29 18:47:08,,unavailable,,unavailable,,unavailable,,unavailable,,unavailable_no_verified_acquisition_or_sale_date,observed_reference_fields_plus_unavailable_requested_fields
9788,2032,21년 포르쉐 카이엔 쿠페 하이브리드(휘),2024-10-29 18:47:08.723714,,2024-10-29 18:47:08,,unavailable,,unavailable,,unavailable,,unavailable,,unavailable_no_verified_acquisition_or_sale_date,observed_reference_fields_plus_unavailable_requested_fields
9789,1915,22년 모닝(휘),2024-10-29 18:47:08.723714,,2024-10-29 18:47:08,,unavailable,,unavailable,,unavailable,,unavailable,,unavailable_no_verified_acquisition_or_sale_date,observed_reference_fields_plus_unavailable_requested_fields
9790,1867,19년 베뉴(휘),2024-10-29 18:47:08.723714,,2024-10-29 18:47:08,,unavailable,,unavailable,,unavailable,,unavailable,,unavailable_no_verified_acquisition_or_sale_date,observed_reference_fields_plus_unavailable_requested_fields
9791,2036,2022 프리우스 하이브리드(휘),2024-10-29 18:47:08.723714,,2024-10-29 18:47:08,,unavailable,,unavailable,,unavailable,,unavailable,,unavailable_no_verified_acquisition_or_sale_date,observed_reference_fields_plus_unavailable_requested_fields
9792,2036,2022 프리우스 하이브리드(휘),2024-10-29 18:47:08.723714,,2024-10-29 18:47:08,,unavailable,,unavailable,,unavailable,,unavailable,,unavailable_no_verified_acquisition_or_sale_date,observed_reference_fields_plus_unavailable_requested_fields
9793,2036,2022 프리우스 하이브리드(휘),2024-10-29 18:47:08.723714,,2024-10-29 18:47:08,,unavailable,,unavailable,,unavailable,,unavailable,,unavailable_no_verified_acquisition_or_sale_date,observed_reference_fields_plus_unavailable_requested_fields
9794,2036,2022 프리우스 하이브리드(휘),2024-10-29 18:47:08.723714,,2024-10-29 18:47:08,,unavailable,,unavailable,,unavailable,,unavailable,,unavailable_no_verified_acquisition_or_sale_date,observed_reference_fields_plus_unavailable_requested_fields
9795,2036,2022 프리우스 하이브리드(휘),2024-10-29 18:47:08.723714,,2024-10-29 18:47:08,,unavailable,,unavailable,,unavailable,,unavailable,,unavailable_no_verified_acquisition_or_sale_date,observed_reference_fields_plus_unavailable_requested_fields
9796,1929,23년 머스탱컨버터블(휘),2024-10-29 18:47:08.723714,,2024-10-29 18:47:08,,unavailable,,unavailable,,unavailable,,unavailable,,unavailable_no_verified_acquisition_or_sale_date,observed_reference_fields_plus_unavailable_requested_fields
9797,1929,23년 머스탱컨버터블(휘),2024-10-29 18:47:08.723714,,2024-10-29 18:47:08,,unavailable,,unavailable,,unavailable,,unavailable,,unavailable_no_verified_acquisition_or_sale_date,observed_reference_fields_plus_unavailable_requested_fields
9798,1927,23년 팰리세이드 4륜(8인/경유),2024-10-29 18:47:08.723714,,2024-10-29 18:47:08,,unavailable,,unavailable,,unavailable,,unavailable,,unavailable_no_verified_acquisition_or_sale_date,observed_reference_fields_plus_unavailable_requested_fields
9799,1922,23년 쏠라티(15인/경유),2024-10-29 18:47:08.723714,,2024-10-29 18:47:08,,unavailable,,unavailable,,unavailable,,unavailable,,unavailable_no_verified_acquisition_or_sale_date,observed_reference_fields_plus_unavailable_requested_fields
9800,2025,17/18 쏘나타뉴라이즈[휘],2024-10-29 18:47:08.723714,,2024-10-29 18:47:08,,unavailable,,unavailable,,unavailable,,unavailable,,unavailable_no_verified_acquisition_or_sale_date,observed_reference_fields_plus_unavailable_requested_fields
9801,2025,17/18 쏘나타뉴라이즈[휘],2024-10-29 18:47:08.723714,,2024-10-29 18:47:08,,unavailable,,unavailable,,unavailable,,unavailable,,unavailable_no_verified_acquisition_or_sale_date,observed_reference_fields_plus_unavailable_requested_fields
9802,2025,17/18 쏘나타뉴라이즈[휘],2024-10-29 18:47:08.723714,,2024-10-29 18:47:08,,unavailable,,unavailable,,unavailable,,unavailable,,unavailable_no_verified_acquisition_or_sale_date,observed_reference_fields_plus_unavailable_requested_fields
9803,2025,17/18 쏘나타뉴라이즈[휘],2024-10-29 18:47:08.723714,,2024-10-29 18:47:08,,unavailable,,unavailable,,unavailable,,unavailable,,unavailable_no_verified_acquisition_or_sale_date,observed_reference_fields_plus_unavailable_requested_fields
9804,1983,18/19 쏘나타뉴라이즈[LPG],2024-10-29 18:47:08.723714,,2024-10-29 18:47:08,,unavailable,,unavailable,,unavailable,,unavailable,,unavailable_no_verified_acquisition_or_sale_date,observed_reference_fields_plus_unavailable_requested_fields
9805,1983,18/19 쏘나타뉴라이즈[LPG],2024-10-29 18:47:08.723714,,2024-10-29 18:47:08,,unavailable,,unavailable,,unavailable,,unavailable,,unavailable_no_verified_acquisition_or_sale_date,observed_reference_fields_plus_unavailable_requested_fields
9806,1983,18/19 쏘나타뉴라이즈[LPG],2024-10-29 18:47:08.723714,,2024-10-29 18:47:08,,unavailable,,unavailable,,unavailable,,unavailable,,unavailable_no_verified_acquisition_or_sale_date,observed_reference_fields_plus_unavailable_requested_fields
9807,1983,18/19 쏘나타뉴라이즈[LPG],2024-10-29 18:47:08.723714,,2024-10-29 18:47:08,,unavailable,,unavailable,,unavailable,,unavailable,,unavailable_no_verified_acquisition_or_sale_date,observed_reference_fields_plus_unavailable_requested_fields
9808,1983,18/19 쏘나타뉴라이즈[LPG],2024-10-29 18:47:08.723714,,2024-10-29 18:47:08,,unavailable,,unavailable,,unavailable,,unavailable,,unavailable_no_verified_acquisition_or_sale_date,observed_reference_fields_plus_unavailable_requested_fields
9809,1983,18/19 쏘나타뉴라이즈[LPG],2024-10-29 18:47:08.723714,,2024-10-29 18:47:08,,unavailable,,unavailable,,unavailable,,unavailable,,unavailable_no_verified_acquisition_or_sale_date,observed_reference_fields_plus_unavailable_requested_fields
9810,1983,18/19 쏘나타뉴라이즈[LPG],2024-10-29 18:47:08.723714,,2024-10-29 18:47:08,,unavailable,,unavailable,,unavailable,,unavailable,,unavailable_no_verified_acquisition_or_sale_date,observed_reference_fields_plus_unavailable_requested_fields
9811,1983,18/19 쏘나타뉴라이즈[LPG],2024-10-29 18:47:08.723714,,2024-10-29 18:47:08,,unavailable,,unavailable,,unavailable,,unavailable,,unavailable_no_verified_acquisition_or_sale_date,observed_reference_fields_plus_unavailable_requested_fields
9812,1983,18/19 쏘나타뉴라이즈[LPG],2024-10-29 18:47:08.723714,,2024-10-29 18:47:08,,unavailable,,unavailable,,unavailable,,unavailable,,unavailable_no_verified_acquisition_or_sale_date,observed_reference_fields_plus_unavailable_requested_fields
9813,1983,18/19 쏘나타뉴라이즈[LPG],2024-10-29 18:47:08.723714,,2024-10-29 18:47:08,,unavailable,,unavailable,,unavailable,,unavailable,,unavailable_no_verified_acquisition_or_sale_date,observed_reference_fields_plus_unavailable_requested_fields
9814,1983,18/19 쏘나타뉴라이즈[LPG],2024-10-29 18:47:08.723714,,2024-10-29 18:47:08,,unavailable,,unavailable,,unavailable,,unavailable,,unavailable_no_verified_acquisition_or_sale_date,observed_reference_fields_plus_unavailable_requested_fields
9815,1983,18/19 쏘나타뉴라이즈[LPG],2024-10-29 18:47:08.723714,,2024-10-29 18:47:08,,unavailable,,unavailable,,unavailable,,unavailable,,unavailable_no_verified_acquisition_or_sale_date,observed_reference_fields_plus_unavailable_requested_fields
9816,1983,18/19 쏘나타뉴라이즈[LPG],2024-10-29 18:47:08.723714,,2024-10-29 18:47:08,,unavailable,,unavailable,,unavailable,,unavailable,,unavailable_no_verified_acquisition_or_sale_date,observed_reference_fields_plus_unavailable_requested_fields
9817,1983,18/19 쏘나타뉴라이즈[LPG],2024-10-29 18:47:08.723714,,2024-10-29 18:47:08,,unavailable,,unavailable,,unavailable,,unavailable,,unavailable_no_verified_acquisition_or_sale_date,observed_reference_fields_plus_unavailable_requested_fields
9818,1867,19년 베뉴(휘),2024-10-29 18:47:08.723714,,2024-10-29 18:47:08,,unavailable,,unavailable,,unavailable,,unavailable,,unavailable_no_verified_acquisition_or_sale_date,observed_reference_fields_plus_unavailable_requested_fields
9819,1867,19년 베뉴(휘),2024-10-29 18:47:08.723714,,2024-10-29 18:47:08,,unavailable,,unavailable,,unavailable,,unavailable,,unavailable_no_verified_acquisition_or_sale_date,observed_reference_fields_plus_unavailable_requested_fields
9820,1877,20년 테슬라 모델3(전기),2024-10-29 18:47:08.723714,,2024-10-29 18:47:08,,unavailable,,unavailable,,unavailable,,unavailable,,unavailable_no_verified_acquisition_or_sale_date,observed_reference_fields_plus_unavailable_requested_fields
9821,1877,20년 테슬라 모델3(전기),2024-10-29 18:47:08.723714,,2024-10-29 18:47:08,,unavailable,,unavailable,,unavailable,,unavailable,,unavailable_no_verified_acquisition_or_sale_date,observed_reference_fields_plus_unavailable_requested_fields
9822,1877,20년 테슬라 모델3(전기),2024-10-29 18:47:08.723714,,2024-10-29 18:47:08,,unavailable,,unavailable,,unavailable,,unavailable,,unavailable_no_verified_acquisition_or_sale_date,observed_reference_fields_plus_unavailable_requested_fields
9823,1877,20년 테슬라 모델3(전기),2024-10-29 18:47:08.723714,,2024-10-29 18:47:08,,unavailable,,unavailable,,unavailable,,unavailable,,unavailable_no_verified_acquisition_or_sale_date,observed_reference_fields_plus_unavailable_requested_fields
9824,1990,2020 뉴SM3 ZE RE(최고급형),2024-10-29 18:47:08.723714,,2024-10-29 18:47:08,,unavailable,,unavailable,,unavailable,,unavailable,,unavailable_no_verified_acquisition_or_sale_date,observed_reference_fields_plus_unavailable_requested_fields
9825,1990,2020 뉴SM3 ZE RE(최고급형),2024-10-29 18:47:08.723714,,2024-10-29 18:47:08,,unavailable,,unavailable,,unavailable,,unavailable,,unavailable_no_verified_acquisition_or_sale_date,observed_reference_fields_plus_unavailable_requested_fields
9826,1990,2020 뉴SM3 ZE RE(최고급형),2024-10-29 18:47:08.723714,,2024-10-29 18:47:08,,unavailable,,unavailable,,unavailable,,unavailable,,unavailable_no_verified_acquisition_or_sale_date,observed_reference_fields_plus_unavailable_requested_fields
9827,1990,2020 뉴SM3 ZE RE(최고급형),2024-10-29 18:47:08.723714,,2024-10-29 18:47:08,,unavailable,,unavailable,,unavailable,,unavailable,,unavailable_no_verified_acquisition_or_sale_date,observed_reference_fields_plus_unavailable_requested_fields
9828,1990,2020 뉴SM3 ZE RE(최고급형),2024-10-29 18:47:08.723714,,2024-10-29 18:47:08,,unavailable,,unavailable,,unavailable,,unavailable,,unavailable_no_verified_acquisition_or_sale_date,observed_reference_fields_plus_unavailable_requested_fields
9829,1990,2020 뉴SM3 ZE RE(최고급형),2024-10-29 18:47:08.723714,,2024-10-29 18:47:08,,unavailable,,unavailable,,unavailable,,unavailable,,unavailable_no_verified_acquisition_or_sale_date,observed_reference_fields_plus_unavailable_requested_fields
9830,1879,20년 코나(전기),2024-10-29 18:47:08.723714,,2024-10-29 18:47:08,,unavailable,,unavailable,,unavailable,,unavailable,,unavailable_no_verified_acquisition_or_sale_date,observed_reference_fields_plus_unavailable_requested_fields
9831,1879,20년 코나(전기),2024-10-29 18:47:08.723714,,2024-10-29 18:47:08,,unavailable,,unavailable,,unavailable,,unavailable,,unavailable_no_verified_acquisition_or_sale_date,observed_reference_fields_plus_unavailable_requested_fields
9832,1879,20년 코나(전기),2024-10-29 18:47:08.723714,,2024-10-29 18:47:08,,unavailable,,unavailable,,unavailable,,unavailable,,unavailable_no_verified_acquisition_or_sale_date,observed_reference_fields_plus_unavailable_requested_fields
9833,2031,2021 포르쉐 타이칸(전기),2024-10-29 18:47:08.723714,,2024-10-29 18:47:08,,unavailable,,unavailable,,unavailable,,unavailable,,unavailable_no_verified_acquisition_or_sale_date,observed_reference_fields_plus_unavailable_requested_fields
9834,1873,20년 K5(LPG),2024-10-29 18:47:08.723714,,2024-10-29 18:47:08,,unavailable,,unavailable,,unavailable,,unavailable,,unavailable_no_verified_acquisition_or_sale_date,observed_reference_fields_plus_unavailable_requested_fields
9835,1873,20년 K5(LPG),2024-10-29 18:47:08.723714,,2024-10-29 18:47:08,,unavailable,,unavailable,,unavailable,,unavailable,,unavailable_no_verified_acquisition_or_sale_date,observed_reference_fields_plus_unavailable_requested_fields
9836,1873,20년 K5(LPG),2024-10-29 18:47:08.723714,,2024-10-29 18:47:08,,unavailable,,unavailable,,unavailable,,unavailable,,unavailable_no_verified_acquisition_or_sale_date,observed_reference_fields_plus_unavailable_requested_fields
9837,1873,20년 K5(LPG),2024-10-29 18:47:08.723714,,2024-10-29 18:47:08,,unavailable,,unavailable,,unavailable,,unavailable,,unavailable_no_verified_acquisition_or_sale_date,observed_reference_fields_plus_unavailable_requested_fields
9838,1873,20년 K5(LPG),2024-10-29 18:47:08.723714,,2024-10-29 18:47:08,,unavailable,,unavailable,,unavailable,,unavailable,,unavailable_no_verified_acquisition_or_sale_date,observed_reference_fields_plus_unavailable_requested_fields
9839,2027,2021 아우디A6(휘발유),2024-10-29 18:47:08.723714,,2024-10-29 18:47:08,,unavailable,,unavailable,,unavailable,,unavailable,,unavailable_no_verified_acquisition_or_sale_date,observed_reference_fields_plus_unavailable_requested_fields
9840,2035,장기AD,2024-10-29 18:47:08.723714,,2024-10-29 18:47:08,,unavailable,,unavailable,,unavailable,,unavailable,,unavailable_no_verified_acquisition_or_sale_date,observed_reference_fields_plus_unavailable_requested_fields
9841,2029,장기 뉴5,2024-10-29 18:47:08.723714,,2024-10-29 18:47:08,,unavailable,,unavailable,,unavailable,,unavailable,,unavailable_no_verified_acquisition_or_sale_date,observed_reference_fields_plus_unavailable_requested_fields
9842,2029,장기 뉴5,2024-10-29 18:47:08.723714,,2024-10-29 18:47:08,,unavailable,,unavailable,,unavailable,,unavailable,,unavailable_no_verified_acquisition_or_sale_date,observed_reference_fields_plus_unavailable_requested_fields
9843,2029,장기 뉴5,2024-10-29 18:47:08.723714,,2024-10-29 18:47:08,,unavailable,,unavailable,,unavailable,,unavailable,,unavailable_no_verified_acquisition_or_sale_date,observed_reference_fields_plus_unavailable_requested_fields
9844,1843,16/18년 올뉴카니발9인(경유),2024-10-29 18:47:08.723714,,2024-10-29 18:47:08,,unavailable,,unavailable,,unavailable,,unavailable,,unavailable_no_verified_acquisition_or_sale_date,observed_reference_fields_plus_unavailable_requested_fields
9845,2023,2017 더뉴K3[휘],2024-10-29 18:47:08.723714,,2024-10-29 18:47:08,,unavailable,,unavailable,,unavailable,,unavailable,,unavailable_no_verified_acquisition_or_sale_date,observed_reference_fields_plus_unavailable_requested_fields
9846,2023,2017 더뉴K3[휘],2024-10-29 18:47:08.723714,,2024-10-29 18:47:08,,unavailable,,unavailable,,unavailable,,unavailable,,unavailable_no_verified_acquisition_or_sale_date,observed_reference_fields_plus_unavailable_requested_fields
9847,2023,2017 더뉴K3[휘],2024-10-29 18:47:08.723714,,2024-10-29 18:47:08,,unavailable,,unavailable,,unavailable,,unavailable,,unavailable_no_verified_acquisition_or_sale_date,observed_reference_fields_plus_unavailable_requested_fields
9848,2023,2017 더뉴K3[휘],2024-10-29 18:47:08.723714,,2024-10-29 18:47:08,,unavailable,,unavailable,,unavailable,,unavailable,,unavailable_no_verified_acquisition_or_sale_date,observed_reference_fields_plus_unavailable_requested_fields
9849,2023,2017 더뉴K3[휘],2024-10-29 18:47:08.723714,,2024-10-29 18:47:08,,unavailable,,unavailable,,unavailable,,unavailable,,unavailable_no_verified_acquisition_or_sale_date,observed_reference_fields_plus_unavailable_requested_fields
9850,2031,2021 포르쉐 타이칸(전기),2024-10-29 18:47:08.723714,,2024-10-29 18:47:08,,unavailable,,unavailable,,unavailable,,unavailable,,unavailable_no_verified_acquisition_or_sale_date,observed_reference_fields_plus_unavailable_requested_fields
9851,1843,16/18년 올뉴카니발9인(경유),2024-10-29 18:47:08.723714,,2024-10-29 18:47:08,,unavailable,,unavailable,,unavailable,,unavailable,,unavailable_no_verified_acquisition_or_sale_date,observed_reference_fields_plus_unavailable_requested_fields
9852,1843,16/18년 올뉴카니발9인(경유),2024-10-29 18:47:08.723714,,2024-10-29 18:47:08,,unavailable,,unavailable,,unavailable,,unavailable,,unavailable_no_verified_acquisition_or_sale_date,observed_reference_fields_plus_unavailable_requested_fields
9853,2022,16년 올뉴K5[LPG],2024-10-29 18:47:08.723714,,2024-10-29 18:47:08,,unavailable,,unavailable,,unavailable,,unavailable,,unavailable_no_verified_acquisition_or_sale_date,observed_reference_fields_plus_unavailable_requested_fields
9854,2022,16년 올뉴K5[LPG],2024-10-29 18:47:08.723714,,2024-10-29 18:47:08,,unavailable,,unavailable,,unavailable,,unavailable,,unavailable_no_verified_acquisition_or_sale_date,observed_reference_fields_plus_unavailable_requested_fields
9855,2022,16년 올뉴K5[LPG],2024-10-29 18:47:08.723714,,2024-10-29 18:47:08,,unavailable,,unavailable,,unavailable,,unavailable,,unavailable_no_verified_acquisition_or_sale_date,observed_reference_fields_plus_unavailable_requested_fields
9856,2022,16년 올뉴K5[LPG],2024-10-29 18:47:08.723714,,2024-10-29 18:47:08,,unavailable,,unavailable,,unavailable,,unavailable,,unavailable_no_verified_acquisition_or_sale_date,observed_reference_fields_plus_unavailable_requested_fields
9857,1983,18/19 쏘나타뉴라이즈[LPG],2024-10-29 18:47:08.723714,,2024-10-29 18:47:08,,unavailable,,unavailable,,unavailable,,unavailable,,unavailable_no_verified_acquisition_or_sale_date,observed_reference_fields_plus_unavailable_requested_fields
9858,1983,18/19 쏘나타뉴라이즈[LPG],2024-10-29 18:47:08.723714,,2024-10-29 18:47:08,,unavailable,,unavailable,,unavailable,,unavailable,,unavailable_no_verified_acquisition_or_sale_date,observed_reference_fields_plus_unavailable_requested_fields
9859,1983,18/19 쏘나타뉴라이즈[LPG],2024-10-29 18:47:08.723714,,2024-10-29 18:47:08,,unavailable,,unavailable,,unavailable,,unavailable,,unavailable_no_verified_acquisition_or_sale_date,observed_reference_fields_plus_unavailable_requested_fields
9860,2025,17/18 쏘나타뉴라이즈[휘],2024-10-29 18:47:08.723714,,2024-10-29 18:47:08,,unavailable,,unavailable,,unavailable,,unavailable,,unavailable_no_verified_acquisition_or_sale_date,observed_reference_fields_plus_unavailable_requested_fields
9861,2025,17/18 쏘나타뉴라이즈[휘],2024-10-29 18:47:08.723714,,2024-10-29 18:47:08,,unavailable,,unavailable,,unavailable,,unavailable,,unavailable_no_verified_acquisition_or_sale_date,observed_reference_fields_plus_unavailable_requested_fields
9862,2025,17/18 쏘나타뉴라이즈[휘],2024-10-29 18:47:08.723714,,2024-10-29 18:47:08,,unavailable,,unavailable,,unavailable,,unavailable,,unavailable_no_verified_acquisition_or_sale_date,observed_reference_fields_plus_unavailable_requested_fields
9863,1905,22년 EV6(전기),2024-10-29 18:47:08.723714,,2024-10-29 18:47:08,,unavailable,,unavailable,,unavailable,,unavailable,,unavailable_no_verified_acquisition_or_sale_date,observed_reference_fields_plus_unavailable_requested_fields
9864,2037,장기 액센트,2024-10-29 18:47:08.723714,,2024-10-29 18:47:08,,unavailable,,unavailable,,unavailable,,unavailable,,unavailable_no_verified_acquisition_or_sale_date,observed_reference_fields_plus_unavailable_requested_fields
9865,1851,19년 엑센트(휘),2024-10-29 18:47:08.723714,,2024-10-29 18:47:08,,unavailable,,unavailable,,unavailable,,unavailable,,unavailable_no_verified_acquisition_or_sale_date,observed_reference_fields_plus_unavailable_requested_fields
9866,1990,2020 뉴SM3 ZE RE(최고급형),2024-10-29 18:47:08.723714,,2024-10-29 18:47:08,,unavailable,,unavailable,,unavailable,,unavailable,,unavailable_no_verified_acquisition_or_sale_date,observed_reference_fields_plus_unavailable_requested_fields
9867,1990,2020 뉴SM3 ZE RE(최고급형),2024-10-29 18:47:08.723714,,2024-10-29 18:47:08,,unavailable,,unavailable,,unavailable,,unavailable,,unavailable_no_verified_acquisition_or_sale_date,observed_reference_fields_plus_unavailable_requested_fields
9868,1990,2020 뉴SM3 ZE RE(최고급형),2024-10-29 18:47:08.723714,,2024-10-29 18:47:08,,unavailable,,unavailable,,unavailable,,unavailable,,unavailable_no_verified_acquisition_or_sale_date,observed_reference_fields_plus_unavailable_requested_fields
9869,1990,2020 뉴SM3 ZE RE(최고급형),2024-10-29 18:47:08.723714,,2024-10-29 18:47:08,,unavailable,,unavailable,,unavailable,,unavailable,,unavailable_no_verified_acquisition_or_sale_date,observed_reference_fields_plus_unavailable_requested_fields
9870,1981,17년 올뉴스포티지[경유],2024-10-29 18:47:08.723714,,2024-10-29 18:47:08,,unavailable,,unavailable,,unavailable,,unavailable,,unavailable_no_verified_acquisition_or_sale_date,observed_reference_fields_plus_unavailable_requested_fields
9871,1981,17년 올뉴스포티지[경유],2024-10-29 18:47:08.723714,,2024-10-29 18:47:08,,unavailable,,unavailable,,unavailable,,unavailable,,unavailable_no_verified_acquisition_or_sale_date,observed_reference_fields_plus_unavailable_requested_fields
9872,1981,17년 올뉴스포티지[경유],2024-10-29 18:47:08.723714,,2024-10-29 18:47:08,,unavailable,,unavailable,,unavailable,,unavailable,,unavailable_no_verified_acquisition_or_sale_date,observed_reference_fields_plus_unavailable_requested_fields
9873,1980,17년 올뉴쏘렌토5인[경유],2024-10-29 18:47:08.723714,,2024-10-29 18:47:08,,unavailable,,unavailable,,unavailable,,unavailable,,unavailable_no_verified_acquisition_or_sale_date,observed_reference_fields_plus_unavailable_requested_fields
9874,1980,17년 올뉴쏘렌토5인[경유],2024-10-29 18:47:08.723714,,2024-10-29 18:47:08,,unavailable,,unavailable,,unavailable,,unavailable,,unavailable_no_verified_acquisition_or_sale_date,observed_reference_fields_plus_unavailable_requested_fields
9875,1980,17년 올뉴쏘렌토5인[경유],2024-10-29 18:47:08.723714,,2024-10-29 18:47:08,,unavailable,,unavailable,,unavailable,,unavailable,,unavailable_no_verified_acquisition_or_sale_date,observed_reference_fields_plus_unavailable_requested_fields
9876,2024,16년 싼타페DM5인[경유],2024-10-29 18:47:08.723714,,2024-10-29 18:47:08,,unavailable,,unavailable,,unavailable,,unavailable,,unavailable_no_verified_acquisition_or_sale_date,observed_reference_fields_plus_unavailable_requested_fields
9877,2024,16년 싼타페DM5인[경유],2024-10-29 18:47:08.723714,,2024-10-29 18:47:08,,unavailable,,unavailable,,unavailable,,unavailable,,unavailable_no_verified_acquisition_or_sale_date,observed_reference_fields_plus_unavailable_requested_fields
9878,2024,16년 싼타페DM5인[경유],2024-10-29 18:47:08.723714,,2024-10-29 18:47:08,,unavailable,,unavailable,,unavailable,,unavailable,,unavailable_no_verified_acquisition_or_sale_date,observed_reference_fields_plus_unavailable_requested_fields
9879,1990,2020 뉴SM3 ZE RE(최고급형),2024-10-29 18:47:08.723714,,2024-10-29 18:47:08,,unavailable,,unavailable,,unavailable,,unavailable,,unavailable_no_verified_acquisition_or_sale_date,observed_reference_fields_plus_unavailable_requested_fields
9880,1990,2020 뉴SM3 ZE RE(최고급형),2024-10-29 18:47:08.723714,,2024-10-29 18:47:08,,unavailable,,unavailable,,unavailable,,unavailable,,unavailable_no_verified_acquisition_or_sale_date,observed_reference_fields_plus_unavailable_requested_fields
9881,1990,2020 뉴SM3 ZE RE(최고급형),2024-10-29 18:47:08.723714,,2024-10-29 18:47:08,,unavailable,,unavailable,,unavailable,,unavailable,,unavailable_no_verified_acquisition_or_sale_date,observed_reference_fields_plus_unavailable_requested_fields
9882,1990,2020 뉴SM3 ZE RE(최고급형),2024-10-29 18:47:08.723714,,2024-10-29 18:47:08,,unavailable,,unavailable,,unavailable,,unavailable,,unavailable_no_verified_acquisition_or_sale_date,observed_reference_fields_plus_unavailable_requested_fields
9883,1945,24년 스타리아 11인승 4륜(경유),2024-10-29 18:47:08.723714,,2024-10-29 18:47:08,,unavailable,,unavailable,,unavailable,,unavailable,,unavailable_no_verified_acquisition_or_sale_date,observed_reference_fields_plus_unavailable_requested_fields
9884,1945,24년 스타리아 11인승 4륜(경유),2024-10-29 18:47:08.723714,,2024-10-29 18:47:08,,unavailable,,unavailable,,unavailable,,unavailable,,unavailable_no_verified_acquisition_or_sale_date,observed_reference_fields_plus_unavailable_requested_fields
9885,1844,16/18년 올뉴그랜드카니발11인(경유),2024-10-29 18:47:08.723714,,2024-10-29 18:47:08,,unavailable,,unavailable,,unavailable,,unavailable,,unavailable_no_verified_acquisition_or_sale_date,observed_reference_fields_plus_unavailable_requested_fields
9886,1844,16/18년 올뉴그랜드카니발11인(경유),2024-10-29 18:47:08.723714,,2024-10-29 18:47:08,,unavailable,,unavailable,,unavailable,,unavailable,,unavailable_no_verified_acquisition_or_sale_date,observed_reference_fields_plus_unavailable_requested_fields
9887,2022,16년 올뉴K5[LPG],2024-10-29 19:04:21.267651,,2024-10-29 19:04:21,,unavailable,,unavailable,,unavailable,,unavailable,,unavailable_no_verified_acquisition_or_sale_date,observed_reference_fields_plus_unavailable_requested_fields
9888,1848,18년 코나(휘),2024-10-29 19:04:21.267651,,2024-10-29 19:04:21,,unavailable,,unavailable,,unavailable,,unavailable,,unavailable_no_verified_acquisition_or_sale_date,observed_reference_fields_plus_unavailable_requested_fields
9889,2022,16년 올뉴K5[LPG],2024-10-29 19:04:21.267651,,2024-10-29 19:04:21,,unavailable,,unavailable,,unavailable,,unavailable,,unavailable_no_verified_acquisition_or_sale_date,observed_reference_fields_plus_unavailable_requested_fields
9890,2025,17/18 쏘나타뉴라이즈[휘],2024-10-29 19:04:21.267651,,2024-10-29 19:04:21,,unavailable,,unavailable,,unavailable,,unavailable,,unavailable_no_verified_acquisition_or_sale_date,observed_reference_fields_plus_unavailable_requested_fields
9891,2022,16년 올뉴K5[LPG],2024-10-29 19:04:21.267651,,2024-10-29 19:04:21,,unavailable,,unavailable,,unavailable,,unavailable,,unavailable_no_verified_acquisition_or_sale_date,observed_reference_fields_plus_unavailable_requested_fields
9892,1906,22년 k3(휘),2024-10-29 19:04:21.267651,,2024-10-29 19:04:21,,unavailable,,unavailable,,unavailable,,unavailable,,unavailable_no_verified_acquisition_or_sale_date,observed_reference_fields_plus_unavailable_requested_fields
9893,1990,2020 뉴SM3 ZE RE(최고급형),2024-10-29 19:04:21.267651,,2024-10-29 19:04:21,,unavailable,,unavailable,,unavailable,,unavailable,,unavailable_no_verified_acquisition_or_sale_date,observed_reference_fields_plus_unavailable_requested_fields
9894,2022,16년 올뉴K5[LPG],2024-10-29 19:04:21.267651,,2024-10-29 19:04:21,,unavailable,,unavailable,,unavailable,,unavailable,,unavailable_no_verified_acquisition_or_sale_date,observed_reference_fields_plus_unavailable_requested_fields
9895,2029,장기 뉴5,2024-10-29 19:04:21.267651,,2024-10-29 19:04:21,,unavailable,,unavailable,,unavailable,,unavailable,,unavailable_no_verified_acquisition_or_sale_date,observed_reference_fields_plus_unavailable_requested_fields
9896,2029,장기 뉴5,2024-10-29 19:04:21.267651,,2024-10-29 19:04:21,,unavailable,,unavailable,,unavailable,,unavailable,,unavailable_no_verified_acquisition_or_sale_date,observed_reference_fields_plus_unavailable_requested_fields
9897,2025,17/18 쏘나타뉴라이즈[휘],2024-10-29 19:04:21.267651,,2024-10-29 19:04:21,,unavailable,,unavailable,,unavailable,,unavailable,,unavailable_no_verified_acquisition_or_sale_date,observed_reference_fields_plus_unavailable_requested_fields
9898,1867,19년 베뉴(휘),2024-10-29 19:04:21.267651,,2024-10-29 19:04:21,,unavailable,,unavailable,,unavailable,,unavailable,,unavailable_no_verified_acquisition_or_sale_date,observed_reference_fields_plus_unavailable_requested_fields
9899,1990,2020 뉴SM3 ZE RE(최고급형),2024-10-29 19:04:21.267651,,2024-10-29 19:04:21,,unavailable,,unavailable,,unavailable,,unavailable,,unavailable_no_verified_acquisition_or_sale_date,observed_reference_fields_plus_unavailable_requested_fields
9900,2048,2020 BMW 430 i컨버터블(휘),2024-10-29 19:04:21.267651,,2024-10-29 19:04:21,,unavailable,,unavailable,,unavailable,,unavailable,,unavailable_no_verified_acquisition_or_sale_date,observed_reference_fields_plus_unavailable_requested_fields
9901,2048,2020 BMW 430 i컨버터블(휘),2024-10-29 19:04:21.267651,,2024-10-29 19:04:21,,unavailable,,unavailable,,unavailable,,unavailable,,unavailable_no_verified_acquisition_or_sale_date,observed_reference_fields_plus_unavailable_requested_fields
9902,2048,2020 BMW 430 i컨버터블(휘),2024-10-29 19:04:21.267651,,2024-10-29 19:04:21,,unavailable,,unavailable,,unavailable,,unavailable,,unavailable_no_verified_acquisition_or_sale_date,observed_reference_fields_plus_unavailable_requested_fields
9903,2048,2020 BMW 430 i컨버터블(휘),2024-10-29 19:04:21.267651,,2024-10-29 19:04:21,,unavailable,,unavailable,,unavailable,,unavailable,,unavailable_no_verified_acquisition_or_sale_date,observed_reference_fields_plus_unavailable_requested_fields
9904,1843,16/18년 올뉴카니발9인(경유),2024-10-29 19:04:21.267651,,2024-10-29 19:04:21,,unavailable,,unavailable,,unavailable,,unavailable,,unavailable_no_verified_acquisition_or_sale_date,observed_reference_fields_plus_unavailable_requested_fields
9905,1844,16/18년 올뉴그랜드카니발11인(경유),2024-10-29 19:04:21.267651,,2024-10-29 19:04:21,,unavailable,,unavailable,,unavailable,,unavailable,,unavailable_no_verified_acquisition_or_sale_date,observed_reference_fields_plus_unavailable_requested_fields
9906,1843,16/18년 올뉴카니발9인(경유),2024-10-29 19:04:21.267651,,2024-10-29 19:04:21,,unavailable,,unavailable,,unavailable,,unavailable,,unavailable_no_verified_acquisition_or_sale_date,observed_reference_fields_plus_unavailable_requested_fields
9907,1851,19년 엑센트(휘),2024-10-29 19:04:21.267651,,2024-10-29 19:04:21,,unavailable,,unavailable,,unavailable,,unavailable,,unavailable_no_verified_acquisition_or_sale_date,observed_reference_fields_plus_unavailable_requested_fields
9908,1851,19년 엑센트(휘),2024-10-29 19:04:21.267651,,2024-10-29 19:04:21,,unavailable,,unavailable,,unavailable,,unavailable,,unavailable_no_verified_acquisition_or_sale_date,observed_reference_fields_plus_unavailable_requested_fields
9909,1843,16/18년 올뉴카니발9인(경유),2024-10-29 19:04:21.267651,,2024-10-29 19:04:21,,unavailable,,unavailable,,unavailable,,unavailable,,unavailable_no_verified_acquisition_or_sale_date,observed_reference_fields_plus_unavailable_requested_fields
9910,1844,16/18년 올뉴그랜드카니발11인(경유),2024-10-29 19:04:21.267651,,2024-10-29 19:04:21,,unavailable,,unavailable,,unavailable,,unavailable,,unavailable_no_verified_acquisition_or_sale_date,observed_reference_fields_plus_unavailable_requested_fields
9911,1848,18년 코나(휘),2024-10-29 19:04:21.267651,,2024-10-29 19:04:21,,unavailable,,unavailable,,unavailable,,unavailable,,unavailable_no_verified_acquisition_or_sale_date,observed_reference_fields_plus_unavailable_requested_fields
9912,1851,19년 엑센트(휘),2024-10-29 19:04:21.267651,,2024-10-29 19:04:21,,unavailable,,unavailable,,unavailable,,unavailable,,unavailable_no_verified_acquisition_or_sale_date,observed_reference_fields_plus_unavailable_requested_fields
9913,2029,장기 뉴5,2024-10-29 19:04:21.267651,,2024-10-29 19:04:21,,unavailable,,unavailable,,unavailable,,unavailable,,unavailable_no_verified_acquisition_or_sale_date,observed_reference_fields_plus_unavailable_requested_fields
9914,1851,19년 엑센트(휘),2024-10-29 19:04:21.267651,,2024-10-29 19:04:21,,unavailable,,unavailable,,unavailable,,unavailable,,unavailable_no_verified_acquisition_or_sale_date,observed_reference_fields_plus_unavailable_requested_fields
9915,2022,16년 올뉴K5[LPG],2024-10-29 19:04:21.267651,,2024-10-29 19:04:21,,unavailable,,unavailable,,unavailable,,unavailable,,unavailable_no_verified_acquisition_or_sale_date,observed_reference_fields_plus_unavailable_requested_fields
9916,2022,16년 올뉴K5[LPG],2024-10-29 19:04:21.267651,,2024-10-29 19:04:21,,unavailable,,unavailable,,unavailable,,unavailable,,unavailable_no_verified_acquisition_or_sale_date,observed_reference_fields_plus_unavailable_requested_fields
9917,1979,17~19년 그랜져IG[LPG],2024-10-29 19:04:21.267651,,2024-10-29 19:04:21,,unavailable,,unavailable,,unavailable,,unavailable,,unavailable_no_verified_acquisition_or_sale_date,observed_reference_fields_plus_unavailable_requested_fields
9918,1851,19년 엑센트(휘),2024-10-29 19:04:21.267651,,2024-10-29 19:04:21,,unavailable,,unavailable,,unavailable,,unavailable,,unavailable_no_verified_acquisition_or_sale_date,observed_reference_fields_plus_unavailable_requested_fields
9919,2022,16년 올뉴K5[LPG],2024-10-29 19:04:21.267651,,2024-10-29 19:04:21,,unavailable,,unavailable,,unavailable,,unavailable,,unavailable_no_verified_acquisition_or_sale_date,observed_reference_fields_plus_unavailable_requested_fields
9920,1979,17~19년 그랜져IG[LPG],2024-10-29 19:04:21.267651,,2024-10-29 19:04:21,,unavailable,,unavailable,,unavailable,,unavailable,,unavailable_no_verified_acquisition_or_sale_date,observed_reference_fields_plus_unavailable_requested_fields
9921,1848,18년 코나(휘),2024-10-29 19:04:21.267651,,2024-10-29 19:04:21,,unavailable,,unavailable,,unavailable,,unavailable,,unavailable_no_verified_acquisition_or_sale_date,observed_reference_fields_plus_unavailable_requested_fields
9922,1979,17~19년 그랜져IG[LPG],2024-10-29 19:04:21.267651,,2024-10-29 19:04:21,,unavailable,,unavailable,,unavailable,,unavailable,,unavailable_no_verified_acquisition_or_sale_date,observed_reference_fields_plus_unavailable_requested_fields
9923,2022,16년 올뉴K5[LPG],2024-10-29 19:04:21.267651,,2024-10-29 19:04:21,,unavailable,,unavailable,,unavailable,,unavailable,,unavailable_no_verified_acquisition_or_sale_date,observed_reference_fields_plus_unavailable_requested_fields
9924,1848,18년 코나(휘),2024-10-29 19:04:21.267651,,2024-10-29 19:04:21,,unavailable,,unavailable,,unavailable,,unavailable,,unavailable_no_verified_acquisition_or_sale_date,observed_reference_fields_plus_unavailable_requested_fields
9925,1848,18년 코나(휘),2024-10-29 19:04:21.267651,,2024-10-29 19:04:21,,unavailable,,unavailable,,unavailable,,unavailable,,unavailable_no_verified_acquisition_or_sale_date,observed_reference_fields_plus_unavailable_requested_fields
9926,2043,16년 올뉴K7[휘],2024-10-29 19:04:21.267651,,2024-10-29 19:04:21,,unavailable,,unavailable,,unavailable,,unavailable,,unavailable_no_verified_acquisition_or_sale_date,observed_reference_fields_plus_unavailable_requested_fields
9927,1990,2020 뉴SM3 ZE RE(최고급형),2024-10-29 19:04:21.267651,,2024-10-29 19:04:21,,unavailable,,unavailable,,unavailable,,unavailable,,unavailable_no_verified_acquisition_or_sale_date,observed_reference_fields_plus_unavailable_requested_fields
9928,1990,2020 뉴SM3 ZE RE(최고급형),2024-10-29 19:04:21.267651,,2024-10-29 19:04:21,,unavailable,,unavailable,,unavailable,,unavailable,,unavailable_no_verified_acquisition_or_sale_date,observed_reference_fields_plus_unavailable_requested_fields
9929,2043,16년 올뉴K7[휘],2024-10-29 19:04:21.267651,,2024-10-29 19:04:21,,unavailable,,unavailable,,unavailable,,unavailable,,unavailable_no_verified_acquisition_or_sale_date,observed_reference_fields_plus_unavailable_requested_fields
9930,1990,2020 뉴SM3 ZE RE(최고급형),2024-10-29 19:04:21.267651,,2024-10-29 19:04:21,,unavailable,,unavailable,,unavailable,,unavailable,,unavailable_no_verified_acquisition_or_sale_date,observed_reference_fields_plus_unavailable_requested_fields
9931,1990,2020 뉴SM3 ZE RE(최고급형),2024-10-29 19:04:21.267651,,2024-10-29 19:04:21,,unavailable,,unavailable,,unavailable,,unavailable,,unavailable_no_verified_acquisition_or_sale_date,observed_reference_fields_plus_unavailable_requested_fields
9932,1990,2020 뉴SM3 ZE RE(최고급형),2024-10-29 19:04:21.267651,,2024-10-29 19:04:21,,unavailable,,unavailable,,unavailable,,unavailable,,unavailable_no_verified_acquisition_or_sale_date,observed_reference_fields_plus_unavailable_requested_fields
9933,1843,16/18년 올뉴카니발9인(경유),2024-10-29 19:04:21.267651,,2024-10-29 19:04:21,,unavailable,,unavailable,,unavailable,,unavailable,,unavailable_no_verified_acquisition_or_sale_date,observed_reference_fields_plus_unavailable_requested_fields
9934,1843,16/18년 올뉴카니발9인(경유),2024-10-29 19:04:21.267651,,2024-10-29 19:04:21,,unavailable,,unavailable,,unavailable,,unavailable,,unavailable_no_verified_acquisition_or_sale_date,observed_reference_fields_plus_unavailable_requested_fields
9935,2043,16년 올뉴K7[휘],2024-10-29 19:04:21.267651,,2024-10-29 19:04:21,,unavailable,,unavailable,,unavailable,,unavailable,,unavailable_no_verified_acquisition_or_sale_date,observed_reference_fields_plus_unavailable_requested_fields
9936,1851,19년 엑센트(휘),2024-10-29 19:04:21.267651,,2024-10-29 19:04:21,,unavailable,,unavailable,,unavailable,,unavailable,,unavailable_no_verified_acquisition_or_sale_date,observed_reference_fields_plus_unavailable_requested_fields
9937,1843,16/18년 올뉴카니발9인(경유),2024-10-29 19:04:21.267651,,2024-10-29 19:04:21,,unavailable,,unavailable,,unavailable,,unavailable,,unavailable_no_verified_acquisition_or_sale_date,observed_reference_fields_plus_unavailable_requested_fields
9938,1907,22년 캐스퍼(휘),2024-10-29 19:04:21.267651,,2024-10-29 19:04:21,,unavailable,,unavailable,,unavailable,,unavailable,,unavailable_no_verified_acquisition_or_sale_date,observed_reference_fields_plus_unavailable_requested_fields
9939,2022,16년 올뉴K5[LPG],2024-10-29 19:04:21.267651,,2024-10-29 19:04:21,,unavailable,,unavailable,,unavailable,,unavailable,,unavailable_no_verified_acquisition_or_sale_date,observed_reference_fields_plus_unavailable_requested_fields
9940,2022,16년 올뉴K5[LPG],2024-10-29 19:04:21.267651,,2024-10-29 19:04:21,,unavailable,,unavailable,,unavailable,,unavailable,,unavailable_no_verified_acquisition_or_sale_date,observed_reference_fields_plus_unavailable_requested_fields
9941,2022,16년 올뉴K5[LPG],2024-10-29 19:04:21.267651,,2024-10-29 19:04:21,,unavailable,,unavailable,,unavailable,,unavailable,,unavailable_no_verified_acquisition_or_sale_date,observed_reference_fields_plus_unavailable_requested_fields
9942,2022,16년 올뉴K5[LPG],2024-10-29 19:04:21.267651,,2024-10-29 19:04:21,,unavailable,,unavailable,,unavailable,,unavailable,,unavailable_no_verified_acquisition_or_sale_date,observed_reference_fields_plus_unavailable_requested_fields
9943,1912,22년 스포티지 하이브리드(휘),2024-10-29 19:04:21.267651,,2024-10-29 19:04:21,,unavailable,,unavailable,,unavailable,,unavailable,,unavailable_no_verified_acquisition_or_sale_date,observed_reference_fields_plus_unavailable_requested_fields
9944,2047,2018년 뉴모닝[휘],2024-10-29 19:04:21.267651,,2024-10-29 19:04:21,,unavailable,,unavailable,,unavailable,,unavailable,,unavailable_no_verified_acquisition_or_sale_date,observed_reference_fields_plus_unavailable_requested_fields
9945,2022,16년 올뉴K5[LPG],2024-10-29 19:04:21.267651,,2024-10-29 19:04:21,,unavailable,,unavailable,,unavailable,,unavailable,,unavailable_no_verified_acquisition_or_sale_date,observed_reference_fields_plus_unavailable_requested_fields
9946,2022,16년 올뉴K5[LPG],2024-10-29 19:04:21.267651,,2024-10-29 19:04:21,,unavailable,,unavailable,,unavailable,,unavailable,,unavailable_no_verified_acquisition_or_sale_date,observed_reference_fields_plus_unavailable_requested_fields
9947,2047,2018년 뉴모닝[휘],2024-10-29 19:04:21.267651,,2024-10-29 19:04:21,,unavailable,,unavailable,,unavailable,,unavailable,,unavailable_no_verified_acquisition_or_sale_date,observed_reference_fields_plus_unavailable_requested_fields
9948,2047,2018년 뉴모닝[휘],2024-10-29 19:04:21.267651,,2024-10-29 19:04:21,,unavailable,,unavailable,,unavailable,,unavailable,,unavailable_no_verified_acquisition_or_sale_date,observed_reference_fields_plus_unavailable_requested_fields
9949,2022,16년 올뉴K5[LPG],2024-10-29 19:04:21.267651,,2024-10-29 19:04:21,,unavailable,,unavailable,,unavailable,,unavailable,,unavailable_no_verified_acquisition_or_sale_date,observed_reference_fields_plus_unavailable_requested_fields
9950,2038,LF소나타[LPG],2024-10-29 19:04:21.267651,,2024-10-29 19:04:21,,unavailable,,unavailable,,unavailable,,unavailable,,unavailable_no_verified_acquisition_or_sale_date,observed_reference_fields_plus_unavailable_requested_fields
9951,2022,16년 올뉴K5[LPG],2024-10-29 19:04:21.267651,,2024-10-29 19:04:21,,unavailable,,unavailable,,unavailable,,unavailable,,unavailable_no_verified_acquisition_or_sale_date,observed_reference_fields_plus_unavailable_requested_fields
9952,2038,LF소나타[LPG],2024-10-29 19:04:21.267651,,2024-10-29 19:04:21,,unavailable,,unavailable,,unavailable,,unavailable,,unavailable_no_verified_acquisition_or_sale_date,observed_reference_fields_plus_unavailable_requested_fields
9953,2039,그랜드카니발11인[경유],2024-10-29 19:04:21.267651,,2024-10-29 19:04:21,,unavailable,,unavailable,,unavailable,,unavailable,,unavailable_no_verified_acquisition_or_sale_date,observed_reference_fields_plus_unavailable_requested_fields
9954,2038,LF소나타[LPG],2024-10-29 19:04:21.267651,,2024-10-29 19:04:21,,unavailable,,unavailable,,unavailable,,unavailable,,unavailable_no_verified_acquisition_or_sale_date,observed_reference_fields_plus_unavailable_requested_fields
9955,2039,그랜드카니발11인[경유],2024-10-29 19:04:21.267651,,2024-10-29 19:04:21,,unavailable,,unavailable,,unavailable,,unavailable,,unavailable_no_verified_acquisition_or_sale_date,observed_reference_fields_plus_unavailable_requested_fields
9956,2022,16년 올뉴K5[LPG],2024-10-29 19:04:21.267651,,2024-10-29 19:04:21,,unavailable,,unavailable,,unavailable,,unavailable,,unavailable_no_verified_acquisition_or_sale_date,observed_reference_fields_plus_unavailable_requested_fields
9957,1844,16/18년 올뉴그랜드카니발11인(경유),2024-10-29 19:04:21.267651,,2024-10-29 19:04:21,,unavailable,,unavailable,,unavailable,,unavailable,,unavailable_no_verified_acquisition_or_sale_date,observed_reference_fields_plus_unavailable_requested_fields
9958,2022,16년 올뉴K5[LPG],2024-10-29 19:04:21.267651,,2024-10-29 19:04:21,,unavailable,,unavailable,,unavailable,,unavailable,,unavailable_no_verified_acquisition_or_sale_date,observed_reference_fields_plus_unavailable_requested_fields
9959,2047,2018년 뉴모닝[휘],2024-10-29 19:04:21.267651,,2024-10-29 19:04:21,,unavailable,,unavailable,,unavailable,,unavailable,,unavailable_no_verified_acquisition_or_sale_date,observed_reference_fields_plus_unavailable_requested_fields
9960,2047,2018년 뉴모닝[휘],2024-10-29 19:04:21.267651,,2024-10-29 19:04:21,,unavailable,,unavailable,,unavailable,,unavailable,,unavailable_no_verified_acquisition_or_sale_date,observed_reference_fields_plus_unavailable_requested_fields
9961,2039,그랜드카니발11인[경유],2024-10-29 19:04:21.267651,,2024-10-29 19:04:21,,unavailable,,unavailable,,unavailable,,unavailable,,unavailable_no_verified_acquisition_or_sale_date,observed_reference_fields_plus_unavailable_requested_fields
9962,2038,LF소나타[LPG],2024-10-29 19:04:21.267651,,2024-10-29 19:04:21,,unavailable,,unavailable,,unavailable,,unavailable,,unavailable_no_verified_acquisition_or_sale_date,observed_reference_fields_plus_unavailable_requested_fields
9963,2022,16년 올뉴K5[LPG],2024-10-29 19:04:21.267651,,2024-10-29 19:04:21,,unavailable,,unavailable,,unavailable,,unavailable,,unavailable_no_verified_acquisition_or_sale_date,observed_reference_fields_plus_unavailable_requested_fields
9964,2022,16년 올뉴K5[LPG],2024-10-29 19:04:21.267651,,2024-10-29 19:04:21,,unavailable,,unavailable,,unavailable,,unavailable,,unavailable_no_verified_acquisition_or_sale_date,observed_reference_fields_plus_unavailable_requested_fields
9965,1844,16/18년 올뉴그랜드카니발11인(경유),2024-10-29 19:04:21.267651,,2024-10-29 19:04:21,,unavailable,,unavailable,,unavailable,,unavailable,,unavailable_no_verified_acquisition_or_sale_date,observed_reference_fields_plus_unavailable_requested_fields
9966,2046,2016 올뉴모닝[휘],2024-10-29 19:04:21.267651,,2024-10-29 19:04:21,,unavailable,,unavailable,,unavailable,,unavailable,,unavailable_no_verified_acquisition_or_sale_date,observed_reference_fields_plus_unavailable_requested_fields
9967,2046,2016 올뉴모닝[휘],2024-10-29 19:04:21.267651,,2024-10-29 19:04:21,,unavailable,,unavailable,,unavailable,,unavailable,,unavailable_no_verified_acquisition_or_sale_date,observed_reference_fields_plus_unavailable_requested_fields
9968,2046,2016 올뉴모닝[휘],2024-10-29 19:04:21.267651,,2024-10-29 19:04:21,,unavailable,,unavailable,,unavailable,,unavailable,,unavailable_no_verified_acquisition_or_sale_date,observed_reference_fields_plus_unavailable_requested_fields
9969,2046,2016 올뉴모닝[휘],2024-10-29 19:04:21.267651,,2024-10-29 19:04:21,,unavailable,,unavailable,,unavailable,,unavailable,,unavailable_no_verified_acquisition_or_sale_date,observed_reference_fields_plus_unavailable_requested_fields
9970,2046,2016 올뉴모닝[휘],2024-10-29 19:04:21.267651,,2024-10-29 19:04:21,,unavailable,,unavailable,,unavailable,,unavailable,,unavailable_no_verified_acquisition_or_sale_date,observed_reference_fields_plus_unavailable_requested_fields
9971,2039,그랜드카니발11인[경유],2024-10-29 19:04:21.267651,,2024-10-29 19:04:21,,unavailable,,unavailable,,unavailable,,unavailable,,unavailable_no_verified_acquisition_or_sale_date,observed_reference_fields_plus_unavailable_requested_fields
9972,2044,더넥스트스파크[휘],2024-10-29 19:04:21.267651,,2024-10-29 19:04:21,,unavailable,,unavailable,,unavailable,,unavailable,,unavailable_no_verified_acquisition_or_sale_date,observed_reference_fields_plus_unavailable_requested_fields
9973,2029,장기 뉴5,2024-10-29 19:04:21.267651,,2024-10-29 19:04:21,,unavailable,,unavailable,,unavailable,,unavailable,,unavailable_no_verified_acquisition_or_sale_date,observed_reference_fields_plus_unavailable_requested_fields
9974,2044,더넥스트스파크[휘],2024-10-29 19:04:21.267651,,2024-10-29 19:04:21,,unavailable,,unavailable,,unavailable,,unavailable,,unavailable_no_verified_acquisition_or_sale_date,observed_reference_fields_plus_unavailable_requested_fields
9975,2044,더넥스트스파크[휘],2024-10-29 19:04:21.267651,,2024-10-29 19:04:21,,unavailable,,unavailable,,unavailable,,unavailable,,unavailable_no_verified_acquisition_or_sale_date,observed_reference_fields_plus_unavailable_requested_fields
9976,1908,22년 BMW 미니 컨버터블(휘),2024-10-29 19:04:21.267651,,2024-10-29 19:04:21,,unavailable,,unavailable,,unavailable,,unavailable,,unavailable_no_verified_acquisition_or_sale_date,observed_reference_fields_plus_unavailable_requested_fields
9977,2000,22년 아반떼(휘),2024-10-29 19:04:21.267651,,2024-10-29 19:04:21,,unavailable,,unavailable,,unavailable,,unavailable,,unavailable_no_verified_acquisition_or_sale_date,observed_reference_fields_plus_unavailable_requested_fields
9978,1913,22년 쏘렌토 하이브리드(7인/휘),2024-10-29 19:04:21.267651,,2024-10-29 19:04:21,,unavailable,,unavailable,,unavailable,,unavailable,,unavailable_no_verified_acquisition_or_sale_date,observed_reference_fields_plus_unavailable_requested_fields
9979,1914,22년 니로 하이브리드(휘),2024-10-29 19:04:21.267651,,2024-10-29 19:04:21,,unavailable,,unavailable,,unavailable,,unavailable,,unavailable_no_verified_acquisition_or_sale_date,observed_reference_fields_plus_unavailable_requested_fields
9980,1886,21년 벤츠G63 AMG 지바겐(휘),2024-10-29 19:04:21.267651,,2024-10-29 19:04:21,,unavailable,,unavailable,,unavailable,,unavailable,,unavailable_no_verified_acquisition_or_sale_date,observed_reference_fields_plus_unavailable_requested_fields
9981,2027,2021 아우디A6(휘발유),2024-10-29 19:04:21.267651,,2024-10-29 19:04:21,,unavailable,,unavailable,,unavailable,,unavailable,,unavailable_no_verified_acquisition_or_sale_date,observed_reference_fields_plus_unavailable_requested_fields
9982,1906,22년 k3(휘),2024-10-29 19:04:21.267651,,2024-10-29 19:04:21,,unavailable,,unavailable,,unavailable,,unavailable,,unavailable_no_verified_acquisition_or_sale_date,observed_reference_fields_plus_unavailable_requested_fields
9983,1906,22년 k3(휘),2024-10-29 19:04:21.267651,,2024-10-29 19:04:21,,unavailable,,unavailable,,unavailable,,unavailable,,unavailable_no_verified_acquisition_or_sale_date,observed_reference_fields_plus_unavailable_requested_fields
9984,1910,22년 스포티지(휘),2024-10-29 19:04:21.267651,,2024-10-29 19:04:21,,unavailable,,unavailable,,unavailable,,unavailable,,unavailable_no_verified_acquisition_or_sale_date,observed_reference_fields_plus_unavailable_requested_fields
9985,2035,장기AD,2024-10-29 19:04:21.267651,,2024-10-29 19:04:21,,unavailable,,unavailable,,unavailable,,unavailable,,unavailable_no_verified_acquisition_or_sale_date,observed_reference_fields_plus_unavailable_requested_fields
9986,2035,장기AD,2024-10-29 19:04:21.267651,,2024-10-29 19:04:21,,unavailable,,unavailable,,unavailable,,unavailable,,unavailable_no_verified_acquisition_or_sale_date,observed_reference_fields_plus_unavailable_requested_fields
9987,2049,장기 2018 모닝,2024-10-29 19:04:21.267651,,2024-10-29 19:04:21,,unavailable,,unavailable,,unavailable,,unavailable,,unavailable_no_verified_acquisition_or_sale_date,observed_reference_fields_plus_unavailable_requested_fields
9988,2029,장기 뉴5,2024-10-29 19:04:21.267651,,2024-10-29 19:04:21,,unavailable,,unavailable,,unavailable,,unavailable,,unavailable_no_verified_acquisition_or_sale_date,observed_reference_fields_plus_unavailable_requested_fields
9989,2035,장기AD,2024-10-29 19:04:21.267651,,2024-10-29 19:04:21,,unavailable,,unavailable,,unavailable,,unavailable,,unavailable_no_verified_acquisition_or_sale_date,observed_reference_fields_plus_unavailable_requested_fields
9990,2049,장기 2018 모닝,2024-10-29 19:04:21.267651,,2024-10-29 19:04:21,,unavailable,,unavailable,,unavailable,,unavailable,,unavailable_no_verified_acquisition_or_sale_date,observed_reference_fields_plus_unavailable_requested_fields
9991,1885,21년 GV70(5인/휘),2024-10-29 19:04:21.267651,,2024-10-29 19:04:21,,unavailable,,unavailable,,unavailable,,unavailable,,unavailable_no_verified_acquisition_or_sale_date,observed_reference_fields_plus_unavailable_requested_fields
9992,1879,20년 코나(전기),2024-10-29 19:04:21.267651,,2024-10-29 19:04:21,,unavailable,,unavailable,,unavailable,,unavailable,,unavailable_no_verified_acquisition_or_sale_date,observed_reference_fields_plus_unavailable_requested_fields
9993,2040,아반떼AD[휘],2024-10-29 19:04:21.267651,,2024-10-29 19:04:21,,unavailable,,unavailable,,unavailable,,unavailable,,unavailable_no_verified_acquisition_or_sale_date,observed_reference_fields_plus_unavailable_requested_fields
9994,2040,아반떼AD[휘],2024-10-29 19:04:21.267651,,2024-10-29 19:04:21,,unavailable,,unavailable,,unavailable,,unavailable,,unavailable_no_verified_acquisition_or_sale_date,observed_reference_fields_plus_unavailable_requested_fields
9995,2041,티볼리[휘],2024-10-29 19:04:21.267651,,2024-10-29 19:04:21,,unavailable,,unavailable,,unavailable,,unavailable,,unavailable_no_verified_acquisition_or_sale_date,observed_reference_fields_plus_unavailable_requested_fields
9996,2040,아반떼AD[휘],2024-10-29 19:04:21.267651,,2024-10-29 19:04:21,,unavailable,,unavailable,,unavailable,,unavailable,,unavailable_no_verified_acquisition_or_sale_date,observed_reference_fields_plus_unavailable_requested_fields
9997,2040,아반떼AD[휘],2024-10-29 19:04:21.267651,,2024-10-29 19:04:21,,unavailable,,unavailable,,unavailable,,unavailable,,unavailable_no_verified_acquisition_or_sale_date,observed_reference_fields_plus_unavailable_requested_fields
9998,2022,16년 올뉴K5[LPG],2024-10-29 19:04:21.267651,,2024-10-29 19:04:21,,unavailable,,unavailable,,unavailable,,unavailable,,unavailable_no_verified_acquisition_or_sale_date,observed_reference_fields_plus_unavailable_requested_fields
9999,2038,LF소나타[LPG],2024-10-29 19:04:21.267651,,2024-10-29 19:04:21,,unavailable,,unavailable,,unavailable,,unavailable,,unavailable_no_verified_acquisition_or_sale_date,observed_reference_fields_plus_unavailable_requested_fields
10000,2040,아반떼AD[휘],2024-10-29 19:04:21.267651,,2024-10-29 19:04:21,,unavailable,,unavailable,,unavailable,,unavailable,,unavailable_no_verified_acquisition_or_sale_date,observed_reference_fields_plus_unavailable_requested_fields
10001,2042,올뉴말리부[휘],2024-10-29 19:04:21.267651,,2024-10-29 19:04:21,,unavailable,,unavailable,,unavailable,,unavailable,,unavailable_no_verified_acquisition_or_sale_date,observed_reference_fields_plus_unavailable_requested_fields
10002,2040,아반떼AD[휘],2024-10-29 19:04:21.267651,,2024-10-29 19:04:21,,unavailable,,unavailable,,unavailable,,unavailable,,unavailable_no_verified_acquisition_or_sale_date,observed_reference_fields_plus_unavailable_requested_fields
10003,2040,아반떼AD[휘],2024-10-29 19:04:21.267651,,2024-10-29 19:04:21,,unavailable,,unavailable,,unavailable,,unavailable,,unavailable_no_verified_acquisition_or_sale_date,observed_reference_fields_plus_unavailable_requested_fields
10004,2041,티볼리[휘],2024-10-29 19:04:21.267651,,2024-10-29 19:04:21,,unavailable,,unavailable,,unavailable,,unavailable,,unavailable_no_verified_acquisition_or_sale_date,observed_reference_fields_plus_unavailable_requested_fields
10005,2040,아반떼AD[휘],2024-10-29 19:04:21.267651,,2024-10-29 19:04:21,,unavailable,,unavailable,,unavailable,,unavailable,,unavailable_no_verified_acquisition_or_sale_date,observed_reference_fields_plus_unavailable_requested_fields
10006,2022,16년 올뉴K5[LPG],2024-10-29 19:04:21.267651,,2024-10-29 19:04:21,,unavailable,,unavailable,,unavailable,,unavailable,,unavailable_no_verified_acquisition_or_sale_date,observed_reference_fields_plus_unavailable_requested_fields
10007,2040,아반떼AD[휘],2024-10-29 19:04:21.267651,,2024-10-29 19:04:21,,unavailable,,unavailable,,unavailable,,unavailable,,unavailable_no_verified_acquisition_or_sale_date,observed_reference_fields_plus_unavailable_requested_fields
10008,2040,아반떼AD[휘],2024-10-29 19:04:21.267651,,2024-10-29 19:04:21,,unavailable,,unavailable,,unavailable,,unavailable,,unavailable_no_verified_acquisition_or_sale_date,observed_reference_fields_plus_unavailable_requested_fields
10009,2041,티볼리[휘],2024-10-29 19:04:21.267651,,2024-10-29 19:04:21,,unavailable,,unavailable,,unavailable,,unavailable,,unavailable_no_verified_acquisition_or_sale_date,observed_reference_fields_plus_unavailable_requested_fields
10010,2040,아반떼AD[휘],2024-10-29 19:04:21.267651,,2024-10-29 19:04:21,,unavailable,,unavailable,,unavailable,,unavailable,,unavailable_no_verified_acquisition_or_sale_date,observed_reference_fields_plus_unavailable_requested_fields
10011,2045,17/18 i30[휘],2024-10-29 19:04:21.267651,,2024-10-29 19:04:21,,unavailable,,unavailable,,unavailable,,unavailable,,unavailable_no_verified_acquisition_or_sale_date,observed_reference_fields_plus_unavailable_requested_fields
10012,2040,아반떼AD[휘],2024-10-29 19:04:21.267651,,2024-10-29 19:04:21,,unavailable,,unavailable,,unavailable,,unavailable,,unavailable_no_verified_acquisition_or_sale_date,observed_reference_fields_plus_unavailable_requested_fields
10013,2040,아반떼AD[휘],2024-10-29 19:04:21.267651,,2024-10-29 19:04:21,,unavailable,,unavailable,,unavailable,,unavailable,,unavailable_no_verified_acquisition_or_sale_date,observed_reference_fields_plus_unavailable_requested_fields
10014,2045,17/18 i30[휘],2024-10-29 19:04:21.267651,,2024-10-29 19:04:21,,unavailable,,unavailable,,unavailable,,unavailable,,unavailable_no_verified_acquisition_or_sale_date,observed_reference_fields_plus_unavailable_requested_fields
10015,2045,17/18 i30[휘],2024-10-29 19:04:21.267651,,2024-10-29 19:04:21,,unavailable,,unavailable,,unavailable,,unavailable,,unavailable_no_verified_acquisition_or_sale_date,observed_reference_fields_plus_unavailable_requested_fields
10016,2040,아반떼AD[휘],2024-10-29 19:04:21.267651,,2024-10-29 19:04:21,,unavailable,,unavailable,,unavailable,,unavailable,,unavailable_no_verified_acquisition_or_sale_date,observed_reference_fields_plus_unavailable_requested_fields
10017,2040,아반떼AD[휘],2024-10-29 19:04:21.267651,,2024-10-29 19:04:21,,unavailable,,unavailable,,unavailable,,unavailable,,unavailable_no_verified_acquisition_or_sale_date,observed_reference_fields_plus_unavailable_requested_fields
10018,2040,아반떼AD[휘],2024-10-29 19:04:21.267651,,2024-10-29 19:04:21,,unavailable,,unavailable,,unavailable,,unavailable,,unavailable_no_verified_acquisition_or_sale_date,observed_reference_fields_plus_unavailable_requested_fields
10019,2045,17/18 i30[휘],2024-10-29 19:04:21.267651,,2024-10-29 19:04:21,,unavailable,,unavailable,,unavailable,,unavailable,,unavailable_no_verified_acquisition_or_sale_date,observed_reference_fields_plus_unavailable_requested_fields
10020,2045,17/18 i30[휘],2024-10-29 19:04:21.267651,,2024-10-29 19:04:21,,unavailable,,unavailable,,unavailable,,unavailable,,unavailable_no_verified_acquisition_or_sale_date,observed_reference_fields_plus_unavailable_requested_fields
10021,1978,17년 올뉴투싼[경유],2024-10-29 19:04:21.267651,,2024-10-29 19:04:21,,unavailable,,unavailable,,unavailable,,unavailable,,unavailable_no_verified_acquisition_or_sale_date,observed_reference_fields_plus_unavailable_requested_fields
10022,2065,"2021 제네시스 GV80 AWD (7인승, 휘발유)",2024-10-30 06:22:51.796576,,2024-10-30 06:22:51,,unavailable,,unavailable,,unavailable,,unavailable,,unavailable_no_verified_acquisition_or_sale_date,observed_reference_fields_plus_unavailable_requested_fields
10023,2065,"2021 제네시스 GV80 AWD (7인승, 휘발유)",2024-10-30 06:22:51.796576,,2024-10-30 06:22:51,,unavailable,,unavailable,,unavailable,,unavailable,,unavailable_no_verified_acquisition_or_sale_date,observed_reference_fields_plus_unavailable_requested_fields
10024,2064,2020 더 뉴K9(AWD),2024-10-30 06:22:51.796576,,2024-10-30 06:22:51,,unavailable,,unavailable,,unavailable,,unavailable,,unavailable_no_verified_acquisition_or_sale_date,observed_reference_fields_plus_unavailable_requested_fields
10025,2027,2021 아우디A6(휘발유),2024-10-30 06:22:51.796576,,2024-10-30 06:22:51,,unavailable,,unavailable,,unavailable,,unavailable,,unavailable_no_verified_acquisition_or_sale_date,observed_reference_fields_plus_unavailable_requested_fields
10026,1879,20년 코나(전기),2024-10-30 06:22:51.796576,,2024-10-30 06:22:51,,unavailable,,unavailable,,unavailable,,unavailable,,unavailable_no_verified_acquisition_or_sale_date,observed_reference_fields_plus_unavailable_requested_fields
10027,1879,20년 코나(전기),2024-10-30 06:22:51.796576,,2024-10-30 06:22:51,,unavailable,,unavailable,,unavailable,,unavailable,,unavailable_no_verified_acquisition_or_sale_date,observed_reference_fields_plus_unavailable_requested_fields
10028,1879,20년 코나(전기),2024-10-30 06:22:51.796576,,2024-10-30 06:22:51,,unavailable,,unavailable,,unavailable,,unavailable,,unavailable_no_verified_acquisition_or_sale_date,observed_reference_fields_plus_unavailable_requested_fields
10029,1876,20년 올뉴k3(휘),2024-10-30 06:22:51.796576,,2024-10-30 06:22:51,,unavailable,,unavailable,,unavailable,,unavailable,,unavailable_no_verified_acquisition_or_sale_date,observed_reference_fields_plus_unavailable_requested_fields
10030,1896,21년 K3(휘),2024-10-30 06:22:51.796576,,2024-10-30 06:22:51,,unavailable,,unavailable,,unavailable,,unavailable,,unavailable_no_verified_acquisition_or_sale_date,observed_reference_fields_plus_unavailable_requested_fields
10031,1862,19/20년 머스탱 컨버터블(휘),2024-10-30 06:22:51.796576,,2024-10-30 06:22:51,,unavailable,,unavailable,,unavailable,,unavailable,,unavailable_no_verified_acquisition_or_sale_date,observed_reference_fields_plus_unavailable_requested_fields
10032,2067,2021 제네시스 G80 4륜(휘),2024-10-30 06:22:51.796576,,2024-10-30 06:22:51,,unavailable,,unavailable,,unavailable,,unavailable,,unavailable_no_verified_acquisition_or_sale_date,observed_reference_fields_plus_unavailable_requested_fields
10033,2067,2021 제네시스 G80 4륜(휘),2024-10-30 06:22:51.796576,,2024-10-30 06:22:51,,unavailable,,unavailable,,unavailable,,unavailable,,unavailable_no_verified_acquisition_or_sale_date,observed_reference_fields_plus_unavailable_requested_fields
10034,1901,21/22년 BMW 420i 컨버터블(휘),2024-10-30 06:22:51.796576,,2024-10-30 06:22:51,,unavailable,,unavailable,,unavailable,,unavailable,,unavailable_no_verified_acquisition_or_sale_date,observed_reference_fields_plus_unavailable_requested_fields
10035,2069,2021 4세대 카니발 6인승(경유),2024-10-30 06:22:51.796576,,2024-10-30 06:22:51,,unavailable,,unavailable,,unavailable,,unavailable,,unavailable_no_verified_acquisition_or_sale_date,observed_reference_fields_plus_unavailable_requested_fields
10036,2069,2021 4세대 카니발 6인승(경유),2024-10-30 06:22:51.796576,,2024-10-30 06:22:51,,unavailable,,unavailable,,unavailable,,unavailable,,unavailable_no_verified_acquisition_or_sale_date,observed_reference_fields_plus_unavailable_requested_fields
10037,2069,2021 4세대 카니발 6인승(경유),2024-10-30 06:22:51.796576,,2024-10-30 06:22:51,,unavailable,,unavailable,,unavailable,,unavailable,,unavailable_no_verified_acquisition_or_sale_date,observed_reference_fields_plus_unavailable_requested_fields
10038,2069,2021 4세대 카니발 6인승(경유),2024-10-30 06:22:51.796576,,2024-10-30 06:22:51,,unavailable,,unavailable,,unavailable,,unavailable,,unavailable_no_verified_acquisition_or_sale_date,observed_reference_fields_plus_unavailable_requested_fields
10039,2069,2021 4세대 카니발 6인승(경유),2024-10-30 06:22:51.796576,,2024-10-30 06:22:51,,unavailable,,unavailable,,unavailable,,unavailable,,unavailable_no_verified_acquisition_or_sale_date,observed_reference_fields_plus_unavailable_requested_fields
10040,2030,2021 포르쉐 파나메라(휘),2024-10-30 06:22:51.796576,,2024-10-30 06:22:51,,unavailable,,unavailable,,unavailable,,unavailable,,unavailable_no_verified_acquisition_or_sale_date,observed_reference_fields_plus_unavailable_requested_fields
10041,2040,아반떼AD[휘],2024-10-30 06:22:51.796576,,2024-10-30 06:22:51,,unavailable,,unavailable,,unavailable,,unavailable,,unavailable_no_verified_acquisition_or_sale_date,observed_reference_fields_plus_unavailable_requested_fields
10042,1872,20년 베리뉴티볼리(경유),2024-10-30 06:22:51.796576,,2024-10-30 06:22:51,,unavailable,,unavailable,,unavailable,,unavailable,,unavailable_no_verified_acquisition_or_sale_date,observed_reference_fields_plus_unavailable_requested_fields
10043,1881,21년 4세대카니발 9인승(경유),2024-10-30 06:22:51.796576,,2024-10-30 06:22:51,,unavailable,,unavailable,,unavailable,,unavailable,,unavailable_no_verified_acquisition_or_sale_date,observed_reference_fields_plus_unavailable_requested_fields
10044,1881,21년 4세대카니발 9인승(경유),2024-10-30 06:22:51.796576,,2024-10-30 06:22:51,,unavailable,,unavailable,,unavailable,,unavailable,,unavailable_no_verified_acquisition_or_sale_date,observed_reference_fields_plus_unavailable_requested_fields
10045,1990,2020 뉴SM3 ZE RE(최고급형),2024-10-30 06:22:51.796576,,2024-10-30 06:22:51,,unavailable,,unavailable,,unavailable,,unavailable,,unavailable_no_verified_acquisition_or_sale_date,observed_reference_fields_plus_unavailable_requested_fields
10046,2038,LF소나타[LPG],2024-10-30 06:22:51.796576,,2024-10-30 06:22:51,,unavailable,,unavailable,,unavailable,,unavailable,,unavailable_no_verified_acquisition_or_sale_date,observed_reference_fields_plus_unavailable_requested_fields
10047,1869,20년 K5(휘),2024-10-30 06:22:51.796576,,2024-10-30 06:22:51,,unavailable,,unavailable,,unavailable,,unavailable,,unavailable_no_verified_acquisition_or_sale_date,observed_reference_fields_plus_unavailable_requested_fields
10048,1874,20년 올뉴아반떼CN7(휘),2024-10-30 06:22:51.796576,,2024-10-30 06:22:51,,unavailable,,unavailable,,unavailable,,unavailable,,unavailable_no_verified_acquisition_or_sale_date,observed_reference_fields_plus_unavailable_requested_fields
10049,1992,2020 베리뉴티볼리(휘발유),2024-10-30 06:22:51.796576,,2024-11-14 13:42:16,,unavailable,,unavailable,,unavailable,,unavailable,,unavailable_no_verified_acquisition_or_sale_date,observed_reference_fields_plus_unavailable_requested_fields
10050,1872,20년 베리뉴티볼리(경유),2024-10-30 06:22:51.796576,,2024-10-30 06:22:51,,unavailable,,unavailable,,unavailable,,unavailable,,unavailable_no_verified_acquisition_or_sale_date,observed_reference_fields_plus_unavailable_requested_fields
10051,1872,20년 베리뉴티볼리(경유),2024-10-30 06:22:51.796576,,2024-10-30 06:22:51,,unavailable,,unavailable,,unavailable,,unavailable,,unavailable_no_verified_acquisition_or_sale_date,observed_reference_fields_plus_unavailable_requested_fields
10052,1868,20년 더 뉴 그랜저(휘),2024-10-30 06:22:51.796576,,2024-10-30 06:22:51,,unavailable,,unavailable,,unavailable,,unavailable,,unavailable_no_verified_acquisition_or_sale_date,observed_reference_fields_plus_unavailable_requested_fields
10053,1845,20년 SM6(휘),2024-10-30 06:22:51.796576,,2024-10-30 06:22:51,,unavailable,,unavailable,,unavailable,,unavailable,,unavailable_no_verified_acquisition_or_sale_date,observed_reference_fields_plus_unavailable_requested_fields
10054,1849,18/19년 그랜져IG(휘),2024-10-30 06:22:51.796576,,2024-10-30 06:22:51,,unavailable,,unavailable,,unavailable,,unavailable,,unavailable_no_verified_acquisition_or_sale_date,observed_reference_fields_plus_unavailable_requested_fields
10055,1849,18/19년 그랜져IG(휘),2024-10-30 06:22:51.796576,,2024-10-30 06:22:51,,unavailable,,unavailable,,unavailable,,unavailable,,unavailable_no_verified_acquisition_or_sale_date,observed_reference_fields_plus_unavailable_requested_fields
10056,1983,18/19 쏘나타뉴라이즈[LPG],2024-10-30 06:22:51.796576,,2024-10-30 06:22:51,,unavailable,,unavailable,,unavailable,,unavailable,,unavailable_no_verified_acquisition_or_sale_date,observed_reference_fields_plus_unavailable_requested_fields
10057,1983,18/19 쏘나타뉴라이즈[LPG],2024-10-30 06:22:51.796576,,2024-10-30 06:22:51,,unavailable,,unavailable,,unavailable,,unavailable,,unavailable_no_verified_acquisition_or_sale_date,observed_reference_fields_plus_unavailable_requested_fields
10058,2025,17/18 쏘나타뉴라이즈[휘],2024-10-30 06:22:51.796576,,2024-10-30 06:22:51,,unavailable,,unavailable,,unavailable,,unavailable,,unavailable_no_verified_acquisition_or_sale_date,observed_reference_fields_plus_unavailable_requested_fields
10059,2025,17/18 쏘나타뉴라이즈[휘],2024-10-30 06:22:51.796576,,2024-10-30 06:22:51,,unavailable,,unavailable,,unavailable,,unavailable,,unavailable_no_verified_acquisition_or_sale_date,observed_reference_fields_plus_unavailable_requested_fields
10060,2025,17/18 쏘나타뉴라이즈[휘],2024-10-30 06:22:51.796576,,2024-10-30 06:22:51,,unavailable,,unavailable,,unavailable,,unavailable,,unavailable_no_verified_acquisition_or_sale_date,observed_reference_fields_plus_unavailable_requested_fields
10061,1982,2018 더뉴모하비7인(4WD)[경유],2024-10-30 06:22:51.796576,,2024-10-30 06:22:51,,unavailable,,unavailable,,unavailable,,unavailable,,unavailable_no_verified_acquisition_or_sale_date,observed_reference_fields_plus_unavailable_requested_fields
10062,1982,2018 더뉴모하비7인(4WD)[경유],2024-10-30 06:22:51.796576,,2024-10-30 06:22:51,,unavailable,,unavailable,,unavailable,,unavailable,,unavailable_no_verified_acquisition_or_sale_date,observed_reference_fields_plus_unavailable_requested_fields
10063,1981,17년 올뉴스포티지[경유],2024-10-30 06:22:51.796576,,2024-10-30 06:22:51,,unavailable,,unavailable,,unavailable,,unavailable,,unavailable_no_verified_acquisition_or_sale_date,observed_reference_fields_plus_unavailable_requested_fields
10064,1981,17년 올뉴스포티지[경유],2024-10-30 06:22:51.796576,,2024-10-30 06:22:51,,unavailable,,unavailable,,unavailable,,unavailable,,unavailable_no_verified_acquisition_or_sale_date,observed_reference_fields_plus_unavailable_requested_fields
10065,1981,17년 올뉴스포티지[경유],2024-10-30 06:22:51.796576,,2024-10-30 06:22:51,,unavailable,,unavailable,,unavailable,,unavailable,,unavailable_no_verified_acquisition_or_sale_date,observed_reference_fields_plus_unavailable_requested_fields
10066,2047,2018년 뉴모닝[휘],2024-10-30 06:22:51.796576,,2024-10-30 06:22:51,,unavailable,,unavailable,,unavailable,,unavailable,,unavailable_no_verified_acquisition_or_sale_date,observed_reference_fields_plus_unavailable_requested_fields
10067,1875,20년 벤츠 C클래스 카브리올레(휘),2024-10-30 06:22:51.796576,,2024-10-30 06:22:51,,unavailable,,unavailable,,unavailable,,unavailable,,unavailable_no_verified_acquisition_or_sale_date,observed_reference_fields_plus_unavailable_requested_fields
10068,1850,18년 아이오닉(전기),2024-10-30 06:22:51.796576,,2024-10-30 06:22:51,,unavailable,,unavailable,,unavailable,,unavailable,,unavailable_no_verified_acquisition_or_sale_date,observed_reference_fields_plus_unavailable_requested_fields
10069,1850,18년 아이오닉(전기),2024-10-30 06:22:51.796576,,2024-10-30 06:22:51,,unavailable,,unavailable,,unavailable,,unavailable,,unavailable_no_verified_acquisition_or_sale_date,observed_reference_fields_plus_unavailable_requested_fields
10070,1868,20년 더 뉴 그랜저(휘),2024-10-30 06:22:51.796576,,2024-10-30 06:22:51,,unavailable,,unavailable,,unavailable,,unavailable,,unavailable_no_verified_acquisition_or_sale_date,observed_reference_fields_plus_unavailable_requested_fields
10071,1850,18년 아이오닉(전기),2024-10-30 06:22:51.796576,,2024-10-30 06:22:51,,unavailable,,unavailable,,unavailable,,unavailable,,unavailable_no_verified_acquisition_or_sale_date,observed_reference_fields_plus_unavailable_requested_fields
10072,1850,18년 아이오닉(전기),2024-10-30 06:22:51.796576,,2024-10-30 06:22:51,,unavailable,,unavailable,,unavailable,,unavailable,,unavailable_no_verified_acquisition_or_sale_date,observed_reference_fields_plus_unavailable_requested_fields
10073,1992,2020 베리뉴티볼리(휘발유),2024-10-30 06:22:51.796576,,2024-11-14 13:42:16,,unavailable,,unavailable,,unavailable,,unavailable,,unavailable_no_verified_acquisition_or_sale_date,observed_reference_fields_plus_unavailable_requested_fields
10074,1850,18년 아이오닉(전기),2024-10-30 06:22:51.796576,,2024-10-30 06:22:51,,unavailable,,unavailable,,unavailable,,unavailable,,unavailable_no_verified_acquisition_or_sale_date,observed_reference_fields_plus_unavailable_requested_fields
10075,1850,18년 아이오닉(전기),2024-10-30 06:22:51.796576,,2024-10-30 06:22:51,,unavailable,,unavailable,,unavailable,,unavailable,,unavailable_no_verified_acquisition_or_sale_date,observed_reference_fields_plus_unavailable_requested_fields
10076,1992,2020 베리뉴티볼리(휘발유),2024-10-30 06:22:51.796576,,2024-11-14 13:42:16,,unavailable,,unavailable,,unavailable,,unavailable,,unavailable_no_verified_acquisition_or_sale_date,observed_reference_fields_plus_unavailable_requested_fields
10077,1850,18년 아이오닉(전기),2024-10-30 06:22:51.796576,,2024-10-30 06:22:51,,unavailable,,unavailable,,unavailable,,unavailable,,unavailable_no_verified_acquisition_or_sale_date,observed_reference_fields_plus_unavailable_requested_fields
10078,1992,2020 베리뉴티볼리(휘발유),2024-10-30 06:22:51.796576,,2024-11-14 13:42:16,,unavailable,,unavailable,,unavailable,,unavailable,,unavailable_no_verified_acquisition_or_sale_date,observed_reference_fields_plus_unavailable_requested_fields
10079,1850,18년 아이오닉(전기),2024-10-30 06:22:51.796576,,2024-10-30 06:22:51,,unavailable,,unavailable,,unavailable,,unavailable,,unavailable_no_verified_acquisition_or_sale_date,observed_reference_fields_plus_unavailable_requested_fields
10080,1992,2020 베리뉴티볼리(휘발유),2024-10-30 06:22:51.796576,,2024-11-14 13:42:16,,unavailable,,unavailable,,unavailable,,unavailable,,unavailable_no_verified_acquisition_or_sale_date,observed_reference_fields_plus_unavailable_requested_fields
10081,1850,18년 아이오닉(전기),2024-10-30 06:22:51.796576,,2024-10-30 06:22:51,,unavailable,,unavailable,,unavailable,,unavailable,,unavailable_no_verified_acquisition_or_sale_date,observed_reference_fields_plus_unavailable_requested_fields
10082,1992,2020 베리뉴티볼리(휘발유),2024-10-30 06:22:51.796576,,2024-11-14 13:42:16,,unavailable,,unavailable,,unavailable,,unavailable,,unavailable_no_verified_acquisition_or_sale_date,observed_reference_fields_plus_unavailable_requested_fields
10083,1850,18년 아이오닉(전기),2024-10-30 06:22:51.796576,,2024-10-30 06:22:51,,unavailable,,unavailable,,unavailable,,unavailable,,unavailable_no_verified_acquisition_or_sale_date,observed_reference_fields_plus_unavailable_requested_fields
10084,1850,18년 아이오닉(전기),2024-10-30 06:22:51.796576,,2024-10-30 06:22:51,,unavailable,,unavailable,,unavailable,,unavailable,,unavailable_no_verified_acquisition_or_sale_date,observed_reference_fields_plus_unavailable_requested_fields
10085,1850,18년 아이오닉(전기),2024-10-30 06:22:51.796576,,2024-10-30 06:22:51,,unavailable,,unavailable,,unavailable,,unavailable,,unavailable_no_verified_acquisition_or_sale_date,observed_reference_fields_plus_unavailable_requested_fields
10086,1868,20년 더 뉴 그랜저(휘),2024-10-30 06:22:51.796576,,2024-10-30 06:22:51,,unavailable,,unavailable,,unavailable,,unavailable,,unavailable_no_verified_acquisition_or_sale_date,observed_reference_fields_plus_unavailable_requested_fields
10087,1850,18년 아이오닉(전기),2024-10-30 06:22:51.796576,,2024-10-30 06:22:51,,unavailable,,unavailable,,unavailable,,unavailable,,unavailable_no_verified_acquisition_or_sale_date,observed_reference_fields_plus_unavailable_requested_fields
10088,1850,18년 아이오닉(전기),2024-10-30 06:22:51.796576,,2024-10-30 06:22:51,,unavailable,,unavailable,,unavailable,,unavailable,,unavailable_no_verified_acquisition_or_sale_date,observed_reference_fields_plus_unavailable_requested_fields
10089,1869,20년 K5(휘),2024-10-30 06:22:51.796576,,2024-10-30 06:22:51,,unavailable,,unavailable,,unavailable,,unavailable,,unavailable_no_verified_acquisition_or_sale_date,observed_reference_fields_plus_unavailable_requested_fields
10090,1850,18년 아이오닉(전기),2024-10-30 06:22:51.796576,,2024-10-30 06:22:51,,unavailable,,unavailable,,unavailable,,unavailable,,unavailable_no_verified_acquisition_or_sale_date,observed_reference_fields_plus_unavailable_requested_fields
10091,1850,18년 아이오닉(전기),2024-10-30 06:22:51.796576,,2024-10-30 06:22:51,,unavailable,,unavailable,,unavailable,,unavailable,,unavailable_no_verified_acquisition_or_sale_date,observed_reference_fields_plus_unavailable_requested_fields
10092,1850,18년 아이오닉(전기),2024-10-30 06:22:51.796576,,2024-10-30 06:22:51,,unavailable,,unavailable,,unavailable,,unavailable,,unavailable_no_verified_acquisition_or_sale_date,observed_reference_fields_plus_unavailable_requested_fields
10093,1869,20년 K5(휘),2024-10-30 06:22:51.796576,,2024-10-30 06:22:51,,unavailable,,unavailable,,unavailable,,unavailable,,unavailable_no_verified_acquisition_or_sale_date,observed_reference_fields_plus_unavailable_requested_fields
10094,1850,18년 아이오닉(전기),2024-10-30 06:22:51.796576,,2024-10-30 06:22:51,,unavailable,,unavailable,,unavailable,,unavailable,,unavailable_no_verified_acquisition_or_sale_date,observed_reference_fields_plus_unavailable_requested_fields
10095,1850,18년 아이오닉(전기),2024-10-30 06:22:51.796576,,2024-10-30 06:22:51,,unavailable,,unavailable,,unavailable,,unavailable,,unavailable_no_verified_acquisition_or_sale_date,observed_reference_fields_plus_unavailable_requested_fields
10096,1869,20년 K5(휘),2024-10-30 06:22:51.796576,,2024-10-30 06:22:51,,unavailable,,unavailable,,unavailable,,unavailable,,unavailable_no_verified_acquisition_or_sale_date,observed_reference_fields_plus_unavailable_requested_fields
10097,1850,18년 아이오닉(전기),2024-10-30 06:22:51.796576,,2024-10-30 06:22:51,,unavailable,,unavailable,,unavailable,,unavailable,,unavailable_no_verified_acquisition_or_sale_date,observed_reference_fields_plus_unavailable_requested_fields
10098,1850,18년 아이오닉(전기),2024-10-30 06:22:51.796576,,2024-10-30 06:22:51,,unavailable,,unavailable,,unavailable,,unavailable,,unavailable_no_verified_acquisition_or_sale_date,observed_reference_fields_plus_unavailable_requested_fields
10099,1850,18년 아이오닉(전기),2024-10-30 06:22:51.796576,,2024-10-30 06:22:51,,unavailable,,unavailable,,unavailable,,unavailable,,unavailable_no_verified_acquisition_or_sale_date,observed_reference_fields_plus_unavailable_requested_fields
10100,1874,20년 올뉴아반떼CN7(휘),2024-10-30 06:22:51.796576,,2024-10-30 06:22:51,,unavailable,,unavailable,,unavailable,,unavailable,,unavailable_no_verified_acquisition_or_sale_date,observed_reference_fields_plus_unavailable_requested_fields
10101,1850,18년 아이오닉(전기),2024-10-30 06:22:51.796576,,2024-10-30 06:22:51,,unavailable,,unavailable,,unavailable,,unavailable,,unavailable_no_verified_acquisition_or_sale_date,observed_reference_fields_plus_unavailable_requested_fields
10102,1874,20년 올뉴아반떼CN7(휘),2024-10-30 06:22:51.796576,,2024-10-30 06:22:51,,unavailable,,unavailable,,unavailable,,unavailable,,unavailable_no_verified_acquisition_or_sale_date,observed_reference_fields_plus_unavailable_requested_fields
10103,1850,18년 아이오닉(전기),2024-10-30 06:22:51.796576,,2024-10-30 06:22:51,,unavailable,,unavailable,,unavailable,,unavailable,,unavailable_no_verified_acquisition_or_sale_date,observed_reference_fields_plus_unavailable_requested_fields
10104,1874,20년 올뉴아반떼CN7(휘),2024-10-30 06:22:51.796576,,2024-10-30 06:22:51,,unavailable,,unavailable,,unavailable,,unavailable,,unavailable_no_verified_acquisition_or_sale_date,observed_reference_fields_plus_unavailable_requested_fields
10105,1850,18년 아이오닉(전기),2024-10-30 06:22:51.796576,,2024-10-30 06:22:51,,unavailable,,unavailable,,unavailable,,unavailable,,unavailable_no_verified_acquisition_or_sale_date,observed_reference_fields_plus_unavailable_requested_fields
10106,1874,20년 올뉴아반떼CN7(휘),2024-10-30 06:22:51.796576,,2024-10-30 06:22:51,,unavailable,,unavailable,,unavailable,,unavailable,,unavailable_no_verified_acquisition_or_sale_date,observed_reference_fields_plus_unavailable_requested_fields
10107,1850,18년 아이오닉(전기),2024-10-30 06:22:51.796576,,2024-10-30 06:22:51,,unavailable,,unavailable,,unavailable,,unavailable,,unavailable_no_verified_acquisition_or_sale_date,observed_reference_fields_plus_unavailable_requested_fields
10108,1850,18년 아이오닉(전기),2024-10-30 06:22:51.796576,,2024-10-30 06:22:51,,unavailable,,unavailable,,unavailable,,unavailable,,unavailable_no_verified_acquisition_or_sale_date,observed_reference_fields_plus_unavailable_requested_fields
10109,1874,20년 올뉴아반떼CN7(휘),2024-10-30 06:22:51.796576,,2024-10-30 06:22:51,,unavailable,,unavailable,,unavailable,,unavailable,,unavailable_no_verified_acquisition_or_sale_date,observed_reference_fields_plus_unavailable_requested_fields
10110,1850,18년 아이오닉(전기),2024-10-30 06:22:51.796576,,2024-10-30 06:22:51,,unavailable,,unavailable,,unavailable,,unavailable,,unavailable_no_verified_acquisition_or_sale_date,observed_reference_fields_plus_unavailable_requested_fields
10111,1869,20년 K5(휘),2024-10-30 06:22:51.796576,,2024-10-30 06:22:51,,unavailable,,unavailable,,unavailable,,unavailable,,unavailable_no_verified_acquisition_or_sale_date,observed_reference_fields_plus_unavailable_requested_fields
10112,1850,18년 아이오닉(전기),2024-10-30 06:22:51.796576,,2024-10-30 06:22:51,,unavailable,,unavailable,,unavailable,,unavailable,,unavailable_no_verified_acquisition_or_sale_date,observed_reference_fields_plus_unavailable_requested_fields
10113,1869,20년 K5(휘),2024-10-30 06:22:51.796576,,2024-10-30 06:22:51,,unavailable,,unavailable,,unavailable,,unavailable,,unavailable_no_verified_acquisition_or_sale_date,observed_reference_fields_plus_unavailable_requested_fields
10114,1850,18년 아이오닉(전기),2024-10-30 06:22:51.796576,,2024-10-30 06:22:51,,unavailable,,unavailable,,unavailable,,unavailable,,unavailable_no_verified_acquisition_or_sale_date,observed_reference_fields_plus_unavailable_requested_fields
10115,1874,20년 올뉴아반떼CN7(휘),2024-10-30 06:22:51.796576,,2024-10-30 06:22:51,,unavailable,,unavailable,,unavailable,,unavailable,,unavailable_no_verified_acquisition_or_sale_date,observed_reference_fields_plus_unavailable_requested_fields
10116,1874,20년 올뉴아반떼CN7(휘),2024-10-30 06:22:51.796576,,2024-10-30 06:22:51,,unavailable,,unavailable,,unavailable,,unavailable,,unavailable_no_verified_acquisition_or_sale_date,observed_reference_fields_plus_unavailable_requested_fields
10117,1874,20년 올뉴아반떼CN7(휘),2024-10-30 06:22:51.796576,,2024-10-30 06:22:51,,unavailable,,unavailable,,unavailable,,unavailable,,unavailable_no_verified_acquisition_or_sale_date,observed_reference_fields_plus_unavailable_requested_fields
10118,1874,20년 올뉴아반떼CN7(휘),2024-10-30 06:22:51.796576,,2024-10-30 06:22:51,,unavailable,,unavailable,,unavailable,,unavailable,,unavailable_no_verified_acquisition_or_sale_date,observed_reference_fields_plus_unavailable_requested_fields
10119,1874,20년 올뉴아반떼CN7(휘),2024-10-30 06:22:51.796576,,2024-10-30 06:22:51,,unavailable,,unavailable,,unavailable,,unavailable,,unavailable_no_verified_acquisition_or_sale_date,observed_reference_fields_plus_unavailable_requested_fields
10120,2080,제네시스EQ900[휘],2024-10-30 06:22:51.796576,,2024-10-30 06:22:51,,unavailable,,unavailable,,unavailable,,unavailable,,unavailable_no_verified_acquisition_or_sale_date,observed_reference_fields_plus_unavailable_requested_fields
10121,2049,장기 2018 모닝,2024-10-30 06:22:51.796576,,2024-10-30 06:22:51,,unavailable,,unavailable,,unavailable,,unavailable,,unavailable_no_verified_acquisition_or_sale_date,observed_reference_fields_plus_unavailable_requested_fields
10122,2047,2018년 뉴모닝[휘],2024-10-30 06:22:51.796576,,2024-10-30 06:22:51,,unavailable,,unavailable,,unavailable,,unavailable,,unavailable_no_verified_acquisition_or_sale_date,observed_reference_fields_plus_unavailable_requested_fields
10123,2047,2018년 뉴모닝[휘],2024-10-30 06:22:51.796576,,2024-10-30 06:22:51,,unavailable,,unavailable,,unavailable,,unavailable,,unavailable_no_verified_acquisition_or_sale_date,observed_reference_fields_plus_unavailable_requested_fields
10124,2047,2018년 뉴모닝[휘],2024-10-30 06:22:51.796576,,2024-10-30 06:22:51,,unavailable,,unavailable,,unavailable,,unavailable,,unavailable_no_verified_acquisition_or_sale_date,observed_reference_fields_plus_unavailable_requested_fields
10125,2047,2018년 뉴모닝[휘],2024-10-30 06:22:51.796576,,2024-10-30 06:22:51,,unavailable,,unavailable,,unavailable,,unavailable,,unavailable_no_verified_acquisition_or_sale_date,observed_reference_fields_plus_unavailable_requested_fields
10126,2047,2018년 뉴모닝[휘],2024-10-30 06:22:51.796576,,2024-10-30 06:22:51,,unavailable,,unavailable,,unavailable,,unavailable,,unavailable_no_verified_acquisition_or_sale_date,observed_reference_fields_plus_unavailable_requested_fields
10127,2047,2018년 뉴모닝[휘],2024-10-30 06:22:51.796576,,2024-10-30 06:22:51,,unavailable,,unavailable,,unavailable,,unavailable,,unavailable_no_verified_acquisition_or_sale_date,observed_reference_fields_plus_unavailable_requested_fields
10128,2047,2018년 뉴모닝[휘],2024-10-30 06:22:51.796576,,2024-10-30 06:22:51,,unavailable,,unavailable,,unavailable,,unavailable,,unavailable_no_verified_acquisition_or_sale_date,observed_reference_fields_plus_unavailable_requested_fields
10129,2060,2018 스토닉[휘],2024-10-30 06:22:51.796576,,2024-10-30 06:22:51,,unavailable,,unavailable,,unavailable,,unavailable,,unavailable_no_verified_acquisition_or_sale_date,observed_reference_fields_plus_unavailable_requested_fields
10130,2060,2018 스토닉[휘],2024-10-30 06:22:51.796576,,2024-10-30 06:22:51,,unavailable,,unavailable,,unavailable,,unavailable,,unavailable_no_verified_acquisition_or_sale_date,observed_reference_fields_plus_unavailable_requested_fields
10131,1850,18년 아이오닉(전기),2024-10-30 06:22:51.796576,,2024-10-30 06:22:51,,unavailable,,unavailable,,unavailable,,unavailable,,unavailable_no_verified_acquisition_or_sale_date,observed_reference_fields_plus_unavailable_requested_fields
10132,1850,18년 아이오닉(전기),2024-10-30 06:22:51.796576,,2024-10-30 06:22:51,,unavailable,,unavailable,,unavailable,,unavailable,,unavailable_no_verified_acquisition_or_sale_date,observed_reference_fields_plus_unavailable_requested_fields
10133,1850,18년 아이오닉(전기),2024-10-30 06:22:51.796576,,2024-10-30 06:22:51,,unavailable,,unavailable,,unavailable,,unavailable,,unavailable_no_verified_acquisition_or_sale_date,observed_reference_fields_plus_unavailable_requested_fields
10134,1850,18년 아이오닉(전기),2024-10-30 06:22:51.796576,,2024-10-30 06:22:51,,unavailable,,unavailable,,unavailable,,unavailable,,unavailable_no_verified_acquisition_or_sale_date,observed_reference_fields_plus_unavailable_requested_fields
10135,1850,18년 아이오닉(전기),2024-10-30 06:22:51.796576,,2024-10-30 06:22:51,,unavailable,,unavailable,,unavailable,,unavailable,,unavailable_no_verified_acquisition_or_sale_date,observed_reference_fields_plus_unavailable_requested_fields
10136,1850,18년 아이오닉(전기),2024-10-30 06:22:51.796576,,2024-10-30 06:22:51,,unavailable,,unavailable,,unavailable,,unavailable,,unavailable_no_verified_acquisition_or_sale_date,observed_reference_fields_plus_unavailable_requested_fields
10137,1850,18년 아이오닉(전기),2024-10-30 06:22:51.796576,,2024-10-30 06:22:51,,unavailable,,unavailable,,unavailable,,unavailable,,unavailable_no_verified_acquisition_or_sale_date,observed_reference_fields_plus_unavailable_requested_fields
10138,1850,18년 아이오닉(전기),2024-10-30 06:22:51.796576,,2024-10-30 06:22:51,,unavailable,,unavailable,,unavailable,,unavailable,,unavailable_no_verified_acquisition_or_sale_date,observed_reference_fields_plus_unavailable_requested_fields
10139,1850,18년 아이오닉(전기),2024-10-30 06:22:51.796576,,2024-10-30 06:22:51,,unavailable,,unavailable,,unavailable,,unavailable,,unavailable_no_verified_acquisition_or_sale_date,observed_reference_fields_plus_unavailable_requested_fields
10140,1850,18년 아이오닉(전기),2024-10-30 06:22:51.796576,,2024-10-30 06:22:51,,unavailable,,unavailable,,unavailable,,unavailable,,unavailable_no_verified_acquisition_or_sale_date,observed_reference_fields_plus_unavailable_requested_fields
10141,1850,18년 아이오닉(전기),2024-10-30 06:22:51.796576,,2024-10-30 06:22:51,,unavailable,,unavailable,,unavailable,,unavailable,,unavailable_no_verified_acquisition_or_sale_date,observed_reference_fields_plus_unavailable_requested_fields
10142,1850,18년 아이오닉(전기),2024-10-30 06:22:51.796576,,2024-10-30 06:22:51,,unavailable,,unavailable,,unavailable,,unavailable,,unavailable_no_verified_acquisition_or_sale_date,observed_reference_fields_plus_unavailable_requested_fields
10143,2089,매각[아이오닉],2024-10-30 06:22:51.796576,,2024-10-30 06:22:51,,unavailable,,unavailable,,unavailable,,unavailable,,unavailable_no_verified_acquisition_or_sale_date,observed_reference_fields_plus_unavailable_requested_fields
10144,1850,18년 아이오닉(전기),2024-10-30 06:22:51.796576,,2024-10-30 06:22:51,,unavailable,,unavailable,,unavailable,,unavailable,,unavailable_no_verified_acquisition_or_sale_date,observed_reference_fields_plus_unavailable_requested_fields
10145,1850,18년 아이오닉(전기),2024-10-30 06:22:51.796576,,2024-10-30 06:22:51,,unavailable,,unavailable,,unavailable,,unavailable,,unavailable_no_verified_acquisition_or_sale_date,observed_reference_fields_plus_unavailable_requested_fields
10146,1850,18년 아이오닉(전기),2024-10-30 06:22:51.796576,,2024-10-30 06:22:51,,unavailable,,unavailable,,unavailable,,unavailable,,unavailable_no_verified_acquisition_or_sale_date,observed_reference_fields_plus_unavailable_requested_fields
10147,1850,18년 아이오닉(전기),2024-10-30 06:22:51.796576,,2024-10-30 06:22:51,,unavailable,,unavailable,,unavailable,,unavailable,,unavailable_no_verified_acquisition_or_sale_date,observed_reference_fields_plus_unavailable_requested_fields
10148,1850,18년 아이오닉(전기),2024-10-30 06:22:51.796576,,2024-10-30 06:22:51,,unavailable,,unavailable,,unavailable,,unavailable,,unavailable_no_verified_acquisition_or_sale_date,observed_reference_fields_plus_unavailable_requested_fields
10149,1850,18년 아이오닉(전기),2024-10-30 06:22:51.796576,,2024-10-30 06:22:51,,unavailable,,unavailable,,unavailable,,unavailable,,unavailable_no_verified_acquisition_or_sale_date,observed_reference_fields_plus_unavailable_requested_fields
10150,1850,18년 아이오닉(전기),2024-10-30 06:22:51.796576,,2024-10-30 06:22:51,,unavailable,,unavailable,,unavailable,,unavailable,,unavailable_no_verified_acquisition_or_sale_date,observed_reference_fields_plus_unavailable_requested_fields
10151,2089,매각[아이오닉],2024-10-30 06:22:51.796576,,2024-10-30 06:22:51,,unavailable,,unavailable,,unavailable,,unavailable,,unavailable_no_verified_acquisition_or_sale_date,observed_reference_fields_plus_unavailable_requested_fields
10152,1850,18년 아이오닉(전기),2024-10-30 06:22:51.796576,,2024-10-30 06:22:51,,unavailable,,unavailable,,unavailable,,unavailable,,unavailable_no_verified_acquisition_or_sale_date,observed_reference_fields_plus_unavailable_requested_fields
10153,1850,18년 아이오닉(전기),2024-10-30 06:22:51.796576,,2024-10-30 06:22:51,,unavailable,,unavailable,,unavailable,,unavailable,,unavailable_no_verified_acquisition_or_sale_date,observed_reference_fields_plus_unavailable_requested_fields
10154,1850,18년 아이오닉(전기),2024-10-30 06:22:51.796576,,2024-10-30 06:22:51,,unavailable,,unavailable,,unavailable,,unavailable,,unavailable_no_verified_acquisition_or_sale_date,observed_reference_fields_plus_unavailable_requested_fields
10155,1850,18년 아이오닉(전기),2024-10-30 06:22:51.796576,,2024-10-30 06:22:51,,unavailable,,unavailable,,unavailable,,unavailable,,unavailable_no_verified_acquisition_or_sale_date,observed_reference_fields_plus_unavailable_requested_fields
10156,1850,18년 아이오닉(전기),2024-10-30 06:22:51.796576,,2024-10-30 06:22:51,,unavailable,,unavailable,,unavailable,,unavailable,,unavailable_no_verified_acquisition_or_sale_date,observed_reference_fields_plus_unavailable_requested_fields
10157,1850,18년 아이오닉(전기),2024-10-30 06:22:51.796576,,2024-10-30 06:22:51,,unavailable,,unavailable,,unavailable,,unavailable,,unavailable_no_verified_acquisition_or_sale_date,observed_reference_fields_plus_unavailable_requested_fields
10158,1850,18년 아이오닉(전기),2024-10-30 06:22:51.796576,,2024-10-30 06:22:51,,unavailable,,unavailable,,unavailable,,unavailable,,unavailable_no_verified_acquisition_or_sale_date,observed_reference_fields_plus_unavailable_requested_fields
10159,1850,18년 아이오닉(전기),2024-10-30 06:22:51.796576,,2024-10-30 06:22:51,,unavailable,,unavailable,,unavailable,,unavailable,,unavailable_no_verified_acquisition_or_sale_date,observed_reference_fields_plus_unavailable_requested_fields
10160,1850,18년 아이오닉(전기),2024-10-30 06:22:51.796576,,2024-10-30 06:22:51,,unavailable,,unavailable,,unavailable,,unavailable,,unavailable_no_verified_acquisition_or_sale_date,observed_reference_fields_plus_unavailable_requested_fields
10161,1988,19년 뉴SM3 ZE[전기],2024-10-30 06:22:51.796576,,2024-10-30 06:22:51,,unavailable,,unavailable,,unavailable,,unavailable,,unavailable_no_verified_acquisition_or_sale_date,observed_reference_fields_plus_unavailable_requested_fields
10162,1864,20년 쏘나타DN8(LPG),2024-10-30 06:22:51.796576,,2024-10-30 06:22:51,,unavailable,,unavailable,,unavailable,,unavailable,,unavailable_no_verified_acquisition_or_sale_date,observed_reference_fields_plus_unavailable_requested_fields
10163,2026,2021 BMW 520i M스포츠(휘발유),2024-10-30 06:22:51.796576,,2024-10-30 06:22:51,,unavailable,,unavailable,,unavailable,,unavailable,,unavailable_no_verified_acquisition_or_sale_date,observed_reference_fields_plus_unavailable_requested_fields
10164,2071,그랜져HG3.0[LPG],2024-10-30 06:22:51.796576,,2024-10-30 06:22:51,,unavailable,,unavailable,,unavailable,,unavailable,,unavailable_no_verified_acquisition_or_sale_date,observed_reference_fields_plus_unavailable_requested_fields
10165,2071,그랜져HG3.0[LPG],2024-10-30 06:22:51.796576,,2024-10-30 06:22:51,,unavailable,,unavailable,,unavailable,,unavailable,,unavailable_no_verified_acquisition_or_sale_date,observed_reference_fields_plus_unavailable_requested_fields
10166,2071,그랜져HG3.0[LPG],2024-10-30 06:22:51.796576,,2024-10-30 06:22:51,,unavailable,,unavailable,,unavailable,,unavailable,,unavailable_no_verified_acquisition_or_sale_date,observed_reference_fields_plus_unavailable_requested_fields
10167,2038,LF소나타[LPG],2024-10-30 06:22:51.796576,,2024-10-30 06:22:51,,unavailable,,unavailable,,unavailable,,unavailable,,unavailable_no_verified_acquisition_or_sale_date,observed_reference_fields_plus_unavailable_requested_fields
10168,2094,매각[LF소나타],2024-10-30 06:22:51.796576,,2024-10-30 06:22:51,,unavailable,,unavailable,,unavailable,,unavailable,,unavailable_no_verified_acquisition_or_sale_date,observed_reference_fields_plus_unavailable_requested_fields
10169,2098,2019 뉴엑센트[휘],2024-10-30 06:22:51.796576,,2024-10-30 06:22:51,,unavailable,,unavailable,,unavailable,,unavailable,,unavailable_no_verified_acquisition_or_sale_date,observed_reference_fields_plus_unavailable_requested_fields
10170,2038,LF소나타[LPG],2024-10-30 06:22:51.796576,,2024-10-30 06:22:51,,unavailable,,unavailable,,unavailable,,unavailable,,unavailable_no_verified_acquisition_or_sale_date,observed_reference_fields_plus_unavailable_requested_fields
10171,2094,매각[LF소나타],2024-10-30 06:22:51.796576,,2024-10-30 06:22:51,,unavailable,,unavailable,,unavailable,,unavailable,,unavailable_no_verified_acquisition_or_sale_date,observed_reference_fields_plus_unavailable_requested_fields
10172,2098,2019 뉴엑센트[휘],2024-10-30 06:22:51.796576,,2024-10-30 06:22:51,,unavailable,,unavailable,,unavailable,,unavailable,,unavailable_no_verified_acquisition_or_sale_date,observed_reference_fields_plus_unavailable_requested_fields
10173,2038,LF소나타[LPG],2024-10-30 06:22:51.796576,,2024-10-30 06:22:51,,unavailable,,unavailable,,unavailable,,unavailable,,unavailable_no_verified_acquisition_or_sale_date,observed_reference_fields_plus_unavailable_requested_fields
10174,2094,매각[LF소나타],2024-10-30 06:22:51.796576,,2024-10-30 06:22:51,,unavailable,,unavailable,,unavailable,,unavailable,,unavailable_no_verified_acquisition_or_sale_date,observed_reference_fields_plus_unavailable_requested_fields
10175,2098,2019 뉴엑센트[휘],2024-10-30 06:22:51.796576,,2024-10-30 06:22:51,,unavailable,,unavailable,,unavailable,,unavailable,,unavailable_no_verified_acquisition_or_sale_date,observed_reference_fields_plus_unavailable_requested_fields
10176,2038,LF소나타[LPG],2024-10-30 06:22:51.796576,,2024-10-30 06:22:51,,unavailable,,unavailable,,unavailable,,unavailable,,unavailable_no_verified_acquisition_or_sale_date,observed_reference_fields_plus_unavailable_requested_fields
10177,2094,매각[LF소나타],2024-10-30 06:22:51.796576,,2024-10-30 06:22:51,,unavailable,,unavailable,,unavailable,,unavailable,,unavailable_no_verified_acquisition_or_sale_date,observed_reference_fields_plus_unavailable_requested_fields
10178,2038,LF소나타[LPG],2024-10-30 06:22:51.796576,,2024-10-30 06:22:51,,unavailable,,unavailable,,unavailable,,unavailable,,unavailable_no_verified_acquisition_or_sale_date,observed_reference_fields_plus_unavailable_requested_fields
10179,2094,매각[LF소나타],2024-10-30 06:22:51.796576,,2024-10-30 06:22:51,,unavailable,,unavailable,,unavailable,,unavailable,,unavailable_no_verified_acquisition_or_sale_date,observed_reference_fields_plus_unavailable_requested_fields
10180,2038,LF소나타[LPG],2024-10-30 06:22:51.796576,,2024-10-30 06:22:51,,unavailable,,unavailable,,unavailable,,unavailable,,unavailable_no_verified_acquisition_or_sale_date,observed_reference_fields_plus_unavailable_requested_fields
10181,2094,매각[LF소나타],2024-10-30 06:22:51.796576,,2024-10-30 06:22:51,,unavailable,,unavailable,,unavailable,,unavailable,,unavailable_no_verified_acquisition_or_sale_date,observed_reference_fields_plus_unavailable_requested_fields
10182,2038,LF소나타[LPG],2024-10-30 06:22:51.796576,,2024-10-30 06:22:51,,unavailable,,unavailable,,unavailable,,unavailable,,unavailable_no_verified_acquisition_or_sale_date,observed_reference_fields_plus_unavailable_requested_fields
10183,2094,매각[LF소나타],2024-10-30 06:22:51.796576,,2024-10-30 06:22:51,,unavailable,,unavailable,,unavailable,,unavailable,,unavailable_no_verified_acquisition_or_sale_date,observed_reference_fields_plus_unavailable_requested_fields
10184,2038,LF소나타[LPG],2024-10-30 06:22:51.796576,,2024-10-30 06:22:51,,unavailable,,unavailable,,unavailable,,unavailable,,unavailable_no_verified_acquisition_or_sale_date,observed_reference_fields_plus_unavailable_requested_fields
10185,2094,매각[LF소나타],2024-10-30 06:22:51.796576,,2024-10-30 06:22:51,,unavailable,,unavailable,,unavailable,,unavailable,,unavailable_no_verified_acquisition_or_sale_date,observed_reference_fields_plus_unavailable_requested_fields
10186,2038,LF소나타[LPG],2024-10-30 06:22:51.796576,,2024-10-30 06:22:51,,unavailable,,unavailable,,unavailable,,unavailable,,unavailable_no_verified_acquisition_or_sale_date,observed_reference_fields_plus_unavailable_requested_fields
10187,2094,매각[LF소나타],2024-10-30 06:22:51.796576,,2024-10-30 06:22:51,,unavailable,,unavailable,,unavailable,,unavailable,,unavailable_no_verified_acquisition_or_sale_date,observed_reference_fields_plus_unavailable_requested_fields
10188,2038,LF소나타[LPG],2024-10-30 06:22:51.796576,,2024-10-30 06:22:51,,unavailable,,unavailable,,unavailable,,unavailable,,unavailable_no_verified_acquisition_or_sale_date,observed_reference_fields_plus_unavailable_requested_fields
10189,2094,매각[LF소나타],2024-10-30 06:22:51.796576,,2024-10-30 06:22:51,,unavailable,,unavailable,,unavailable,,unavailable,,unavailable_no_verified_acquisition_or_sale_date,observed_reference_fields_plus_unavailable_requested_fields
10190,2082,K5[LPG],2024-10-30 06:22:51.796576,,2024-10-30 06:22:51,,unavailable,,unavailable,,unavailable,,unavailable,,unavailable_no_verified_acquisition_or_sale_date,observed_reference_fields_plus_unavailable_requested_fields
10191,2092,매각[K5],2024-10-30 06:22:51.796576,,2024-10-30 06:22:51,,unavailable,,unavailable,,unavailable,,unavailable,,unavailable_no_verified_acquisition_or_sale_date,observed_reference_fields_plus_unavailable_requested_fields
10192,2052,뉴K5[LPG],2024-10-30 06:22:51.796576,,2024-10-30 06:22:51,,unavailable,,unavailable,,unavailable,,unavailable,,unavailable_no_verified_acquisition_or_sale_date,observed_reference_fields_plus_unavailable_requested_fields
10193,2093,매각[뉴K5],2024-10-30 06:22:51.796576,,2024-10-30 06:22:51,,unavailable,,unavailable,,unavailable,,unavailable,,unavailable_no_verified_acquisition_or_sale_date,observed_reference_fields_plus_unavailable_requested_fields
10194,2052,뉴K5[LPG],2024-10-30 06:22:51.796576,,2024-10-30 06:22:51,,unavailable,,unavailable,,unavailable,,unavailable,,unavailable_no_verified_acquisition_or_sale_date,observed_reference_fields_plus_unavailable_requested_fields
10195,2093,매각[뉴K5],2024-10-30 06:22:51.796576,,2024-10-30 06:22:51,,unavailable,,unavailable,,unavailable,,unavailable,,unavailable_no_verified_acquisition_or_sale_date,observed_reference_fields_plus_unavailable_requested_fields
10196,2052,뉴K5[LPG],2024-10-30 06:22:51.796576,,2024-10-30 06:22:51,,unavailable,,unavailable,,unavailable,,unavailable,,unavailable_no_verified_acquisition_or_sale_date,observed_reference_fields_plus_unavailable_requested_fields
10197,2093,매각[뉴K5],2024-10-30 06:22:51.796576,,2024-10-30 06:22:51,,unavailable,,unavailable,,unavailable,,unavailable,,unavailable_no_verified_acquisition_or_sale_date,observed_reference_fields_plus_unavailable_requested_fields
10198,2082,K5[LPG],2024-10-30 06:22:51.796576,,2024-10-30 06:22:51,,unavailable,,unavailable,,unavailable,,unavailable,,unavailable_no_verified_acquisition_or_sale_date,observed_reference_fields_plus_unavailable_requested_fields
10199,2092,매각[K5],2024-10-30 06:22:51.796576,,2024-10-30 06:22:51,,unavailable,,unavailable,,unavailable,,unavailable,,unavailable_no_verified_acquisition_or_sale_date,observed_reference_fields_plus_unavailable_requested_fields
10200,2052,뉴K5[LPG],2024-10-30 06:22:51.796576,,2024-10-30 06:22:51,,unavailable,,unavailable,,unavailable,,unavailable,,unavailable_no_verified_acquisition_or_sale_date,observed_reference_fields_plus_unavailable_requested_fields
10201,2093,매각[뉴K5],2024-10-30 06:22:51.796576,,2024-10-30 06:22:51,,unavailable,,unavailable,,unavailable,,unavailable,,unavailable_no_verified_acquisition_or_sale_date,observed_reference_fields_plus_unavailable_requested_fields
10202,2052,뉴K5[LPG],2024-10-30 06:22:51.796576,,2024-10-30 06:22:51,,unavailable,,unavailable,,unavailable,,unavailable,,unavailable_no_verified_acquisition_or_sale_date,observed_reference_fields_plus_unavailable_requested_fields
10203,2052,뉴K5[LPG],2024-10-30 06:22:51.796576,,2024-10-30 06:22:51,,unavailable,,unavailable,,unavailable,,unavailable,,unavailable_no_verified_acquisition_or_sale_date,observed_reference_fields_plus_unavailable_requested_fields
10204,2052,뉴K5[LPG],2024-10-30 06:22:51.796576,,2024-10-30 06:22:51,,unavailable,,unavailable,,unavailable,,unavailable,,unavailable_no_verified_acquisition_or_sale_date,observed_reference_fields_plus_unavailable_requested_fields
10205,2082,K5[LPG],2024-10-30 06:22:51.796576,,2024-10-30 06:22:51,,unavailable,,unavailable,,unavailable,,unavailable,,unavailable_no_verified_acquisition_or_sale_date,observed_reference_fields_plus_unavailable_requested_fields
10206,2052,뉴K5[LPG],2024-10-30 06:22:51.796576,,2024-10-30 06:22:51,,unavailable,,unavailable,,unavailable,,unavailable,,unavailable_no_verified_acquisition_or_sale_date,observed_reference_fields_plus_unavailable_requested_fields
10207,2052,뉴K5[LPG],2024-10-30 06:22:51.796576,,2024-10-30 06:22:51,,unavailable,,unavailable,,unavailable,,unavailable,,unavailable_no_verified_acquisition_or_sale_date,observed_reference_fields_plus_unavailable_requested_fields
10208,2093,매각[뉴K5],2024-10-30 06:22:51.796576,,2024-10-30 06:22:51,,unavailable,,unavailable,,unavailable,,unavailable,,unavailable_no_verified_acquisition_or_sale_date,observed_reference_fields_plus_unavailable_requested_fields
10209,2052,뉴K5[LPG],2024-10-30 06:22:51.796576,,2024-10-30 06:22:51,,unavailable,,unavailable,,unavailable,,unavailable,,unavailable_no_verified_acquisition_or_sale_date,observed_reference_fields_plus_unavailable_requested_fields
10210,2093,매각[뉴K5],2024-10-30 06:22:51.796576,,2024-10-30 06:22:51,,unavailable,,unavailable,,unavailable,,unavailable,,unavailable_no_verified_acquisition_or_sale_date,observed_reference_fields_plus_unavailable_requested_fields
10211,2082,K5[LPG],2024-10-30 06:22:51.796576,,2024-10-30 06:22:51,,unavailable,,unavailable,,unavailable,,unavailable,,unavailable_no_verified_acquisition_or_sale_date,observed_reference_fields_plus_unavailable_requested_fields
10212,2092,매각[K5],2024-10-30 06:22:51.796576,,2024-10-30 06:22:51,,unavailable,,unavailable,,unavailable,,unavailable,,unavailable_no_verified_acquisition_or_sale_date,observed_reference_fields_plus_unavailable_requested_fields
10213,2082,K5[LPG],2024-10-30 06:22:51.796576,,2024-10-30 06:22:51,,unavailable,,unavailable,,unavailable,,unavailable,,unavailable_no_verified_acquisition_or_sale_date,observed_reference_fields_plus_unavailable_requested_fields
10214,2092,매각[K5],2024-10-30 06:22:51.796576,,2024-10-30 06:22:51,,unavailable,,unavailable,,unavailable,,unavailable,,unavailable_no_verified_acquisition_or_sale_date,observed_reference_fields_plus_unavailable_requested_fields
10215,2052,뉴K5[LPG],2024-10-30 06:22:51.796576,,2024-10-30 06:22:51,,unavailable,,unavailable,,unavailable,,unavailable,,unavailable_no_verified_acquisition_or_sale_date,observed_reference_fields_plus_unavailable_requested_fields
10216,2082,K5[LPG],2024-10-30 06:22:51.796576,,2024-10-30 06:22:51,,unavailable,,unavailable,,unavailable,,unavailable,,unavailable_no_verified_acquisition_or_sale_date,observed_reference_fields_plus_unavailable_requested_fields
10217,2092,매각[K5],2024-10-30 06:22:51.796576,,2024-10-30 06:22:51,,unavailable,,unavailable,,unavailable,,unavailable,,unavailable_no_verified_acquisition_or_sale_date,observed_reference_fields_plus_unavailable_requested_fields
10218,2051,K3[휘],2024-10-30 06:22:51.796576,,2024-10-30 06:22:51,,unavailable,,unavailable,,unavailable,,unavailable,,unavailable_no_verified_acquisition_or_sale_date,observed_reference_fields_plus_unavailable_requested_fields
10219,2051,K3[휘],2024-10-30 06:22:51.796576,,2024-10-30 06:22:51,,unavailable,,unavailable,,unavailable,,unavailable,,unavailable_no_verified_acquisition_or_sale_date,observed_reference_fields_plus_unavailable_requested_fields
10220,2051,K3[휘],2024-10-30 06:22:51.796576,,2024-10-30 06:22:51,,unavailable,,unavailable,,unavailable,,unavailable,,unavailable_no_verified_acquisition_or_sale_date,observed_reference_fields_plus_unavailable_requested_fields
10221,2051,K3[휘],2024-10-30 06:22:51.796576,,2024-10-30 06:22:51,,unavailable,,unavailable,,unavailable,,unavailable,,unavailable_no_verified_acquisition_or_sale_date,observed_reference_fields_plus_unavailable_requested_fields
10222,2051,K3[휘],2024-10-30 06:22:51.796576,,2024-10-30 06:22:51,,unavailable,,unavailable,,unavailable,,unavailable,,unavailable_no_verified_acquisition_or_sale_date,observed_reference_fields_plus_unavailable_requested_fields
10223,2051,K3[휘],2024-10-30 06:22:51.796576,,2024-10-30 06:22:51,,unavailable,,unavailable,,unavailable,,unavailable,,unavailable_no_verified_acquisition_or_sale_date,observed_reference_fields_plus_unavailable_requested_fields
10224,2051,K3[휘],2024-10-30 06:22:51.796576,,2024-10-30 06:22:51,,unavailable,,unavailable,,unavailable,,unavailable,,unavailable_no_verified_acquisition_or_sale_date,observed_reference_fields_plus_unavailable_requested_fields
10225,1987,19년 팰리세이드 8인승[경유],2024-10-30 06:22:51.796576,,2024-10-30 06:22:51,,unavailable,,unavailable,,unavailable,,unavailable,,unavailable_no_verified_acquisition_or_sale_date,observed_reference_fields_plus_unavailable_requested_fields
10226,2083,"2019 팰리세이드 8인(4WD,썬루프)[경유]",2024-10-30 06:22:51.796576,,2024-10-30 06:22:51,,unavailable,,unavailable,,unavailable,,unavailable,,unavailable_no_verified_acquisition_or_sale_date,observed_reference_fields_plus_unavailable_requested_fields
10227,2051,K3[휘],2024-10-30 06:22:51.796576,,2024-10-30 06:22:51,,unavailable,,unavailable,,unavailable,,unavailable,,unavailable_no_verified_acquisition_or_sale_date,observed_reference_fields_plus_unavailable_requested_fields
10228,1987,19년 팰리세이드 8인승[경유],2024-10-30 06:22:51.796576,,2024-10-30 06:22:51,,unavailable,,unavailable,,unavailable,,unavailable,,unavailable_no_verified_acquisition_or_sale_date,observed_reference_fields_plus_unavailable_requested_fields
10229,2083,"2019 팰리세이드 8인(4WD,썬루프)[경유]",2024-10-30 06:22:51.796576,,2024-10-30 06:22:51,,unavailable,,unavailable,,unavailable,,unavailable,,unavailable_no_verified_acquisition_or_sale_date,observed_reference_fields_plus_unavailable_requested_fields
10230,2051,K3[휘],2024-10-30 06:22:51.796576,,2024-10-30 06:22:51,,unavailable,,unavailable,,unavailable,,unavailable,,unavailable_no_verified_acquisition_or_sale_date,observed_reference_fields_plus_unavailable_requested_fields
10231,2051,K3[휘],2024-10-30 06:22:51.796576,,2024-10-30 06:22:51,,unavailable,,unavailable,,unavailable,,unavailable,,unavailable_no_verified_acquisition_or_sale_date,observed_reference_fields_plus_unavailable_requested_fields
10232,2055,아반떼MD[LPG],2024-10-30 06:22:51.796576,,2024-10-30 06:22:51,,unavailable,,unavailable,,unavailable,,unavailable,,unavailable_no_verified_acquisition_or_sale_date,observed_reference_fields_plus_unavailable_requested_fields
10233,2055,아반떼MD[LPG],2024-10-30 06:22:51.796576,,2024-10-30 06:22:51,,unavailable,,unavailable,,unavailable,,unavailable,,unavailable_no_verified_acquisition_or_sale_date,observed_reference_fields_plus_unavailable_requested_fields
10234,2055,아반떼MD[LPG],2024-10-30 06:22:51.796576,,2024-10-30 06:22:51,,unavailable,,unavailable,,unavailable,,unavailable,,unavailable_no_verified_acquisition_or_sale_date,observed_reference_fields_plus_unavailable_requested_fields
10235,2055,아반떼MD[LPG],2024-10-30 06:22:51.796576,,2024-10-30 06:22:51,,unavailable,,unavailable,,unavailable,,unavailable,,unavailable_no_verified_acquisition_or_sale_date,observed_reference_fields_plus_unavailable_requested_fields
10236,2078,뉴SM3 네오[휘],2024-10-30 06:22:51.796576,,2024-10-30 06:22:51,,unavailable,,unavailable,,unavailable,,unavailable,,unavailable_no_verified_acquisition_or_sale_date,observed_reference_fields_plus_unavailable_requested_fields
10237,2078,뉴SM3 네오[휘],2024-10-30 06:22:51.796576,,2024-10-30 06:22:51,,unavailable,,unavailable,,unavailable,,unavailable,,unavailable_no_verified_acquisition_or_sale_date,observed_reference_fields_plus_unavailable_requested_fields
10238,2078,뉴SM3 네오[휘],2024-10-30 06:22:51.796576,,2024-10-30 06:22:51,,unavailable,,unavailable,,unavailable,,unavailable,,unavailable_no_verified_acquisition_or_sale_date,observed_reference_fields_plus_unavailable_requested_fields
10239,2078,뉴SM3 네오[휘],2024-10-30 06:22:51.796576,,2024-10-30 06:22:51,,unavailable,,unavailable,,unavailable,,unavailable,,unavailable_no_verified_acquisition_or_sale_date,observed_reference_fields_plus_unavailable_requested_fields
10240,2057,엑센트[휘],2024-10-30 06:22:51.796576,,2024-10-30 06:22:51,,unavailable,,unavailable,,unavailable,,unavailable,,unavailable_no_verified_acquisition_or_sale_date,observed_reference_fields_plus_unavailable_requested_fields
10241,1855,18/19년 올뉴 K3(휘),2024-10-30 06:22:51.796576,,2024-10-30 06:22:51,,unavailable,,unavailable,,unavailable,,unavailable,,unavailable_no_verified_acquisition_or_sale_date,observed_reference_fields_plus_unavailable_requested_fields
10242,2057,엑센트[휘],2024-10-30 06:22:51.796576,,2024-10-30 06:22:51,,unavailable,,unavailable,,unavailable,,unavailable,,unavailable_no_verified_acquisition_or_sale_date,observed_reference_fields_plus_unavailable_requested_fields
10243,2057,엑센트[휘],2024-10-30 06:22:51.796576,,2024-10-30 06:22:51,,unavailable,,unavailable,,unavailable,,unavailable,,unavailable_no_verified_acquisition_or_sale_date,observed_reference_fields_plus_unavailable_requested_fields
10244,2059,아반떼MD[휘],2024-10-30 06:22:51.796576,,2024-10-30 06:22:51,,unavailable,,unavailable,,unavailable,,unavailable,,unavailable_no_verified_acquisition_or_sale_date,observed_reference_fields_plus_unavailable_requested_fields
10245,2070,스파크[휘],2024-10-30 06:22:51.796576,,2024-10-30 06:22:51,,unavailable,,unavailable,,unavailable,,unavailable,,unavailable_no_verified_acquisition_or_sale_date,observed_reference_fields_plus_unavailable_requested_fields
10246,2070,스파크[휘],2024-10-30 06:22:51.796576,,2024-10-30 06:22:51,,unavailable,,unavailable,,unavailable,,unavailable,,unavailable_no_verified_acquisition_or_sale_date,observed_reference_fields_plus_unavailable_requested_fields
10247,2070,스파크[휘],2024-10-30 06:22:51.796576,,2024-10-30 06:22:51,,unavailable,,unavailable,,unavailable,,unavailable,,unavailable_no_verified_acquisition_or_sale_date,observed_reference_fields_plus_unavailable_requested_fields
10248,2070,스파크[휘],2024-10-30 06:22:51.796576,,2024-10-30 06:22:51,,unavailable,,unavailable,,unavailable,,unavailable,,unavailable_no_verified_acquisition_or_sale_date,observed_reference_fields_plus_unavailable_requested_fields
10249,2070,스파크[휘],2024-10-30 06:22:51.796576,,2024-10-30 06:22:51,,unavailable,,unavailable,,unavailable,,unavailable,,unavailable_no_verified_acquisition_or_sale_date,observed_reference_fields_plus_unavailable_requested_fields
10250,2070,스파크[휘],2024-10-30 06:22:51.796576,,2024-10-30 06:22:51,,unavailable,,unavailable,,unavailable,,unavailable,,unavailable_no_verified_acquisition_or_sale_date,observed_reference_fields_plus_unavailable_requested_fields
10251,2050,올뉴모닝[휘],2024-10-30 06:22:51.796576,,2024-10-30 06:22:51,,unavailable,,unavailable,,unavailable,,unavailable,,unavailable_no_verified_acquisition_or_sale_date,observed_reference_fields_plus_unavailable_requested_fields
10252,2050,올뉴모닝[휘],2024-10-30 06:22:51.796576,,2024-10-30 06:22:51,,unavailable,,unavailable,,unavailable,,unavailable,,unavailable_no_verified_acquisition_or_sale_date,observed_reference_fields_plus_unavailable_requested_fields
10253,1979,17~19년 그랜져IG[LPG],2024-10-30 06:22:51.796576,,2024-10-30 06:22:51,,unavailable,,unavailable,,unavailable,,unavailable,,unavailable_no_verified_acquisition_or_sale_date,observed_reference_fields_plus_unavailable_requested_fields
10254,2050,올뉴모닝[휘],2024-10-30 06:22:51.796576,,2024-10-30 06:22:51,,unavailable,,unavailable,,unavailable,,unavailable,,unavailable_no_verified_acquisition_or_sale_date,observed_reference_fields_plus_unavailable_requested_fields
10255,2050,올뉴모닝[휘],2024-10-30 06:22:51.796576,,2024-10-30 06:22:51,,unavailable,,unavailable,,unavailable,,unavailable,,unavailable_no_verified_acquisition_or_sale_date,observed_reference_fields_plus_unavailable_requested_fields
10256,2050,올뉴모닝[휘],2024-10-30 06:22:51.796576,,2024-10-30 06:22:51,,unavailable,,unavailable,,unavailable,,unavailable,,unavailable_no_verified_acquisition_or_sale_date,observed_reference_fields_plus_unavailable_requested_fields
10257,2050,올뉴모닝[휘],2024-10-30 06:22:51.796576,,2024-10-30 06:22:51,,unavailable,,unavailable,,unavailable,,unavailable,,unavailable_no_verified_acquisition_or_sale_date,observed_reference_fields_plus_unavailable_requested_fields
10258,2050,올뉴모닝[휘],2024-10-30 06:22:51.796576,,2024-10-30 06:22:51,,unavailable,,unavailable,,unavailable,,unavailable,,unavailable_no_verified_acquisition_or_sale_date,observed_reference_fields_plus_unavailable_requested_fields
10259,2058,올란도7인[경유],2024-10-30 06:22:51.796576,,2024-10-30 06:22:51,,unavailable,,unavailable,,unavailable,,unavailable,,unavailable_no_verified_acquisition_or_sale_date,observed_reference_fields_plus_unavailable_requested_fields
10260,2058,올란도7인[경유],2024-10-30 06:22:51.796576,,2024-10-30 06:22:51,,unavailable,,unavailable,,unavailable,,unavailable,,unavailable_no_verified_acquisition_or_sale_date,observed_reference_fields_plus_unavailable_requested_fields
10261,2058,올란도7인[경유],2024-10-30 06:22:51.796576,,2024-10-30 06:22:51,,unavailable,,unavailable,,unavailable,,unavailable,,unavailable_no_verified_acquisition_or_sale_date,observed_reference_fields_plus_unavailable_requested_fields
10262,2072,뉴싼타페DM7인[경유],2024-10-30 06:22:51.796576,,2024-10-30 06:22:51,,unavailable,,unavailable,,unavailable,,unavailable,,unavailable_no_verified_acquisition_or_sale_date,observed_reference_fields_plus_unavailable_requested_fields
10263,2072,뉴싼타페DM7인[경유],2024-10-30 06:22:51.796576,,2024-10-30 06:22:51,,unavailable,,unavailable,,unavailable,,unavailable,,unavailable_no_verified_acquisition_or_sale_date,observed_reference_fields_plus_unavailable_requested_fields
10264,2072,뉴싼타페DM7인[경유],2024-10-30 06:22:51.796576,,2024-10-30 06:22:51,,unavailable,,unavailable,,unavailable,,unavailable,,unavailable_no_verified_acquisition_or_sale_date,observed_reference_fields_plus_unavailable_requested_fields
10265,1855,18/19년 올뉴 K3(휘),2024-10-30 06:22:51.796576,,2024-10-30 06:22:51,,unavailable,,unavailable,,unavailable,,unavailable,,unavailable_no_verified_acquisition_or_sale_date,observed_reference_fields_plus_unavailable_requested_fields
10266,2054,코란도투리스모9인[경유],2024-10-30 06:22:51.796576,,2024-10-30 06:22:51,,unavailable,,unavailable,,unavailable,,unavailable,,unavailable_no_verified_acquisition_or_sale_date,observed_reference_fields_plus_unavailable_requested_fields
10267,1855,18/19년 올뉴 K3(휘),2024-10-30 06:22:51.796576,,2024-10-30 06:22:51,,unavailable,,unavailable,,unavailable,,unavailable,,unavailable_no_verified_acquisition_or_sale_date,observed_reference_fields_plus_unavailable_requested_fields
10268,2054,코란도투리스모9인[경유],2024-10-30 06:22:51.796576,,2024-10-30 06:22:51,,unavailable,,unavailable,,unavailable,,unavailable,,unavailable_no_verified_acquisition_or_sale_date,observed_reference_fields_plus_unavailable_requested_fields
10269,1855,18/19년 올뉴 K3(휘),2024-10-30 06:22:51.796576,,2024-10-30 06:22:51,,unavailable,,unavailable,,unavailable,,unavailable,,unavailable_no_verified_acquisition_or_sale_date,observed_reference_fields_plus_unavailable_requested_fields
10270,2054,코란도투리스모9인[경유],2024-10-30 06:22:51.796576,,2024-10-30 06:22:51,,unavailable,,unavailable,,unavailable,,unavailable,,unavailable_no_verified_acquisition_or_sale_date,observed_reference_fields_plus_unavailable_requested_fields
10271,2054,코란도투리스모9인[경유],2024-10-30 06:22:51.796576,,2024-10-30 06:22:51,,unavailable,,unavailable,,unavailable,,unavailable,,unavailable_no_verified_acquisition_or_sale_date,observed_reference_fields_plus_unavailable_requested_fields
10272,1855,18/19년 올뉴 K3(휘),2024-10-30 06:22:51.796576,,2024-10-30 06:22:51,,unavailable,,unavailable,,unavailable,,unavailable,,unavailable_no_verified_acquisition_or_sale_date,observed_reference_fields_plus_unavailable_requested_fields
10273,2061,YF소나타[LPG],2024-10-30 06:22:51.796576,,2024-10-30 06:22:51,,unavailable,,unavailable,,unavailable,,unavailable,,unavailable_no_verified_acquisition_or_sale_date,observed_reference_fields_plus_unavailable_requested_fields
10274,2061,YF소나타[LPG],2024-10-30 06:22:51.796576,,2024-10-30 06:22:51,,unavailable,,unavailable,,unavailable,,unavailable,,unavailable_no_verified_acquisition_or_sale_date,observed_reference_fields_plus_unavailable_requested_fields
10275,2061,YF소나타[LPG],2024-10-30 06:22:51.796576,,2024-10-30 06:22:51,,unavailable,,unavailable,,unavailable,,unavailable,,unavailable_no_verified_acquisition_or_sale_date,observed_reference_fields_plus_unavailable_requested_fields
10276,2061,YF소나타[LPG],2024-10-30 06:22:51.796576,,2024-10-30 06:22:51,,unavailable,,unavailable,,unavailable,,unavailable,,unavailable_no_verified_acquisition_or_sale_date,observed_reference_fields_plus_unavailable_requested_fields
10277,2061,YF소나타[LPG],2024-10-30 06:22:51.796576,,2024-10-30 06:22:51,,unavailable,,unavailable,,unavailable,,unavailable,,unavailable_no_verified_acquisition_or_sale_date,observed_reference_fields_plus_unavailable_requested_fields
10278,2074,레이[휘],2024-10-30 06:22:51.796576,,2024-10-30 06:22:51,,unavailable,,unavailable,,unavailable,,unavailable,,unavailable_no_verified_acquisition_or_sale_date,observed_reference_fields_plus_unavailable_requested_fields
10279,2087,매각[레이],2024-10-30 06:22:51.796576,,2024-10-30 06:22:51,,unavailable,,unavailable,,unavailable,,unavailable,,unavailable_no_verified_acquisition_or_sale_date,observed_reference_fields_plus_unavailable_requested_fields
10280,1861,19년 벤츠 E클래스 카브리올레[경유],2024-10-30 06:22:51.796576,,2024-10-30 06:22:51,,unavailable,,unavailable,,unavailable,,unavailable,,unavailable_no_verified_acquisition_or_sale_date,observed_reference_fields_plus_unavailable_requested_fields
10281,2074,레이[휘],2024-10-30 06:22:51.796576,,2024-10-30 06:22:51,,unavailable,,unavailable,,unavailable,,unavailable,,unavailable_no_verified_acquisition_or_sale_date,observed_reference_fields_plus_unavailable_requested_fields
10282,2074,레이[휘],2024-10-30 06:22:51.796576,,2024-10-30 06:22:51,,unavailable,,unavailable,,unavailable,,unavailable,,unavailable_no_verified_acquisition_or_sale_date,observed_reference_fields_plus_unavailable_requested_fields
10283,2074,레이[휘],2024-10-30 06:22:51.796576,,2024-10-30 06:22:51,,unavailable,,unavailable,,unavailable,,unavailable,,unavailable_no_verified_acquisition_or_sale_date,observed_reference_fields_plus_unavailable_requested_fields
10284,2074,레이[휘],2024-10-30 06:22:51.796576,,2024-10-30 06:22:51,,unavailable,,unavailable,,unavailable,,unavailable,,unavailable_no_verified_acquisition_or_sale_date,observed_reference_fields_plus_unavailable_requested_fields
10285,2087,매각[레이],2024-10-30 06:22:51.796576,,2024-10-30 06:22:51,,unavailable,,unavailable,,unavailable,,unavailable,,unavailable_no_verified_acquisition_or_sale_date,observed_reference_fields_plus_unavailable_requested_fields
10286,2056,올뉴쏘울[휘],2024-10-30 06:22:51.796576,,2024-10-30 06:22:51,,unavailable,,unavailable,,unavailable,,unavailable,,unavailable_no_verified_acquisition_or_sale_date,observed_reference_fields_plus_unavailable_requested_fields
10287,2056,올뉴쏘울[휘],2024-10-30 06:22:51.796576,,2024-10-30 06:22:51,,unavailable,,unavailable,,unavailable,,unavailable,,unavailable_no_verified_acquisition_or_sale_date,observed_reference_fields_plus_unavailable_requested_fields
10288,2059,아반떼MD[휘],2024-10-30 06:22:51.796576,,2024-10-30 06:22:51,,unavailable,,unavailable,,unavailable,,unavailable,,unavailable_no_verified_acquisition_or_sale_date,observed_reference_fields_plus_unavailable_requested_fields
10289,2059,아반떼MD[휘],2024-10-30 06:22:51.796576,,2024-10-30 06:22:51,,unavailable,,unavailable,,unavailable,,unavailable,,unavailable_no_verified_acquisition_or_sale_date,observed_reference_fields_plus_unavailable_requested_fields
10290,2055,아반떼MD[LPG],2024-10-30 06:22:51.796576,,2024-10-30 06:22:51,,unavailable,,unavailable,,unavailable,,unavailable,,unavailable_no_verified_acquisition_or_sale_date,observed_reference_fields_plus_unavailable_requested_fields
10291,2053,그랜져HG2.4[휘],2024-10-30 06:22:51.796576,,2024-10-30 06:22:51,,unavailable,,unavailable,,unavailable,,unavailable,,unavailable_no_verified_acquisition_or_sale_date,observed_reference_fields_plus_unavailable_requested_fields
10292,2053,그랜져HG2.4[휘],2024-10-30 06:22:51.796576,,2024-10-30 06:22:51,,unavailable,,unavailable,,unavailable,,unavailable,,unavailable_no_verified_acquisition_or_sale_date,observed_reference_fields_plus_unavailable_requested_fields
10293,1843,16/18년 올뉴카니발9인(경유),2024-10-30 06:22:51.796576,,2024-10-30 06:22:51,,unavailable,,unavailable,,unavailable,,unavailable,,unavailable_no_verified_acquisition_or_sale_date,observed_reference_fields_plus_unavailable_requested_fields
10294,1843,16/18년 올뉴카니발9인(경유),2024-10-30 06:22:51.796576,,2024-10-30 06:22:51,,unavailable,,unavailable,,unavailable,,unavailable,,unavailable_no_verified_acquisition_or_sale_date,observed_reference_fields_plus_unavailable_requested_fields
10295,1843,16/18년 올뉴카니발9인(경유),2024-10-30 06:22:51.796576,,2024-10-30 06:22:51,,unavailable,,unavailable,,unavailable,,unavailable,,unavailable_no_verified_acquisition_or_sale_date,observed_reference_fields_plus_unavailable_requested_fields
10296,2052,뉴K5[LPG],2024-10-30 06:22:51.796576,,2024-10-30 06:22:51,,unavailable,,unavailable,,unavailable,,unavailable,,unavailable_no_verified_acquisition_or_sale_date,observed_reference_fields_plus_unavailable_requested_fields
10297,2052,뉴K5[LPG],2024-10-30 06:22:51.796576,,2024-10-30 06:22:51,,unavailable,,unavailable,,unavailable,,unavailable,,unavailable_no_verified_acquisition_or_sale_date,observed_reference_fields_plus_unavailable_requested_fields
10298,2052,뉴K5[LPG],2024-10-30 06:22:51.796576,,2024-10-30 06:22:51,,unavailable,,unavailable,,unavailable,,unavailable,,unavailable_no_verified_acquisition_or_sale_date,observed_reference_fields_plus_unavailable_requested_fields
10299,2082,K5[LPG],2024-10-30 06:22:51.796576,,2024-10-30 06:22:51,,unavailable,,unavailable,,unavailable,,unavailable,,unavailable_no_verified_acquisition_or_sale_date,observed_reference_fields_plus_unavailable_requested_fields
10300,2052,뉴K5[LPG],2024-10-30 06:22:51.796576,,2024-10-30 06:22:51,,unavailable,,unavailable,,unavailable,,unavailable,,unavailable_no_verified_acquisition_or_sale_date,observed_reference_fields_plus_unavailable_requested_fields
10301,2050,올뉴모닝[휘],2024-10-30 06:22:51.796576,,2024-10-30 06:22:51,,unavailable,,unavailable,,unavailable,,unavailable,,unavailable_no_verified_acquisition_or_sale_date,observed_reference_fields_plus_unavailable_requested_fields
10302,2050,올뉴모닝[휘],2024-10-30 06:22:51.796576,,2024-10-30 06:22:51,,unavailable,,unavailable,,unavailable,,unavailable,,unavailable_no_verified_acquisition_or_sale_date,observed_reference_fields_plus_unavailable_requested_fields
10303,2059,아반떼MD[휘],2024-10-30 06:22:51.796576,,2024-10-30 06:22:51,,unavailable,,unavailable,,unavailable,,unavailable,,unavailable_no_verified_acquisition_or_sale_date,observed_reference_fields_plus_unavailable_requested_fields
10304,2059,아반떼MD[휘],2024-10-30 06:22:51.796576,,2024-10-30 06:22:51,,unavailable,,unavailable,,unavailable,,unavailable,,unavailable_no_verified_acquisition_or_sale_date,observed_reference_fields_plus_unavailable_requested_fields
10305,2059,아반떼MD[휘],2024-10-30 06:22:51.796576,,2024-10-30 06:22:51,,unavailable,,unavailable,,unavailable,,unavailable,,unavailable_no_verified_acquisition_or_sale_date,observed_reference_fields_plus_unavailable_requested_fields
10306,2059,아반떼MD[휘],2024-10-30 06:22:51.796576,,2024-10-30 06:22:51,,unavailable,,unavailable,,unavailable,,unavailable,,unavailable_no_verified_acquisition_or_sale_date,observed_reference_fields_plus_unavailable_requested_fields
10307,2029,장기 뉴5,2024-10-30 06:22:51.796576,,2024-10-30 06:22:51,,unavailable,,unavailable,,unavailable,,unavailable,,unavailable_no_verified_acquisition_or_sale_date,observed_reference_fields_plus_unavailable_requested_fields
10308,2052,뉴K5[LPG],2024-10-30 06:22:51.796576,,2024-10-30 06:22:51,,unavailable,,unavailable,,unavailable,,unavailable,,unavailable_no_verified_acquisition_or_sale_date,observed_reference_fields_plus_unavailable_requested_fields
10309,2082,K5[LPG],2024-10-30 06:22:51.796576,,2024-10-30 06:22:51,,unavailable,,unavailable,,unavailable,,unavailable,,unavailable_no_verified_acquisition_or_sale_date,observed_reference_fields_plus_unavailable_requested_fields
10310,2029,장기 뉴5,2024-10-30 06:22:51.796576,,2024-10-30 06:22:51,,unavailable,,unavailable,,unavailable,,unavailable,,unavailable_no_verified_acquisition_or_sale_date,observed_reference_fields_plus_unavailable_requested_fields
10311,2052,뉴K5[LPG],2024-10-30 06:22:51.796576,,2024-10-30 06:22:51,,unavailable,,unavailable,,unavailable,,unavailable,,unavailable_no_verified_acquisition_or_sale_date,observed_reference_fields_plus_unavailable_requested_fields
10312,2052,뉴K5[LPG],2024-10-30 06:22:51.796576,,2024-10-30 06:22:51,,unavailable,,unavailable,,unavailable,,unavailable,,unavailable_no_verified_acquisition_or_sale_date,observed_reference_fields_plus_unavailable_requested_fields
10313,2082,K5[LPG],2024-10-30 06:22:51.796576,,2024-10-30 06:22:51,,unavailable,,unavailable,,unavailable,,unavailable,,unavailable_no_verified_acquisition_or_sale_date,observed_reference_fields_plus_unavailable_requested_fields
10314,2029,장기 뉴5,2024-10-30 06:22:51.796576,,2024-10-30 06:22:51,,unavailable,,unavailable,,unavailable,,unavailable,,unavailable_no_verified_acquisition_or_sale_date,observed_reference_fields_plus_unavailable_requested_fields
10315,2052,뉴K5[LPG],2024-10-30 06:22:51.796576,,2024-10-30 06:22:51,,unavailable,,unavailable,,unavailable,,unavailable,,unavailable_no_verified_acquisition_or_sale_date,observed_reference_fields_plus_unavailable_requested_fields
10316,2082,K5[LPG],2024-10-30 06:22:51.796576,,2024-10-30 06:22:51,,unavailable,,unavailable,,unavailable,,unavailable,,unavailable_no_verified_acquisition_or_sale_date,observed_reference_fields_plus_unavailable_requested_fields
10317,2029,장기 뉴5,2024-10-30 06:22:51.796576,,2024-10-30 06:22:51,,unavailable,,unavailable,,unavailable,,unavailable,,unavailable_no_verified_acquisition_or_sale_date,observed_reference_fields_plus_unavailable_requested_fields
10318,2052,뉴K5[LPG],2024-10-30 06:22:51.796576,,2024-10-30 06:22:51,,unavailable,,unavailable,,unavailable,,unavailable,,unavailable_no_verified_acquisition_or_sale_date,observed_reference_fields_plus_unavailable_requested_fields
10319,2082,K5[LPG],2024-10-30 06:22:51.796576,,2024-10-30 06:22:51,,unavailable,,unavailable,,unavailable,,unavailable,,unavailable_no_verified_acquisition_or_sale_date,observed_reference_fields_plus_unavailable_requested_fields
10320,2058,올란도7인[경유],2024-10-30 06:22:51.796576,,2024-10-30 06:22:51,,unavailable,,unavailable,,unavailable,,unavailable,,unavailable_no_verified_acquisition_or_sale_date,observed_reference_fields_plus_unavailable_requested_fields
10321,1843,16/18년 올뉴카니발9인(경유),2024-10-30 06:22:51.796576,,2024-10-30 06:22:51,,unavailable,,unavailable,,unavailable,,unavailable,,unavailable_no_verified_acquisition_or_sale_date,observed_reference_fields_plus_unavailable_requested_fields
10322,1843,16/18년 올뉴카니발9인(경유),2024-10-30 06:22:51.796576,,2024-10-30 06:22:51,,unavailable,,unavailable,,unavailable,,unavailable,,unavailable_no_verified_acquisition_or_sale_date,observed_reference_fields_plus_unavailable_requested_fields
10323,1984,2018 싼타페TM (2WD)[경유],2024-10-30 06:22:51.796576,,2024-10-30 06:22:51,,unavailable,,unavailable,,unavailable,,unavailable,,unavailable_no_verified_acquisition_or_sale_date,observed_reference_fields_plus_unavailable_requested_fields
10324,2074,레이[휘],2024-10-30 06:22:51.796576,,2024-10-30 06:22:51,,unavailable,,unavailable,,unavailable,,unavailable,,unavailable_no_verified_acquisition_or_sale_date,observed_reference_fields_plus_unavailable_requested_fields
10325,2087,매각[레이],2024-10-30 06:22:51.796576,,2024-10-30 06:22:51,,unavailable,,unavailable,,unavailable,,unavailable,,unavailable_no_verified_acquisition_or_sale_date,observed_reference_fields_plus_unavailable_requested_fields
10326,2074,레이[휘],2024-10-30 06:22:51.796576,,2024-10-30 06:22:51,,unavailable,,unavailable,,unavailable,,unavailable,,unavailable_no_verified_acquisition_or_sale_date,observed_reference_fields_plus_unavailable_requested_fields
10327,2062,안전보건공단 장기 올뉴카니발9인[경유],2024-10-30 06:22:51.796576,,2024-10-30 06:22:51,,unavailable,,unavailable,,unavailable,,unavailable,,unavailable_no_verified_acquisition_or_sale_date,observed_reference_fields_plus_unavailable_requested_fields
10328,2058,올란도7인[경유],2024-10-30 06:22:51.796576,,2024-10-30 06:22:51,,unavailable,,unavailable,,unavailable,,unavailable,,unavailable_no_verified_acquisition_or_sale_date,observed_reference_fields_plus_unavailable_requested_fields
10329,2058,올란도7인[경유],2024-10-30 06:22:51.796576,,2024-10-30 06:22:51,,unavailable,,unavailable,,unavailable,,unavailable,,unavailable_no_verified_acquisition_or_sale_date,observed_reference_fields_plus_unavailable_requested_fields
10330,2053,그랜져HG2.4[휘],2024-10-30 06:22:51.796576,,2024-10-30 06:22:51,,unavailable,,unavailable,,unavailable,,unavailable,,unavailable_no_verified_acquisition_or_sale_date,observed_reference_fields_plus_unavailable_requested_fields
10331,2053,그랜져HG2.4[휘],2024-10-30 06:22:51.796576,,2024-10-30 06:22:51,,unavailable,,unavailable,,unavailable,,unavailable,,unavailable_no_verified_acquisition_or_sale_date,observed_reference_fields_plus_unavailable_requested_fields
10332,1984,2018 싼타페TM (2WD)[경유],2024-10-30 06:22:51.796576,,2024-10-30 06:22:51,,unavailable,,unavailable,,unavailable,,unavailable,,unavailable_no_verified_acquisition_or_sale_date,observed_reference_fields_plus_unavailable_requested_fields
10333,2074,레이[휘],2024-10-30 06:22:51.796576,,2024-10-30 06:22:51,,unavailable,,unavailable,,unavailable,,unavailable,,unavailable_no_verified_acquisition_or_sale_date,observed_reference_fields_plus_unavailable_requested_fields
10334,2087,매각[레이],2024-10-30 06:22:51.796576,,2024-10-30 06:22:51,,unavailable,,unavailable,,unavailable,,unavailable,,unavailable_no_verified_acquisition_or_sale_date,observed_reference_fields_plus_unavailable_requested_fields
10335,2062,안전보건공단 장기 올뉴카니발9인[경유],2024-10-30 06:22:51.796576,,2024-10-30 06:22:51,,unavailable,,unavailable,,unavailable,,unavailable,,unavailable_no_verified_acquisition_or_sale_date,observed_reference_fields_plus_unavailable_requested_fields
10336,2074,레이[휘],2024-10-30 06:22:51.796576,,2024-10-30 06:22:51,,unavailable,,unavailable,,unavailable,,unavailable,,unavailable_no_verified_acquisition_or_sale_date,observed_reference_fields_plus_unavailable_requested_fields
10337,2057,엑센트[휘],2024-10-30 06:22:51.796576,,2024-10-30 06:22:51,,unavailable,,unavailable,,unavailable,,unavailable,,unavailable_no_verified_acquisition_or_sale_date,observed_reference_fields_plus_unavailable_requested_fields
10338,2041,티볼리[휘],2024-10-30 06:22:51.796576,,2024-10-30 06:22:51,,unavailable,,unavailable,,unavailable,,unavailable,,unavailable_no_verified_acquisition_or_sale_date,observed_reference_fields_plus_unavailable_requested_fields
10339,2041,티볼리[휘],2024-10-30 06:22:51.796576,,2024-10-30 06:22:51,,unavailable,,unavailable,,unavailable,,unavailable,,unavailable_no_verified_acquisition_or_sale_date,observed_reference_fields_plus_unavailable_requested_fields
10340,2041,티볼리[휘],2024-10-30 06:22:51.796576,,2024-10-30 06:22:51,,unavailable,,unavailable,,unavailable,,unavailable,,unavailable_no_verified_acquisition_or_sale_date,observed_reference_fields_plus_unavailable_requested_fields
10341,2041,티볼리[휘],2024-10-30 06:22:51.796576,,2024-10-30 06:22:51,,unavailable,,unavailable,,unavailable,,unavailable,,unavailable_no_verified_acquisition_or_sale_date,observed_reference_fields_plus_unavailable_requested_fields
10342,2038,LF소나타[LPG],2024-10-30 06:22:51.796576,,2024-10-30 06:22:51,,unavailable,,unavailable,,unavailable,,unavailable,,unavailable_no_verified_acquisition_or_sale_date,observed_reference_fields_plus_unavailable_requested_fields
10343,2038,LF소나타[LPG],2024-10-30 06:22:51.796576,,2024-10-30 06:22:51,,unavailable,,unavailable,,unavailable,,unavailable,,unavailable_no_verified_acquisition_or_sale_date,observed_reference_fields_plus_unavailable_requested_fields
10344,2038,LF소나타[LPG],2024-10-30 06:22:51.796576,,2024-10-30 06:22:51,,unavailable,,unavailable,,unavailable,,unavailable,,unavailable_no_verified_acquisition_or_sale_date,observed_reference_fields_plus_unavailable_requested_fields
10345,2038,LF소나타[LPG],2024-10-30 06:22:51.796576,,2024-10-30 06:22:51,,unavailable,,unavailable,,unavailable,,unavailable,,unavailable_no_verified_acquisition_or_sale_date,observed_reference_fields_plus_unavailable_requested_fields
10346,2038,LF소나타[LPG],2024-10-30 06:22:51.796576,,2024-10-30 06:22:51,,unavailable,,unavailable,,unavailable,,unavailable,,unavailable_no_verified_acquisition_or_sale_date,observed_reference_fields_plus_unavailable_requested_fields
10347,2022,16년 올뉴K5[LPG],2024-10-30 06:22:51.796576,,2024-10-30 06:22:51,,unavailable,,unavailable,,unavailable,,unavailable,,unavailable_no_verified_acquisition_or_sale_date,observed_reference_fields_plus_unavailable_requested_fields
10348,2022,16년 올뉴K5[LPG],2024-10-30 06:22:51.796576,,2024-10-30 06:22:51,,unavailable,,unavailable,,unavailable,,unavailable,,unavailable_no_verified_acquisition_or_sale_date,observed_reference_fields_plus_unavailable_requested_fields
10349,2022,16년 올뉴K5[LPG],2024-10-30 06:22:51.796576,,2024-10-30 06:22:51,,unavailable,,unavailable,,unavailable,,unavailable,,unavailable_no_verified_acquisition_or_sale_date,observed_reference_fields_plus_unavailable_requested_fields
10350,2022,16년 올뉴K5[LPG],2024-10-30 06:22:51.796576,,2024-10-30 06:22:51,,unavailable,,unavailable,,unavailable,,unavailable,,unavailable_no_verified_acquisition_or_sale_date,observed_reference_fields_plus_unavailable_requested_fields
10351,1843,16/18년 올뉴카니발9인(경유),2024-10-30 06:22:51.796576,,2024-10-30 06:22:51,,unavailable,,unavailable,,unavailable,,unavailable,,unavailable_no_verified_acquisition_or_sale_date,observed_reference_fields_plus_unavailable_requested_fields
10352,1843,16/18년 올뉴카니발9인(경유),2024-10-30 06:22:51.796576,,2024-10-30 06:22:51,,unavailable,,unavailable,,unavailable,,unavailable,,unavailable_no_verified_acquisition_or_sale_date,observed_reference_fields_plus_unavailable_requested_fields
10353,2040,아반떼AD[휘],2024-10-30 06:22:51.796576,,2024-10-30 06:22:51,,unavailable,,unavailable,,unavailable,,unavailable,,unavailable_no_verified_acquisition_or_sale_date,observed_reference_fields_plus_unavailable_requested_fields
10354,2040,아반떼AD[휘],2024-10-30 06:22:51.796576,,2024-10-30 06:22:51,,unavailable,,unavailable,,unavailable,,unavailable,,unavailable_no_verified_acquisition_or_sale_date,observed_reference_fields_plus_unavailable_requested_fields
10355,2044,더넥스트스파크[휘],2024-10-30 06:22:51.796576,,2024-10-30 06:22:51,,unavailable,,unavailable,,unavailable,,unavailable,,unavailable_no_verified_acquisition_or_sale_date,observed_reference_fields_plus_unavailable_requested_fields
10356,2044,더넥스트스파크[휘],2024-10-30 06:22:51.796576,,2024-10-30 06:22:51,,unavailable,,unavailable,,unavailable,,unavailable,,unavailable_no_verified_acquisition_or_sale_date,observed_reference_fields_plus_unavailable_requested_fields
10357,2044,더넥스트스파크[휘],2024-10-30 06:22:51.796576,,2024-10-30 06:22:51,,unavailable,,unavailable,,unavailable,,unavailable,,unavailable_no_verified_acquisition_or_sale_date,observed_reference_fields_plus_unavailable_requested_fields
10358,2050,올뉴모닝[휘],2024-10-30 06:22:51.796576,,2024-10-30 06:22:51,,unavailable,,unavailable,,unavailable,,unavailable,,unavailable_no_verified_acquisition_or_sale_date,observed_reference_fields_plus_unavailable_requested_fields
10359,1849,18/19년 그랜져IG(휘),2024-10-30 06:22:51.796576,,2024-10-30 06:22:51,,unavailable,,unavailable,,unavailable,,unavailable,,unavailable_no_verified_acquisition_or_sale_date,observed_reference_fields_plus_unavailable_requested_fields
10360,1849,18/19년 그랜져IG(휘),2024-10-30 06:22:51.796576,,2024-10-30 06:22:51,,unavailable,,unavailable,,unavailable,,unavailable,,unavailable_no_verified_acquisition_or_sale_date,observed_reference_fields_plus_unavailable_requested_fields
10361,1849,18/19년 그랜져IG(휘),2024-10-30 06:22:51.796576,,2024-10-30 06:22:51,,unavailable,,unavailable,,unavailable,,unavailable,,unavailable_no_verified_acquisition_or_sale_date,observed_reference_fields_plus_unavailable_requested_fields
10362,2071,그랜져HG3.0[LPG],2024-10-30 06:22:51.796576,,2024-10-30 06:22:51,,unavailable,,unavailable,,unavailable,,unavailable,,unavailable_no_verified_acquisition_or_sale_date,observed_reference_fields_plus_unavailable_requested_fields
10363,1905,22년 EV6(전기),2024-10-30 06:22:51.796576,,2024-10-30 06:22:51,,unavailable,,unavailable,,unavailable,,unavailable,,unavailable_no_verified_acquisition_or_sale_date,observed_reference_fields_plus_unavailable_requested_fields
10364,1905,22년 EV6(전기),2024-10-30 06:22:51.796576,,2024-10-30 06:22:51,,unavailable,,unavailable,,unavailable,,unavailable,,unavailable_no_verified_acquisition_or_sale_date,observed_reference_fields_plus_unavailable_requested_fields
10365,2085,SM6 [LPG],2024-10-30 06:22:51.796576,,2024-10-30 06:22:51,,unavailable,,unavailable,,unavailable,,unavailable,,unavailable_no_verified_acquisition_or_sale_date,observed_reference_fields_plus_unavailable_requested_fields
10366,2053,그랜져HG2.4[휘],2024-10-30 06:22:51.796576,,2024-10-30 06:22:51,,unavailable,,unavailable,,unavailable,,unavailable,,unavailable_no_verified_acquisition_or_sale_date,observed_reference_fields_plus_unavailable_requested_fields
10367,2053,그랜져HG2.4[휘],2024-10-30 06:22:51.796576,,2024-10-30 06:22:51,,unavailable,,unavailable,,unavailable,,unavailable,,unavailable_no_verified_acquisition_or_sale_date,observed_reference_fields_plus_unavailable_requested_fields
10368,2071,그랜져HG3.0[LPG],2024-10-30 06:22:51.796576,,2024-10-30 06:22:51,,unavailable,,unavailable,,unavailable,,unavailable,,unavailable_no_verified_acquisition_or_sale_date,observed_reference_fields_plus_unavailable_requested_fields
10369,2071,그랜져HG3.0[LPG],2024-10-30 06:22:51.796576,,2024-10-30 06:22:51,,unavailable,,unavailable,,unavailable,,unavailable,,unavailable_no_verified_acquisition_or_sale_date,observed_reference_fields_plus_unavailable_requested_fields
10370,2071,그랜져HG3.0[LPG],2024-10-30 06:22:51.796576,,2024-10-30 06:22:51,,unavailable,,unavailable,,unavailable,,unavailable,,unavailable_no_verified_acquisition_or_sale_date,observed_reference_fields_plus_unavailable_requested_fields
10371,2071,그랜져HG3.0[LPG],2024-10-30 06:22:51.796576,,2024-10-30 06:22:51,,unavailable,,unavailable,,unavailable,,unavailable,,unavailable_no_verified_acquisition_or_sale_date,observed_reference_fields_plus_unavailable_requested_fields
10372,2071,그랜져HG3.0[LPG],2024-10-30 06:22:51.796576,,2024-10-30 06:22:51,,unavailable,,unavailable,,unavailable,,unavailable,,unavailable_no_verified_acquisition_or_sale_date,observed_reference_fields_plus_unavailable_requested_fields
10373,2038,LF소나타[LPG],2024-10-30 06:22:51.796576,,2024-10-30 06:22:51,,unavailable,,unavailable,,unavailable,,unavailable,,unavailable_no_verified_acquisition_or_sale_date,observed_reference_fields_plus_unavailable_requested_fields
10374,2038,LF소나타[LPG],2024-10-30 06:22:51.796576,,2024-10-30 06:22:51,,unavailable,,unavailable,,unavailable,,unavailable,,unavailable_no_verified_acquisition_or_sale_date,observed_reference_fields_plus_unavailable_requested_fields
10375,2061,YF소나타[LPG],2024-10-30 06:22:51.796576,,2024-10-30 06:22:51,,unavailable,,unavailable,,unavailable,,unavailable,,unavailable_no_verified_acquisition_or_sale_date,observed_reference_fields_plus_unavailable_requested_fields
10376,2026,2021 BMW 520i M스포츠(휘발유),2024-10-30 06:22:51.796576,,2024-10-30 06:22:51,,unavailable,,unavailable,,unavailable,,unavailable,,unavailable_no_verified_acquisition_or_sale_date,observed_reference_fields_plus_unavailable_requested_fields
10377,2038,LF소나타[LPG],2024-10-30 06:22:51.796576,,2024-10-30 06:22:51,,unavailable,,unavailable,,unavailable,,unavailable,,unavailable_no_verified_acquisition_or_sale_date,observed_reference_fields_plus_unavailable_requested_fields
10378,2061,YF소나타[LPG],2024-10-30 06:22:51.796576,,2024-10-30 06:22:51,,unavailable,,unavailable,,unavailable,,unavailable,,unavailable_no_verified_acquisition_or_sale_date,observed_reference_fields_plus_unavailable_requested_fields
10379,2038,LF소나타[LPG],2024-10-30 06:22:51.796576,,2024-10-30 06:22:51,,unavailable,,unavailable,,unavailable,,unavailable,,unavailable_no_verified_acquisition_or_sale_date,observed_reference_fields_plus_unavailable_requested_fields
10380,2038,LF소나타[LPG],2024-10-30 06:22:51.796576,,2024-10-30 06:22:51,,unavailable,,unavailable,,unavailable,,unavailable,,unavailable_no_verified_acquisition_or_sale_date,observed_reference_fields_plus_unavailable_requested_fields
10381,2038,LF소나타[LPG],2024-10-30 06:22:51.796576,,2024-10-30 06:22:51,,unavailable,,unavailable,,unavailable,,unavailable,,unavailable_no_verified_acquisition_or_sale_date,observed_reference_fields_plus_unavailable_requested_fields
10382,2038,LF소나타[LPG],2024-10-30 06:22:51.796576,,2024-10-30 06:22:51,,unavailable,,unavailable,,unavailable,,unavailable,,unavailable_no_verified_acquisition_or_sale_date,observed_reference_fields_plus_unavailable_requested_fields
10383,2061,YF소나타[LPG],2024-10-30 06:22:51.796576,,2024-10-30 06:22:51,,unavailable,,unavailable,,unavailable,,unavailable,,unavailable_no_verified_acquisition_or_sale_date,observed_reference_fields_plus_unavailable_requested_fields
10384,2038,LF소나타[LPG],2024-10-30 06:22:51.796576,,2024-10-30 06:22:51,,unavailable,,unavailable,,unavailable,,unavailable,,unavailable_no_verified_acquisition_or_sale_date,observed_reference_fields_plus_unavailable_requested_fields
10385,2038,LF소나타[LPG],2024-10-30 06:22:51.796576,,2024-10-30 06:22:51,,unavailable,,unavailable,,unavailable,,unavailable,,unavailable_no_verified_acquisition_or_sale_date,observed_reference_fields_plus_unavailable_requested_fields
10386,2038,LF소나타[LPG],2024-10-30 06:22:51.796576,,2024-10-30 06:22:51,,unavailable,,unavailable,,unavailable,,unavailable,,unavailable_no_verified_acquisition_or_sale_date,observed_reference_fields_plus_unavailable_requested_fields
10387,2061,YF소나타[LPG],2024-10-30 06:22:51.796576,,2024-10-30 06:22:51,,unavailable,,unavailable,,unavailable,,unavailable,,unavailable_no_verified_acquisition_or_sale_date,observed_reference_fields_plus_unavailable_requested_fields
10388,2038,LF소나타[LPG],2024-10-30 06:22:51.796576,,2024-10-30 06:22:51,,unavailable,,unavailable,,unavailable,,unavailable,,unavailable_no_verified_acquisition_or_sale_date,observed_reference_fields_plus_unavailable_requested_fields
10389,2038,LF소나타[LPG],2024-10-30 06:22:51.796576,,2024-10-30 06:22:51,,unavailable,,unavailable,,unavailable,,unavailable,,unavailable_no_verified_acquisition_or_sale_date,observed_reference_fields_plus_unavailable_requested_fields
10390,2061,YF소나타[LPG],2024-10-30 06:22:51.796576,,2024-10-30 06:22:51,,unavailable,,unavailable,,unavailable,,unavailable,,unavailable_no_verified_acquisition_or_sale_date,observed_reference_fields_plus_unavailable_requested_fields
10391,2038,LF소나타[LPG],2024-10-30 06:22:51.796576,,2024-10-30 06:22:51,,unavailable,,unavailable,,unavailable,,unavailable,,unavailable_no_verified_acquisition_or_sale_date,observed_reference_fields_plus_unavailable_requested_fields
10392,2061,YF소나타[LPG],2024-10-30 06:22:51.796576,,2024-10-30 06:22:51,,unavailable,,unavailable,,unavailable,,unavailable,,unavailable_no_verified_acquisition_or_sale_date,observed_reference_fields_plus_unavailable_requested_fields
10393,2038,LF소나타[LPG],2024-10-30 06:22:51.796576,,2024-10-30 06:22:51,,unavailable,,unavailable,,unavailable,,unavailable,,unavailable_no_verified_acquisition_or_sale_date,observed_reference_fields_plus_unavailable_requested_fields
10394,2061,YF소나타[LPG],2024-10-30 06:22:51.796576,,2024-10-30 06:22:51,,unavailable,,unavailable,,unavailable,,unavailable,,unavailable_no_verified_acquisition_or_sale_date,observed_reference_fields_plus_unavailable_requested_fields
10395,2038,LF소나타[LPG],2024-10-30 06:22:51.796576,,2024-10-30 06:22:51,,unavailable,,unavailable,,unavailable,,unavailable,,unavailable_no_verified_acquisition_or_sale_date,observed_reference_fields_plus_unavailable_requested_fields
10396,2061,YF소나타[LPG],2024-10-30 06:22:51.796576,,2024-10-30 06:22:51,,unavailable,,unavailable,,unavailable,,unavailable,,unavailable_no_verified_acquisition_or_sale_date,observed_reference_fields_plus_unavailable_requested_fields
10397,2038,LF소나타[LPG],2024-10-30 06:22:51.796576,,2024-10-30 06:22:51,,unavailable,,unavailable,,unavailable,,unavailable,,unavailable_no_verified_acquisition_or_sale_date,observed_reference_fields_plus_unavailable_requested_fields
10398,2038,LF소나타[LPG],2024-10-30 06:22:51.796576,,2024-10-30 06:22:51,,unavailable,,unavailable,,unavailable,,unavailable,,unavailable_no_verified_acquisition_or_sale_date,observed_reference_fields_plus_unavailable_requested_fields
10399,2038,LF소나타[LPG],2024-10-30 06:22:51.796576,,2024-10-30 06:22:51,,unavailable,,unavailable,,unavailable,,unavailable,,unavailable_no_verified_acquisition_or_sale_date,observed_reference_fields_plus_unavailable_requested_fields
10400,2038,LF소나타[LPG],2024-10-30 06:22:51.796576,,2024-10-30 06:22:51,,unavailable,,unavailable,,unavailable,,unavailable,,unavailable_no_verified_acquisition_or_sale_date,observed_reference_fields_plus_unavailable_requested_fields
10401,2038,LF소나타[LPG],2024-10-30 06:22:51.796576,,2024-10-30 06:22:51,,unavailable,,unavailable,,unavailable,,unavailable,,unavailable_no_verified_acquisition_or_sale_date,observed_reference_fields_plus_unavailable_requested_fields
10402,2052,뉴K5[LPG],2024-10-30 06:22:51.796576,,2024-10-30 06:22:51,,unavailable,,unavailable,,unavailable,,unavailable,,unavailable_no_verified_acquisition_or_sale_date,observed_reference_fields_plus_unavailable_requested_fields
10403,2093,매각[뉴K5],2024-10-30 06:22:51.796576,,2024-10-30 06:22:51,,unavailable,,unavailable,,unavailable,,unavailable,,unavailable_no_verified_acquisition_or_sale_date,observed_reference_fields_plus_unavailable_requested_fields
10404,2052,뉴K5[LPG],2024-10-30 06:22:51.796576,,2024-10-30 06:22:51,,unavailable,,unavailable,,unavailable,,unavailable,,unavailable_no_verified_acquisition_or_sale_date,observed_reference_fields_plus_unavailable_requested_fields
10405,2093,매각[뉴K5],2024-10-30 06:22:51.796576,,2024-10-30 06:22:51,,unavailable,,unavailable,,unavailable,,unavailable,,unavailable_no_verified_acquisition_or_sale_date,observed_reference_fields_plus_unavailable_requested_fields
10406,2052,뉴K5[LPG],2024-10-30 06:22:51.796576,,2024-10-30 06:22:51,,unavailable,,unavailable,,unavailable,,unavailable,,unavailable_no_verified_acquisition_or_sale_date,observed_reference_fields_plus_unavailable_requested_fields
10407,2093,매각[뉴K5],2024-10-30 06:22:51.796576,,2024-10-30 06:22:51,,unavailable,,unavailable,,unavailable,,unavailable,,unavailable_no_verified_acquisition_or_sale_date,observed_reference_fields_plus_unavailable_requested_fields
10408,2052,뉴K5[LPG],2024-10-30 06:22:51.796576,,2024-10-30 06:22:51,,unavailable,,unavailable,,unavailable,,unavailable,,unavailable_no_verified_acquisition_or_sale_date,observed_reference_fields_plus_unavailable_requested_fields
10409,2093,매각[뉴K5],2024-10-30 06:22:51.796576,,2024-10-30 06:22:51,,unavailable,,unavailable,,unavailable,,unavailable,,unavailable_no_verified_acquisition_or_sale_date,observed_reference_fields_plus_unavailable_requested_fields
10410,2052,뉴K5[LPG],2024-10-30 06:22:51.796576,,2024-10-30 06:22:51,,unavailable,,unavailable,,unavailable,,unavailable,,unavailable_no_verified_acquisition_or_sale_date,observed_reference_fields_plus_unavailable_requested_fields
10411,2093,매각[뉴K5],2024-10-30 06:22:51.796576,,2024-10-30 06:22:51,,unavailable,,unavailable,,unavailable,,unavailable,,unavailable_no_verified_acquisition_or_sale_date,observed_reference_fields_plus_unavailable_requested_fields
10412,2052,뉴K5[LPG],2024-10-30 06:22:51.796576,,2024-10-30 06:22:51,,unavailable,,unavailable,,unavailable,,unavailable,,unavailable_no_verified_acquisition_or_sale_date,observed_reference_fields_plus_unavailable_requested_fields
10413,2093,매각[뉴K5],2024-10-30 06:22:51.796576,,2024-10-30 06:22:51,,unavailable,,unavailable,,unavailable,,unavailable,,unavailable_no_verified_acquisition_or_sale_date,observed_reference_fields_plus_unavailable_requested_fields
10414,2052,뉴K5[LPG],2024-10-30 06:22:51.796576,,2024-10-30 06:22:51,,unavailable,,unavailable,,unavailable,,unavailable,,unavailable_no_verified_acquisition_or_sale_date,observed_reference_fields_plus_unavailable_requested_fields
10415,2093,매각[뉴K5],2024-10-30 06:22:51.796576,,2024-10-30 06:22:51,,unavailable,,unavailable,,unavailable,,unavailable,,unavailable_no_verified_acquisition_or_sale_date,observed_reference_fields_plus_unavailable_requested_fields
10416,2052,뉴K5[LPG],2024-10-30 06:22:51.796576,,2024-10-30 06:22:51,,unavailable,,unavailable,,unavailable,,unavailable,,unavailable_no_verified_acquisition_or_sale_date,observed_reference_fields_plus_unavailable_requested_fields
10417,2093,매각[뉴K5],2024-10-30 06:22:51.796576,,2024-10-30 06:22:51,,unavailable,,unavailable,,unavailable,,unavailable,,unavailable_no_verified_acquisition_or_sale_date,observed_reference_fields_plus_unavailable_requested_fields
10418,2052,뉴K5[LPG],2024-10-30 06:22:51.796576,,2024-10-30 06:22:51,,unavailable,,unavailable,,unavailable,,unavailable,,unavailable_no_verified_acquisition_or_sale_date,observed_reference_fields_plus_unavailable_requested_fields
10419,2093,매각[뉴K5],2024-10-30 06:22:51.796576,,2024-10-30 06:22:51,,unavailable,,unavailable,,unavailable,,unavailable,,unavailable_no_verified_acquisition_or_sale_date,observed_reference_fields_plus_unavailable_requested_fields
10420,2052,뉴K5[LPG],2024-10-30 06:22:51.796576,,2024-10-30 06:22:51,,unavailable,,unavailable,,unavailable,,unavailable,,unavailable_no_verified_acquisition_or_sale_date,observed_reference_fields_plus_unavailable_requested_fields
10421,2093,매각[뉴K5],2024-10-30 06:22:51.796576,,2024-10-30 06:22:51,,unavailable,,unavailable,,unavailable,,unavailable,,unavailable_no_verified_acquisition_or_sale_date,observed_reference_fields_plus_unavailable_requested_fields
10422,2052,뉴K5[LPG],2024-10-30 06:22:51.796576,,2024-10-30 06:22:51,,unavailable,,unavailable,,unavailable,,unavailable,,unavailable_no_verified_acquisition_or_sale_date,observed_reference_fields_plus_unavailable_requested_fields
10423,2093,매각[뉴K5],2024-10-30 06:22:51.796576,,2024-10-30 06:22:51,,unavailable,,unavailable,,unavailable,,unavailable,,unavailable_no_verified_acquisition_or_sale_date,observed_reference_fields_plus_unavailable_requested_fields
10424,2052,뉴K5[LPG],2024-10-30 06:22:51.796576,,2024-10-30 06:22:51,,unavailable,,unavailable,,unavailable,,unavailable,,unavailable_no_verified_acquisition_or_sale_date,observed_reference_fields_plus_unavailable_requested_fields
10425,2093,매각[뉴K5],2024-10-30 06:22:51.796576,,2024-10-30 06:22:51,,unavailable,,unavailable,,unavailable,,unavailable,,unavailable_no_verified_acquisition_or_sale_date,observed_reference_fields_plus_unavailable_requested_fields
10426,2052,뉴K5[LPG],2024-10-30 06:22:51.796576,,2024-10-30 06:22:51,,unavailable,,unavailable,,unavailable,,unavailable,,unavailable_no_verified_acquisition_or_sale_date,observed_reference_fields_plus_unavailable_requested_fields
10427,2093,매각[뉴K5],2024-10-30 06:22:51.796576,,2024-10-30 06:22:51,,unavailable,,unavailable,,unavailable,,unavailable,,unavailable_no_verified_acquisition_or_sale_date,observed_reference_fields_plus_unavailable_requested_fields
10428,2052,뉴K5[LPG],2024-10-30 06:22:51.796576,,2024-10-30 06:22:51,,unavailable,,unavailable,,unavailable,,unavailable,,unavailable_no_verified_acquisition_or_sale_date,observed_reference_fields_plus_unavailable_requested_fields
10429,2093,매각[뉴K5],2024-10-30 06:22:51.796576,,2024-10-30 06:22:51,,unavailable,,unavailable,,unavailable,,unavailable,,unavailable_no_verified_acquisition_or_sale_date,observed_reference_fields_plus_unavailable_requested_fields
10430,2052,뉴K5[LPG],2024-10-30 06:22:51.796576,,2024-10-30 06:22:51,,unavailable,,unavailable,,unavailable,,unavailable,,unavailable_no_verified_acquisition_or_sale_date,observed_reference_fields_plus_unavailable_requested_fields
10431,2093,매각[뉴K5],2024-10-30 06:22:51.796576,,2024-10-30 06:22:51,,unavailable,,unavailable,,unavailable,,unavailable,,unavailable_no_verified_acquisition_or_sale_date,observed_reference_fields_plus_unavailable_requested_fields
10432,2052,뉴K5[LPG],2024-10-30 06:22:51.796576,,2024-10-30 06:22:51,,unavailable,,unavailable,,unavailable,,unavailable,,unavailable_no_verified_acquisition_or_sale_date,observed_reference_fields_plus_unavailable_requested_fields
10433,2052,뉴K5[LPG],2024-10-30 06:22:51.796576,,2024-10-30 06:22:51,,unavailable,,unavailable,,unavailable,,unavailable,,unavailable_no_verified_acquisition_or_sale_date,observed_reference_fields_plus_unavailable_requested_fields
10434,2093,매각[뉴K5],2024-10-30 06:22:51.796576,,2024-10-30 06:22:51,,unavailable,,unavailable,,unavailable,,unavailable,,unavailable_no_verified_acquisition_or_sale_date,observed_reference_fields_plus_unavailable_requested_fields
10435,2052,뉴K5[LPG],2024-10-30 06:22:51.796576,,2024-10-30 06:22:51,,unavailable,,unavailable,,unavailable,,unavailable,,unavailable_no_verified_acquisition_or_sale_date,observed_reference_fields_plus_unavailable_requested_fields
10436,2052,뉴K5[LPG],2024-10-30 06:22:51.796576,,2024-10-30 06:22:51,,unavailable,,unavailable,,unavailable,,unavailable,,unavailable_no_verified_acquisition_or_sale_date,observed_reference_fields_plus_unavailable_requested_fields
10437,2052,뉴K5[LPG],2024-10-30 06:22:51.796576,,2024-10-30 06:22:51,,unavailable,,unavailable,,unavailable,,unavailable,,unavailable_no_verified_acquisition_or_sale_date,observed_reference_fields_plus_unavailable_requested_fields
10438,2051,K3[휘],2024-10-30 06:22:51.796576,,2024-10-30 06:22:51,,unavailable,,unavailable,,unavailable,,unavailable,,unavailable_no_verified_acquisition_or_sale_date,observed_reference_fields_plus_unavailable_requested_fields
10439,2090,매각[K3],2024-10-30 06:22:51.796576,,2024-10-30 06:22:51,,unavailable,,unavailable,,unavailable,,unavailable,,unavailable_no_verified_acquisition_or_sale_date,observed_reference_fields_plus_unavailable_requested_fields
10440,2051,K3[휘],2024-10-30 06:22:51.796576,,2024-10-30 06:22:51,,unavailable,,unavailable,,unavailable,,unavailable,,unavailable_no_verified_acquisition_or_sale_date,observed_reference_fields_plus_unavailable_requested_fields
10441,2090,매각[K3],2024-10-30 06:22:51.796576,,2024-10-30 06:22:51,,unavailable,,unavailable,,unavailable,,unavailable,,unavailable_no_verified_acquisition_or_sale_date,observed_reference_fields_plus_unavailable_requested_fields
10442,2090,매각[K3],2024-10-30 06:22:51.796576,,2024-10-30 06:22:51,,unavailable,,unavailable,,unavailable,,unavailable,,unavailable_no_verified_acquisition_or_sale_date,observed_reference_fields_plus_unavailable_requested_fields
10443,2051,K3[휘],2024-10-30 06:22:51.796576,,2024-10-30 06:22:51,,unavailable,,unavailable,,unavailable,,unavailable,,unavailable_no_verified_acquisition_or_sale_date,observed_reference_fields_plus_unavailable_requested_fields
10444,2090,매각[K3],2024-10-30 06:22:51.796576,,2024-10-30 06:22:51,,unavailable,,unavailable,,unavailable,,unavailable,,unavailable_no_verified_acquisition_or_sale_date,observed_reference_fields_plus_unavailable_requested_fields
10445,2051,K3[휘],2024-10-30 06:22:51.796576,,2024-10-30 06:22:51,,unavailable,,unavailable,,unavailable,,unavailable,,unavailable_no_verified_acquisition_or_sale_date,observed_reference_fields_plus_unavailable_requested_fields
10446,2051,K3[휘],2024-10-30 06:22:51.796576,,2024-10-30 06:22:51,,unavailable,,unavailable,,unavailable,,unavailable,,unavailable_no_verified_acquisition_or_sale_date,observed_reference_fields_plus_unavailable_requested_fields
10447,2090,매각[K3],2024-10-30 06:22:51.796576,,2024-10-30 06:22:51,,unavailable,,unavailable,,unavailable,,unavailable,,unavailable_no_verified_acquisition_or_sale_date,observed_reference_fields_plus_unavailable_requested_fields
10448,2051,K3[휘],2024-10-30 06:22:51.796576,,2024-10-30 06:22:51,,unavailable,,unavailable,,unavailable,,unavailable,,unavailable_no_verified_acquisition_or_sale_date,observed_reference_fields_plus_unavailable_requested_fields
10449,2090,매각[K3],2024-10-30 06:22:51.796576,,2024-10-30 06:22:51,,unavailable,,unavailable,,unavailable,,unavailable,,unavailable_no_verified_acquisition_or_sale_date,observed_reference_fields_plus_unavailable_requested_fields
10450,2051,K3[휘],2024-10-30 06:22:51.796576,,2024-10-30 06:22:51,,unavailable,,unavailable,,unavailable,,unavailable,,unavailable_no_verified_acquisition_or_sale_date,observed_reference_fields_plus_unavailable_requested_fields
10451,2090,매각[K3],2024-10-30 06:22:51.796576,,2024-10-30 06:22:51,,unavailable,,unavailable,,unavailable,,unavailable,,unavailable_no_verified_acquisition_or_sale_date,observed_reference_fields_plus_unavailable_requested_fields
10452,2051,K3[휘],2024-10-30 06:22:51.796576,,2024-10-30 06:22:51,,unavailable,,unavailable,,unavailable,,unavailable,,unavailable_no_verified_acquisition_or_sale_date,observed_reference_fields_plus_unavailable_requested_fields
10453,2090,매각[K3],2024-10-30 06:22:51.796576,,2024-10-30 06:22:51,,unavailable,,unavailable,,unavailable,,unavailable,,unavailable_no_verified_acquisition_or_sale_date,observed_reference_fields_plus_unavailable_requested_fields
10454,2051,K3[휘],2024-10-30 06:22:51.796576,,2024-10-30 06:22:51,,unavailable,,unavailable,,unavailable,,unavailable,,unavailable_no_verified_acquisition_or_sale_date,observed_reference_fields_plus_unavailable_requested_fields
10455,2090,매각[K3],2024-10-30 06:22:51.796576,,2024-10-30 06:22:51,,unavailable,,unavailable,,unavailable,,unavailable,,unavailable_no_verified_acquisition_or_sale_date,observed_reference_fields_plus_unavailable_requested_fields
10456,2051,K3[휘],2024-10-30 06:22:51.796576,,2024-10-30 06:22:51,,unavailable,,unavailable,,unavailable,,unavailable,,unavailable_no_verified_acquisition_or_sale_date,observed_reference_fields_plus_unavailable_requested_fields
10457,2090,매각[K3],2024-10-30 06:22:51.796576,,2024-10-30 06:22:51,,unavailable,,unavailable,,unavailable,,unavailable,,unavailable_no_verified_acquisition_or_sale_date,observed_reference_fields_plus_unavailable_requested_fields
10458,2051,K3[휘],2024-10-30 06:22:51.796576,,2024-10-30 06:22:51,,unavailable,,unavailable,,unavailable,,unavailable,,unavailable_no_verified_acquisition_or_sale_date,observed_reference_fields_plus_unavailable_requested_fields
10459,2090,매각[K3],2024-10-30 06:22:51.796576,,2024-10-30 06:22:51,,unavailable,,unavailable,,unavailable,,unavailable,,unavailable_no_verified_acquisition_or_sale_date,observed_reference_fields_plus_unavailable_requested_fields
10460,2051,K3[휘],2024-10-30 06:22:51.796576,,2024-10-30 06:22:51,,unavailable,,unavailable,,unavailable,,unavailable,,unavailable_no_verified_acquisition_or_sale_date,observed_reference_fields_plus_unavailable_requested_fields
10461,2090,매각[K3],2024-10-30 06:22:51.796576,,2024-10-30 06:22:51,,unavailable,,unavailable,,unavailable,,unavailable,,unavailable_no_verified_acquisition_or_sale_date,observed_reference_fields_plus_unavailable_requested_fields
10462,2051,K3[휘],2024-10-30 06:22:51.796576,,2024-10-30 06:22:51,,unavailable,,unavailable,,unavailable,,unavailable,,unavailable_no_verified_acquisition_or_sale_date,observed_reference_fields_plus_unavailable_requested_fields
10463,2090,매각[K3],2024-10-30 06:22:51.796576,,2024-10-30 06:22:51,,unavailable,,unavailable,,unavailable,,unavailable,,unavailable_no_verified_acquisition_or_sale_date,observed_reference_fields_plus_unavailable_requested_fields
10464,2051,K3[휘],2024-10-30 06:22:51.796576,,2024-10-30 06:22:51,,unavailable,,unavailable,,unavailable,,unavailable,,unavailable_no_verified_acquisition_or_sale_date,observed_reference_fields_plus_unavailable_requested_fields
10465,2090,매각[K3],2024-10-30 06:22:51.796576,,2024-10-30 06:22:51,,unavailable,,unavailable,,unavailable,,unavailable,,unavailable_no_verified_acquisition_or_sale_date,observed_reference_fields_plus_unavailable_requested_fields
10466,2051,K3[휘],2024-10-30 06:22:51.796576,,2024-10-30 06:22:51,,unavailable,,unavailable,,unavailable,,unavailable,,unavailable_no_verified_acquisition_or_sale_date,observed_reference_fields_plus_unavailable_requested_fields
10467,2090,매각[K3],2024-10-30 06:22:51.796576,,2024-10-30 06:22:51,,unavailable,,unavailable,,unavailable,,unavailable,,unavailable_no_verified_acquisition_or_sale_date,observed_reference_fields_plus_unavailable_requested_fields
10468,2051,K3[휘],2024-10-30 06:22:51.796576,,2024-10-30 06:22:51,,unavailable,,unavailable,,unavailable,,unavailable,,unavailable_no_verified_acquisition_or_sale_date,observed_reference_fields_plus_unavailable_requested_fields
10469,2090,매각[K3],2024-10-30 06:22:51.796576,,2024-10-30 06:22:51,,unavailable,,unavailable,,unavailable,,unavailable,,unavailable_no_verified_acquisition_or_sale_date,observed_reference_fields_plus_unavailable_requested_fields
10470,2051,K3[휘],2024-10-30 06:22:51.796576,,2024-10-30 06:22:51,,unavailable,,unavailable,,unavailable,,unavailable,,unavailable_no_verified_acquisition_or_sale_date,observed_reference_fields_plus_unavailable_requested_fields
10471,2090,매각[K3],2024-10-30 06:22:51.796576,,2024-10-30 06:22:51,,unavailable,,unavailable,,unavailable,,unavailable,,unavailable_no_verified_acquisition_or_sale_date,observed_reference_fields_plus_unavailable_requested_fields
10472,2051,K3[휘],2024-10-30 06:22:51.796576,,2024-10-30 06:22:51,,unavailable,,unavailable,,unavailable,,unavailable,,unavailable_no_verified_acquisition_or_sale_date,observed_reference_fields_plus_unavailable_requested_fields
10473,2090,매각[K3],2024-10-30 06:22:51.796576,,2024-10-30 06:22:51,,unavailable,,unavailable,,unavailable,,unavailable,,unavailable_no_verified_acquisition_or_sale_date,observed_reference_fields_plus_unavailable_requested_fields
10474,2051,K3[휘],2024-10-30 06:22:51.796576,,2024-10-30 06:22:51,,unavailable,,unavailable,,unavailable,,unavailable,,unavailable_no_verified_acquisition_or_sale_date,observed_reference_fields_plus_unavailable_requested_fields
10475,2090,매각[K3],2024-10-30 06:22:51.796576,,2024-10-30 06:22:51,,unavailable,,unavailable,,unavailable,,unavailable,,unavailable_no_verified_acquisition_or_sale_date,observed_reference_fields_plus_unavailable_requested_fields
10476,2050,올뉴모닝[휘],2024-10-30 06:22:51.796576,,2024-10-30 06:22:51,,unavailable,,unavailable,,unavailable,,unavailable,,unavailable_no_verified_acquisition_or_sale_date,observed_reference_fields_plus_unavailable_requested_fields
10477,2086,매각[올뉴모닝],2024-10-30 06:22:51.796576,,2024-10-30 06:22:51,,unavailable,,unavailable,,unavailable,,unavailable,,unavailable_no_verified_acquisition_or_sale_date,observed_reference_fields_plus_unavailable_requested_fields
10478,2050,올뉴모닝[휘],2024-10-30 06:22:51.796576,,2024-10-30 06:22:51,,unavailable,,unavailable,,unavailable,,unavailable,,unavailable_no_verified_acquisition_or_sale_date,observed_reference_fields_plus_unavailable_requested_fields
10479,2086,매각[올뉴모닝],2024-10-30 06:22:51.796576,,2024-10-30 06:22:51,,unavailable,,unavailable,,unavailable,,unavailable,,unavailable_no_verified_acquisition_or_sale_date,observed_reference_fields_plus_unavailable_requested_fields
10480,2050,올뉴모닝[휘],2024-10-30 06:22:51.796576,,2024-10-30 06:22:51,,unavailable,,unavailable,,unavailable,,unavailable,,unavailable_no_verified_acquisition_or_sale_date,observed_reference_fields_plus_unavailable_requested_fields
10481,2086,매각[올뉴모닝],2024-10-30 06:22:51.796576,,2024-10-30 06:22:51,,unavailable,,unavailable,,unavailable,,unavailable,,unavailable_no_verified_acquisition_or_sale_date,observed_reference_fields_plus_unavailable_requested_fields
10482,2050,올뉴모닝[휘],2024-10-30 06:22:51.796576,,2024-10-30 06:22:51,,unavailable,,unavailable,,unavailable,,unavailable,,unavailable_no_verified_acquisition_or_sale_date,observed_reference_fields_plus_unavailable_requested_fields
10483,2086,매각[올뉴모닝],2024-10-30 06:22:51.796576,,2024-10-30 06:22:51,,unavailable,,unavailable,,unavailable,,unavailable,,unavailable_no_verified_acquisition_or_sale_date,observed_reference_fields_plus_unavailable_requested_fields
10484,2050,올뉴모닝[휘],2024-10-30 06:22:51.796576,,2024-10-30 06:22:51,,unavailable,,unavailable,,unavailable,,unavailable,,unavailable_no_verified_acquisition_or_sale_date,observed_reference_fields_plus_unavailable_requested_fields
10485,2086,매각[올뉴모닝],2024-10-30 06:22:51.796576,,2024-10-30 06:22:51,,unavailable,,unavailable,,unavailable,,unavailable,,unavailable_no_verified_acquisition_or_sale_date,observed_reference_fields_plus_unavailable_requested_fields
10486,2050,올뉴모닝[휘],2024-10-30 06:22:51.796576,,2024-10-30 06:22:51,,unavailable,,unavailable,,unavailable,,unavailable,,unavailable_no_verified_acquisition_or_sale_date,observed_reference_fields_plus_unavailable_requested_fields
10487,2086,매각[올뉴모닝],2024-10-30 06:22:51.796576,,2024-10-30 06:22:51,,unavailable,,unavailable,,unavailable,,unavailable,,unavailable_no_verified_acquisition_or_sale_date,observed_reference_fields_plus_unavailable_requested_fields
10488,2050,올뉴모닝[휘],2024-10-30 06:22:51.796576,,2024-10-30 06:22:51,,unavailable,,unavailable,,unavailable,,unavailable,,unavailable_no_verified_acquisition_or_sale_date,observed_reference_fields_plus_unavailable_requested_fields
10489,2086,매각[올뉴모닝],2024-10-30 06:22:51.796576,,2024-10-30 06:22:51,,unavailable,,unavailable,,unavailable,,unavailable,,unavailable_no_verified_acquisition_or_sale_date,observed_reference_fields_plus_unavailable_requested_fields
10490,2074,레이[휘],2024-10-30 06:22:51.796576,,2024-10-30 06:22:51,,unavailable,,unavailable,,unavailable,,unavailable,,unavailable_no_verified_acquisition_or_sale_date,observed_reference_fields_plus_unavailable_requested_fields
10491,2074,레이[휘],2024-10-30 06:22:51.796576,,2024-10-30 06:22:51,,unavailable,,unavailable,,unavailable,,unavailable,,unavailable_no_verified_acquisition_or_sale_date,observed_reference_fields_plus_unavailable_requested_fields
10492,2074,레이[휘],2024-10-30 06:22:51.796576,,2024-10-30 06:22:51,,unavailable,,unavailable,,unavailable,,unavailable,,unavailable_no_verified_acquisition_or_sale_date,observed_reference_fields_plus_unavailable_requested_fields
10493,2074,레이[휘],2024-10-30 06:22:51.796576,,2024-10-30 06:22:51,,unavailable,,unavailable,,unavailable,,unavailable,,unavailable_no_verified_acquisition_or_sale_date,observed_reference_fields_plus_unavailable_requested_fields
10494,2057,엑센트[휘],2024-10-30 06:22:51.796576,,2024-10-30 06:22:51,,unavailable,,unavailable,,unavailable,,unavailable,,unavailable_no_verified_acquisition_or_sale_date,observed_reference_fields_plus_unavailable_requested_fields
10495,2072,뉴싼타페DM7인[경유],2024-10-30 06:22:51.796576,,2024-10-30 06:22:51,,unavailable,,unavailable,,unavailable,,unavailable,,unavailable_no_verified_acquisition_or_sale_date,observed_reference_fields_plus_unavailable_requested_fields
10496,2072,뉴싼타페DM7인[경유],2024-10-30 06:22:51.796576,,2024-10-30 06:22:51,,unavailable,,unavailable,,unavailable,,unavailable,,unavailable_no_verified_acquisition_or_sale_date,observed_reference_fields_plus_unavailable_requested_fields
10497,2072,뉴싼타페DM7인[경유],2024-10-30 06:22:51.796576,,2024-10-30 06:22:51,,unavailable,,unavailable,,unavailable,,unavailable,,unavailable_no_verified_acquisition_or_sale_date,observed_reference_fields_plus_unavailable_requested_fields
10498,2072,뉴싼타페DM7인[경유],2024-10-30 06:22:51.796576,,2024-10-30 06:22:51,,unavailable,,unavailable,,unavailable,,unavailable,,unavailable_no_verified_acquisition_or_sale_date,observed_reference_fields_plus_unavailable_requested_fields
10499,2072,뉴싼타페DM7인[경유],2024-10-30 06:22:51.796576,,2024-10-30 06:22:51,,unavailable,,unavailable,,unavailable,,unavailable,,unavailable_no_verified_acquisition_or_sale_date,observed_reference_fields_plus_unavailable_requested_fields
10500,2058,올란도7인[경유],2024-10-30 06:22:51.796576,,2024-10-30 06:22:51,,unavailable,,unavailable,,unavailable,,unavailable,,unavailable_no_verified_acquisition_or_sale_date,observed_reference_fields_plus_unavailable_requested_fields
10501,2058,올란도7인[경유],2024-10-30 06:22:51.796576,,2024-10-30 06:22:51,,unavailable,,unavailable,,unavailable,,unavailable,,unavailable_no_verified_acquisition_or_sale_date,observed_reference_fields_plus_unavailable_requested_fields
10502,2058,올란도7인[경유],2024-10-30 06:22:51.796576,,2024-10-30 06:22:51,,unavailable,,unavailable,,unavailable,,unavailable,,unavailable_no_verified_acquisition_or_sale_date,observed_reference_fields_plus_unavailable_requested_fields
10503,2054,코란도투리스모9인[경유],2024-10-30 06:22:51.796576,,2024-10-30 06:22:51,,unavailable,,unavailable,,unavailable,,unavailable,,unavailable_no_verified_acquisition_or_sale_date,observed_reference_fields_plus_unavailable_requested_fields
10504,2054,코란도투리스모9인[경유],2024-10-30 06:22:51.796576,,2024-10-30 06:22:51,,unavailable,,unavailable,,unavailable,,unavailable,,unavailable_no_verified_acquisition_or_sale_date,observed_reference_fields_plus_unavailable_requested_fields
10505,2054,코란도투리스모9인[경유],2024-10-30 06:22:51.796576,,2024-10-30 06:22:51,,unavailable,,unavailable,,unavailable,,unavailable,,unavailable_no_verified_acquisition_or_sale_date,observed_reference_fields_plus_unavailable_requested_fields
10506,2042,올뉴말리부[휘],2024-10-30 06:22:51.796576,,2024-10-30 06:22:51,,unavailable,,unavailable,,unavailable,,unavailable,,unavailable_no_verified_acquisition_or_sale_date,observed_reference_fields_plus_unavailable_requested_fields
10507,2042,올뉴말리부[휘],2024-10-30 06:22:51.796576,,2024-10-30 06:22:51,,unavailable,,unavailable,,unavailable,,unavailable,,unavailable_no_verified_acquisition_or_sale_date,observed_reference_fields_plus_unavailable_requested_fields
10508,2042,올뉴말리부[휘],2024-10-30 06:22:51.796576,,2024-10-30 06:22:51,,unavailable,,unavailable,,unavailable,,unavailable,,unavailable_no_verified_acquisition_or_sale_date,observed_reference_fields_plus_unavailable_requested_fields
10509,2042,올뉴말리부[휘],2024-10-30 06:22:51.796576,,2024-10-30 06:22:51,,unavailable,,unavailable,,unavailable,,unavailable,,unavailable_no_verified_acquisition_or_sale_date,observed_reference_fields_plus_unavailable_requested_fields
10510,1843,16/18년 올뉴카니발9인(경유),2024-10-30 06:22:51.796576,,2024-10-30 06:22:51,,unavailable,,unavailable,,unavailable,,unavailable,,unavailable_no_verified_acquisition_or_sale_date,observed_reference_fields_plus_unavailable_requested_fields
10511,2022,16년 올뉴K5[LPG],2024-10-30 06:22:51.796576,,2024-10-30 06:22:51,,unavailable,,unavailable,,unavailable,,unavailable,,unavailable_no_verified_acquisition_or_sale_date,observed_reference_fields_plus_unavailable_requested_fields
10512,2022,16년 올뉴K5[LPG],2024-10-30 06:22:51.796576,,2024-10-30 06:22:51,,unavailable,,unavailable,,unavailable,,unavailable,,unavailable_no_verified_acquisition_or_sale_date,observed_reference_fields_plus_unavailable_requested_fields
10513,2022,16년 올뉴K5[LPG],2024-10-30 06:22:51.796576,,2024-10-30 06:22:51,,unavailable,,unavailable,,unavailable,,unavailable,,unavailable_no_verified_acquisition_or_sale_date,observed_reference_fields_plus_unavailable_requested_fields
10514,2040,아반떼AD[휘],2024-10-30 06:22:51.796576,,2024-10-30 06:22:51,,unavailable,,unavailable,,unavailable,,unavailable,,unavailable_no_verified_acquisition_or_sale_date,observed_reference_fields_plus_unavailable_requested_fields
10515,2040,아반떼AD[휘],2024-10-30 06:22:51.796576,,2024-10-30 06:22:51,,unavailable,,unavailable,,unavailable,,unavailable,,unavailable_no_verified_acquisition_or_sale_date,observed_reference_fields_plus_unavailable_requested_fields
10516,2040,아반떼AD[휘],2024-10-30 06:22:51.796576,,2024-10-30 06:22:51,,unavailable,,unavailable,,unavailable,,unavailable,,unavailable_no_verified_acquisition_or_sale_date,observed_reference_fields_plus_unavailable_requested_fields
10517,2040,아반떼AD[휘],2024-10-30 06:22:51.796576,,2024-10-30 06:22:51,,unavailable,,unavailable,,unavailable,,unavailable,,unavailable_no_verified_acquisition_or_sale_date,observed_reference_fields_plus_unavailable_requested_fields
10518,2040,아반떼AD[휘],2024-10-30 06:22:51.796576,,2024-10-30 06:22:51,,unavailable,,unavailable,,unavailable,,unavailable,,unavailable_no_verified_acquisition_or_sale_date,observed_reference_fields_plus_unavailable_requested_fields
10519,2040,아반떼AD[휘],2024-10-30 06:22:51.796576,,2024-10-30 06:22:51,,unavailable,,unavailable,,unavailable,,unavailable,,unavailable_no_verified_acquisition_or_sale_date,observed_reference_fields_plus_unavailable_requested_fields
10520,2040,아반떼AD[휘],2024-10-30 06:22:51.796576,,2024-10-30 06:22:51,,unavailable,,unavailable,,unavailable,,unavailable,,unavailable_no_verified_acquisition_or_sale_date,observed_reference_fields_plus_unavailable_requested_fields
10521,2040,아반떼AD[휘],2024-10-30 06:22:51.796576,,2024-10-30 06:22:51,,unavailable,,unavailable,,unavailable,,unavailable,,unavailable_no_verified_acquisition_or_sale_date,observed_reference_fields_plus_unavailable_requested_fields
10522,2040,아반떼AD[휘],2024-10-30 06:22:51.796576,,2024-10-30 06:22:51,,unavailable,,unavailable,,unavailable,,unavailable,,unavailable_no_verified_acquisition_or_sale_date,observed_reference_fields_plus_unavailable_requested_fields
10523,2075,말리부[휘],2024-10-30 06:22:51.796576,,2024-10-30 06:22:51,,unavailable,,unavailable,,unavailable,,unavailable,,unavailable_no_verified_acquisition_or_sale_date,observed_reference_fields_plus_unavailable_requested_fields
10524,2075,말리부[휘],2024-10-30 06:22:51.796576,,2024-10-30 06:22:51,,unavailable,,unavailable,,unavailable,,unavailable,,unavailable_no_verified_acquisition_or_sale_date,observed_reference_fields_plus_unavailable_requested_fields
10525,2075,말리부[휘],2024-10-30 06:22:51.796576,,2024-10-30 06:22:51,,unavailable,,unavailable,,unavailable,,unavailable,,unavailable_no_verified_acquisition_or_sale_date,observed_reference_fields_plus_unavailable_requested_fields
10526,2055,아반떼MD[LPG],2024-10-30 06:22:51.796576,,2024-10-30 06:22:51,,unavailable,,unavailable,,unavailable,,unavailable,,unavailable_no_verified_acquisition_or_sale_date,observed_reference_fields_plus_unavailable_requested_fields
10527,2055,아반떼MD[LPG],2024-10-30 06:22:51.796576,,2024-10-30 06:22:51,,unavailable,,unavailable,,unavailable,,unavailable,,unavailable_no_verified_acquisition_or_sale_date,observed_reference_fields_plus_unavailable_requested_fields
10528,2055,아반떼MD[LPG],2024-10-30 06:22:51.796576,,2024-10-30 06:22:51,,unavailable,,unavailable,,unavailable,,unavailable,,unavailable_no_verified_acquisition_or_sale_date,observed_reference_fields_plus_unavailable_requested_fields
10529,2055,아반떼MD[LPG],2024-10-30 06:22:51.796576,,2024-10-30 06:22:51,,unavailable,,unavailable,,unavailable,,unavailable,,unavailable_no_verified_acquisition_or_sale_date,observed_reference_fields_plus_unavailable_requested_fields
10530,2055,아반떼MD[LPG],2024-10-30 06:22:51.796576,,2024-10-30 06:22:51,,unavailable,,unavailable,,unavailable,,unavailable,,unavailable_no_verified_acquisition_or_sale_date,observed_reference_fields_plus_unavailable_requested_fields
10531,2040,아반떼AD[휘],2024-10-30 06:22:51.796576,,2024-10-30 06:22:51,,unavailable,,unavailable,,unavailable,,unavailable,,unavailable_no_verified_acquisition_or_sale_date,observed_reference_fields_plus_unavailable_requested_fields
10532,2040,아반떼AD[휘],2024-10-30 06:22:51.796576,,2024-10-30 06:22:51,,unavailable,,unavailable,,unavailable,,unavailable,,unavailable_no_verified_acquisition_or_sale_date,observed_reference_fields_plus_unavailable_requested_fields
10533,2040,아반떼AD[휘],2024-10-30 06:22:51.796576,,2024-10-30 06:22:51,,unavailable,,unavailable,,unavailable,,unavailable,,unavailable_no_verified_acquisition_or_sale_date,observed_reference_fields_plus_unavailable_requested_fields
10534,2040,아반떼AD[휘],2024-10-30 06:22:51.796576,,2024-10-30 06:22:51,,unavailable,,unavailable,,unavailable,,unavailable,,unavailable_no_verified_acquisition_or_sale_date,observed_reference_fields_plus_unavailable_requested_fields
10535,2056,올뉴쏘울[휘],2024-10-30 06:22:51.796576,,2024-10-30 06:22:51,,unavailable,,unavailable,,unavailable,,unavailable,,unavailable_no_verified_acquisition_or_sale_date,observed_reference_fields_plus_unavailable_requested_fields
10536,2056,올뉴쏘울[휘],2024-10-30 06:22:51.796576,,2024-10-30 06:22:51,,unavailable,,unavailable,,unavailable,,unavailable,,unavailable_no_verified_acquisition_or_sale_date,observed_reference_fields_plus_unavailable_requested_fields
10537,2056,올뉴쏘울[휘],2024-10-30 06:22:51.796576,,2024-10-30 06:22:51,,unavailable,,unavailable,,unavailable,,unavailable,,unavailable_no_verified_acquisition_or_sale_date,observed_reference_fields_plus_unavailable_requested_fields
10538,2056,올뉴쏘울[휘],2024-10-30 06:22:51.796576,,2024-10-30 06:22:51,,unavailable,,unavailable,,unavailable,,unavailable,,unavailable_no_verified_acquisition_or_sale_date,observed_reference_fields_plus_unavailable_requested_fields
10539,2060,2018 스토닉[휘],2024-10-30 06:22:51.796576,,2024-10-30 06:22:51,,unavailable,,unavailable,,unavailable,,unavailable,,unavailable_no_verified_acquisition_or_sale_date,observed_reference_fields_plus_unavailable_requested_fields
10540,2060,2018 스토닉[휘],2024-10-30 06:22:51.796576,,2024-10-30 06:22:51,,unavailable,,unavailable,,unavailable,,unavailable,,unavailable_no_verified_acquisition_or_sale_date,observed_reference_fields_plus_unavailable_requested_fields
10541,2070,스파크[휘],2024-10-30 06:22:51.796576,,2024-10-30 06:22:51,,unavailable,,unavailable,,unavailable,,unavailable,,unavailable_no_verified_acquisition_or_sale_date,observed_reference_fields_plus_unavailable_requested_fields
10542,2070,스파크[휘],2024-10-30 06:22:51.796576,,2024-10-30 06:22:51,,unavailable,,unavailable,,unavailable,,unavailable,,unavailable_no_verified_acquisition_or_sale_date,observed_reference_fields_plus_unavailable_requested_fields
10543,2070,스파크[휘],2024-10-30 06:22:51.796576,,2024-10-30 06:22:51,,unavailable,,unavailable,,unavailable,,unavailable,,unavailable_no_verified_acquisition_or_sale_date,observed_reference_fields_plus_unavailable_requested_fields
10544,2070,스파크[휘],2024-10-30 06:22:51.796576,,2024-10-30 06:22:51,,unavailable,,unavailable,,unavailable,,unavailable,,unavailable_no_verified_acquisition_or_sale_date,observed_reference_fields_plus_unavailable_requested_fields
10545,2070,스파크[휘],2024-10-30 06:22:51.796576,,2024-10-30 06:22:51,,unavailable,,unavailable,,unavailable,,unavailable,,unavailable_no_verified_acquisition_or_sale_date,observed_reference_fields_plus_unavailable_requested_fields
10546,2052,뉴K5[LPG],2024-10-30 06:22:51.796576,,2024-10-30 06:22:51,,unavailable,,unavailable,,unavailable,,unavailable,,unavailable_no_verified_acquisition_or_sale_date,observed_reference_fields_plus_unavailable_requested_fields
10547,1869,20년 K5(휘),2024-10-30 06:22:51.796576,,2024-10-30 06:22:51,,unavailable,,unavailable,,unavailable,,unavailable,,unavailable_no_verified_acquisition_or_sale_date,observed_reference_fields_plus_unavailable_requested_fields
10548,2052,뉴K5[LPG],2024-10-30 06:22:51.796576,,2024-10-30 06:22:51,,unavailable,,unavailable,,unavailable,,unavailable,,unavailable_no_verified_acquisition_or_sale_date,observed_reference_fields_plus_unavailable_requested_fields
10549,2052,뉴K5[LPG],2024-10-30 06:22:51.796576,,2024-10-30 06:22:51,,unavailable,,unavailable,,unavailable,,unavailable,,unavailable_no_verified_acquisition_or_sale_date,observed_reference_fields_plus_unavailable_requested_fields
10550,2052,뉴K5[LPG],2024-10-30 06:22:51.796576,,2024-10-30 06:22:51,,unavailable,,unavailable,,unavailable,,unavailable,,unavailable_no_verified_acquisition_or_sale_date,observed_reference_fields_plus_unavailable_requested_fields
10551,2052,뉴K5[LPG],2024-10-30 06:22:51.796576,,2024-10-30 06:22:51,,unavailable,,unavailable,,unavailable,,unavailable,,unavailable_no_verified_acquisition_or_sale_date,observed_reference_fields_plus_unavailable_requested_fields
10552,1843,16/18년 올뉴카니발9인(경유),2024-10-30 06:22:51.796576,,2024-10-30 06:22:51,,unavailable,,unavailable,,unavailable,,unavailable,,unavailable_no_verified_acquisition_or_sale_date,observed_reference_fields_plus_unavailable_requested_fields
10553,1843,16/18년 올뉴카니발9인(경유),2024-10-30 06:22:51.796576,,2024-10-30 06:22:51,,unavailable,,unavailable,,unavailable,,unavailable,,unavailable_no_verified_acquisition_or_sale_date,observed_reference_fields_plus_unavailable_requested_fields
10554,1843,16/18년 올뉴카니발9인(경유),2024-10-30 06:22:51.796576,,2024-10-30 06:22:51,,unavailable,,unavailable,,unavailable,,unavailable,,unavailable_no_verified_acquisition_or_sale_date,observed_reference_fields_plus_unavailable_requested_fields
10555,2050,올뉴모닝[휘],2024-10-30 06:22:51.796576,,2024-10-30 06:22:51,,unavailable,,unavailable,,unavailable,,unavailable,,unavailable_no_verified_acquisition_or_sale_date,observed_reference_fields_plus_unavailable_requested_fields
10556,2050,올뉴모닝[휘],2024-10-30 06:22:51.796576,,2024-10-30 06:22:51,,unavailable,,unavailable,,unavailable,,unavailable,,unavailable_no_verified_acquisition_or_sale_date,observed_reference_fields_plus_unavailable_requested_fields
10557,2050,올뉴모닝[휘],2024-10-30 06:22:51.796576,,2024-10-30 06:22:51,,unavailable,,unavailable,,unavailable,,unavailable,,unavailable_no_verified_acquisition_or_sale_date,observed_reference_fields_plus_unavailable_requested_fields
10558,2041,티볼리[휘],2024-10-30 06:22:51.796576,,2024-10-30 06:22:51,,unavailable,,unavailable,,unavailable,,unavailable,,unavailable_no_verified_acquisition_or_sale_date,observed_reference_fields_plus_unavailable_requested_fields
10559,2041,티볼리[휘],2024-10-30 06:22:51.796576,,2024-10-30 06:22:51,,unavailable,,unavailable,,unavailable,,unavailable,,unavailable_no_verified_acquisition_or_sale_date,observed_reference_fields_plus_unavailable_requested_fields
10560,2041,티볼리[휘],2024-10-30 06:22:51.796576,,2024-10-30 06:22:51,,unavailable,,unavailable,,unavailable,,unavailable,,unavailable_no_verified_acquisition_or_sale_date,observed_reference_fields_plus_unavailable_requested_fields
10561,2059,아반떼MD[휘],2024-10-30 06:22:51.796576,,2024-10-30 06:22:51,,unavailable,,unavailable,,unavailable,,unavailable,,unavailable_no_verified_acquisition_or_sale_date,observed_reference_fields_plus_unavailable_requested_fields
10562,2059,아반떼MD[휘],2024-10-30 06:22:51.796576,,2024-10-30 06:22:51,,unavailable,,unavailable,,unavailable,,unavailable,,unavailable_no_verified_acquisition_or_sale_date,observed_reference_fields_plus_unavailable_requested_fields
10563,2059,아반떼MD[휘],2024-10-30 06:22:51.796576,,2024-10-30 06:22:51,,unavailable,,unavailable,,unavailable,,unavailable,,unavailable_no_verified_acquisition_or_sale_date,observed_reference_fields_plus_unavailable_requested_fields
10564,2059,아반떼MD[휘],2024-10-30 06:22:51.796576,,2024-10-30 06:22:51,,unavailable,,unavailable,,unavailable,,unavailable,,unavailable_no_verified_acquisition_or_sale_date,observed_reference_fields_plus_unavailable_requested_fields
10565,2052,뉴K5[LPG],2024-10-30 06:22:51.796576,,2024-10-30 06:22:51,,unavailable,,unavailable,,unavailable,,unavailable,,unavailable_no_verified_acquisition_or_sale_date,observed_reference_fields_plus_unavailable_requested_fields
10566,2052,뉴K5[LPG],2024-10-30 06:22:51.796576,,2024-10-30 06:22:51,,unavailable,,unavailable,,unavailable,,unavailable,,unavailable_no_verified_acquisition_or_sale_date,observed_reference_fields_plus_unavailable_requested_fields
10567,2052,뉴K5[LPG],2024-10-30 06:22:51.796576,,2024-10-30 06:22:51,,unavailable,,unavailable,,unavailable,,unavailable,,unavailable_no_verified_acquisition_or_sale_date,observed_reference_fields_plus_unavailable_requested_fields
10568,2052,뉴K5[LPG],2024-10-30 06:22:51.796576,,2024-10-30 06:22:51,,unavailable,,unavailable,,unavailable,,unavailable,,unavailable_no_verified_acquisition_or_sale_date,observed_reference_fields_plus_unavailable_requested_fields
10569,2052,뉴K5[LPG],2024-10-30 06:22:51.796576,,2024-10-30 06:22:51,,unavailable,,unavailable,,unavailable,,unavailable,,unavailable_no_verified_acquisition_or_sale_date,observed_reference_fields_plus_unavailable_requested_fields
10570,1843,16/18년 올뉴카니발9인(경유),2024-10-30 06:22:51.796576,,2024-10-30 06:22:51,,unavailable,,unavailable,,unavailable,,unavailable,,unavailable_no_verified_acquisition_or_sale_date,observed_reference_fields_plus_unavailable_requested_fields
10571,1843,16/18년 올뉴카니발9인(경유),2024-10-30 06:22:51.796576,,2024-10-30 06:22:51,,unavailable,,unavailable,,unavailable,,unavailable,,unavailable_no_verified_acquisition_or_sale_date,observed_reference_fields_plus_unavailable_requested_fields
10572,2074,레이[휘],2024-10-30 06:22:51.796576,,2024-10-30 06:22:51,,unavailable,,unavailable,,unavailable,,unavailable,,unavailable_no_verified_acquisition_or_sale_date,observed_reference_fields_plus_unavailable_requested_fields
10573,2074,레이[휘],2024-10-30 06:22:51.796576,,2024-10-30 06:22:51,,unavailable,,unavailable,,unavailable,,unavailable,,unavailable_no_verified_acquisition_or_sale_date,observed_reference_fields_plus_unavailable_requested_fields
10574,2074,레이[휘],2024-10-30 06:22:51.796576,,2024-10-30 06:22:51,,unavailable,,unavailable,,unavailable,,unavailable,,unavailable_no_verified_acquisition_or_sale_date,observed_reference_fields_plus_unavailable_requested_fields
10575,2074,레이[휘],2024-10-30 06:22:51.796576,,2024-10-30 06:22:51,,unavailable,,unavailable,,unavailable,,unavailable,,unavailable_no_verified_acquisition_or_sale_date,observed_reference_fields_plus_unavailable_requested_fields
10576,2074,레이[휘],2024-10-30 06:22:51.796576,,2024-10-30 06:22:51,,unavailable,,unavailable,,unavailable,,unavailable,,unavailable_no_verified_acquisition_or_sale_date,observed_reference_fields_plus_unavailable_requested_fields
10577,2022,16년 올뉴K5[LPG],2024-10-30 06:22:51.796576,,2024-10-30 06:22:51,,unavailable,,unavailable,,unavailable,,unavailable,,unavailable_no_verified_acquisition_or_sale_date,observed_reference_fields_plus_unavailable_requested_fields
10578,1862,19/20년 머스탱 컨버터블(휘),2024-10-30 06:22:51.796576,,2024-10-30 06:22:51,,unavailable,,unavailable,,unavailable,,unavailable,,unavailable_no_verified_acquisition_or_sale_date,observed_reference_fields_plus_unavailable_requested_fields
10579,2022,16년 올뉴K5[LPG],2024-10-30 06:22:51.796576,,2024-10-30 06:22:51,,unavailable,,unavailable,,unavailable,,unavailable,,unavailable_no_verified_acquisition_or_sale_date,observed_reference_fields_plus_unavailable_requested_fields
10580,2022,16년 올뉴K5[LPG],2024-10-30 06:22:51.796576,,2024-10-30 06:22:51,,unavailable,,unavailable,,unavailable,,unavailable,,unavailable_no_verified_acquisition_or_sale_date,observed_reference_fields_plus_unavailable_requested_fields
10581,2022,16년 올뉴K5[LPG],2024-10-30 06:22:51.796576,,2024-10-30 06:22:51,,unavailable,,unavailable,,unavailable,,unavailable,,unavailable_no_verified_acquisition_or_sale_date,observed_reference_fields_plus_unavailable_requested_fields
10582,2022,16년 올뉴K5[LPG],2024-10-30 06:22:51.796576,,2024-10-30 06:22:51,,unavailable,,unavailable,,unavailable,,unavailable,,unavailable_no_verified_acquisition_or_sale_date,observed_reference_fields_plus_unavailable_requested_fields
10583,2022,16년 올뉴K5[LPG],2024-10-30 06:22:51.796576,,2024-10-30 06:22:51,,unavailable,,unavailable,,unavailable,,unavailable,,unavailable_no_verified_acquisition_or_sale_date,observed_reference_fields_plus_unavailable_requested_fields
10584,2022,16년 올뉴K5[LPG],2024-10-30 06:22:51.796576,,2024-10-30 06:22:51,,unavailable,,unavailable,,unavailable,,unavailable,,unavailable_no_verified_acquisition_or_sale_date,observed_reference_fields_plus_unavailable_requested_fields
10585,2022,16년 올뉴K5[LPG],2024-10-30 06:22:51.796576,,2024-10-30 06:22:51,,unavailable,,unavailable,,unavailable,,unavailable,,unavailable_no_verified_acquisition_or_sale_date,observed_reference_fields_plus_unavailable_requested_fields
10586,2022,16년 올뉴K5[LPG],2024-10-30 06:22:51.796576,,2024-10-30 06:22:51,,unavailable,,unavailable,,unavailable,,unavailable,,unavailable_no_verified_acquisition_or_sale_date,observed_reference_fields_plus_unavailable_requested_fields
10587,2040,아반떼AD[휘],2024-10-30 06:22:51.796576,,2024-10-30 06:22:51,,unavailable,,unavailable,,unavailable,,unavailable,,unavailable_no_verified_acquisition_or_sale_date,observed_reference_fields_plus_unavailable_requested_fields
10588,2040,아반떼AD[휘],2024-10-30 06:22:51.796576,,2024-10-30 06:22:51,,unavailable,,unavailable,,unavailable,,unavailable,,unavailable_no_verified_acquisition_or_sale_date,observed_reference_fields_plus_unavailable_requested_fields
10589,2040,아반떼AD[휘],2024-10-30 06:22:51.796576,,2024-10-30 06:22:51,,unavailable,,unavailable,,unavailable,,unavailable,,unavailable_no_verified_acquisition_or_sale_date,observed_reference_fields_plus_unavailable_requested_fields
10590,2040,아반떼AD[휘],2024-10-30 06:22:51.796576,,2024-10-30 06:22:51,,unavailable,,unavailable,,unavailable,,unavailable,,unavailable_no_verified_acquisition_or_sale_date,observed_reference_fields_plus_unavailable_requested_fields
10591,2040,아반떼AD[휘],2024-10-30 06:22:51.796576,,2024-10-30 06:22:51,,unavailable,,unavailable,,unavailable,,unavailable,,unavailable_no_verified_acquisition_or_sale_date,observed_reference_fields_plus_unavailable_requested_fields
10592,2040,아반떼AD[휘],2024-10-30 06:22:51.796576,,2024-10-30 06:22:51,,unavailable,,unavailable,,unavailable,,unavailable,,unavailable_no_verified_acquisition_or_sale_date,observed_reference_fields_plus_unavailable_requested_fields
10593,2040,아반떼AD[휘],2024-10-30 06:22:51.796576,,2024-10-30 06:22:51,,unavailable,,unavailable,,unavailable,,unavailable,,unavailable_no_verified_acquisition_or_sale_date,observed_reference_fields_plus_unavailable_requested_fields
10594,2040,아반떼AD[휘],2024-10-30 06:22:51.796576,,2024-10-30 06:22:51,,unavailable,,unavailable,,unavailable,,unavailable,,unavailable_no_verified_acquisition_or_sale_date,observed_reference_fields_plus_unavailable_requested_fields
10595,2040,아반떼AD[휘],2024-10-30 06:22:51.796576,,2024-10-30 06:22:51,,unavailable,,unavailable,,unavailable,,unavailable,,unavailable_no_verified_acquisition_or_sale_date,observed_reference_fields_plus_unavailable_requested_fields
10596,1984,2018 싼타페TM (2WD)[경유],2024-10-30 06:22:51.796576,,2024-10-30 06:22:51,,unavailable,,unavailable,,unavailable,,unavailable,,unavailable_no_verified_acquisition_or_sale_date,observed_reference_fields_plus_unavailable_requested_fields
10597,2038,LF소나타[LPG],2024-10-30 06:22:51.796576,,2024-10-30 06:22:51,,unavailable,,unavailable,,unavailable,,unavailable,,unavailable_no_verified_acquisition_or_sale_date,observed_reference_fields_plus_unavailable_requested_fields
10598,2038,LF소나타[LPG],2024-10-30 06:22:51.796576,,2024-10-30 06:22:51,,unavailable,,unavailable,,unavailable,,unavailable,,unavailable_no_verified_acquisition_or_sale_date,observed_reference_fields_plus_unavailable_requested_fields
10599,2022,16년 올뉴K5[LPG],2024-10-30 06:22:51.796576,,2024-10-30 06:22:51,,unavailable,,unavailable,,unavailable,,unavailable,,unavailable_no_verified_acquisition_or_sale_date,observed_reference_fields_plus_unavailable_requested_fields
10600,2022,16년 올뉴K5[LPG],2024-10-30 06:22:51.796576,,2024-10-30 06:22:51,,unavailable,,unavailable,,unavailable,,unavailable,,unavailable_no_verified_acquisition_or_sale_date,observed_reference_fields_plus_unavailable_requested_fields
10601,2022,16년 올뉴K5[LPG],2024-10-30 06:22:51.796576,,2024-10-30 06:22:51,,unavailable,,unavailable,,unavailable,,unavailable,,unavailable_no_verified_acquisition_or_sale_date,observed_reference_fields_plus_unavailable_requested_fields
10602,2022,16년 올뉴K5[LPG],2024-10-30 06:22:51.796576,,2024-10-30 06:22:51,,unavailable,,unavailable,,unavailable,,unavailable,,unavailable_no_verified_acquisition_or_sale_date,observed_reference_fields_plus_unavailable_requested_fields
10603,2022,16년 올뉴K5[LPG],2024-10-30 06:22:51.796576,,2024-10-30 06:22:51,,unavailable,,unavailable,,unavailable,,unavailable,,unavailable_no_verified_acquisition_or_sale_date,observed_reference_fields_plus_unavailable_requested_fields
10604,2022,16년 올뉴K5[LPG],2024-10-30 06:22:51.796576,,2024-10-30 06:22:51,,unavailable,,unavailable,,unavailable,,unavailable,,unavailable_no_verified_acquisition_or_sale_date,observed_reference_fields_plus_unavailable_requested_fields
10605,2022,16년 올뉴K5[LPG],2024-10-30 06:22:51.796576,,2024-10-30 06:22:51,,unavailable,,unavailable,,unavailable,,unavailable,,unavailable_no_verified_acquisition_or_sale_date,observed_reference_fields_plus_unavailable_requested_fields
10606,2022,16년 올뉴K5[LPG],2024-10-30 06:22:51.796576,,2024-10-30 06:22:51,,unavailable,,unavailable,,unavailable,,unavailable,,unavailable_no_verified_acquisition_or_sale_date,observed_reference_fields_plus_unavailable_requested_fields
10607,2023,2017 더뉴K3[휘],2024-10-30 06:22:51.796576,,2024-10-30 06:22:51,,unavailable,,unavailable,,unavailable,,unavailable,,unavailable_no_verified_acquisition_or_sale_date,observed_reference_fields_plus_unavailable_requested_fields
10608,2023,2017 더뉴K3[휘],2024-10-30 06:22:51.796576,,2024-10-30 06:22:51,,unavailable,,unavailable,,unavailable,,unavailable,,unavailable_no_verified_acquisition_or_sale_date,observed_reference_fields_plus_unavailable_requested_fields
10609,2023,2017 더뉴K3[휘],2024-10-30 06:22:51.796576,,2024-10-30 06:22:51,,unavailable,,unavailable,,unavailable,,unavailable,,unavailable_no_verified_acquisition_or_sale_date,observed_reference_fields_plus_unavailable_requested_fields
10610,2023,2017 더뉴K3[휘],2024-10-30 06:22:51.796576,,2024-10-30 06:22:51,,unavailable,,unavailable,,unavailable,,unavailable,,unavailable_no_verified_acquisition_or_sale_date,observed_reference_fields_plus_unavailable_requested_fields
10611,2023,2017 더뉴K3[휘],2024-10-30 06:22:51.796576,,2024-10-30 06:22:51,,unavailable,,unavailable,,unavailable,,unavailable,,unavailable_no_verified_acquisition_or_sale_date,observed_reference_fields_plus_unavailable_requested_fields
10612,2038,LF소나타[LPG],2024-10-30 06:22:51.796576,,2024-10-30 06:22:51,,unavailable,,unavailable,,unavailable,,unavailable,,unavailable_no_verified_acquisition_or_sale_date,observed_reference_fields_plus_unavailable_requested_fields
10613,2038,LF소나타[LPG],2024-10-30 06:22:51.796576,,2024-10-30 06:22:51,,unavailable,,unavailable,,unavailable,,unavailable,,unavailable_no_verified_acquisition_or_sale_date,observed_reference_fields_plus_unavailable_requested_fields
10614,2061,YF소나타[LPG],2024-10-30 06:22:51.796576,,2024-10-30 06:22:51,,unavailable,,unavailable,,unavailable,,unavailable,,unavailable_no_verified_acquisition_or_sale_date,observed_reference_fields_plus_unavailable_requested_fields
10615,2038,LF소나타[LPG],2024-10-30 06:22:51.796576,,2024-10-30 06:22:51,,unavailable,,unavailable,,unavailable,,unavailable,,unavailable_no_verified_acquisition_or_sale_date,observed_reference_fields_plus_unavailable_requested_fields
10616,2061,YF소나타[LPG],2024-10-30 06:22:51.796576,,2024-10-30 06:22:51,,unavailable,,unavailable,,unavailable,,unavailable,,unavailable_no_verified_acquisition_or_sale_date,observed_reference_fields_plus_unavailable_requested_fields
10617,2038,LF소나타[LPG],2024-10-30 06:22:51.796576,,2024-10-30 06:22:51,,unavailable,,unavailable,,unavailable,,unavailable,,unavailable_no_verified_acquisition_or_sale_date,observed_reference_fields_plus_unavailable_requested_fields
10618,2038,LF소나타[LPG],2024-10-30 06:22:51.796576,,2024-10-30 06:22:51,,unavailable,,unavailable,,unavailable,,unavailable,,unavailable_no_verified_acquisition_or_sale_date,observed_reference_fields_plus_unavailable_requested_fields
10619,1984,2018 싼타페TM (2WD)[경유],2024-10-30 06:22:51.796576,,2024-10-30 06:22:51,,unavailable,,unavailable,,unavailable,,unavailable,,unavailable_no_verified_acquisition_or_sale_date,observed_reference_fields_plus_unavailable_requested_fields
10620,1984,2018 싼타페TM (2WD)[경유],2024-10-30 06:22:51.796576,,2024-10-30 06:22:51,,unavailable,,unavailable,,unavailable,,unavailable,,unavailable_no_verified_acquisition_or_sale_date,observed_reference_fields_plus_unavailable_requested_fields
10621,1852,18년 뉴레이(휘),2024-10-30 06:22:51.796576,,2024-10-30 06:22:51,,unavailable,,unavailable,,unavailable,,unavailable,,unavailable_no_verified_acquisition_or_sale_date,observed_reference_fields_plus_unavailable_requested_fields
10622,1988,19년 뉴SM3 ZE[전기],2024-10-30 06:22:51.796576,,2024-10-30 06:22:51,,unavailable,,unavailable,,unavailable,,unavailable,,unavailable_no_verified_acquisition_or_sale_date,observed_reference_fields_plus_unavailable_requested_fields
10623,2077,SM3 ZE[전기],2024-10-30 06:22:51.796576,,2024-10-30 06:22:51,,unavailable,,unavailable,,unavailable,,unavailable,,unavailable_no_verified_acquisition_or_sale_date,observed_reference_fields_plus_unavailable_requested_fields
10624,1988,19년 뉴SM3 ZE[전기],2024-10-30 06:22:51.796576,,2024-10-30 06:22:51,,unavailable,,unavailable,,unavailable,,unavailable,,unavailable_no_verified_acquisition_or_sale_date,observed_reference_fields_plus_unavailable_requested_fields
10625,2077,SM3 ZE[전기],2024-10-30 06:22:51.796576,,2024-10-30 06:22:51,,unavailable,,unavailable,,unavailable,,unavailable,,unavailable_no_verified_acquisition_or_sale_date,observed_reference_fields_plus_unavailable_requested_fields
10626,1988,19년 뉴SM3 ZE[전기],2024-10-30 06:22:51.796576,,2024-10-30 06:22:51,,unavailable,,unavailable,,unavailable,,unavailable,,unavailable_no_verified_acquisition_or_sale_date,observed_reference_fields_plus_unavailable_requested_fields
10627,2077,SM3 ZE[전기],2024-10-30 06:22:51.796576,,2024-10-30 06:22:51,,unavailable,,unavailable,,unavailable,,unavailable,,unavailable_no_verified_acquisition_or_sale_date,observed_reference_fields_plus_unavailable_requested_fields
10628,1988,19년 뉴SM3 ZE[전기],2024-10-30 06:22:51.796576,,2024-10-30 06:22:51,,unavailable,,unavailable,,unavailable,,unavailable,,unavailable_no_verified_acquisition_or_sale_date,observed_reference_fields_plus_unavailable_requested_fields
10629,2077,SM3 ZE[전기],2024-10-30 06:22:51.796576,,2024-10-30 06:22:51,,unavailable,,unavailable,,unavailable,,unavailable,,unavailable_no_verified_acquisition_or_sale_date,observed_reference_fields_plus_unavailable_requested_fields
10630,1988,19년 뉴SM3 ZE[전기],2024-10-30 06:22:51.796576,,2024-10-30 06:22:51,,unavailable,,unavailable,,unavailable,,unavailable,,unavailable_no_verified_acquisition_or_sale_date,observed_reference_fields_plus_unavailable_requested_fields
10631,2077,SM3 ZE[전기],2024-10-30 06:22:51.796576,,2024-10-30 06:22:51,,unavailable,,unavailable,,unavailable,,unavailable,,unavailable_no_verified_acquisition_or_sale_date,observed_reference_fields_plus_unavailable_requested_fields
10632,1988,19년 뉴SM3 ZE[전기],2024-10-30 06:22:51.796576,,2024-10-30 06:22:51,,unavailable,,unavailable,,unavailable,,unavailable,,unavailable_no_verified_acquisition_or_sale_date,observed_reference_fields_plus_unavailable_requested_fields
10633,2077,SM3 ZE[전기],2024-10-30 06:22:51.796576,,2024-10-30 06:22:51,,unavailable,,unavailable,,unavailable,,unavailable,,unavailable_no_verified_acquisition_or_sale_date,observed_reference_fields_plus_unavailable_requested_fields
10634,1869,20년 K5(휘),2024-10-30 06:22:51.796576,,2024-10-30 06:22:51,,unavailable,,unavailable,,unavailable,,unavailable,,unavailable_no_verified_acquisition_or_sale_date,observed_reference_fields_plus_unavailable_requested_fields
10635,2077,SM3 ZE[전기],2024-10-30 06:22:51.796576,,2024-10-30 06:22:51,,unavailable,,unavailable,,unavailable,,unavailable,,unavailable_no_verified_acquisition_or_sale_date,observed_reference_fields_plus_unavailable_requested_fields
10636,2075,말리부[휘],2024-10-30 06:22:51.796576,,2024-10-30 06:22:51,,unavailable,,unavailable,,unavailable,,unavailable,,unavailable_no_verified_acquisition_or_sale_date,observed_reference_fields_plus_unavailable_requested_fields
10637,2075,말리부[휘],2024-10-30 06:22:51.796576,,2024-10-30 06:22:51,,unavailable,,unavailable,,unavailable,,unavailable,,unavailable_no_verified_acquisition_or_sale_date,observed_reference_fields_plus_unavailable_requested_fields
10638,2075,말리부[휘],2024-10-30 06:22:51.796576,,2024-10-30 06:22:51,,unavailable,,unavailable,,unavailable,,unavailable,,unavailable_no_verified_acquisition_or_sale_date,observed_reference_fields_plus_unavailable_requested_fields
10639,1843,16/18년 올뉴카니발9인(경유),2024-10-30 06:22:51.796576,,2024-10-30 06:22:51,,unavailable,,unavailable,,unavailable,,unavailable,,unavailable_no_verified_acquisition_or_sale_date,observed_reference_fields_plus_unavailable_requested_fields
10640,1843,16/18년 올뉴카니발9인(경유),2024-10-30 06:22:51.796576,,2024-10-30 06:22:51,,unavailable,,unavailable,,unavailable,,unavailable,,unavailable_no_verified_acquisition_or_sale_date,observed_reference_fields_plus_unavailable_requested_fields
10641,1843,16/18년 올뉴카니발9인(경유),2024-10-30 06:22:51.796576,,2024-10-30 06:22:51,,unavailable,,unavailable,,unavailable,,unavailable,,unavailable_no_verified_acquisition_or_sale_date,observed_reference_fields_plus_unavailable_requested_fields
10642,1867,19년 베뉴(휘),2024-10-30 06:22:51.796576,,2024-10-30 06:22:51,,unavailable,,unavailable,,unavailable,,unavailable,,unavailable_no_verified_acquisition_or_sale_date,observed_reference_fields_plus_unavailable_requested_fields
10643,2077,SM3 ZE[전기],2024-10-30 06:22:51.796576,,2024-10-30 06:22:51,,unavailable,,unavailable,,unavailable,,unavailable,,unavailable_no_verified_acquisition_or_sale_date,observed_reference_fields_plus_unavailable_requested_fields
10644,1867,19년 베뉴(휘),2024-10-30 06:22:51.796576,,2024-10-30 06:22:51,,unavailable,,unavailable,,unavailable,,unavailable,,unavailable_no_verified_acquisition_or_sale_date,observed_reference_fields_plus_unavailable_requested_fields
10645,2077,SM3 ZE[전기],2024-10-30 06:22:51.796576,,2024-10-30 06:22:51,,unavailable,,unavailable,,unavailable,,unavailable,,unavailable_no_verified_acquisition_or_sale_date,observed_reference_fields_plus_unavailable_requested_fields
10646,1867,19년 베뉴(휘),2024-10-30 06:22:51.796576,,2024-10-30 06:22:51,,unavailable,,unavailable,,unavailable,,unavailable,,unavailable_no_verified_acquisition_or_sale_date,observed_reference_fields_plus_unavailable_requested_fields
10647,2077,SM3 ZE[전기],2024-10-30 06:22:51.796576,,2024-10-30 06:22:51,,unavailable,,unavailable,,unavailable,,unavailable,,unavailable_no_verified_acquisition_or_sale_date,observed_reference_fields_plus_unavailable_requested_fields
10648,1869,20년 K5(휘),2024-10-30 06:22:51.796576,,2024-10-30 06:22:51,,unavailable,,unavailable,,unavailable,,unavailable,,unavailable_no_verified_acquisition_or_sale_date,observed_reference_fields_plus_unavailable_requested_fields
10649,2077,SM3 ZE[전기],2024-10-30 06:22:51.796576,,2024-10-30 06:22:51,,unavailable,,unavailable,,unavailable,,unavailable,,unavailable_no_verified_acquisition_or_sale_date,observed_reference_fields_plus_unavailable_requested_fields
10650,2058,올란도7인[경유],2024-10-30 06:22:51.796576,,2024-10-30 06:22:51,,unavailable,,unavailable,,unavailable,,unavailable,,unavailable_no_verified_acquisition_or_sale_date,observed_reference_fields_plus_unavailable_requested_fields
10651,2058,올란도7인[경유],2024-10-30 06:22:51.796576,,2024-10-30 06:22:51,,unavailable,,unavailable,,unavailable,,unavailable,,unavailable_no_verified_acquisition_or_sale_date,observed_reference_fields_plus_unavailable_requested_fields
10652,1845,20년 SM6(휘),2024-10-30 06:22:51.796576,,2024-10-30 06:22:51,,unavailable,,unavailable,,unavailable,,unavailable,,unavailable_no_verified_acquisition_or_sale_date,observed_reference_fields_plus_unavailable_requested_fields
10653,1845,20년 SM6(휘),2024-10-30 06:22:51.796576,,2024-10-30 06:22:51,,unavailable,,unavailable,,unavailable,,unavailable,,unavailable_no_verified_acquisition_or_sale_date,observed_reference_fields_plus_unavailable_requested_fields
10654,2076,티볼리에어[경유],2024-10-30 06:22:51.796576,,2024-10-30 06:22:51,,unavailable,,unavailable,,unavailable,,unavailable,,unavailable_no_verified_acquisition_or_sale_date,observed_reference_fields_plus_unavailable_requested_fields
10655,2076,티볼리에어[경유],2024-10-30 06:22:51.796576,,2024-10-30 06:22:51,,unavailable,,unavailable,,unavailable,,unavailable,,unavailable_no_verified_acquisition_or_sale_date,observed_reference_fields_plus_unavailable_requested_fields
10656,2076,티볼리에어[경유],2024-10-30 06:22:51.796576,,2024-10-30 06:22:51,,unavailable,,unavailable,,unavailable,,unavailable,,unavailable_no_verified_acquisition_or_sale_date,observed_reference_fields_plus_unavailable_requested_fields
10657,2043,16년 올뉴K7[휘],2024-10-30 06:22:51.796576,,2024-10-30 06:22:51,,unavailable,,unavailable,,unavailable,,unavailable,,unavailable_no_verified_acquisition_or_sale_date,observed_reference_fields_plus_unavailable_requested_fields
10658,2043,16년 올뉴K7[휘],2024-10-30 06:22:51.796576,,2024-10-30 06:22:51,,unavailable,,unavailable,,unavailable,,unavailable,,unavailable_no_verified_acquisition_or_sale_date,observed_reference_fields_plus_unavailable_requested_fields
10659,2043,16년 올뉴K7[휘],2024-10-30 06:22:51.796576,,2024-10-30 06:22:51,,unavailable,,unavailable,,unavailable,,unavailable,,unavailable_no_verified_acquisition_or_sale_date,observed_reference_fields_plus_unavailable_requested_fields
10660,1866,20년 셀토스(휘),2024-10-30 06:22:51.796576,,2024-10-30 06:22:51,,unavailable,,unavailable,,unavailable,,unavailable,,unavailable_no_verified_acquisition_or_sale_date,observed_reference_fields_plus_unavailable_requested_fields
10661,2053,그랜져HG2.4[휘],2024-10-30 06:22:51.796576,,2024-10-30 06:22:51,,unavailable,,unavailable,,unavailable,,unavailable,,unavailable_no_verified_acquisition_or_sale_date,observed_reference_fields_plus_unavailable_requested_fields
10662,1987,19년 팰리세이드 8인승[경유],2024-10-30 06:22:51.796576,,2024-10-30 06:22:51,,unavailable,,unavailable,,unavailable,,unavailable,,unavailable_no_verified_acquisition_or_sale_date,observed_reference_fields_plus_unavailable_requested_fields
10663,2053,그랜져HG2.4[휘],2024-10-30 06:22:51.796576,,2024-10-30 06:22:51,,unavailable,,unavailable,,unavailable,,unavailable,,unavailable_no_verified_acquisition_or_sale_date,observed_reference_fields_plus_unavailable_requested_fields
10664,1987,19년 팰리세이드 8인승[경유],2024-10-30 06:22:51.796576,,2024-10-30 06:22:51,,unavailable,,unavailable,,unavailable,,unavailable,,unavailable_no_verified_acquisition_or_sale_date,observed_reference_fields_plus_unavailable_requested_fields
10665,2053,그랜져HG2.4[휘],2024-10-30 06:22:51.796576,,2024-10-30 06:22:51,,unavailable,,unavailable,,unavailable,,unavailable,,unavailable_no_verified_acquisition_or_sale_date,observed_reference_fields_plus_unavailable_requested_fields
10666,1868,20년 더 뉴 그랜저(휘),2024-10-30 06:22:51.796576,,2024-10-30 06:22:51,,unavailable,,unavailable,,unavailable,,unavailable,,unavailable_no_verified_acquisition_or_sale_date,observed_reference_fields_plus_unavailable_requested_fields
10667,2071,그랜져HG3.0[LPG],2024-10-30 06:22:51.796576,,2024-10-30 06:22:51,,unavailable,,unavailable,,unavailable,,unavailable,,unavailable_no_verified_acquisition_or_sale_date,observed_reference_fields_plus_unavailable_requested_fields
10668,1863,20년 쏘나타DN8(휘),2024-10-30 06:22:51.796576,,2024-10-30 06:22:51,,unavailable,,unavailable,,unavailable,,unavailable,,unavailable_no_verified_acquisition_or_sale_date,observed_reference_fields_plus_unavailable_requested_fields
10669,2071,그랜져HG3.0[LPG],2024-10-30 06:22:51.796576,,2024-10-30 06:22:51,,unavailable,,unavailable,,unavailable,,unavailable,,unavailable_no_verified_acquisition_or_sale_date,observed_reference_fields_plus_unavailable_requested_fields
10670,1863,20년 쏘나타DN8(휘),2024-10-30 06:22:51.796576,,2024-10-30 06:22:51,,unavailable,,unavailable,,unavailable,,unavailable,,unavailable_no_verified_acquisition_or_sale_date,observed_reference_fields_plus_unavailable_requested_fields
10671,2071,그랜져HG3.0[LPG],2024-10-30 06:22:51.796576,,2024-10-30 06:22:51,,unavailable,,unavailable,,unavailable,,unavailable,,unavailable_no_verified_acquisition_or_sale_date,observed_reference_fields_plus_unavailable_requested_fields
10672,1864,20년 쏘나타DN8(LPG),2024-10-30 06:22:51.796576,,2024-10-30 06:22:51,,unavailable,,unavailable,,unavailable,,unavailable,,unavailable_no_verified_acquisition_or_sale_date,observed_reference_fields_plus_unavailable_requested_fields
10673,2038,LF소나타[LPG],2024-10-30 06:22:51.796576,,2024-10-30 06:22:51,,unavailable,,unavailable,,unavailable,,unavailable,,unavailable_no_verified_acquisition_or_sale_date,observed_reference_fields_plus_unavailable_requested_fields
10674,2094,매각[LF소나타],2024-10-30 06:22:51.796576,,2024-10-30 06:22:51,,unavailable,,unavailable,,unavailable,,unavailable,,unavailable_no_verified_acquisition_or_sale_date,observed_reference_fields_plus_unavailable_requested_fields
10675,1864,20년 쏘나타DN8(LPG),2024-10-30 06:22:51.796576,,2024-10-30 06:22:51,,unavailable,,unavailable,,unavailable,,unavailable,,unavailable_no_verified_acquisition_or_sale_date,observed_reference_fields_plus_unavailable_requested_fields
10676,2038,LF소나타[LPG],2024-10-30 06:22:51.796576,,2024-10-30 06:22:51,,unavailable,,unavailable,,unavailable,,unavailable,,unavailable_no_verified_acquisition_or_sale_date,observed_reference_fields_plus_unavailable_requested_fields
10677,2094,매각[LF소나타],2024-10-30 06:22:51.796576,,2024-10-30 06:22:51,,unavailable,,unavailable,,unavailable,,unavailable,,unavailable_no_verified_acquisition_or_sale_date,observed_reference_fields_plus_unavailable_requested_fields
10678,1864,20년 쏘나타DN8(LPG),2024-10-30 06:22:51.796576,,2024-10-30 06:22:51,,unavailable,,unavailable,,unavailable,,unavailable,,unavailable_no_verified_acquisition_or_sale_date,observed_reference_fields_plus_unavailable_requested_fields
10679,2038,LF소나타[LPG],2024-10-30 06:22:51.796576,,2024-10-30 06:22:51,,unavailable,,unavailable,,unavailable,,unavailable,,unavailable_no_verified_acquisition_or_sale_date,observed_reference_fields_plus_unavailable_requested_fields
10680,2094,매각[LF소나타],2024-10-30 06:22:51.796576,,2024-10-30 06:22:51,,unavailable,,unavailable,,unavailable,,unavailable,,unavailable_no_verified_acquisition_or_sale_date,observed_reference_fields_plus_unavailable_requested_fields
10681,2038,LF소나타[LPG],2024-10-30 06:22:51.796576,,2024-10-30 06:22:51,,unavailable,,unavailable,,unavailable,,unavailable,,unavailable_no_verified_acquisition_or_sale_date,observed_reference_fields_plus_unavailable_requested_fields
10682,2094,매각[LF소나타],2024-10-30 06:22:51.796576,,2024-10-30 06:22:51,,unavailable,,unavailable,,unavailable,,unavailable,,unavailable_no_verified_acquisition_or_sale_date,observed_reference_fields_plus_unavailable_requested_fields
10683,1851,19년 엑센트(휘),2024-10-30 06:22:51.796576,,2024-10-30 06:22:51,,unavailable,,unavailable,,unavailable,,unavailable,,unavailable_no_verified_acquisition_or_sale_date,observed_reference_fields_plus_unavailable_requested_fields
10684,2098,2019 뉴엑센트[휘],2024-10-30 06:22:51.796576,,2024-10-30 06:22:51,,unavailable,,unavailable,,unavailable,,unavailable,,unavailable_no_verified_acquisition_or_sale_date,observed_reference_fields_plus_unavailable_requested_fields
10685,2038,LF소나타[LPG],2024-10-30 06:22:51.796576,,2024-10-30 06:22:51,,unavailable,,unavailable,,unavailable,,unavailable,,unavailable_no_verified_acquisition_or_sale_date,observed_reference_fields_plus_unavailable_requested_fields
10686,2094,매각[LF소나타],2024-10-30 06:22:51.796576,,2024-10-30 06:22:51,,unavailable,,unavailable,,unavailable,,unavailable,,unavailable_no_verified_acquisition_or_sale_date,observed_reference_fields_plus_unavailable_requested_fields
10687,1851,19년 엑센트(휘),2024-10-30 06:22:51.796576,,2024-10-30 06:22:51,,unavailable,,unavailable,,unavailable,,unavailable,,unavailable_no_verified_acquisition_or_sale_date,observed_reference_fields_plus_unavailable_requested_fields
10688,2098,2019 뉴엑센트[휘],2024-10-30 06:22:51.796576,,2024-10-30 06:22:51,,unavailable,,unavailable,,unavailable,,unavailable,,unavailable_no_verified_acquisition_or_sale_date,observed_reference_fields_plus_unavailable_requested_fields
10689,2038,LF소나타[LPG],2024-10-30 06:22:51.796576,,2024-10-30 06:22:51,,unavailable,,unavailable,,unavailable,,unavailable,,unavailable_no_verified_acquisition_or_sale_date,observed_reference_fields_plus_unavailable_requested_fields
10690,2094,매각[LF소나타],2024-10-30 06:22:51.796576,,2024-10-30 06:22:51,,unavailable,,unavailable,,unavailable,,unavailable,,unavailable_no_verified_acquisition_or_sale_date,observed_reference_fields_plus_unavailable_requested_fields
10691,1851,19년 엑센트(휘),2024-10-30 06:22:51.796576,,2024-10-30 06:22:51,,unavailable,,unavailable,,unavailable,,unavailable,,unavailable_no_verified_acquisition_or_sale_date,observed_reference_fields_plus_unavailable_requested_fields
10692,2098,2019 뉴엑센트[휘],2024-10-30 06:22:51.796576,,2024-10-30 06:22:51,,unavailable,,unavailable,,unavailable,,unavailable,,unavailable_no_verified_acquisition_or_sale_date,observed_reference_fields_plus_unavailable_requested_fields
10693,2038,LF소나타[LPG],2024-10-30 06:22:51.796576,,2024-10-30 06:22:51,,unavailable,,unavailable,,unavailable,,unavailable,,unavailable_no_verified_acquisition_or_sale_date,observed_reference_fields_plus_unavailable_requested_fields
10694,2094,매각[LF소나타],2024-10-30 06:22:51.796576,,2024-10-30 06:22:51,,unavailable,,unavailable,,unavailable,,unavailable,,unavailable_no_verified_acquisition_or_sale_date,observed_reference_fields_plus_unavailable_requested_fields
10695,2038,LF소나타[LPG],2024-10-30 06:22:51.796576,,2024-10-30 06:22:51,,unavailable,,unavailable,,unavailable,,unavailable,,unavailable_no_verified_acquisition_or_sale_date,observed_reference_fields_plus_unavailable_requested_fields
10696,2094,매각[LF소나타],2024-10-30 06:22:51.796576,,2024-10-30 06:22:51,,unavailable,,unavailable,,unavailable,,unavailable,,unavailable_no_verified_acquisition_or_sale_date,observed_reference_fields_plus_unavailable_requested_fields
10697,2038,LF소나타[LPG],2024-10-30 06:22:51.796576,,2024-10-30 06:22:51,,unavailable,,unavailable,,unavailable,,unavailable,,unavailable_no_verified_acquisition_or_sale_date,observed_reference_fields_plus_unavailable_requested_fields
10698,2094,매각[LF소나타],2024-10-30 06:22:51.796576,,2024-10-30 06:22:51,,unavailable,,unavailable,,unavailable,,unavailable,,unavailable_no_verified_acquisition_or_sale_date,observed_reference_fields_plus_unavailable_requested_fields
10699,2038,LF소나타[LPG],2024-10-30 06:22:51.796576,,2024-10-30 06:22:51,,unavailable,,unavailable,,unavailable,,unavailable,,unavailable_no_verified_acquisition_or_sale_date,observed_reference_fields_plus_unavailable_requested_fields
10700,2094,매각[LF소나타],2024-10-30 06:22:51.796576,,2024-10-30 06:22:51,,unavailable,,unavailable,,unavailable,,unavailable,,unavailable_no_verified_acquisition_or_sale_date,observed_reference_fields_plus_unavailable_requested_fields
10701,2038,LF소나타[LPG],2024-10-30 06:22:51.796576,,2024-10-30 06:22:51,,unavailable,,unavailable,,unavailable,,unavailable,,unavailable_no_verified_acquisition_or_sale_date,observed_reference_fields_plus_unavailable_requested_fields
10702,2038,LF소나타[LPG],2024-10-30 06:22:51.796576,,2024-10-30 06:22:51,,unavailable,,unavailable,,unavailable,,unavailable,,unavailable_no_verified_acquisition_or_sale_date,observed_reference_fields_plus_unavailable_requested_fields
10703,2038,LF소나타[LPG],2024-10-30 06:22:51.796576,,2024-10-30 06:22:51,,unavailable,,unavailable,,unavailable,,unavailable,,unavailable_no_verified_acquisition_or_sale_date,observed_reference_fields_plus_unavailable_requested_fields
10704,2059,아반떼MD[휘],2024-10-30 06:22:51.796576,,2024-10-30 06:22:51,,unavailable,,unavailable,,unavailable,,unavailable,,unavailable_no_verified_acquisition_or_sale_date,observed_reference_fields_plus_unavailable_requested_fields
10705,2059,아반떼MD[휘],2024-10-30 06:22:51.796576,,2024-10-30 06:22:51,,unavailable,,unavailable,,unavailable,,unavailable,,unavailable_no_verified_acquisition_or_sale_date,observed_reference_fields_plus_unavailable_requested_fields
10706,2059,아반떼MD[휘],2024-10-30 06:22:51.796576,,2024-10-30 06:22:51,,unavailable,,unavailable,,unavailable,,unavailable,,unavailable_no_verified_acquisition_or_sale_date,observed_reference_fields_plus_unavailable_requested_fields
10707,2059,아반떼MD[휘],2024-10-30 06:22:51.796576,,2024-10-30 06:22:51,,unavailable,,unavailable,,unavailable,,unavailable,,unavailable_no_verified_acquisition_or_sale_date,observed_reference_fields_plus_unavailable_requested_fields
10708,2059,아반떼MD[휘],2024-10-30 06:22:51.796576,,2024-10-30 06:22:51,,unavailable,,unavailable,,unavailable,,unavailable,,unavailable_no_verified_acquisition_or_sale_date,observed_reference_fields_plus_unavailable_requested_fields
10709,1845,20년 SM6(휘),2024-10-30 06:22:51.796576,,2024-10-30 06:22:51,,unavailable,,unavailable,,unavailable,,unavailable,,unavailable_no_verified_acquisition_or_sale_date,observed_reference_fields_plus_unavailable_requested_fields
10710,2055,아반떼MD[LPG],2024-10-30 06:22:51.796576,,2024-10-30 06:22:51,,unavailable,,unavailable,,unavailable,,unavailable,,unavailable_no_verified_acquisition_or_sale_date,observed_reference_fields_plus_unavailable_requested_fields
10711,2055,아반떼MD[LPG],2024-10-30 06:22:51.796576,,2024-10-30 06:22:51,,unavailable,,unavailable,,unavailable,,unavailable,,unavailable_no_verified_acquisition_or_sale_date,observed_reference_fields_plus_unavailable_requested_fields
10712,2055,아반떼MD[LPG],2024-10-30 06:22:51.796576,,2024-10-30 06:22:51,,unavailable,,unavailable,,unavailable,,unavailable,,unavailable_no_verified_acquisition_or_sale_date,observed_reference_fields_plus_unavailable_requested_fields
10713,2055,아반떼MD[LPG],2024-10-30 06:22:51.796576,,2024-10-30 06:22:51,,unavailable,,unavailable,,unavailable,,unavailable,,unavailable_no_verified_acquisition_or_sale_date,observed_reference_fields_plus_unavailable_requested_fields
10714,2055,아반떼MD[LPG],2024-10-30 06:22:51.796576,,2024-10-30 06:22:51,,unavailable,,unavailable,,unavailable,,unavailable,,unavailable_no_verified_acquisition_or_sale_date,observed_reference_fields_plus_unavailable_requested_fields
10715,1868,20년 더 뉴 그랜저(휘),2024-10-30 06:22:51.796576,,2024-10-30 06:22:51,,unavailable,,unavailable,,unavailable,,unavailable,,unavailable_no_verified_acquisition_or_sale_date,observed_reference_fields_plus_unavailable_requested_fields
10716,2055,아반떼MD[LPG],2024-10-30 06:22:51.796576,,2024-10-30 06:22:51,,unavailable,,unavailable,,unavailable,,unavailable,,unavailable_no_verified_acquisition_or_sale_date,observed_reference_fields_plus_unavailable_requested_fields
10717,2055,아반떼MD[LPG],2024-10-30 06:22:51.796576,,2024-10-30 06:22:51,,unavailable,,unavailable,,unavailable,,unavailable,,unavailable_no_verified_acquisition_or_sale_date,observed_reference_fields_plus_unavailable_requested_fields
10718,2055,아반떼MD[LPG],2024-10-30 06:22:51.796576,,2024-10-30 06:22:51,,unavailable,,unavailable,,unavailable,,unavailable,,unavailable_no_verified_acquisition_or_sale_date,observed_reference_fields_plus_unavailable_requested_fields
10719,2055,아반떼MD[LPG],2024-10-30 06:22:51.796576,,2024-10-30 06:22:51,,unavailable,,unavailable,,unavailable,,unavailable,,unavailable_no_verified_acquisition_or_sale_date,observed_reference_fields_plus_unavailable_requested_fields
10720,2055,아반떼MD[LPG],2024-10-30 06:22:51.796576,,2024-10-30 06:22:51,,unavailable,,unavailable,,unavailable,,unavailable,,unavailable_no_verified_acquisition_or_sale_date,observed_reference_fields_plus_unavailable_requested_fields
10721,2057,엑센트[휘],2024-10-30 06:22:51.796576,,2024-10-30 06:22:51,,unavailable,,unavailable,,unavailable,,unavailable,,unavailable_no_verified_acquisition_or_sale_date,observed_reference_fields_plus_unavailable_requested_fields
10722,2057,엑센트[휘],2024-10-30 06:22:51.796576,,2024-10-30 06:22:51,,unavailable,,unavailable,,unavailable,,unavailable,,unavailable_no_verified_acquisition_or_sale_date,observed_reference_fields_plus_unavailable_requested_fields
10723,2057,엑센트[휘],2024-10-30 06:22:51.796576,,2024-10-30 06:22:51,,unavailable,,unavailable,,unavailable,,unavailable,,unavailable_no_verified_acquisition_or_sale_date,observed_reference_fields_plus_unavailable_requested_fields
10724,2057,엑센트[휘],2024-10-30 06:22:51.796576,,2024-10-30 06:22:51,,unavailable,,unavailable,,unavailable,,unavailable,,unavailable_no_verified_acquisition_or_sale_date,observed_reference_fields_plus_unavailable_requested_fields
10725,2057,엑센트[휘],2024-10-30 06:22:51.796576,,2024-10-30 06:22:51,,unavailable,,unavailable,,unavailable,,unavailable,,unavailable_no_verified_acquisition_or_sale_date,observed_reference_fields_plus_unavailable_requested_fields
10726,2072,뉴싼타페DM7인[경유],2024-10-30 06:22:51.796576,,2024-10-30 06:22:51,,unavailable,,unavailable,,unavailable,,unavailable,,unavailable_no_verified_acquisition_or_sale_date,observed_reference_fields_plus_unavailable_requested_fields
10727,2072,뉴싼타페DM7인[경유],2024-10-30 06:22:51.796576,,2024-10-30 06:22:51,,unavailable,,unavailable,,unavailable,,unavailable,,unavailable_no_verified_acquisition_or_sale_date,observed_reference_fields_plus_unavailable_requested_fields
10728,2072,뉴싼타페DM7인[경유],2024-10-30 06:22:51.796576,,2024-10-30 06:22:51,,unavailable,,unavailable,,unavailable,,unavailable,,unavailable_no_verified_acquisition_or_sale_date,observed_reference_fields_plus_unavailable_requested_fields
10729,2052,뉴K5[LPG],2024-10-30 06:22:51.796576,,2024-10-30 06:22:51,,unavailable,,unavailable,,unavailable,,unavailable,,unavailable_no_verified_acquisition_or_sale_date,observed_reference_fields_plus_unavailable_requested_fields
10730,2093,매각[뉴K5],2024-10-30 06:22:51.796576,,2024-10-30 06:22:51,,unavailable,,unavailable,,unavailable,,unavailable,,unavailable_no_verified_acquisition_or_sale_date,observed_reference_fields_plus_unavailable_requested_fields
10731,1851,19년 엑센트(휘),2024-10-30 06:22:51.796576,,2024-10-30 06:22:51,,unavailable,,unavailable,,unavailable,,unavailable,,unavailable_no_verified_acquisition_or_sale_date,observed_reference_fields_plus_unavailable_requested_fields
10732,2052,뉴K5[LPG],2024-10-30 06:22:51.796576,,2024-10-30 06:22:51,,unavailable,,unavailable,,unavailable,,unavailable,,unavailable_no_verified_acquisition_or_sale_date,observed_reference_fields_plus_unavailable_requested_fields
10733,2093,매각[뉴K5],2024-10-30 06:22:51.796576,,2024-10-30 06:22:51,,unavailable,,unavailable,,unavailable,,unavailable,,unavailable_no_verified_acquisition_or_sale_date,observed_reference_fields_plus_unavailable_requested_fields
10734,1851,19년 엑센트(휘),2024-10-30 06:22:51.796576,,2024-10-30 06:22:51,,unavailable,,unavailable,,unavailable,,unavailable,,unavailable_no_verified_acquisition_or_sale_date,observed_reference_fields_plus_unavailable_requested_fields
10735,2052,뉴K5[LPG],2024-10-30 06:22:51.796576,,2024-10-30 06:22:51,,unavailable,,unavailable,,unavailable,,unavailable,,unavailable_no_verified_acquisition_or_sale_date,observed_reference_fields_plus_unavailable_requested_fields
10736,2093,매각[뉴K5],2024-10-30 06:22:51.796576,,2024-10-30 06:22:51,,unavailable,,unavailable,,unavailable,,unavailable,,unavailable_no_verified_acquisition_or_sale_date,observed_reference_fields_plus_unavailable_requested_fields
10737,1865,19년 더뉴 아반떼(휘),2024-10-30 06:22:51.796576,,2024-10-30 06:22:51,,unavailable,,unavailable,,unavailable,,unavailable,,unavailable_no_verified_acquisition_or_sale_date,observed_reference_fields_plus_unavailable_requested_fields
10738,2052,뉴K5[LPG],2024-10-30 06:22:51.796576,,2024-10-30 06:22:51,,unavailable,,unavailable,,unavailable,,unavailable,,unavailable_no_verified_acquisition_or_sale_date,observed_reference_fields_plus_unavailable_requested_fields
10739,2093,매각[뉴K5],2024-10-30 06:22:51.796576,,2024-10-30 06:22:51,,unavailable,,unavailable,,unavailable,,unavailable,,unavailable_no_verified_acquisition_or_sale_date,observed_reference_fields_plus_unavailable_requested_fields
10740,1865,19년 더뉴 아반떼(휘),2024-10-30 06:22:51.796576,,2024-10-30 06:22:51,,unavailable,,unavailable,,unavailable,,unavailable,,unavailable_no_verified_acquisition_or_sale_date,observed_reference_fields_plus_unavailable_requested_fields
10741,2052,뉴K5[LPG],2024-10-30 06:22:51.796576,,2024-10-30 06:22:51,,unavailable,,unavailable,,unavailable,,unavailable,,unavailable_no_verified_acquisition_or_sale_date,observed_reference_fields_plus_unavailable_requested_fields
10742,2093,매각[뉴K5],2024-10-30 06:22:51.796576,,2024-10-30 06:22:51,,unavailable,,unavailable,,unavailable,,unavailable,,unavailable_no_verified_acquisition_or_sale_date,observed_reference_fields_plus_unavailable_requested_fields
10743,1865,19년 더뉴 아반떼(휘),2024-10-30 06:22:51.796576,,2024-10-30 06:22:51,,unavailable,,unavailable,,unavailable,,unavailable,,unavailable_no_verified_acquisition_or_sale_date,observed_reference_fields_plus_unavailable_requested_fields
10744,2052,뉴K5[LPG],2024-10-30 06:22:51.796576,,2024-10-30 06:22:51,,unavailable,,unavailable,,unavailable,,unavailable,,unavailable_no_verified_acquisition_or_sale_date,observed_reference_fields_plus_unavailable_requested_fields
10745,2093,매각[뉴K5],2024-10-30 06:22:51.796576,,2024-10-30 06:22:51,,unavailable,,unavailable,,unavailable,,unavailable,,unavailable_no_verified_acquisition_or_sale_date,observed_reference_fields_plus_unavailable_requested_fields
10746,2052,뉴K5[LPG],2024-10-30 06:22:51.796576,,2024-10-30 06:22:51,,unavailable,,unavailable,,unavailable,,unavailable,,unavailable_no_verified_acquisition_or_sale_date,observed_reference_fields_plus_unavailable_requested_fields
10747,2093,매각[뉴K5],2024-10-30 06:22:51.796576,,2024-10-30 06:22:51,,unavailable,,unavailable,,unavailable,,unavailable,,unavailable_no_verified_acquisition_or_sale_date,observed_reference_fields_plus_unavailable_requested_fields
10748,2052,뉴K5[LPG],2024-10-30 06:22:51.796576,,2024-10-30 06:22:51,,unavailable,,unavailable,,unavailable,,unavailable,,unavailable_no_verified_acquisition_or_sale_date,observed_reference_fields_plus_unavailable_requested_fields
10749,2093,매각[뉴K5],2024-10-30 06:22:51.796576,,2024-10-30 06:22:51,,unavailable,,unavailable,,unavailable,,unavailable,,unavailable_no_verified_acquisition_or_sale_date,observed_reference_fields_plus_unavailable_requested_fields
10750,2052,뉴K5[LPG],2024-10-30 06:22:51.796576,,2024-10-30 06:22:51,,unavailable,,unavailable,,unavailable,,unavailable,,unavailable_no_verified_acquisition_or_sale_date,observed_reference_fields_plus_unavailable_requested_fields
10751,2093,매각[뉴K5],2024-10-30 06:22:51.796576,,2024-10-30 06:22:51,,unavailable,,unavailable,,unavailable,,unavailable,,unavailable_no_verified_acquisition_or_sale_date,observed_reference_fields_plus_unavailable_requested_fields
10752,2052,뉴K5[LPG],2024-10-30 06:22:51.796576,,2024-10-30 06:22:51,,unavailable,,unavailable,,unavailable,,unavailable,,unavailable_no_verified_acquisition_or_sale_date,observed_reference_fields_plus_unavailable_requested_fields
10753,2093,매각[뉴K5],2024-10-30 06:22:51.796576,,2024-10-30 06:22:51,,unavailable,,unavailable,,unavailable,,unavailable,,unavailable_no_verified_acquisition_or_sale_date,observed_reference_fields_plus_unavailable_requested_fields
10754,2052,뉴K5[LPG],2024-10-30 06:22:51.796576,,2024-10-30 06:22:51,,unavailable,,unavailable,,unavailable,,unavailable,,unavailable_no_verified_acquisition_or_sale_date,observed_reference_fields_plus_unavailable_requested_fields
10755,2052,뉴K5[LPG],2024-10-30 06:22:51.796576,,2024-10-30 06:22:51,,unavailable,,unavailable,,unavailable,,unavailable,,unavailable_no_verified_acquisition_or_sale_date,observed_reference_fields_plus_unavailable_requested_fields
10756,2052,뉴K5[LPG],2024-10-30 06:22:51.796576,,2024-10-30 06:22:51,,unavailable,,unavailable,,unavailable,,unavailable,,unavailable_no_verified_acquisition_or_sale_date,observed_reference_fields_plus_unavailable_requested_fields
10757,2052,뉴K5[LPG],2024-10-30 06:22:51.796576,,2024-10-30 06:22:51,,unavailable,,unavailable,,unavailable,,unavailable,,unavailable_no_verified_acquisition_or_sale_date,observed_reference_fields_plus_unavailable_requested_fields
10758,2052,뉴K5[LPG],2024-10-30 06:22:51.796576,,2024-10-30 06:22:51,,unavailable,,unavailable,,unavailable,,unavailable,,unavailable_no_verified_acquisition_or_sale_date,observed_reference_fields_plus_unavailable_requested_fields
10759,2052,뉴K5[LPG],2024-10-30 06:22:51.796576,,2024-10-30 06:22:51,,unavailable,,unavailable,,unavailable,,unavailable,,unavailable_no_verified_acquisition_or_sale_date,observed_reference_fields_plus_unavailable_requested_fields
10760,2052,뉴K5[LPG],2024-10-30 06:22:51.796576,,2024-10-30 06:22:51,,unavailable,,unavailable,,unavailable,,unavailable,,unavailable_no_verified_acquisition_or_sale_date,observed_reference_fields_plus_unavailable_requested_fields
10761,2052,뉴K5[LPG],2024-10-30 06:22:51.796576,,2024-10-30 06:22:51,,unavailable,,unavailable,,unavailable,,unavailable,,unavailable_no_verified_acquisition_or_sale_date,observed_reference_fields_plus_unavailable_requested_fields
10762,2052,뉴K5[LPG],2024-10-30 06:22:51.796576,,2024-10-30 06:22:51,,unavailable,,unavailable,,unavailable,,unavailable,,unavailable_no_verified_acquisition_or_sale_date,observed_reference_fields_plus_unavailable_requested_fields
10763,2052,뉴K5[LPG],2024-10-30 06:22:51.796576,,2024-10-30 06:22:51,,unavailable,,unavailable,,unavailable,,unavailable,,unavailable_no_verified_acquisition_or_sale_date,observed_reference_fields_plus_unavailable_requested_fields
10764,2051,K3[휘],2024-10-30 06:22:51.796576,,2024-10-30 06:22:51,,unavailable,,unavailable,,unavailable,,unavailable,,unavailable_no_verified_acquisition_or_sale_date,observed_reference_fields_plus_unavailable_requested_fields
10765,2084,2019 QM6 5인(4WD/썬루프)[경유],2024-10-30 06:22:51.796576,,2024-10-30 06:22:51,,unavailable,,unavailable,,unavailable,,unavailable,,unavailable_no_verified_acquisition_or_sale_date,observed_reference_fields_plus_unavailable_requested_fields
10766,2051,K3[휘],2024-10-30 06:22:51.796576,,2024-10-30 06:22:51,,unavailable,,unavailable,,unavailable,,unavailable,,unavailable_no_verified_acquisition_or_sale_date,observed_reference_fields_plus_unavailable_requested_fields
10767,2084,2019 QM6 5인(4WD/썬루프)[경유],2024-10-30 06:22:51.796576,,2024-10-30 06:22:51,,unavailable,,unavailable,,unavailable,,unavailable,,unavailable_no_verified_acquisition_or_sale_date,observed_reference_fields_plus_unavailable_requested_fields
10768,2051,K3[휘],2024-10-30 06:22:51.796576,,2024-10-30 06:22:51,,unavailable,,unavailable,,unavailable,,unavailable,,unavailable_no_verified_acquisition_or_sale_date,observed_reference_fields_plus_unavailable_requested_fields
10769,2084,2019 QM6 5인(4WD/썬루프)[경유],2024-10-30 06:22:51.796576,,2024-10-30 06:22:51,,unavailable,,unavailable,,unavailable,,unavailable,,unavailable_no_verified_acquisition_or_sale_date,observed_reference_fields_plus_unavailable_requested_fields
10770,2051,K3[휘],2024-10-30 06:22:51.796576,,2024-10-30 06:22:51,,unavailable,,unavailable,,unavailable,,unavailable,,unavailable_no_verified_acquisition_or_sale_date,observed_reference_fields_plus_unavailable_requested_fields
10771,1979,17~19년 그랜져IG[LPG],2024-10-30 06:22:51.796576,,2024-10-30 06:22:51,,unavailable,,unavailable,,unavailable,,unavailable,,unavailable_no_verified_acquisition_or_sale_date,observed_reference_fields_plus_unavailable_requested_fields
10772,2051,K3[휘],2024-10-30 06:22:51.796576,,2024-10-30 06:22:51,,unavailable,,unavailable,,unavailable,,unavailable,,unavailable_no_verified_acquisition_or_sale_date,observed_reference_fields_plus_unavailable_requested_fields
10773,1979,17~19년 그랜져IG[LPG],2024-10-30 06:22:51.796576,,2024-10-30 06:22:51,,unavailable,,unavailable,,unavailable,,unavailable,,unavailable_no_verified_acquisition_or_sale_date,observed_reference_fields_plus_unavailable_requested_fields
10774,2051,K3[휘],2024-10-30 06:22:51.796576,,2024-10-30 06:22:51,,unavailable,,unavailable,,unavailable,,unavailable,,unavailable_no_verified_acquisition_or_sale_date,observed_reference_fields_plus_unavailable_requested_fields
10775,2097,2019그랜드스타렉스하이리무진6인[경유],2024-10-30 06:22:51.796576,,2024-10-30 06:22:51,,unavailable,,unavailable,,unavailable,,unavailable,,unavailable_no_verified_acquisition_or_sale_date,observed_reference_fields_plus_unavailable_requested_fields
10776,2051,K3[휘],2024-10-30 06:22:51.796576,,2024-10-30 06:22:51,,unavailable,,unavailable,,unavailable,,unavailable,,unavailable_no_verified_acquisition_or_sale_date,observed_reference_fields_plus_unavailable_requested_fields
10777,2051,K3[휘],2024-10-30 06:22:51.796576,,2024-10-30 06:22:51,,unavailable,,unavailable,,unavailable,,unavailable,,unavailable_no_verified_acquisition_or_sale_date,observed_reference_fields_plus_unavailable_requested_fields
10778,2051,K3[휘],2024-10-30 06:22:51.796576,,2024-10-30 06:22:51,,unavailable,,unavailable,,unavailable,,unavailable,,unavailable_no_verified_acquisition_or_sale_date,observed_reference_fields_plus_unavailable_requested_fields
10779,2051,K3[휘],2024-10-30 06:22:51.796576,,2024-10-30 06:22:51,,unavailable,,unavailable,,unavailable,,unavailable,,unavailable_no_verified_acquisition_or_sale_date,observed_reference_fields_plus_unavailable_requested_fields
10780,2074,레이[휘],2024-10-30 06:22:51.796576,,2024-10-30 06:22:51,,unavailable,,unavailable,,unavailable,,unavailable,,unavailable_no_verified_acquisition_or_sale_date,observed_reference_fields_plus_unavailable_requested_fields
10781,2074,레이[휘],2024-10-30 06:22:51.796576,,2024-10-30 06:22:51,,unavailable,,unavailable,,unavailable,,unavailable,,unavailable_no_verified_acquisition_or_sale_date,observed_reference_fields_plus_unavailable_requested_fields
10782,2074,레이[휘],2024-10-30 06:22:51.796576,,2024-10-30 06:22:51,,unavailable,,unavailable,,unavailable,,unavailable,,unavailable_no_verified_acquisition_or_sale_date,observed_reference_fields_plus_unavailable_requested_fields
10783,2074,레이[휘],2024-10-30 06:22:51.796576,,2024-10-30 06:22:51,,unavailable,,unavailable,,unavailable,,unavailable,,unavailable_no_verified_acquisition_or_sale_date,observed_reference_fields_plus_unavailable_requested_fields
10784,1986,2019 더뉴K5[LPG],2024-10-30 06:22:51.796576,,2024-10-30 06:22:51,,unavailable,,unavailable,,unavailable,,unavailable,,unavailable_no_verified_acquisition_or_sale_date,observed_reference_fields_plus_unavailable_requested_fields
10785,2050,올뉴모닝[휘],2024-10-30 06:22:51.796576,,2024-10-30 06:22:51,,unavailable,,unavailable,,unavailable,,unavailable,,unavailable_no_verified_acquisition_or_sale_date,observed_reference_fields_plus_unavailable_requested_fields
10786,1986,2019 더뉴K5[LPG],2024-10-30 06:22:51.796576,,2024-10-30 06:22:51,,unavailable,,unavailable,,unavailable,,unavailable,,unavailable_no_verified_acquisition_or_sale_date,observed_reference_fields_plus_unavailable_requested_fields
10787,2050,올뉴모닝[휘],2024-10-30 06:22:51.796576,,2024-10-30 06:22:51,,unavailable,,unavailable,,unavailable,,unavailable,,unavailable_no_verified_acquisition_or_sale_date,observed_reference_fields_plus_unavailable_requested_fields
10788,1986,2019 더뉴K5[LPG],2024-10-30 06:22:51.796576,,2024-10-30 06:22:51,,unavailable,,unavailable,,unavailable,,unavailable,,unavailable_no_verified_acquisition_or_sale_date,observed_reference_fields_plus_unavailable_requested_fields
10789,2050,올뉴모닝[휘],2024-10-30 06:22:51.796576,,2024-10-30 06:22:51,,unavailable,,unavailable,,unavailable,,unavailable,,unavailable_no_verified_acquisition_or_sale_date,observed_reference_fields_plus_unavailable_requested_fields
10790,1857,19년 쏘울 부스터(휘),2024-10-30 06:22:51.796576,,2024-10-30 06:22:51,,unavailable,,unavailable,,unavailable,,unavailable,,unavailable_no_verified_acquisition_or_sale_date,observed_reference_fields_plus_unavailable_requested_fields
10791,2050,올뉴모닝[휘],2024-10-30 06:22:51.796576,,2024-10-30 06:22:51,,unavailable,,unavailable,,unavailable,,unavailable,,unavailable_no_verified_acquisition_or_sale_date,observed_reference_fields_plus_unavailable_requested_fields
10792,1857,19년 쏘울 부스터(휘),2024-10-30 06:22:51.796576,,2024-10-30 06:22:51,,unavailable,,unavailable,,unavailable,,unavailable,,unavailable_no_verified_acquisition_or_sale_date,observed_reference_fields_plus_unavailable_requested_fields
10793,2050,올뉴모닝[휘],2024-10-30 06:22:51.796576,,2024-10-30 06:22:51,,unavailable,,unavailable,,unavailable,,unavailable,,unavailable_no_verified_acquisition_or_sale_date,observed_reference_fields_plus_unavailable_requested_fields
10794,1857,19년 쏘울 부스터(휘),2024-10-30 06:22:51.796576,,2024-10-30 06:22:51,,unavailable,,unavailable,,unavailable,,unavailable,,unavailable_no_verified_acquisition_or_sale_date,observed_reference_fields_plus_unavailable_requested_fields
10795,2050,올뉴모닝[휘],2024-10-30 06:22:51.796576,,2024-10-30 06:22:51,,unavailable,,unavailable,,unavailable,,unavailable,,unavailable_no_verified_acquisition_or_sale_date,observed_reference_fields_plus_unavailable_requested_fields
10796,2074,레이[휘],2024-10-30 06:22:51.796576,,2024-10-30 06:22:51,,unavailable,,unavailable,,unavailable,,unavailable,,unavailable_no_verified_acquisition_or_sale_date,observed_reference_fields_plus_unavailable_requested_fields
10797,2078,뉴SM3 네오[휘],2024-10-30 06:22:51.796576,,2024-10-30 06:22:51,,unavailable,,unavailable,,unavailable,,unavailable,,unavailable_no_verified_acquisition_or_sale_date,observed_reference_fields_plus_unavailable_requested_fields
10798,1845,20년 SM6(휘),2024-10-30 06:22:51.796576,,2024-10-30 06:22:51,,unavailable,,unavailable,,unavailable,,unavailable,,unavailable_no_verified_acquisition_or_sale_date,observed_reference_fields_plus_unavailable_requested_fields
10799,2078,뉴SM3 네오[휘],2024-10-30 06:22:51.796576,,2024-10-30 06:22:51,,unavailable,,unavailable,,unavailable,,unavailable,,unavailable_no_verified_acquisition_or_sale_date,observed_reference_fields_plus_unavailable_requested_fields
10800,1873,20년 K5(LPG),2024-10-30 06:22:51.796576,,2024-10-30 06:22:51,,unavailable,,unavailable,,unavailable,,unavailable,,unavailable_no_verified_acquisition_or_sale_date,observed_reference_fields_plus_unavailable_requested_fields
10801,2070,스파크[휘],2024-10-30 06:22:51.796576,,2024-10-30 06:22:51,,unavailable,,unavailable,,unavailable,,unavailable,,unavailable_no_verified_acquisition_or_sale_date,observed_reference_fields_plus_unavailable_requested_fields
10802,1873,20년 K5(LPG),2024-10-30 06:22:51.796576,,2024-10-30 06:22:51,,unavailable,,unavailable,,unavailable,,unavailable,,unavailable_no_verified_acquisition_or_sale_date,observed_reference_fields_plus_unavailable_requested_fields
10803,2070,스파크[휘],2024-10-30 06:22:51.796576,,2024-10-30 06:22:51,,unavailable,,unavailable,,unavailable,,unavailable,,unavailable_no_verified_acquisition_or_sale_date,observed_reference_fields_plus_unavailable_requested_fields
10804,1873,20년 K5(LPG),2024-10-30 06:22:51.796576,,2024-10-30 06:22:51,,unavailable,,unavailable,,unavailable,,unavailable,,unavailable_no_verified_acquisition_or_sale_date,observed_reference_fields_plus_unavailable_requested_fields
10805,2070,스파크[휘],2024-10-30 06:22:51.796576,,2024-10-30 06:22:51,,unavailable,,unavailable,,unavailable,,unavailable,,unavailable_no_verified_acquisition_or_sale_date,observed_reference_fields_plus_unavailable_requested_fields
10806,1873,20년 K5(LPG),2024-10-30 06:22:51.796576,,2024-10-30 06:22:51,,unavailable,,unavailable,,unavailable,,unavailable,,unavailable_no_verified_acquisition_or_sale_date,observed_reference_fields_plus_unavailable_requested_fields
10807,2070,스파크[휘],2024-10-30 06:22:51.796576,,2024-10-30 06:22:51,,unavailable,,unavailable,,unavailable,,unavailable,,unavailable_no_verified_acquisition_or_sale_date,observed_reference_fields_plus_unavailable_requested_fields
10808,1873,20년 K5(LPG),2024-10-30 06:22:51.796576,,2024-10-30 06:22:51,,unavailable,,unavailable,,unavailable,,unavailable,,unavailable_no_verified_acquisition_or_sale_date,observed_reference_fields_plus_unavailable_requested_fields
10809,2070,스파크[휘],2024-10-30 06:22:51.796576,,2024-10-30 06:22:51,,unavailable,,unavailable,,unavailable,,unavailable,,unavailable_no_verified_acquisition_or_sale_date,observed_reference_fields_plus_unavailable_requested_fields
10810,2058,올란도7인[경유],2024-10-30 06:22:51.796576,,2024-10-30 06:22:51,,unavailable,,unavailable,,unavailable,,unavailable,,unavailable_no_verified_acquisition_or_sale_date,observed_reference_fields_plus_unavailable_requested_fields
10811,2058,올란도7인[경유],2024-10-30 06:22:51.796576,,2024-10-30 06:22:51,,unavailable,,unavailable,,unavailable,,unavailable,,unavailable_no_verified_acquisition_or_sale_date,observed_reference_fields_plus_unavailable_requested_fields
10812,2058,올란도7인[경유],2024-10-30 06:22:51.796576,,2024-10-30 06:22:51,,unavailable,,unavailable,,unavailable,,unavailable,,unavailable_no_verified_acquisition_or_sale_date,observed_reference_fields_plus_unavailable_requested_fields
10813,2054,코란도투리스모9인[경유],2024-10-30 06:22:51.796576,,2024-10-30 06:22:51,,unavailable,,unavailable,,unavailable,,unavailable,,unavailable_no_verified_acquisition_or_sale_date,observed_reference_fields_plus_unavailable_requested_fields
10814,2054,코란도투리스모9인[경유],2024-10-30 06:22:51.796576,,2024-10-30 06:22:51,,unavailable,,unavailable,,unavailable,,unavailable,,unavailable_no_verified_acquisition_or_sale_date,observed_reference_fields_plus_unavailable_requested_fields
10815,2054,코란도투리스모9인[경유],2024-10-30 06:22:51.796576,,2024-10-30 06:22:51,,unavailable,,unavailable,,unavailable,,unavailable,,unavailable_no_verified_acquisition_or_sale_date,observed_reference_fields_plus_unavailable_requested_fields
10816,2054,코란도투리스모9인[경유],2024-10-30 06:22:51.796576,,2024-10-30 06:22:51,,unavailable,,unavailable,,unavailable,,unavailable,,unavailable_no_verified_acquisition_or_sale_date,observed_reference_fields_plus_unavailable_requested_fields
10817,2054,코란도투리스모9인[경유],2024-10-30 06:22:51.796576,,2024-10-30 06:22:51,,unavailable,,unavailable,,unavailable,,unavailable,,unavailable_no_verified_acquisition_or_sale_date,observed_reference_fields_plus_unavailable_requested_fields
10818,2053,그랜져HG2.4[휘],2024-10-30 06:22:51.796576,,2024-10-30 06:22:51,,unavailable,,unavailable,,unavailable,,unavailable,,unavailable_no_verified_acquisition_or_sale_date,observed_reference_fields_plus_unavailable_requested_fields
10819,2053,그랜져HG2.4[휘],2024-10-30 06:22:51.796576,,2024-10-30 06:22:51,,unavailable,,unavailable,,unavailable,,unavailable,,unavailable_no_verified_acquisition_or_sale_date,observed_reference_fields_plus_unavailable_requested_fields
10820,2053,그랜져HG2.4[휘],2024-10-30 06:22:51.796576,,2024-10-30 06:22:51,,unavailable,,unavailable,,unavailable,,unavailable,,unavailable_no_verified_acquisition_or_sale_date,observed_reference_fields_plus_unavailable_requested_fields
10821,2050,올뉴모닝[휘],2024-10-30 06:22:51.796576,,2024-10-30 06:22:51,,unavailable,,unavailable,,unavailable,,unavailable,,unavailable_no_verified_acquisition_or_sale_date,observed_reference_fields_plus_unavailable_requested_fields
10822,2050,올뉴모닝[휘],2024-10-30 06:22:51.796576,,2024-10-30 06:22:51,,unavailable,,unavailable,,unavailable,,unavailable,,unavailable_no_verified_acquisition_or_sale_date,observed_reference_fields_plus_unavailable_requested_fields
10823,2050,올뉴모닝[휘],2024-10-30 06:22:51.796576,,2024-10-30 06:22:51,,unavailable,,unavailable,,unavailable,,unavailable,,unavailable_no_verified_acquisition_or_sale_date,observed_reference_fields_plus_unavailable_requested_fields
10824,2050,올뉴모닝[휘],2024-10-30 06:22:51.796576,,2024-10-30 06:22:51,,unavailable,,unavailable,,unavailable,,unavailable,,unavailable_no_verified_acquisition_or_sale_date,observed_reference_fields_plus_unavailable_requested_fields
10825,2050,올뉴모닝[휘],2024-10-30 06:22:51.796576,,2024-10-30 06:22:51,,unavailable,,unavailable,,unavailable,,unavailable,,unavailable_no_verified_acquisition_or_sale_date,observed_reference_fields_plus_unavailable_requested_fields
10826,2050,올뉴모닝[휘],2024-10-30 06:22:51.796576,,2024-10-30 06:22:51,,unavailable,,unavailable,,unavailable,,unavailable,,unavailable_no_verified_acquisition_or_sale_date,observed_reference_fields_plus_unavailable_requested_fields
10827,1988,19년 뉴SM3 ZE[전기],2024-10-30 06:22:51.796576,,2024-10-30 06:22:51,,unavailable,,unavailable,,unavailable,,unavailable,,unavailable_no_verified_acquisition_or_sale_date,observed_reference_fields_plus_unavailable_requested_fields
10828,2074,레이[휘],2024-10-30 06:22:51.796576,,2024-10-30 06:22:51,,unavailable,,unavailable,,unavailable,,unavailable,,unavailable_no_verified_acquisition_or_sale_date,observed_reference_fields_plus_unavailable_requested_fields
10829,2087,매각[레이],2024-10-30 06:22:51.796576,,2024-10-30 06:22:51,,unavailable,,unavailable,,unavailable,,unavailable,,unavailable_no_verified_acquisition_or_sale_date,observed_reference_fields_plus_unavailable_requested_fields
10830,1988,19년 뉴SM3 ZE[전기],2024-10-30 06:22:51.796576,,2024-10-30 06:22:51,,unavailable,,unavailable,,unavailable,,unavailable,,unavailable_no_verified_acquisition_or_sale_date,observed_reference_fields_plus_unavailable_requested_fields
10831,2074,레이[휘],2024-10-30 06:22:51.796576,,2024-10-30 06:22:51,,unavailable,,unavailable,,unavailable,,unavailable,,unavailable_no_verified_acquisition_or_sale_date,observed_reference_fields_plus_unavailable_requested_fields
10832,2087,매각[레이],2024-10-30 06:22:51.796576,,2024-10-30 06:22:51,,unavailable,,unavailable,,unavailable,,unavailable,,unavailable_no_verified_acquisition_or_sale_date,observed_reference_fields_plus_unavailable_requested_fields
10833,1988,19년 뉴SM3 ZE[전기],2024-10-30 06:22:51.796576,,2024-10-30 06:22:51,,unavailable,,unavailable,,unavailable,,unavailable,,unavailable_no_verified_acquisition_or_sale_date,observed_reference_fields_plus_unavailable_requested_fields
10834,2074,레이[휘],2024-10-30 06:22:51.796576,,2024-10-30 06:22:51,,unavailable,,unavailable,,unavailable,,unavailable,,unavailable_no_verified_acquisition_or_sale_date,observed_reference_fields_plus_unavailable_requested_fields
10835,1988,19년 뉴SM3 ZE[전기],2024-10-30 06:22:51.796576,,2024-10-30 06:22:51,,unavailable,,unavailable,,unavailable,,unavailable,,unavailable_no_verified_acquisition_or_sale_date,observed_reference_fields_plus_unavailable_requested_fields
10836,2074,레이[휘],2024-10-30 06:22:51.796576,,2024-10-30 06:22:51,,unavailable,,unavailable,,unavailable,,unavailable,,unavailable_no_verified_acquisition_or_sale_date,observed_reference_fields_plus_unavailable_requested_fields
10837,1988,19년 뉴SM3 ZE[전기],2024-10-30 06:22:51.796576,,2024-10-30 06:22:51,,unavailable,,unavailable,,unavailable,,unavailable,,unavailable_no_verified_acquisition_or_sale_date,observed_reference_fields_plus_unavailable_requested_fields
10838,2074,레이[휘],2024-10-30 06:22:51.796576,,2024-10-30 06:22:51,,unavailable,,unavailable,,unavailable,,unavailable,,unavailable_no_verified_acquisition_or_sale_date,observed_reference_fields_plus_unavailable_requested_fields
10839,1988,19년 뉴SM3 ZE[전기],2024-10-30 06:22:51.796576,,2024-10-30 06:22:51,,unavailable,,unavailable,,unavailable,,unavailable,,unavailable_no_verified_acquisition_or_sale_date,observed_reference_fields_plus_unavailable_requested_fields
10840,2074,레이[휘],2024-10-30 06:22:51.796576,,2024-10-30 06:22:51,,unavailable,,unavailable,,unavailable,,unavailable,,unavailable_no_verified_acquisition_or_sale_date,observed_reference_fields_plus_unavailable_requested_fields
10841,2057,엑센트[휘],2024-10-30 06:22:51.796576,,2024-10-30 06:22:51,,unavailable,,unavailable,,unavailable,,unavailable,,unavailable_no_verified_acquisition_or_sale_date,observed_reference_fields_plus_unavailable_requested_fields
10842,1851,19년 엑센트(휘),2024-10-30 06:22:51.796576,,2024-10-30 06:22:51,,unavailable,,unavailable,,unavailable,,unavailable,,unavailable_no_verified_acquisition_or_sale_date,observed_reference_fields_plus_unavailable_requested_fields
10843,1851,19년 엑센트(휘),2024-10-30 06:22:51.796576,,2024-10-30 06:22:51,,unavailable,,unavailable,,unavailable,,unavailable,,unavailable_no_verified_acquisition_or_sale_date,observed_reference_fields_plus_unavailable_requested_fields
10844,1851,19년 엑센트(휘),2024-10-30 06:22:51.796576,,2024-10-30 06:22:51,,unavailable,,unavailable,,unavailable,,unavailable,,unavailable_no_verified_acquisition_or_sale_date,observed_reference_fields_plus_unavailable_requested_fields
10845,2057,엑센트[휘],2024-10-30 06:22:51.796576,,2024-10-30 06:22:51,,unavailable,,unavailable,,unavailable,,unavailable,,unavailable_no_verified_acquisition_or_sale_date,observed_reference_fields_plus_unavailable_requested_fields
10846,1851,19년 엑센트(휘),2024-10-30 06:22:51.796576,,2024-10-30 06:22:51,,unavailable,,unavailable,,unavailable,,unavailable,,unavailable_no_verified_acquisition_or_sale_date,observed_reference_fields_plus_unavailable_requested_fields
10847,1988,19년 뉴SM3 ZE[전기],2024-10-30 06:22:51.796576,,2024-10-30 06:22:51,,unavailable,,unavailable,,unavailable,,unavailable,,unavailable_no_verified_acquisition_or_sale_date,observed_reference_fields_plus_unavailable_requested_fields
10848,2057,엑센트[휘],2024-10-30 06:22:51.796576,,2024-10-30 06:22:51,,unavailable,,unavailable,,unavailable,,unavailable,,unavailable_no_verified_acquisition_or_sale_date,observed_reference_fields_plus_unavailable_requested_fields
10849,2059,아반떼MD[휘],2024-10-30 06:22:51.796576,,2024-10-30 06:22:51,,unavailable,,unavailable,,unavailable,,unavailable,,unavailable_no_verified_acquisition_or_sale_date,observed_reference_fields_plus_unavailable_requested_fields
10850,2059,아반떼MD[휘],2024-10-30 06:22:51.796576,,2024-10-30 06:22:51,,unavailable,,unavailable,,unavailable,,unavailable,,unavailable_no_verified_acquisition_or_sale_date,observed_reference_fields_plus_unavailable_requested_fields
10851,2059,아반떼MD[휘],2024-10-30 06:22:51.796576,,2024-10-30 06:22:51,,unavailable,,unavailable,,unavailable,,unavailable,,unavailable_no_verified_acquisition_or_sale_date,observed_reference_fields_plus_unavailable_requested_fields
10852,2059,아반떼MD[휘],2024-10-30 06:22:51.796576,,2024-10-30 06:22:51,,unavailable,,unavailable,,unavailable,,unavailable,,unavailable_no_verified_acquisition_or_sale_date,observed_reference_fields_plus_unavailable_requested_fields
10853,2059,아반떼MD[휘],2024-10-30 06:22:51.796576,,2024-10-30 06:22:51,,unavailable,,unavailable,,unavailable,,unavailable,,unavailable_no_verified_acquisition_or_sale_date,observed_reference_fields_plus_unavailable_requested_fields
10854,2059,아반떼MD[휘],2024-10-30 06:22:51.796576,,2024-10-30 06:22:51,,unavailable,,unavailable,,unavailable,,unavailable,,unavailable_no_verified_acquisition_or_sale_date,observed_reference_fields_plus_unavailable_requested_fields
10855,2059,아반떼MD[휘],2024-10-30 06:22:51.796576,,2024-10-30 06:22:51,,unavailable,,unavailable,,unavailable,,unavailable,,unavailable_no_verified_acquisition_or_sale_date,observed_reference_fields_plus_unavailable_requested_fields
10856,2059,아반떼MD[휘],2024-10-30 06:22:51.796576,,2024-10-30 06:22:51,,unavailable,,unavailable,,unavailable,,unavailable,,unavailable_no_verified_acquisition_or_sale_date,observed_reference_fields_plus_unavailable_requested_fields
10857,2059,아반떼MD[휘],2024-10-30 06:22:51.796576,,2024-10-30 06:22:51,,unavailable,,unavailable,,unavailable,,unavailable,,unavailable_no_verified_acquisition_or_sale_date,observed_reference_fields_plus_unavailable_requested_fields
10858,2066,장기아반떼,2024-10-30 06:22:51.796576,,2024-10-30 06:22:51,,unavailable,,unavailable,,unavailable,,unavailable,,unavailable_no_verified_acquisition_or_sale_date,observed_reference_fields_plus_unavailable_requested_fields
10859,2059,아반떼MD[휘],2024-10-30 06:22:51.796576,,2024-10-30 06:22:51,,unavailable,,unavailable,,unavailable,,unavailable,,unavailable_no_verified_acquisition_or_sale_date,observed_reference_fields_plus_unavailable_requested_fields
10860,2051,K3[휘],2024-10-30 06:22:51.796576,,2024-10-30 06:22:51,,unavailable,,unavailable,,unavailable,,unavailable,,unavailable_no_verified_acquisition_or_sale_date,observed_reference_fields_plus_unavailable_requested_fields
10861,2051,K3[휘],2024-10-30 06:22:51.796576,,2024-10-30 06:22:51,,unavailable,,unavailable,,unavailable,,unavailable,,unavailable_no_verified_acquisition_or_sale_date,observed_reference_fields_plus_unavailable_requested_fields
10862,2051,K3[휘],2024-10-30 06:22:51.796576,,2024-10-30 06:22:51,,unavailable,,unavailable,,unavailable,,unavailable,,unavailable_no_verified_acquisition_or_sale_date,observed_reference_fields_plus_unavailable_requested_fields
10863,2051,K3[휘],2024-10-30 06:22:51.796576,,2024-10-30 06:22:51,,unavailable,,unavailable,,unavailable,,unavailable,,unavailable_no_verified_acquisition_or_sale_date,observed_reference_fields_plus_unavailable_requested_fields
10864,2051,K3[휘],2024-10-30 06:22:51.796576,,2024-10-30 06:22:51,,unavailable,,unavailable,,unavailable,,unavailable,,unavailable_no_verified_acquisition_or_sale_date,observed_reference_fields_plus_unavailable_requested_fields
10865,2051,K3[휘],2024-10-30 06:22:51.796576,,2024-10-30 06:22:51,,unavailable,,unavailable,,unavailable,,unavailable,,unavailable_no_verified_acquisition_or_sale_date,observed_reference_fields_plus_unavailable_requested_fields
10866,2051,K3[휘],2024-10-30 06:22:51.796576,,2024-10-30 06:22:51,,unavailable,,unavailable,,unavailable,,unavailable,,unavailable_no_verified_acquisition_or_sale_date,observed_reference_fields_plus_unavailable_requested_fields
10867,1988,19년 뉴SM3 ZE[전기],2024-10-30 06:22:51.796576,,2024-10-30 06:22:51,,unavailable,,unavailable,,unavailable,,unavailable,,unavailable_no_verified_acquisition_or_sale_date,observed_reference_fields_plus_unavailable_requested_fields
10868,2051,K3[휘],2024-10-30 06:22:51.796576,,2024-10-30 06:22:51,,unavailable,,unavailable,,unavailable,,unavailable,,unavailable_no_verified_acquisition_or_sale_date,observed_reference_fields_plus_unavailable_requested_fields
10869,2090,매각[K3],2024-10-30 06:22:51.796576,,2024-10-30 06:22:51,,unavailable,,unavailable,,unavailable,,unavailable,,unavailable_no_verified_acquisition_or_sale_date,observed_reference_fields_plus_unavailable_requested_fields
10870,2029,장기 뉴5,2024-10-30 06:22:51.796576,,2024-10-30 06:22:51,,unavailable,,unavailable,,unavailable,,unavailable,,unavailable_no_verified_acquisition_or_sale_date,observed_reference_fields_plus_unavailable_requested_fields
10871,2052,뉴K5[LPG],2024-10-30 06:22:51.796576,,2024-10-30 06:22:51,,unavailable,,unavailable,,unavailable,,unavailable,,unavailable_no_verified_acquisition_or_sale_date,observed_reference_fields_plus_unavailable_requested_fields
10872,2052,뉴K5[LPG],2024-10-30 06:22:51.796576,,2024-10-30 06:22:51,,unavailable,,unavailable,,unavailable,,unavailable,,unavailable_no_verified_acquisition_or_sale_date,observed_reference_fields_plus_unavailable_requested_fields
10873,2093,매각[뉴K5],2024-10-30 06:22:51.796576,,2024-10-30 06:22:51,,unavailable,,unavailable,,unavailable,,unavailable,,unavailable_no_verified_acquisition_or_sale_date,observed_reference_fields_plus_unavailable_requested_fields
10874,2052,뉴K5[LPG],2024-10-30 06:22:51.796576,,2024-10-30 06:22:51,,unavailable,,unavailable,,unavailable,,unavailable,,unavailable_no_verified_acquisition_or_sale_date,observed_reference_fields_plus_unavailable_requested_fields
10875,2093,매각[뉴K5],2024-10-30 06:22:51.796576,,2024-10-30 06:22:51,,unavailable,,unavailable,,unavailable,,unavailable,,unavailable_no_verified_acquisition_or_sale_date,observed_reference_fields_plus_unavailable_requested_fields
10876,2052,뉴K5[LPG],2024-10-30 06:22:51.796576,,2024-10-30 06:22:51,,unavailable,,unavailable,,unavailable,,unavailable,,unavailable_no_verified_acquisition_or_sale_date,observed_reference_fields_plus_unavailable_requested_fields
10877,2093,매각[뉴K5],2024-10-30 06:22:51.796576,,2024-10-30 06:22:51,,unavailable,,unavailable,,unavailable,,unavailable,,unavailable_no_verified_acquisition_or_sale_date,observed_reference_fields_plus_unavailable_requested_fields
10878,2052,뉴K5[LPG],2024-10-30 06:22:51.796576,,2024-10-30 06:22:51,,unavailable,,unavailable,,unavailable,,unavailable,,unavailable_no_verified_acquisition_or_sale_date,observed_reference_fields_plus_unavailable_requested_fields
10879,2029,장기 뉴5,2024-10-30 06:22:51.796576,,2024-10-30 06:22:51,,unavailable,,unavailable,,unavailable,,unavailable,,unavailable_no_verified_acquisition_or_sale_date,observed_reference_fields_plus_unavailable_requested_fields
10880,2052,뉴K5[LPG],2024-10-30 06:22:51.796576,,2024-10-30 06:22:51,,unavailable,,unavailable,,unavailable,,unavailable,,unavailable_no_verified_acquisition_or_sale_date,observed_reference_fields_plus_unavailable_requested_fields
10881,2052,뉴K5[LPG],2024-10-30 06:22:51.796576,,2024-10-30 06:22:51,,unavailable,,unavailable,,unavailable,,unavailable,,unavailable_no_verified_acquisition_or_sale_date,observed_reference_fields_plus_unavailable_requested_fields
10882,2052,뉴K5[LPG],2024-10-30 06:22:51.796576,,2024-10-30 06:22:51,,unavailable,,unavailable,,unavailable,,unavailable,,unavailable_no_verified_acquisition_or_sale_date,observed_reference_fields_plus_unavailable_requested_fields
10883,2052,뉴K5[LPG],2024-10-30 06:22:51.796576,,2024-10-30 06:22:51,,unavailable,,unavailable,,unavailable,,unavailable,,unavailable_no_verified_acquisition_or_sale_date,observed_reference_fields_plus_unavailable_requested_fields
10884,2052,뉴K5[LPG],2024-10-30 06:22:51.796576,,2024-10-30 06:22:51,,unavailable,,unavailable,,unavailable,,unavailable,,unavailable_no_verified_acquisition_or_sale_date,observed_reference_fields_plus_unavailable_requested_fields
10885,2052,뉴K5[LPG],2024-10-30 06:22:51.796576,,2024-10-30 06:22:51,,unavailable,,unavailable,,unavailable,,unavailable,,unavailable_no_verified_acquisition_or_sale_date,observed_reference_fields_plus_unavailable_requested_fields
10886,2093,매각[뉴K5],2024-10-30 06:22:51.796576,,2024-10-30 06:22:51,,unavailable,,unavailable,,unavailable,,unavailable,,unavailable_no_verified_acquisition_or_sale_date,observed_reference_fields_plus_unavailable_requested_fields
10887,1988,19년 뉴SM3 ZE[전기],2024-10-30 06:22:51.796576,,2024-10-30 06:22:51,,unavailable,,unavailable,,unavailable,,unavailable,,unavailable_no_verified_acquisition_or_sale_date,observed_reference_fields_plus_unavailable_requested_fields
10888,2052,뉴K5[LPG],2024-10-30 06:22:51.796576,,2024-10-30 06:22:51,,unavailable,,unavailable,,unavailable,,unavailable,,unavailable_no_verified_acquisition_or_sale_date,observed_reference_fields_plus_unavailable_requested_fields
10889,2052,뉴K5[LPG],2024-10-30 06:22:51.796576,,2024-10-30 06:22:51,,unavailable,,unavailable,,unavailable,,unavailable,,unavailable_no_verified_acquisition_or_sale_date,observed_reference_fields_plus_unavailable_requested_fields
10890,2029,장기 뉴5,2024-10-30 06:22:51.796576,,2024-10-30 06:22:51,,unavailable,,unavailable,,unavailable,,unavailable,,unavailable_no_verified_acquisition_or_sale_date,observed_reference_fields_plus_unavailable_requested_fields
10891,2052,뉴K5[LPG],2024-10-30 06:22:51.796576,,2024-10-30 06:22:51,,unavailable,,unavailable,,unavailable,,unavailable,,unavailable_no_verified_acquisition_or_sale_date,observed_reference_fields_plus_unavailable_requested_fields
10892,2052,뉴K5[LPG],2024-10-30 06:22:51.796576,,2024-10-30 06:22:51,,unavailable,,unavailable,,unavailable,,unavailable,,unavailable_no_verified_acquisition_or_sale_date,observed_reference_fields_plus_unavailable_requested_fields
10893,2038,LF소나타[LPG],2024-10-30 06:22:51.796576,,2024-10-30 06:22:51,,unavailable,,unavailable,,unavailable,,unavailable,,unavailable_no_verified_acquisition_or_sale_date,observed_reference_fields_plus_unavailable_requested_fields
10894,2038,LF소나타[LPG],2024-10-30 06:22:51.796576,,2024-10-30 06:22:51,,unavailable,,unavailable,,unavailable,,unavailable,,unavailable_no_verified_acquisition_or_sale_date,observed_reference_fields_plus_unavailable_requested_fields
10895,2038,LF소나타[LPG],2024-10-30 06:22:51.796576,,2024-10-30 06:22:51,,unavailable,,unavailable,,unavailable,,unavailable,,unavailable_no_verified_acquisition_or_sale_date,observed_reference_fields_plus_unavailable_requested_fields
10896,2094,매각[LF소나타],2024-10-30 06:22:51.796576,,2024-10-30 06:22:51,,unavailable,,unavailable,,unavailable,,unavailable,,unavailable_no_verified_acquisition_or_sale_date,observed_reference_fields_plus_unavailable_requested_fields
10897,2038,LF소나타[LPG],2024-10-30 06:22:51.796576,,2024-10-30 06:22:51,,unavailable,,unavailable,,unavailable,,unavailable,,unavailable_no_verified_acquisition_or_sale_date,observed_reference_fields_plus_unavailable_requested_fields
10898,2094,매각[LF소나타],2024-10-30 06:22:51.796576,,2024-10-30 06:22:51,,unavailable,,unavailable,,unavailable,,unavailable,,unavailable_no_verified_acquisition_or_sale_date,observed_reference_fields_plus_unavailable_requested_fields
10899,2038,LF소나타[LPG],2024-10-30 06:22:51.796576,,2024-10-30 06:22:51,,unavailable,,unavailable,,unavailable,,unavailable,,unavailable_no_verified_acquisition_or_sale_date,observed_reference_fields_plus_unavailable_requested_fields
10900,2094,매각[LF소나타],2024-10-30 06:22:51.796576,,2024-10-30 06:22:51,,unavailable,,unavailable,,unavailable,,unavailable,,unavailable_no_verified_acquisition_or_sale_date,observed_reference_fields_plus_unavailable_requested_fields
10901,2038,LF소나타[LPG],2024-10-30 06:22:51.796576,,2024-10-30 06:22:51,,unavailable,,unavailable,,unavailable,,unavailable,,unavailable_no_verified_acquisition_or_sale_date,observed_reference_fields_plus_unavailable_requested_fields
10902,2094,매각[LF소나타],2024-10-30 06:22:51.796576,,2024-10-30 06:22:51,,unavailable,,unavailable,,unavailable,,unavailable,,unavailable_no_verified_acquisition_or_sale_date,observed_reference_fields_plus_unavailable_requested_fields
10903,2038,LF소나타[LPG],2024-10-30 06:22:51.796576,,2024-10-30 06:22:51,,unavailable,,unavailable,,unavailable,,unavailable,,unavailable_no_verified_acquisition_or_sale_date,observed_reference_fields_plus_unavailable_requested_fields
10904,2038,LF소나타[LPG],2024-10-30 06:22:51.796576,,2024-10-30 06:22:51,,unavailable,,unavailable,,unavailable,,unavailable,,unavailable_no_verified_acquisition_or_sale_date,observed_reference_fields_plus_unavailable_requested_fields
10905,2038,LF소나타[LPG],2024-10-30 06:22:51.796576,,2024-10-30 06:22:51,,unavailable,,unavailable,,unavailable,,unavailable,,unavailable_no_verified_acquisition_or_sale_date,observed_reference_fields_plus_unavailable_requested_fields
10906,2094,매각[LF소나타],2024-10-30 06:22:51.796576,,2024-10-30 06:22:51,,unavailable,,unavailable,,unavailable,,unavailable,,unavailable_no_verified_acquisition_or_sale_date,observed_reference_fields_plus_unavailable_requested_fields
10907,2038,LF소나타[LPG],2024-10-30 06:22:51.796576,,2024-10-30 06:22:51,,unavailable,,unavailable,,unavailable,,unavailable,,unavailable_no_verified_acquisition_or_sale_date,observed_reference_fields_plus_unavailable_requested_fields
10908,2038,LF소나타[LPG],2024-10-30 06:22:51.796576,,2024-10-30 06:22:51,,unavailable,,unavailable,,unavailable,,unavailable,,unavailable_no_verified_acquisition_or_sale_date,observed_reference_fields_plus_unavailable_requested_fields
10909,2038,LF소나타[LPG],2024-10-30 06:22:51.796576,,2024-10-30 06:22:51,,unavailable,,unavailable,,unavailable,,unavailable,,unavailable_no_verified_acquisition_or_sale_date,observed_reference_fields_plus_unavailable_requested_fields
10910,2038,LF소나타[LPG],2024-10-30 06:22:51.796576,,2024-10-30 06:22:51,,unavailable,,unavailable,,unavailable,,unavailable,,unavailable_no_verified_acquisition_or_sale_date,observed_reference_fields_plus_unavailable_requested_fields
10911,2038,LF소나타[LPG],2024-10-30 06:22:51.796576,,2024-10-30 06:22:51,,unavailable,,unavailable,,unavailable,,unavailable,,unavailable_no_verified_acquisition_or_sale_date,observed_reference_fields_plus_unavailable_requested_fields
10912,2038,LF소나타[LPG],2024-10-30 06:22:51.796576,,2024-10-30 06:22:51,,unavailable,,unavailable,,unavailable,,unavailable,,unavailable_no_verified_acquisition_or_sale_date,observed_reference_fields_plus_unavailable_requested_fields
10913,2058,올란도7인[경유],2024-10-30 06:22:51.796576,,2024-10-30 06:22:51,,unavailable,,unavailable,,unavailable,,unavailable,,unavailable_no_verified_acquisition_or_sale_date,observed_reference_fields_plus_unavailable_requested_fields
10914,2058,올란도7인[경유],2024-10-30 06:22:51.796576,,2024-10-30 06:22:51,,unavailable,,unavailable,,unavailable,,unavailable,,unavailable_no_verified_acquisition_or_sale_date,observed_reference_fields_plus_unavailable_requested_fields
10915,2058,올란도7인[경유],2024-10-30 06:22:51.796576,,2024-10-30 06:22:51,,unavailable,,unavailable,,unavailable,,unavailable,,unavailable_no_verified_acquisition_or_sale_date,observed_reference_fields_plus_unavailable_requested_fields
10916,2058,올란도7인[경유],2024-10-30 06:22:51.796576,,2024-10-30 06:22:51,,unavailable,,unavailable,,unavailable,,unavailable,,unavailable_no_verified_acquisition_or_sale_date,observed_reference_fields_plus_unavailable_requested_fields
10917,2058,올란도7인[경유],2024-10-30 06:22:51.796576,,2024-10-30 06:22:51,,unavailable,,unavailable,,unavailable,,unavailable,,unavailable_no_verified_acquisition_or_sale_date,observed_reference_fields_plus_unavailable_requested_fields
10918,1978,17년 올뉴투싼[경유],2024-10-30 06:22:51.796576,,2024-10-30 06:22:51,,unavailable,,unavailable,,unavailable,,unavailable,,unavailable_no_verified_acquisition_or_sale_date,observed_reference_fields_plus_unavailable_requested_fields
10919,1978,17년 올뉴투싼[경유],2024-10-30 06:22:51.796576,,2024-10-30 06:22:51,,unavailable,,unavailable,,unavailable,,unavailable,,unavailable_no_verified_acquisition_or_sale_date,observed_reference_fields_plus_unavailable_requested_fields
10920,2024,16년 싼타페DM5인[경유],2024-10-30 06:22:51.796576,,2024-10-30 06:22:51,,unavailable,,unavailable,,unavailable,,unavailable,,unavailable_no_verified_acquisition_or_sale_date,observed_reference_fields_plus_unavailable_requested_fields
10921,2072,뉴싼타페DM7인[경유],2024-10-30 06:22:51.796576,,2024-10-30 06:22:51,,unavailable,,unavailable,,unavailable,,unavailable,,unavailable_no_verified_acquisition_or_sale_date,observed_reference_fields_plus_unavailable_requested_fields
10922,2072,뉴싼타페DM7인[경유],2024-10-30 06:22:51.796576,,2024-10-30 06:22:51,,unavailable,,unavailable,,unavailable,,unavailable,,unavailable_no_verified_acquisition_or_sale_date,observed_reference_fields_plus_unavailable_requested_fields
10923,2072,뉴싼타페DM7인[경유],2024-10-30 06:22:51.796576,,2024-10-30 06:22:51,,unavailable,,unavailable,,unavailable,,unavailable,,unavailable_no_verified_acquisition_or_sale_date,observed_reference_fields_plus_unavailable_requested_fields
10924,1843,16/18년 올뉴카니발9인(경유),2024-10-30 06:22:51.796576,,2024-10-30 06:22:51,,unavailable,,unavailable,,unavailable,,unavailable,,unavailable_no_verified_acquisition_or_sale_date,observed_reference_fields_plus_unavailable_requested_fields
10925,1843,16/18년 올뉴카니발9인(경유),2024-10-30 06:22:51.796576,,2024-10-30 06:22:51,,unavailable,,unavailable,,unavailable,,unavailable,,unavailable_no_verified_acquisition_or_sale_date,observed_reference_fields_plus_unavailable_requested_fields
10926,2050,올뉴모닝[휘],2024-10-30 06:22:51.796576,,2024-10-30 06:22:51,,unavailable,,unavailable,,unavailable,,unavailable,,unavailable_no_verified_acquisition_or_sale_date,observed_reference_fields_plus_unavailable_requested_fields
10927,2050,올뉴모닝[휘],2024-10-30 06:22:51.796576,,2024-10-30 06:22:51,,unavailable,,unavailable,,unavailable,,unavailable,,unavailable_no_verified_acquisition_or_sale_date,observed_reference_fields_plus_unavailable_requested_fields
10928,2051,K3[휘],2024-10-30 06:22:51.796576,,2024-10-30 06:22:51,,unavailable,,unavailable,,unavailable,,unavailable,,unavailable_no_verified_acquisition_or_sale_date,observed_reference_fields_plus_unavailable_requested_fields
10929,2090,매각[K3],2024-10-30 06:22:51.796576,,2024-10-30 06:22:51,,unavailable,,unavailable,,unavailable,,unavailable,,unavailable_no_verified_acquisition_or_sale_date,observed_reference_fields_plus_unavailable_requested_fields
10930,2051,K3[휘],2024-10-30 06:22:51.796576,,2024-10-30 06:22:51,,unavailable,,unavailable,,unavailable,,unavailable,,unavailable_no_verified_acquisition_or_sale_date,observed_reference_fields_plus_unavailable_requested_fields
10931,2057,엑센트[휘],2024-10-30 06:22:51.796576,,2024-10-30 06:22:51,,unavailable,,unavailable,,unavailable,,unavailable,,unavailable_no_verified_acquisition_or_sale_date,observed_reference_fields_plus_unavailable_requested_fields
10932,1851,19년 엑센트(휘),2024-10-30 06:22:51.796576,,2024-10-30 06:22:51,,unavailable,,unavailable,,unavailable,,unavailable,,unavailable_no_verified_acquisition_or_sale_date,observed_reference_fields_plus_unavailable_requested_fields
10933,1988,19년 뉴SM3 ZE[전기],2024-10-30 06:22:51.796576,,2024-10-30 06:22:51,,unavailable,,unavailable,,unavailable,,unavailable,,unavailable_no_verified_acquisition_or_sale_date,observed_reference_fields_plus_unavailable_requested_fields
10934,2074,레이[휘],2024-10-30 06:22:51.796576,,2024-10-30 06:22:51,,unavailable,,unavailable,,unavailable,,unavailable,,unavailable_no_verified_acquisition_or_sale_date,observed_reference_fields_plus_unavailable_requested_fields
10935,1988,19년 뉴SM3 ZE[전기],2024-10-30 06:22:51.796576,,2024-10-30 06:22:51,,unavailable,,unavailable,,unavailable,,unavailable,,unavailable_no_verified_acquisition_or_sale_date,observed_reference_fields_plus_unavailable_requested_fields
10936,2074,레이[휘],2024-10-30 06:22:51.796576,,2024-10-30 06:22:51,,unavailable,,unavailable,,unavailable,,unavailable,,unavailable_no_verified_acquisition_or_sale_date,observed_reference_fields_plus_unavailable_requested_fields
10937,2059,아반떼MD[휘],2024-10-30 06:22:51.796576,,2024-10-30 06:22:51,,unavailable,,unavailable,,unavailable,,unavailable,,unavailable_no_verified_acquisition_or_sale_date,observed_reference_fields_plus_unavailable_requested_fields
10938,1988,19년 뉴SM3 ZE[전기],2024-10-30 06:22:51.796576,,2024-10-30 06:22:51,,unavailable,,unavailable,,unavailable,,unavailable,,unavailable_no_verified_acquisition_or_sale_date,observed_reference_fields_plus_unavailable_requested_fields
10939,2074,레이[휘],2024-10-30 06:22:51.796576,,2024-10-30 06:22:51,,unavailable,,unavailable,,unavailable,,unavailable,,unavailable_no_verified_acquisition_or_sale_date,observed_reference_fields_plus_unavailable_requested_fields
10940,1988,19년 뉴SM3 ZE[전기],2024-10-30 06:22:51.796576,,2024-10-30 06:22:51,,unavailable,,unavailable,,unavailable,,unavailable,,unavailable_no_verified_acquisition_or_sale_date,observed_reference_fields_plus_unavailable_requested_fields
10941,2074,레이[휘],2024-10-30 06:22:51.796576,,2024-10-30 06:22:51,,unavailable,,unavailable,,unavailable,,unavailable,,unavailable_no_verified_acquisition_or_sale_date,observed_reference_fields_plus_unavailable_requested_fields
10942,1988,19년 뉴SM3 ZE[전기],2024-10-30 06:22:51.796576,,2024-10-30 06:22:51,,unavailable,,unavailable,,unavailable,,unavailable,,unavailable_no_verified_acquisition_or_sale_date,observed_reference_fields_plus_unavailable_requested_fields
10943,2074,레이[휘],2024-10-30 06:22:51.796576,,2024-10-30 06:22:51,,unavailable,,unavailable,,unavailable,,unavailable,,unavailable_no_verified_acquisition_or_sale_date,observed_reference_fields_plus_unavailable_requested_fields
10944,1988,19년 뉴SM3 ZE[전기],2024-10-30 06:22:51.796576,,2024-10-30 06:22:51,,unavailable,,unavailable,,unavailable,,unavailable,,unavailable_no_verified_acquisition_or_sale_date,observed_reference_fields_plus_unavailable_requested_fields
10945,2074,레이[휘],2024-10-30 06:22:51.796576,,2024-10-30 06:22:51,,unavailable,,unavailable,,unavailable,,unavailable,,unavailable_no_verified_acquisition_or_sale_date,observed_reference_fields_plus_unavailable_requested_fields
10946,2040,아반떼AD[휘],2024-10-30 06:22:51.796576,,2024-10-30 06:22:51,,unavailable,,unavailable,,unavailable,,unavailable,,unavailable_no_verified_acquisition_or_sale_date,observed_reference_fields_plus_unavailable_requested_fields
10947,2040,아반떼AD[휘],2024-10-30 06:22:51.796576,,2024-10-30 06:22:51,,unavailable,,unavailable,,unavailable,,unavailable,,unavailable_no_verified_acquisition_or_sale_date,observed_reference_fields_plus_unavailable_requested_fields
10948,2046,2016 올뉴모닝[휘],2024-10-30 06:22:51.796576,,2024-10-30 06:22:51,,unavailable,,unavailable,,unavailable,,unavailable,,unavailable_no_verified_acquisition_or_sale_date,observed_reference_fields_plus_unavailable_requested_fields
10949,2068,장기 16모닝,2024-10-30 06:22:51.796576,,2024-10-30 06:22:51,,unavailable,,unavailable,,unavailable,,unavailable,,unavailable_no_verified_acquisition_or_sale_date,observed_reference_fields_plus_unavailable_requested_fields
10950,2046,2016 올뉴모닝[휘],2024-10-30 06:22:51.796576,,2024-10-30 06:22:51,,unavailable,,unavailable,,unavailable,,unavailable,,unavailable_no_verified_acquisition_or_sale_date,observed_reference_fields_plus_unavailable_requested_fields
10951,2046,2016 올뉴모닝[휘],2024-10-30 06:22:51.796576,,2024-10-30 06:22:51,,unavailable,,unavailable,,unavailable,,unavailable,,unavailable_no_verified_acquisition_or_sale_date,observed_reference_fields_plus_unavailable_requested_fields
10952,2068,장기 16모닝,2024-10-30 06:22:51.796576,,2024-10-30 06:22:51,,unavailable,,unavailable,,unavailable,,unavailable,,unavailable_no_verified_acquisition_or_sale_date,observed_reference_fields_plus_unavailable_requested_fields
10953,2046,2016 올뉴모닝[휘],2024-10-30 06:22:51.796576,,2024-10-30 06:22:51,,unavailable,,unavailable,,unavailable,,unavailable,,unavailable_no_verified_acquisition_or_sale_date,observed_reference_fields_plus_unavailable_requested_fields
10954,2046,2016 올뉴모닝[휘],2024-10-30 06:22:51.796576,,2024-10-30 06:22:51,,unavailable,,unavailable,,unavailable,,unavailable,,unavailable_no_verified_acquisition_or_sale_date,observed_reference_fields_plus_unavailable_requested_fields
10955,1851,19년 엑센트(휘),2024-10-30 06:22:51.796576,,2024-10-30 06:22:51,,unavailable,,unavailable,,unavailable,,unavailable,,unavailable_no_verified_acquisition_or_sale_date,observed_reference_fields_plus_unavailable_requested_fields
10956,2046,2016 올뉴모닝[휘],2024-10-30 06:22:51.796576,,2024-10-30 06:22:51,,unavailable,,unavailable,,unavailable,,unavailable,,unavailable_no_verified_acquisition_or_sale_date,observed_reference_fields_plus_unavailable_requested_fields
10957,2046,2016 올뉴모닝[휘],2024-10-30 06:22:51.796576,,2024-10-30 06:22:51,,unavailable,,unavailable,,unavailable,,unavailable,,unavailable_no_verified_acquisition_or_sale_date,observed_reference_fields_plus_unavailable_requested_fields
10958,2068,장기 16모닝,2024-10-30 06:22:51.796576,,2024-10-30 06:22:51,,unavailable,,unavailable,,unavailable,,unavailable,,unavailable_no_verified_acquisition_or_sale_date,observed_reference_fields_plus_unavailable_requested_fields
10959,2046,2016 올뉴모닝[휘],2024-10-30 06:22:51.796576,,2024-10-30 06:22:51,,unavailable,,unavailable,,unavailable,,unavailable,,unavailable_no_verified_acquisition_or_sale_date,observed_reference_fields_plus_unavailable_requested_fields
10960,2046,2016 올뉴모닝[휘],2024-10-30 06:22:51.796576,,2024-10-30 06:22:51,,unavailable,,unavailable,,unavailable,,unavailable,,unavailable_no_verified_acquisition_or_sale_date,observed_reference_fields_plus_unavailable_requested_fields
10961,2077,SM3 ZE[전기],2024-10-30 06:22:51.796576,,2024-10-30 06:22:51,,unavailable,,unavailable,,unavailable,,unavailable,,unavailable_no_verified_acquisition_or_sale_date,observed_reference_fields_plus_unavailable_requested_fields
10962,2077,SM3 ZE[전기],2024-10-30 06:22:51.796576,,2024-10-30 06:22:51,,unavailable,,unavailable,,unavailable,,unavailable,,unavailable_no_verified_acquisition_or_sale_date,observed_reference_fields_plus_unavailable_requested_fields
10963,2083,"2019 팰리세이드 8인(4WD,썬루프)[경유]",2024-10-30 06:22:51.796576,,2024-10-30 06:22:51,,unavailable,,unavailable,,unavailable,,unavailable,,unavailable_no_verified_acquisition_or_sale_date,observed_reference_fields_plus_unavailable_requested_fields
10964,2077,SM3 ZE[전기],2024-10-30 06:22:51.796576,,2024-10-30 06:22:51,,unavailable,,unavailable,,unavailable,,unavailable,,unavailable_no_verified_acquisition_or_sale_date,observed_reference_fields_plus_unavailable_requested_fields
10965,2077,SM3 ZE[전기],2024-10-30 06:22:51.796576,,2024-10-30 06:22:51,,unavailable,,unavailable,,unavailable,,unavailable,,unavailable_no_verified_acquisition_or_sale_date,observed_reference_fields_plus_unavailable_requested_fields
10966,2077,SM3 ZE[전기],2024-10-30 06:22:51.796576,,2024-10-30 06:22:51,,unavailable,,unavailable,,unavailable,,unavailable,,unavailable_no_verified_acquisition_or_sale_date,observed_reference_fields_plus_unavailable_requested_fields
10967,2077,SM3 ZE[전기],2024-10-30 06:22:51.796576,,2024-10-30 06:22:51,,unavailable,,unavailable,,unavailable,,unavailable,,unavailable_no_verified_acquisition_or_sale_date,observed_reference_fields_plus_unavailable_requested_fields
10968,2077,SM3 ZE[전기],2024-10-30 06:22:51.796576,,2024-10-30 06:22:51,,unavailable,,unavailable,,unavailable,,unavailable,,unavailable_no_verified_acquisition_or_sale_date,observed_reference_fields_plus_unavailable_requested_fields
10969,2077,SM3 ZE[전기],2024-10-30 06:22:51.796576,,2024-10-30 06:22:51,,unavailable,,unavailable,,unavailable,,unavailable,,unavailable_no_verified_acquisition_or_sale_date,observed_reference_fields_plus_unavailable_requested_fields
10970,2077,SM3 ZE[전기],2024-10-30 06:22:51.796576,,2024-10-30 06:22:51,,unavailable,,unavailable,,unavailable,,unavailable,,unavailable_no_verified_acquisition_or_sale_date,observed_reference_fields_plus_unavailable_requested_fields
10971,2077,SM3 ZE[전기],2024-10-30 06:22:51.796576,,2024-10-30 06:22:51,,unavailable,,unavailable,,unavailable,,unavailable,,unavailable_no_verified_acquisition_or_sale_date,observed_reference_fields_plus_unavailable_requested_fields
10972,2077,SM3 ZE[전기],2024-10-30 06:22:51.796576,,2024-10-30 06:22:51,,unavailable,,unavailable,,unavailable,,unavailable,,unavailable_no_verified_acquisition_or_sale_date,observed_reference_fields_plus_unavailable_requested_fields
10973,2079,제네시스DH(2016년),2024-10-30 06:22:51.796576,,2024-10-30 06:22:51,,unavailable,,unavailable,,unavailable,,unavailable,,unavailable_no_verified_acquisition_or_sale_date,observed_reference_fields_plus_unavailable_requested_fields
10974,2077,SM3 ZE[전기],2024-10-30 06:22:51.796576,,2024-10-30 06:22:51,,unavailable,,unavailable,,unavailable,,unavailable,,unavailable_no_verified_acquisition_or_sale_date,observed_reference_fields_plus_unavailable_requested_fields
10975,2077,SM3 ZE[전기],2024-10-30 06:22:51.796576,,2024-10-30 06:22:51,,unavailable,,unavailable,,unavailable,,unavailable,,unavailable_no_verified_acquisition_or_sale_date,observed_reference_fields_plus_unavailable_requested_fields
10976,2063,안전보건공단 장기 쏘나타뉴라이즈[LPG],2024-10-30 06:22:51.796576,,2024-10-30 06:22:51,,unavailable,,unavailable,,unavailable,,unavailable,,unavailable_no_verified_acquisition_or_sale_date,observed_reference_fields_plus_unavailable_requested_fields
10977,1856,19년 G80(휘),2024-10-30 06:22:51.796576,,2024-10-30 06:22:51,,unavailable,,unavailable,,unavailable,,unavailable,,unavailable_no_verified_acquisition_or_sale_date,observed_reference_fields_plus_unavailable_requested_fields
10978,2077,SM3 ZE[전기],2024-10-30 06:22:51.796576,,2024-10-30 06:22:51,,unavailable,,unavailable,,unavailable,,unavailable,,unavailable_no_verified_acquisition_or_sale_date,observed_reference_fields_plus_unavailable_requested_fields
10979,2080,제네시스EQ900[휘],2024-10-30 06:22:51.796576,,2024-10-30 06:22:51,,unavailable,,unavailable,,unavailable,,unavailable,,unavailable_no_verified_acquisition_or_sale_date,observed_reference_fields_plus_unavailable_requested_fields
10980,2077,SM3 ZE[전기],2024-10-30 06:22:51.796576,,2024-10-30 06:22:51,,unavailable,,unavailable,,unavailable,,unavailable,,unavailable_no_verified_acquisition_or_sale_date,observed_reference_fields_plus_unavailable_requested_fields
10981,2077,SM3 ZE[전기],2024-10-30 06:22:51.796576,,2024-10-30 06:22:51,,unavailable,,unavailable,,unavailable,,unavailable,,unavailable_no_verified_acquisition_or_sale_date,observed_reference_fields_plus_unavailable_requested_fields
10982,2077,SM3 ZE[전기],2024-10-30 06:22:51.796576,,2024-10-30 06:22:51,,unavailable,,unavailable,,unavailable,,unavailable,,unavailable_no_verified_acquisition_or_sale_date,observed_reference_fields_plus_unavailable_requested_fields
10983,2079,제네시스DH(2016년),2024-10-30 06:22:51.796576,,2024-10-30 06:22:51,,unavailable,,unavailable,,unavailable,,unavailable,,unavailable_no_verified_acquisition_or_sale_date,observed_reference_fields_plus_unavailable_requested_fields
10984,2077,SM3 ZE[전기],2024-10-30 06:22:51.796576,,2024-10-30 06:22:51,,unavailable,,unavailable,,unavailable,,unavailable,,unavailable_no_verified_acquisition_or_sale_date,observed_reference_fields_plus_unavailable_requested_fields
10985,2083,"2019 팰리세이드 8인(4WD,썬루프)[경유]",2024-10-30 06:22:51.796576,,2024-10-30 06:22:51,,unavailable,,unavailable,,unavailable,,unavailable,,unavailable_no_verified_acquisition_or_sale_date,observed_reference_fields_plus_unavailable_requested_fields
10986,1987,19년 팰리세이드 8인승[경유],2024-10-30 06:22:51.796576,,2024-10-30 06:22:51,,unavailable,,unavailable,,unavailable,,unavailable,,unavailable_no_verified_acquisition_or_sale_date,observed_reference_fields_plus_unavailable_requested_fields
10987,2077,SM3 ZE[전기],2024-10-30 06:22:51.796576,,2024-10-30 06:22:51,,unavailable,,unavailable,,unavailable,,unavailable,,unavailable_no_verified_acquisition_or_sale_date,observed_reference_fields_plus_unavailable_requested_fields
10988,2081,스포티지R[장기],2024-10-30 06:22:51.796576,,2024-10-30 06:22:51,,unavailable,,unavailable,,unavailable,,unavailable,,unavailable_no_verified_acquisition_or_sale_date,observed_reference_fields_plus_unavailable_requested_fields
10989,2062,안전보건공단 장기 올뉴카니발9인[경유],2024-10-30 06:22:51.796576,,2024-10-30 06:22:51,,unavailable,,unavailable,,unavailable,,unavailable,,unavailable_no_verified_acquisition_or_sale_date,observed_reference_fields_plus_unavailable_requested_fields
10990,2062,안전보건공단 장기 올뉴카니발9인[경유],2024-10-30 06:22:51.796576,,2024-10-30 06:22:51,,unavailable,,unavailable,,unavailable,,unavailable,,unavailable_no_verified_acquisition_or_sale_date,observed_reference_fields_plus_unavailable_requested_fields
10991,2053,그랜져HG2.4[휘],2024-10-30 06:22:51.796576,,2024-10-30 06:22:51,,unavailable,,unavailable,,unavailable,,unavailable,,unavailable_no_verified_acquisition_or_sale_date,observed_reference_fields_plus_unavailable_requested_fields
10992,2053,그랜져HG2.4[휘],2024-10-30 06:22:51.796576,,2024-10-30 06:22:51,,unavailable,,unavailable,,unavailable,,unavailable,,unavailable_no_verified_acquisition_or_sale_date,observed_reference_fields_plus_unavailable_requested_fields
10993,2053,그랜져HG2.4[휘],2024-10-30 06:22:51.796576,,2024-10-30 06:22:51,,unavailable,,unavailable,,unavailable,,unavailable,,unavailable_no_verified_acquisition_or_sale_date,observed_reference_fields_plus_unavailable_requested_fields
10994,2053,그랜져HG2.4[휘],2024-10-30 06:22:51.796576,,2024-10-30 06:22:51,,unavailable,,unavailable,,unavailable,,unavailable,,unavailable_no_verified_acquisition_or_sale_date,observed_reference_fields_plus_unavailable_requested_fields
10995,2044,더넥스트스파크[휘],2024-10-30 06:22:51.796576,,2024-10-30 06:22:51,,unavailable,,unavailable,,unavailable,,unavailable,,unavailable_no_verified_acquisition_or_sale_date,observed_reference_fields_plus_unavailable_requested_fields
10996,2044,더넥스트스파크[휘],2024-10-30 06:22:51.796576,,2024-10-30 06:22:51,,unavailable,,unavailable,,unavailable,,unavailable,,unavailable_no_verified_acquisition_or_sale_date,observed_reference_fields_plus_unavailable_requested_fields
10997,2044,더넥스트스파크[휘],2024-10-30 06:22:51.796576,,2024-10-30 06:22:51,,unavailable,,unavailable,,unavailable,,unavailable,,unavailable_no_verified_acquisition_or_sale_date,observed_reference_fields_plus_unavailable_requested_fields
10998,2044,더넥스트스파크[휘],2024-10-30 06:22:51.796576,,2024-10-30 06:22:51,,unavailable,,unavailable,,unavailable,,unavailable,,unavailable_no_verified_acquisition_or_sale_date,observed_reference_fields_plus_unavailable_requested_fields
10999,2044,더넥스트스파크[휘],2024-10-30 06:22:51.796576,,2024-10-30 06:22:51,,unavailable,,unavailable,,unavailable,,unavailable,,unavailable_no_verified_acquisition_or_sale_date,observed_reference_fields_plus_unavailable_requested_fields
11000,2046,2016 올뉴모닝[휘],2024-10-30 06:22:51.796576,,2024-10-30 06:22:51,,unavailable,,unavailable,,unavailable,,unavailable,,unavailable_no_verified_acquisition_or_sale_date,observed_reference_fields_plus_unavailable_requested_fields
11001,2046,2016 올뉴모닝[휘],2024-10-30 06:22:51.796576,,2024-10-30 06:22:51,,unavailable,,unavailable,,unavailable,,unavailable,,unavailable_no_verified_acquisition_or_sale_date,observed_reference_fields_plus_unavailable_requested_fields
11002,2046,2016 올뉴모닝[휘],2024-10-30 06:22:51.796576,,2024-10-30 06:22:51,,unavailable,,unavailable,,unavailable,,unavailable,,unavailable_no_verified_acquisition_or_sale_date,observed_reference_fields_plus_unavailable_requested_fields
11003,2046,2016 올뉴모닝[휘],2024-10-30 06:22:51.796576,,2024-10-30 06:22:51,,unavailable,,unavailable,,unavailable,,unavailable,,unavailable_no_verified_acquisition_or_sale_date,observed_reference_fields_plus_unavailable_requested_fields
11004,2046,2016 올뉴모닝[휘],2024-10-30 06:22:51.796576,,2024-10-30 06:22:51,,unavailable,,unavailable,,unavailable,,unavailable,,unavailable_no_verified_acquisition_or_sale_date,observed_reference_fields_plus_unavailable_requested_fields
11005,2046,2016 올뉴모닝[휘],2024-10-30 06:22:51.796576,,2024-10-30 06:22:51,,unavailable,,unavailable,,unavailable,,unavailable,,unavailable_no_verified_acquisition_or_sale_date,observed_reference_fields_plus_unavailable_requested_fields
11006,2046,2016 올뉴모닝[휘],2024-10-30 06:22:51.796576,,2024-10-30 06:22:51,,unavailable,,unavailable,,unavailable,,unavailable,,unavailable_no_verified_acquisition_or_sale_date,observed_reference_fields_plus_unavailable_requested_fields
11007,2046,2016 올뉴모닝[휘],2024-10-30 06:22:51.796576,,2024-10-30 06:22:51,,unavailable,,unavailable,,unavailable,,unavailable,,unavailable_no_verified_acquisition_or_sale_date,observed_reference_fields_plus_unavailable_requested_fields
11008,2074,레이[휘],2024-10-30 06:22:51.796576,,2024-10-30 06:22:51,,unavailable,,unavailable,,unavailable,,unavailable,,unavailable_no_verified_acquisition_or_sale_date,observed_reference_fields_plus_unavailable_requested_fields
11009,2074,레이[휘],2024-10-30 06:22:51.796576,,2024-10-30 06:22:51,,unavailable,,unavailable,,unavailable,,unavailable,,unavailable_no_verified_acquisition_or_sale_date,observed_reference_fields_plus_unavailable_requested_fields
11010,2074,레이[휘],2024-10-30 06:22:51.796576,,2024-10-30 06:22:51,,unavailable,,unavailable,,unavailable,,unavailable,,unavailable_no_verified_acquisition_or_sale_date,observed_reference_fields_plus_unavailable_requested_fields
11011,2074,레이[휘],2024-10-30 06:22:51.796576,,2024-10-30 06:22:51,,unavailable,,unavailable,,unavailable,,unavailable,,unavailable_no_verified_acquisition_or_sale_date,observed_reference_fields_plus_unavailable_requested_fields
11012,2074,레이[휘],2024-10-30 06:22:51.796576,,2024-10-30 06:22:51,,unavailable,,unavailable,,unavailable,,unavailable,,unavailable_no_verified_acquisition_or_sale_date,observed_reference_fields_plus_unavailable_requested_fields
11013,2057,엑센트[휘],2024-10-30 06:22:51.796576,,2024-10-30 06:22:51,,unavailable,,unavailable,,unavailable,,unavailable,,unavailable_no_verified_acquisition_or_sale_date,observed_reference_fields_plus_unavailable_requested_fields
11014,2088,매각[엑센트],2024-10-30 06:22:51.796576,,2024-10-30 06:22:51,,unavailable,,unavailable,,unavailable,,unavailable,,unavailable_no_verified_acquisition_or_sale_date,observed_reference_fields_plus_unavailable_requested_fields
11015,1851,19년 엑센트(휘),2024-10-30 06:22:51.796576,,2024-10-30 06:22:51,,unavailable,,unavailable,,unavailable,,unavailable,,unavailable_no_verified_acquisition_or_sale_date,observed_reference_fields_plus_unavailable_requested_fields
11016,2057,엑센트[휘],2024-10-30 06:22:51.796576,,2024-10-30 06:22:51,,unavailable,,unavailable,,unavailable,,unavailable,,unavailable_no_verified_acquisition_or_sale_date,observed_reference_fields_plus_unavailable_requested_fields
11017,2098,2019 뉴엑센트[휘],2024-10-30 06:22:51.796576,,2024-10-30 06:22:51,,unavailable,,unavailable,,unavailable,,unavailable,,unavailable_no_verified_acquisition_or_sale_date,observed_reference_fields_plus_unavailable_requested_fields
11018,2088,매각[엑센트],2024-10-30 06:22:51.796576,,2024-10-30 06:22:51,,unavailable,,unavailable,,unavailable,,unavailable,,unavailable_no_verified_acquisition_or_sale_date,observed_reference_fields_plus_unavailable_requested_fields
11019,1851,19년 엑센트(휘),2024-10-30 06:22:51.796576,,2024-10-30 06:22:51,,unavailable,,unavailable,,unavailable,,unavailable,,unavailable_no_verified_acquisition_or_sale_date,observed_reference_fields_plus_unavailable_requested_fields
11020,2098,2019 뉴엑센트[휘],2024-10-30 06:22:51.796576,,2024-10-30 06:22:51,,unavailable,,unavailable,,unavailable,,unavailable,,unavailable_no_verified_acquisition_or_sale_date,observed_reference_fields_plus_unavailable_requested_fields
11021,2057,엑센트[휘],2024-10-30 06:22:51.796576,,2024-10-30 06:22:51,,unavailable,,unavailable,,unavailable,,unavailable,,unavailable_no_verified_acquisition_or_sale_date,observed_reference_fields_plus_unavailable_requested_fields
11022,2088,매각[엑센트],2024-10-30 06:22:51.796576,,2024-10-30 06:22:51,,unavailable,,unavailable,,unavailable,,unavailable,,unavailable_no_verified_acquisition_or_sale_date,observed_reference_fields_plus_unavailable_requested_fields
11023,1851,19년 엑센트(휘),2024-10-30 06:22:51.796576,,2024-10-30 06:22:51,,unavailable,,unavailable,,unavailable,,unavailable,,unavailable_no_verified_acquisition_or_sale_date,observed_reference_fields_plus_unavailable_requested_fields
11024,2098,2019 뉴엑센트[휘],2024-10-30 06:22:51.796576,,2024-10-30 06:22:51,,unavailable,,unavailable,,unavailable,,unavailable,,unavailable_no_verified_acquisition_or_sale_date,observed_reference_fields_plus_unavailable_requested_fields
11025,2057,엑센트[휘],2024-10-30 06:22:51.796576,,2024-10-30 06:22:51,,unavailable,,unavailable,,unavailable,,unavailable,,unavailable_no_verified_acquisition_or_sale_date,observed_reference_fields_plus_unavailable_requested_fields
11026,2088,매각[엑센트],2024-10-30 06:22:51.796576,,2024-10-30 06:22:51,,unavailable,,unavailable,,unavailable,,unavailable,,unavailable_no_verified_acquisition_or_sale_date,observed_reference_fields_plus_unavailable_requested_fields
11027,2057,엑센트[휘],2024-10-30 06:22:51.796576,,2024-10-30 06:22:51,,unavailable,,unavailable,,unavailable,,unavailable,,unavailable_no_verified_acquisition_or_sale_date,observed_reference_fields_plus_unavailable_requested_fields
11028,1851,19년 엑센트(휘),2024-10-30 06:22:51.796576,,2024-10-30 06:22:51,,unavailable,,unavailable,,unavailable,,unavailable,,unavailable_no_verified_acquisition_or_sale_date,observed_reference_fields_plus_unavailable_requested_fields
11029,2098,2019 뉴엑센트[휘],2024-10-30 06:22:51.796576,,2024-10-30 06:22:51,,unavailable,,unavailable,,unavailable,,unavailable,,unavailable_no_verified_acquisition_or_sale_date,observed_reference_fields_plus_unavailable_requested_fields
11030,2057,엑센트[휘],2024-10-30 06:22:51.796576,,2024-10-30 06:22:51,,unavailable,,unavailable,,unavailable,,unavailable,,unavailable_no_verified_acquisition_or_sale_date,observed_reference_fields_plus_unavailable_requested_fields
11031,2088,매각[엑센트],2024-10-30 06:22:51.796576,,2024-10-30 06:22:51,,unavailable,,unavailable,,unavailable,,unavailable,,unavailable_no_verified_acquisition_or_sale_date,observed_reference_fields_plus_unavailable_requested_fields
11032,2057,엑센트[휘],2024-10-30 06:22:51.796576,,2024-10-30 06:22:51,,unavailable,,unavailable,,unavailable,,unavailable,,unavailable_no_verified_acquisition_or_sale_date,observed_reference_fields_plus_unavailable_requested_fields
11033,2088,매각[엑센트],2024-10-30 06:22:51.796576,,2024-10-30 06:22:51,,unavailable,,unavailable,,unavailable,,unavailable,,unavailable_no_verified_acquisition_or_sale_date,observed_reference_fields_plus_unavailable_requested_fields
11034,2040,아반떼AD[휘],2024-10-30 06:22:51.796576,,2024-10-30 06:22:51,,unavailable,,unavailable,,unavailable,,unavailable,,unavailable_no_verified_acquisition_or_sale_date,observed_reference_fields_plus_unavailable_requested_fields
11035,2091,매각[아반떼AD],2024-10-30 06:22:51.796576,,2024-10-30 06:22:51,,unavailable,,unavailable,,unavailable,,unavailable,,unavailable_no_verified_acquisition_or_sale_date,observed_reference_fields_plus_unavailable_requested_fields
11036,2040,아반떼AD[휘],2024-10-30 06:22:51.796576,,2024-10-30 06:22:51,,unavailable,,unavailable,,unavailable,,unavailable,,unavailable_no_verified_acquisition_or_sale_date,observed_reference_fields_plus_unavailable_requested_fields
11037,2091,매각[아반떼AD],2024-10-30 06:22:51.796576,,2024-10-30 06:22:51,,unavailable,,unavailable,,unavailable,,unavailable,,unavailable_no_verified_acquisition_or_sale_date,observed_reference_fields_plus_unavailable_requested_fields
11038,2040,아반떼AD[휘],2024-10-30 06:22:51.796576,,2024-10-30 06:22:51,,unavailable,,unavailable,,unavailable,,unavailable,,unavailable_no_verified_acquisition_or_sale_date,observed_reference_fields_plus_unavailable_requested_fields
11039,2091,매각[아반떼AD],2024-10-30 06:22:51.796576,,2024-10-30 06:22:51,,unavailable,,unavailable,,unavailable,,unavailable,,unavailable_no_verified_acquisition_or_sale_date,observed_reference_fields_plus_unavailable_requested_fields
11040,2040,아반떼AD[휘],2024-10-30 06:22:51.796576,,2024-10-30 06:22:51,,unavailable,,unavailable,,unavailable,,unavailable,,unavailable_no_verified_acquisition_or_sale_date,observed_reference_fields_plus_unavailable_requested_fields
11041,2091,매각[아반떼AD],2024-10-30 06:22:51.796576,,2024-10-30 06:22:51,,unavailable,,unavailable,,unavailable,,unavailable,,unavailable_no_verified_acquisition_or_sale_date,observed_reference_fields_plus_unavailable_requested_fields
11042,2040,아반떼AD[휘],2024-10-30 06:22:51.796576,,2024-10-30 06:22:51,,unavailable,,unavailable,,unavailable,,unavailable,,unavailable_no_verified_acquisition_or_sale_date,observed_reference_fields_plus_unavailable_requested_fields
11043,2091,매각[아반떼AD],2024-10-30 06:22:51.796576,,2024-10-30 06:22:51,,unavailable,,unavailable,,unavailable,,unavailable,,unavailable_no_verified_acquisition_or_sale_date,observed_reference_fields_plus_unavailable_requested_fields
11044,2040,아반떼AD[휘],2024-10-30 06:22:51.796576,,2024-10-30 06:22:51,,unavailable,,unavailable,,unavailable,,unavailable,,unavailable_no_verified_acquisition_or_sale_date,observed_reference_fields_plus_unavailable_requested_fields
11045,2091,매각[아반떼AD],2024-10-30 06:22:51.796576,,2024-10-30 06:22:51,,unavailable,,unavailable,,unavailable,,unavailable,,unavailable_no_verified_acquisition_or_sale_date,observed_reference_fields_plus_unavailable_requested_fields
11046,2040,아반떼AD[휘],2024-10-30 06:22:51.796576,,2024-10-30 06:22:51,,unavailable,,unavailable,,unavailable,,unavailable,,unavailable_no_verified_acquisition_or_sale_date,observed_reference_fields_plus_unavailable_requested_fields
11047,2040,아반떼AD[휘],2024-10-30 06:22:51.796576,,2024-10-30 06:22:51,,unavailable,,unavailable,,unavailable,,unavailable,,unavailable_no_verified_acquisition_or_sale_date,observed_reference_fields_plus_unavailable_requested_fields
11048,2091,매각[아반떼AD],2024-10-30 06:22:51.796576,,2024-10-30 06:22:51,,unavailable,,unavailable,,unavailable,,unavailable,,unavailable_no_verified_acquisition_or_sale_date,observed_reference_fields_plus_unavailable_requested_fields
11049,2040,아반떼AD[휘],2024-10-30 06:22:51.796576,,2024-10-30 06:22:51,,unavailable,,unavailable,,unavailable,,unavailable,,unavailable_no_verified_acquisition_or_sale_date,observed_reference_fields_plus_unavailable_requested_fields
11050,2091,매각[아반떼AD],2024-10-30 06:22:51.796576,,2024-10-30 06:22:51,,unavailable,,unavailable,,unavailable,,unavailable,,unavailable_no_verified_acquisition_or_sale_date,observed_reference_fields_plus_unavailable_requested_fields
11051,2040,아반떼AD[휘],2024-10-30 06:22:51.796576,,2024-10-30 06:22:51,,unavailable,,unavailable,,unavailable,,unavailable,,unavailable_no_verified_acquisition_or_sale_date,observed_reference_fields_plus_unavailable_requested_fields
11052,2091,매각[아반떼AD],2024-10-30 06:22:51.796576,,2024-10-30 06:22:51,,unavailable,,unavailable,,unavailable,,unavailable,,unavailable_no_verified_acquisition_or_sale_date,observed_reference_fields_plus_unavailable_requested_fields
11053,2040,아반떼AD[휘],2024-10-30 06:22:51.796576,,2024-10-30 06:22:51,,unavailable,,unavailable,,unavailable,,unavailable,,unavailable_no_verified_acquisition_or_sale_date,observed_reference_fields_plus_unavailable_requested_fields
11054,2091,매각[아반떼AD],2024-10-30 06:22:51.796576,,2024-10-30 06:22:51,,unavailable,,unavailable,,unavailable,,unavailable,,unavailable_no_verified_acquisition_or_sale_date,observed_reference_fields_plus_unavailable_requested_fields
11055,2040,아반떼AD[휘],2024-10-30 06:22:51.796576,,2024-10-30 06:22:51,,unavailable,,unavailable,,unavailable,,unavailable,,unavailable_no_verified_acquisition_or_sale_date,observed_reference_fields_plus_unavailable_requested_fields
11056,2040,아반떼AD[휘],2024-10-30 06:22:51.796576,,2024-10-30 06:22:51,,unavailable,,unavailable,,unavailable,,unavailable,,unavailable_no_verified_acquisition_or_sale_date,observed_reference_fields_plus_unavailable_requested_fields
11057,2023,2017 더뉴K3[휘],2024-10-30 06:22:51.796576,,2024-10-30 06:22:51,,unavailable,,unavailable,,unavailable,,unavailable,,unavailable_no_verified_acquisition_or_sale_date,observed_reference_fields_plus_unavailable_requested_fields
11058,2023,2017 더뉴K3[휘],2024-10-30 06:22:51.796576,,2024-10-30 06:22:51,,unavailable,,unavailable,,unavailable,,unavailable,,unavailable_no_verified_acquisition_or_sale_date,observed_reference_fields_plus_unavailable_requested_fields
11059,2023,2017 더뉴K3[휘],2024-10-30 06:22:51.796576,,2024-10-30 06:22:51,,unavailable,,unavailable,,unavailable,,unavailable,,unavailable_no_verified_acquisition_or_sale_date,observed_reference_fields_plus_unavailable_requested_fields
11060,2023,2017 더뉴K3[휘],2024-10-30 06:22:51.796576,,2024-10-30 06:22:51,,unavailable,,unavailable,,unavailable,,unavailable,,unavailable_no_verified_acquisition_or_sale_date,observed_reference_fields_plus_unavailable_requested_fields
11061,2023,2017 더뉴K3[휘],2024-10-30 06:22:51.796576,,2024-10-30 06:22:51,,unavailable,,unavailable,,unavailable,,unavailable,,unavailable_no_verified_acquisition_or_sale_date,observed_reference_fields_plus_unavailable_requested_fields
11062,2023,2017 더뉴K3[휘],2024-10-30 06:22:51.796576,,2024-10-30 06:22:51,,unavailable,,unavailable,,unavailable,,unavailable,,unavailable_no_verified_acquisition_or_sale_date,observed_reference_fields_plus_unavailable_requested_fields
11063,2023,2017 더뉴K3[휘],2024-10-30 06:22:51.796576,,2024-10-30 06:22:51,,unavailable,,unavailable,,unavailable,,unavailable,,unavailable_no_verified_acquisition_or_sale_date,observed_reference_fields_plus_unavailable_requested_fields
11064,1862,19/20년 머스탱 컨버터블(휘),2024-10-30 06:22:51.796576,,2024-10-30 06:22:51,,unavailable,,unavailable,,unavailable,,unavailable,,unavailable_no_verified_acquisition_or_sale_date,observed_reference_fields_plus_unavailable_requested_fields
11065,2038,LF소나타[LPG],2024-10-30 06:22:51.796576,,2024-10-30 06:22:51,,unavailable,,unavailable,,unavailable,,unavailable,,unavailable_no_verified_acquisition_or_sale_date,observed_reference_fields_plus_unavailable_requested_fields
11066,2094,매각[LF소나타],2024-10-30 06:22:51.796576,,2024-10-30 06:22:51,,unavailable,,unavailable,,unavailable,,unavailable,,unavailable_no_verified_acquisition_or_sale_date,observed_reference_fields_plus_unavailable_requested_fields
11067,1862,19/20년 머스탱 컨버터블(휘),2024-10-30 06:22:51.796576,,2024-10-30 06:22:51,,unavailable,,unavailable,,unavailable,,unavailable,,unavailable_no_verified_acquisition_or_sale_date,observed_reference_fields_plus_unavailable_requested_fields
11068,2038,LF소나타[LPG],2024-10-30 06:22:51.796576,,2024-10-30 06:22:51,,unavailable,,unavailable,,unavailable,,unavailable,,unavailable_no_verified_acquisition_or_sale_date,observed_reference_fields_plus_unavailable_requested_fields
11069,2094,매각[LF소나타],2024-10-30 06:22:51.796576,,2024-10-30 06:22:51,,unavailable,,unavailable,,unavailable,,unavailable,,unavailable_no_verified_acquisition_or_sale_date,observed_reference_fields_plus_unavailable_requested_fields
11070,2038,LF소나타[LPG],2024-10-30 06:22:51.796576,,2024-10-30 06:22:51,,unavailable,,unavailable,,unavailable,,unavailable,,unavailable_no_verified_acquisition_or_sale_date,observed_reference_fields_plus_unavailable_requested_fields
11071,2094,매각[LF소나타],2024-10-30 06:22:51.796576,,2024-10-30 06:22:51,,unavailable,,unavailable,,unavailable,,unavailable,,unavailable_no_verified_acquisition_or_sale_date,observed_reference_fields_plus_unavailable_requested_fields
11072,2038,LF소나타[LPG],2024-10-30 06:22:51.796576,,2024-10-30 06:22:51,,unavailable,,unavailable,,unavailable,,unavailable,,unavailable_no_verified_acquisition_or_sale_date,observed_reference_fields_plus_unavailable_requested_fields
11073,2094,매각[LF소나타],2024-10-30 06:22:51.796576,,2024-10-30 06:22:51,,unavailable,,unavailable,,unavailable,,unavailable,,unavailable_no_verified_acquisition_or_sale_date,observed_reference_fields_plus_unavailable_requested_fields
11074,2038,LF소나타[LPG],2024-10-30 06:22:51.796576,,2024-10-30 06:22:51,,unavailable,,unavailable,,unavailable,,unavailable,,unavailable_no_verified_acquisition_or_sale_date,observed_reference_fields_plus_unavailable_requested_fields
11075,2094,매각[LF소나타],2024-10-30 06:22:51.796576,,2024-10-30 06:22:51,,unavailable,,unavailable,,unavailable,,unavailable,,unavailable_no_verified_acquisition_or_sale_date,observed_reference_fields_plus_unavailable_requested_fields
11076,2038,LF소나타[LPG],2024-10-30 06:22:51.796576,,2024-10-30 06:22:51,,unavailable,,unavailable,,unavailable,,unavailable,,unavailable_no_verified_acquisition_or_sale_date,observed_reference_fields_plus_unavailable_requested_fields
11077,2094,매각[LF소나타],2024-10-30 06:22:51.796576,,2024-10-30 06:22:51,,unavailable,,unavailable,,unavailable,,unavailable,,unavailable_no_verified_acquisition_or_sale_date,observed_reference_fields_plus_unavailable_requested_fields
11078,2038,LF소나타[LPG],2024-10-30 06:22:51.796576,,2024-10-30 06:22:51,,unavailable,,unavailable,,unavailable,,unavailable,,unavailable_no_verified_acquisition_or_sale_date,observed_reference_fields_plus_unavailable_requested_fields
11079,2094,매각[LF소나타],2024-10-30 06:22:51.796576,,2024-10-30 06:22:51,,unavailable,,unavailable,,unavailable,,unavailable,,unavailable_no_verified_acquisition_or_sale_date,observed_reference_fields_plus_unavailable_requested_fields
11080,2038,LF소나타[LPG],2024-10-30 06:22:51.796576,,2024-10-30 06:22:51,,unavailable,,unavailable,,unavailable,,unavailable,,unavailable_no_verified_acquisition_or_sale_date,observed_reference_fields_plus_unavailable_requested_fields
11081,2094,매각[LF소나타],2024-10-30 06:22:51.796576,,2024-10-30 06:22:51,,unavailable,,unavailable,,unavailable,,unavailable,,unavailable_no_verified_acquisition_or_sale_date,observed_reference_fields_plus_unavailable_requested_fields
11082,2038,LF소나타[LPG],2024-10-30 06:22:51.796576,,2024-10-30 06:22:51,,unavailable,,unavailable,,unavailable,,unavailable,,unavailable_no_verified_acquisition_or_sale_date,observed_reference_fields_plus_unavailable_requested_fields
11083,2094,매각[LF소나타],2024-10-30 06:22:51.796576,,2024-10-30 06:22:51,,unavailable,,unavailable,,unavailable,,unavailable,,unavailable_no_verified_acquisition_or_sale_date,observed_reference_fields_plus_unavailable_requested_fields
11084,2038,LF소나타[LPG],2024-10-30 06:22:51.796576,,2024-10-30 06:22:51,,unavailable,,unavailable,,unavailable,,unavailable,,unavailable_no_verified_acquisition_or_sale_date,observed_reference_fields_plus_unavailable_requested_fields
11085,2094,매각[LF소나타],2024-10-30 06:22:51.796576,,2024-10-30 06:22:51,,unavailable,,unavailable,,unavailable,,unavailable,,unavailable_no_verified_acquisition_or_sale_date,observed_reference_fields_plus_unavailable_requested_fields
11086,2038,LF소나타[LPG],2024-10-30 06:22:51.796576,,2024-10-30 06:22:51,,unavailable,,unavailable,,unavailable,,unavailable,,unavailable_no_verified_acquisition_or_sale_date,observed_reference_fields_plus_unavailable_requested_fields
11087,2094,매각[LF소나타],2024-10-30 06:22:51.796576,,2024-10-30 06:22:51,,unavailable,,unavailable,,unavailable,,unavailable,,unavailable_no_verified_acquisition_or_sale_date,observed_reference_fields_plus_unavailable_requested_fields
11088,2038,LF소나타[LPG],2024-10-30 06:22:51.796576,,2024-10-30 06:22:51,,unavailable,,unavailable,,unavailable,,unavailable,,unavailable_no_verified_acquisition_or_sale_date,observed_reference_fields_plus_unavailable_requested_fields
11089,2094,매각[LF소나타],2024-10-30 06:22:51.796576,,2024-10-30 06:22:51,,unavailable,,unavailable,,unavailable,,unavailable,,unavailable_no_verified_acquisition_or_sale_date,observed_reference_fields_plus_unavailable_requested_fields
11090,2038,LF소나타[LPG],2024-10-30 06:22:51.796576,,2024-10-30 06:22:51,,unavailable,,unavailable,,unavailable,,unavailable,,unavailable_no_verified_acquisition_or_sale_date,observed_reference_fields_plus_unavailable_requested_fields
11091,2094,매각[LF소나타],2024-10-30 06:22:51.796576,,2024-10-30 06:22:51,,unavailable,,unavailable,,unavailable,,unavailable,,unavailable_no_verified_acquisition_or_sale_date,observed_reference_fields_plus_unavailable_requested_fields
11092,2022,16년 올뉴K5[LPG],2024-10-30 06:22:51.796576,,2024-10-30 06:22:51,,unavailable,,unavailable,,unavailable,,unavailable,,unavailable_no_verified_acquisition_or_sale_date,observed_reference_fields_plus_unavailable_requested_fields
11093,2095,매각[올뉴K5],2024-10-30 06:22:51.796576,,2024-10-30 06:22:51,,unavailable,,unavailable,,unavailable,,unavailable,,unavailable_no_verified_acquisition_or_sale_date,observed_reference_fields_plus_unavailable_requested_fields
11094,2022,16년 올뉴K5[LPG],2024-10-30 06:22:51.796576,,2024-10-30 06:22:51,,unavailable,,unavailable,,unavailable,,unavailable,,unavailable_no_verified_acquisition_or_sale_date,observed_reference_fields_plus_unavailable_requested_fields
11095,2095,매각[올뉴K5],2024-10-30 06:22:51.796576,,2024-10-30 06:22:51,,unavailable,,unavailable,,unavailable,,unavailable,,unavailable_no_verified_acquisition_or_sale_date,observed_reference_fields_plus_unavailable_requested_fields
11096,2022,16년 올뉴K5[LPG],2024-10-30 06:22:51.796576,,2024-10-30 06:22:51,,unavailable,,unavailable,,unavailable,,unavailable,,unavailable_no_verified_acquisition_or_sale_date,observed_reference_fields_plus_unavailable_requested_fields
11097,2095,매각[올뉴K5],2024-10-30 06:22:51.796576,,2024-10-30 06:22:51,,unavailable,,unavailable,,unavailable,,unavailable,,unavailable_no_verified_acquisition_or_sale_date,observed_reference_fields_plus_unavailable_requested_fields
11098,2022,16년 올뉴K5[LPG],2024-10-30 06:22:51.796576,,2024-10-30 06:22:51,,unavailable,,unavailable,,unavailable,,unavailable,,unavailable_no_verified_acquisition_or_sale_date,observed_reference_fields_plus_unavailable_requested_fields
11099,2095,매각[올뉴K5],2024-10-30 06:22:51.796576,,2024-10-30 06:22:51,,unavailable,,unavailable,,unavailable,,unavailable,,unavailable_no_verified_acquisition_or_sale_date,observed_reference_fields_plus_unavailable_requested_fields
11100,2022,16년 올뉴K5[LPG],2024-10-30 06:22:51.796576,,2024-10-30 06:22:51,,unavailable,,unavailable,,unavailable,,unavailable,,unavailable_no_verified_acquisition_or_sale_date,observed_reference_fields_plus_unavailable_requested_fields
11101,2095,매각[올뉴K5],2024-10-30 06:22:51.796576,,2024-10-30 06:22:51,,unavailable,,unavailable,,unavailable,,unavailable,,unavailable_no_verified_acquisition_or_sale_date,observed_reference_fields_plus_unavailable_requested_fields
11102,2022,16년 올뉴K5[LPG],2024-10-30 06:22:51.796576,,2024-10-30 06:22:51,,unavailable,,unavailable,,unavailable,,unavailable,,unavailable_no_verified_acquisition_or_sale_date,observed_reference_fields_plus_unavailable_requested_fields
11103,2095,매각[올뉴K5],2024-10-30 06:22:51.796576,,2024-10-30 06:22:51,,unavailable,,unavailable,,unavailable,,unavailable,,unavailable_no_verified_acquisition_or_sale_date,observed_reference_fields_plus_unavailable_requested_fields
11104,2022,16년 올뉴K5[LPG],2024-10-30 06:22:51.796576,,2024-10-30 06:22:51,,unavailable,,unavailable,,unavailable,,unavailable,,unavailable_no_verified_acquisition_or_sale_date,observed_reference_fields_plus_unavailable_requested_fields
11105,2095,매각[올뉴K5],2024-10-30 06:22:51.796576,,2024-10-30 06:22:51,,unavailable,,unavailable,,unavailable,,unavailable,,unavailable_no_verified_acquisition_or_sale_date,observed_reference_fields_plus_unavailable_requested_fields
11106,2022,16년 올뉴K5[LPG],2024-10-30 06:22:51.796576,,2024-10-30 06:22:51,,unavailable,,unavailable,,unavailable,,unavailable,,unavailable_no_verified_acquisition_or_sale_date,observed_reference_fields_plus_unavailable_requested_fields
11107,2095,매각[올뉴K5],2024-10-30 06:22:51.796576,,2024-10-30 06:22:51,,unavailable,,unavailable,,unavailable,,unavailable,,unavailable_no_verified_acquisition_or_sale_date,observed_reference_fields_plus_unavailable_requested_fields
11108,2022,16년 올뉴K5[LPG],2024-10-30 06:22:51.796576,,2024-10-30 06:22:51,,unavailable,,unavailable,,unavailable,,unavailable,,unavailable_no_verified_acquisition_or_sale_date,observed_reference_fields_plus_unavailable_requested_fields
11109,2095,매각[올뉴K5],2024-10-30 06:22:51.796576,,2024-10-30 06:22:51,,unavailable,,unavailable,,unavailable,,unavailable,,unavailable_no_verified_acquisition_or_sale_date,observed_reference_fields_plus_unavailable_requested_fields
11110,2022,16년 올뉴K5[LPG],2024-10-30 06:22:51.796576,,2024-10-30 06:22:51,,unavailable,,unavailable,,unavailable,,unavailable,,unavailable_no_verified_acquisition_or_sale_date,observed_reference_fields_plus_unavailable_requested_fields
11111,2095,매각[올뉴K5],2024-10-30 06:22:51.796576,,2024-10-30 06:22:51,,unavailable,,unavailable,,unavailable,,unavailable,,unavailable_no_verified_acquisition_or_sale_date,observed_reference_fields_plus_unavailable_requested_fields
11112,2022,16년 올뉴K5[LPG],2024-10-30 06:22:51.796576,,2024-10-30 06:22:51,,unavailable,,unavailable,,unavailable,,unavailable,,unavailable_no_verified_acquisition_or_sale_date,observed_reference_fields_plus_unavailable_requested_fields
11113,2095,매각[올뉴K5],2024-10-30 06:22:51.796576,,2024-10-30 06:22:51,,unavailable,,unavailable,,unavailable,,unavailable,,unavailable_no_verified_acquisition_or_sale_date,observed_reference_fields_plus_unavailable_requested_fields
11114,2022,16년 올뉴K5[LPG],2024-10-30 06:22:51.796576,,2024-10-30 06:22:51,,unavailable,,unavailable,,unavailable,,unavailable,,unavailable_no_verified_acquisition_or_sale_date,observed_reference_fields_plus_unavailable_requested_fields
11115,2095,매각[올뉴K5],2024-10-30 06:22:51.796576,,2024-10-30 06:22:51,,unavailable,,unavailable,,unavailable,,unavailable,,unavailable_no_verified_acquisition_or_sale_date,observed_reference_fields_plus_unavailable_requested_fields
11116,2022,16년 올뉴K5[LPG],2024-10-30 06:22:51.796576,,2024-10-30 06:22:51,,unavailable,,unavailable,,unavailable,,unavailable,,unavailable_no_verified_acquisition_or_sale_date,observed_reference_fields_plus_unavailable_requested_fields
11117,2095,매각[올뉴K5],2024-10-30 06:22:51.796576,,2024-10-30 06:22:51,,unavailable,,unavailable,,unavailable,,unavailable,,unavailable_no_verified_acquisition_or_sale_date,observed_reference_fields_plus_unavailable_requested_fields
11118,2022,16년 올뉴K5[LPG],2024-10-30 06:22:51.796576,,2024-10-30 06:22:51,,unavailable,,unavailable,,unavailable,,unavailable,,unavailable_no_verified_acquisition_or_sale_date,observed_reference_fields_plus_unavailable_requested_fields
11119,2095,매각[올뉴K5],2024-10-30 06:22:51.796576,,2024-10-30 06:22:51,,unavailable,,unavailable,,unavailable,,unavailable,,unavailable_no_verified_acquisition_or_sale_date,observed_reference_fields_plus_unavailable_requested_fields
11120,2022,16년 올뉴K5[LPG],2024-10-30 06:22:51.796576,,2024-10-30 06:22:51,,unavailable,,unavailable,,unavailable,,unavailable,,unavailable_no_verified_acquisition_or_sale_date,observed_reference_fields_plus_unavailable_requested_fields
11121,2095,매각[올뉴K5],2024-10-30 06:22:51.796576,,2024-10-30 06:22:51,,unavailable,,unavailable,,unavailable,,unavailable,,unavailable_no_verified_acquisition_or_sale_date,observed_reference_fields_plus_unavailable_requested_fields
11122,2022,16년 올뉴K5[LPG],2024-10-30 06:22:51.796576,,2024-10-30 06:22:51,,unavailable,,unavailable,,unavailable,,unavailable,,unavailable_no_verified_acquisition_or_sale_date,observed_reference_fields_plus_unavailable_requested_fields
11123,2095,매각[올뉴K5],2024-10-30 06:22:51.796576,,2024-10-30 06:22:51,,unavailable,,unavailable,,unavailable,,unavailable,,unavailable_no_verified_acquisition_or_sale_date,observed_reference_fields_plus_unavailable_requested_fields
11124,2022,16년 올뉴K5[LPG],2024-10-30 06:22:51.796576,,2024-10-30 06:22:51,,unavailable,,unavailable,,unavailable,,unavailable,,unavailable_no_verified_acquisition_or_sale_date,observed_reference_fields_plus_unavailable_requested_fields
11125,2095,매각[올뉴K5],2024-10-30 06:22:51.796576,,2024-10-30 06:22:51,,unavailable,,unavailable,,unavailable,,unavailable,,unavailable_no_verified_acquisition_or_sale_date,observed_reference_fields_plus_unavailable_requested_fields
11126,2022,16년 올뉴K5[LPG],2024-10-30 06:22:51.796576,,2024-10-30 06:22:51,,unavailable,,unavailable,,unavailable,,unavailable,,unavailable_no_verified_acquisition_or_sale_date,observed_reference_fields_plus_unavailable_requested_fields
11127,2095,매각[올뉴K5],2024-10-30 06:22:51.796576,,2024-10-30 06:22:51,,unavailable,,unavailable,,unavailable,,unavailable,,unavailable_no_verified_acquisition_or_sale_date,observed_reference_fields_plus_unavailable_requested_fields
11128,2022,16년 올뉴K5[LPG],2024-10-30 06:22:51.796576,,2024-10-30 06:22:51,,unavailable,,unavailable,,unavailable,,unavailable,,unavailable_no_verified_acquisition_or_sale_date,observed_reference_fields_plus_unavailable_requested_fields
11129,2095,매각[올뉴K5],2024-10-30 06:22:51.796576,,2024-10-30 06:22:51,,unavailable,,unavailable,,unavailable,,unavailable,,unavailable_no_verified_acquisition_or_sale_date,observed_reference_fields_plus_unavailable_requested_fields
11130,1978,17년 올뉴투싼[경유],2024-10-30 06:22:51.796576,,2024-10-30 06:22:51,,unavailable,,unavailable,,unavailable,,unavailable,,unavailable_no_verified_acquisition_or_sale_date,observed_reference_fields_plus_unavailable_requested_fields
11131,1978,17년 올뉴투싼[경유],2024-10-30 06:22:51.796576,,2024-10-30 06:22:51,,unavailable,,unavailable,,unavailable,,unavailable,,unavailable_no_verified_acquisition_or_sale_date,observed_reference_fields_plus_unavailable_requested_fields
11132,1978,17년 올뉴투싼[경유],2024-10-30 06:22:51.796576,,2024-10-30 06:22:51,,unavailable,,unavailable,,unavailable,,unavailable,,unavailable_no_verified_acquisition_or_sale_date,observed_reference_fields_plus_unavailable_requested_fields
11133,2058,올란도7인[경유],2024-10-30 06:22:51.796576,,2024-10-30 06:22:51,,unavailable,,unavailable,,unavailable,,unavailable,,unavailable_no_verified_acquisition_or_sale_date,observed_reference_fields_plus_unavailable_requested_fields
11134,2058,올란도7인[경유],2024-10-30 06:22:51.796576,,2024-10-30 06:22:51,,unavailable,,unavailable,,unavailable,,unavailable,,unavailable_no_verified_acquisition_or_sale_date,observed_reference_fields_plus_unavailable_requested_fields
11135,2058,올란도7인[경유],2024-10-30 06:22:51.796576,,2024-10-30 06:22:51,,unavailable,,unavailable,,unavailable,,unavailable,,unavailable_no_verified_acquisition_or_sale_date,observed_reference_fields_plus_unavailable_requested_fields
11136,1843,16/18년 올뉴카니발9인(경유),2024-10-30 06:22:51.796576,,2024-10-30 06:22:51,,unavailable,,unavailable,,unavailable,,unavailable,,unavailable_no_verified_acquisition_or_sale_date,observed_reference_fields_plus_unavailable_requested_fields
11137,1843,16/18년 올뉴카니발9인(경유),2024-10-30 06:22:51.796576,,2024-10-30 06:22:51,,unavailable,,unavailable,,unavailable,,unavailable,,unavailable_no_verified_acquisition_or_sale_date,observed_reference_fields_plus_unavailable_requested_fields
11138,1843,16/18년 올뉴카니발9인(경유),2024-10-30 06:22:51.796576,,2024-10-30 06:22:51,,unavailable,,unavailable,,unavailable,,unavailable,,unavailable_no_verified_acquisition_or_sale_date,observed_reference_fields_plus_unavailable_requested_fields
11139,1843,16/18년 올뉴카니발9인(경유),2024-10-30 06:22:51.796576,,2024-10-30 06:22:51,,unavailable,,unavailable,,unavailable,,unavailable,,unavailable_no_verified_acquisition_or_sale_date,observed_reference_fields_plus_unavailable_requested_fields
11140,1843,16/18년 올뉴카니발9인(경유),2024-10-30 06:22:51.796576,,2024-10-30 06:22:51,,unavailable,,unavailable,,unavailable,,unavailable,,unavailable_no_verified_acquisition_or_sale_date,observed_reference_fields_plus_unavailable_requested_fields
11141,1843,16/18년 올뉴카니발9인(경유),2024-10-30 06:22:51.796576,,2024-10-30 06:22:51,,unavailable,,unavailable,,unavailable,,unavailable,,unavailable_no_verified_acquisition_or_sale_date,observed_reference_fields_plus_unavailable_requested_fields
11142,2038,LF소나타[LPG],2024-10-30 06:22:51.796576,,2024-10-30 06:22:51,,unavailable,,unavailable,,unavailable,,unavailable,,unavailable_no_verified_acquisition_or_sale_date,observed_reference_fields_plus_unavailable_requested_fields
11143,2094,매각[LF소나타],2024-10-30 06:22:51.796576,,2024-10-30 06:22:51,,unavailable,,unavailable,,unavailable,,unavailable,,unavailable_no_verified_acquisition_or_sale_date,observed_reference_fields_plus_unavailable_requested_fields
11144,2038,LF소나타[LPG],2024-10-30 06:22:51.796576,,2024-10-30 06:22:51,,unavailable,,unavailable,,unavailable,,unavailable,,unavailable_no_verified_acquisition_or_sale_date,observed_reference_fields_plus_unavailable_requested_fields
11145,2094,매각[LF소나타],2024-10-30 06:22:51.796576,,2024-10-30 06:22:51,,unavailable,,unavailable,,unavailable,,unavailable,,unavailable_no_verified_acquisition_or_sale_date,observed_reference_fields_plus_unavailable_requested_fields
11146,2038,LF소나타[LPG],2024-10-30 06:22:51.796576,,2024-10-30 06:22:51,,unavailable,,unavailable,,unavailable,,unavailable,,unavailable_no_verified_acquisition_or_sale_date,observed_reference_fields_plus_unavailable_requested_fields
11147,2094,매각[LF소나타],2024-10-30 06:22:51.796576,,2024-10-30 06:22:51,,unavailable,,unavailable,,unavailable,,unavailable,,unavailable_no_verified_acquisition_or_sale_date,observed_reference_fields_plus_unavailable_requested_fields
11148,2038,LF소나타[LPG],2024-10-30 06:22:51.796576,,2024-10-30 06:22:51,,unavailable,,unavailable,,unavailable,,unavailable,,unavailable_no_verified_acquisition_or_sale_date,observed_reference_fields_plus_unavailable_requested_fields
11149,2094,매각[LF소나타],2024-10-30 06:22:51.796576,,2024-10-30 06:22:51,,unavailable,,unavailable,,unavailable,,unavailable,,unavailable_no_verified_acquisition_or_sale_date,observed_reference_fields_plus_unavailable_requested_fields
11150,2038,LF소나타[LPG],2024-10-30 06:22:51.796576,,2024-10-30 06:22:51,,unavailable,,unavailable,,unavailable,,unavailable,,unavailable_no_verified_acquisition_or_sale_date,observed_reference_fields_plus_unavailable_requested_fields
11151,2094,매각[LF소나타],2024-10-30 06:22:51.796576,,2024-10-30 06:22:51,,unavailable,,unavailable,,unavailable,,unavailable,,unavailable_no_verified_acquisition_or_sale_date,observed_reference_fields_plus_unavailable_requested_fields
11152,2038,LF소나타[LPG],2024-10-30 06:22:51.796576,,2024-10-30 06:22:51,,unavailable,,unavailable,,unavailable,,unavailable,,unavailable_no_verified_acquisition_or_sale_date,observed_reference_fields_plus_unavailable_requested_fields
11153,2038,LF소나타[LPG],2024-10-30 06:22:51.796576,,2024-10-30 06:22:51,,unavailable,,unavailable,,unavailable,,unavailable,,unavailable_no_verified_acquisition_or_sale_date,observed_reference_fields_plus_unavailable_requested_fields
11154,2038,LF소나타[LPG],2024-10-30 06:22:51.796576,,2024-10-30 06:22:51,,unavailable,,unavailable,,unavailable,,unavailable,,unavailable_no_verified_acquisition_or_sale_date,observed_reference_fields_plus_unavailable_requested_fields
11155,2038,LF소나타[LPG],2024-10-30 06:22:51.796576,,2024-10-30 06:22:51,,unavailable,,unavailable,,unavailable,,unavailable,,unavailable_no_verified_acquisition_or_sale_date,observed_reference_fields_plus_unavailable_requested_fields
11156,2038,LF소나타[LPG],2024-10-30 06:22:51.796576,,2024-10-30 06:22:51,,unavailable,,unavailable,,unavailable,,unavailable,,unavailable_no_verified_acquisition_or_sale_date,observed_reference_fields_plus_unavailable_requested_fields
11157,2022,16년 올뉴K5[LPG],2024-10-30 06:22:51.796576,,2024-10-30 06:22:51,,unavailable,,unavailable,,unavailable,,unavailable,,unavailable_no_verified_acquisition_or_sale_date,observed_reference_fields_plus_unavailable_requested_fields
11158,2095,매각[올뉴K5],2024-10-30 06:22:51.796576,,2024-10-30 06:22:51,,unavailable,,unavailable,,unavailable,,unavailable,,unavailable_no_verified_acquisition_or_sale_date,observed_reference_fields_plus_unavailable_requested_fields
11159,2022,16년 올뉴K5[LPG],2024-10-30 06:22:51.796576,,2024-10-30 06:22:51,,unavailable,,unavailable,,unavailable,,unavailable,,unavailable_no_verified_acquisition_or_sale_date,observed_reference_fields_plus_unavailable_requested_fields
11160,2022,16년 올뉴K5[LPG],2024-10-30 06:22:51.796576,,2024-10-30 06:22:51,,unavailable,,unavailable,,unavailable,,unavailable,,unavailable_no_verified_acquisition_or_sale_date,observed_reference_fields_plus_unavailable_requested_fields
11161,2022,16년 올뉴K5[LPG],2024-10-30 06:22:51.796576,,2024-10-30 06:22:51,,unavailable,,unavailable,,unavailable,,unavailable,,unavailable_no_verified_acquisition_or_sale_date,observed_reference_fields_plus_unavailable_requested_fields
11162,2022,16년 올뉴K5[LPG],2024-10-30 06:22:51.796576,,2024-10-30 06:22:51,,unavailable,,unavailable,,unavailable,,unavailable,,unavailable_no_verified_acquisition_or_sale_date,observed_reference_fields_plus_unavailable_requested_fields
11163,2022,16년 올뉴K5[LPG],2024-10-30 06:22:51.796576,,2024-10-30 06:22:51,,unavailable,,unavailable,,unavailable,,unavailable,,unavailable_no_verified_acquisition_or_sale_date,observed_reference_fields_plus_unavailable_requested_fields
11164,2022,16년 올뉴K5[LPG],2024-10-30 06:22:51.796576,,2024-10-30 06:22:51,,unavailable,,unavailable,,unavailable,,unavailable,,unavailable_no_verified_acquisition_or_sale_date,observed_reference_fields_plus_unavailable_requested_fields
11165,2022,16년 올뉴K5[LPG],2024-10-30 06:22:51.796576,,2024-10-30 06:22:51,,unavailable,,unavailable,,unavailable,,unavailable,,unavailable_no_verified_acquisition_or_sale_date,observed_reference_fields_plus_unavailable_requested_fields
11166,2022,16년 올뉴K5[LPG],2024-10-30 06:22:51.796576,,2024-10-30 06:22:51,,unavailable,,unavailable,,unavailable,,unavailable,,unavailable_no_verified_acquisition_or_sale_date,observed_reference_fields_plus_unavailable_requested_fields
11167,2022,16년 올뉴K5[LPG],2024-10-30 06:22:51.796576,,2024-10-30 06:22:51,,unavailable,,unavailable,,unavailable,,unavailable,,unavailable_no_verified_acquisition_or_sale_date,observed_reference_fields_plus_unavailable_requested_fields
11168,2022,16년 올뉴K5[LPG],2024-10-30 06:22:51.796576,,2024-10-30 06:22:51,,unavailable,,unavailable,,unavailable,,unavailable,,unavailable_no_verified_acquisition_or_sale_date,observed_reference_fields_plus_unavailable_requested_fields
11169,2022,16년 올뉴K5[LPG],2024-10-30 06:22:51.796576,,2024-10-30 06:22:51,,unavailable,,unavailable,,unavailable,,unavailable,,unavailable_no_verified_acquisition_or_sale_date,observed_reference_fields_plus_unavailable_requested_fields
11170,2022,16년 올뉴K5[LPG],2024-10-30 06:22:51.796576,,2024-10-30 06:22:51,,unavailable,,unavailable,,unavailable,,unavailable,,unavailable_no_verified_acquisition_or_sale_date,observed_reference_fields_plus_unavailable_requested_fields
11171,1983,18/19 쏘나타뉴라이즈[LPG],2024-10-30 06:22:51.796576,,2024-10-30 06:22:51,,unavailable,,unavailable,,unavailable,,unavailable,,unavailable_no_verified_acquisition_or_sale_date,observed_reference_fields_plus_unavailable_requested_fields
11172,1983,18/19 쏘나타뉴라이즈[LPG],2024-10-30 06:22:51.796576,,2024-10-30 06:22:51,,unavailable,,unavailable,,unavailable,,unavailable,,unavailable_no_verified_acquisition_or_sale_date,observed_reference_fields_plus_unavailable_requested_fields
11173,1983,18/19 쏘나타뉴라이즈[LPG],2024-10-30 06:22:51.796576,,2024-10-30 06:22:51,,unavailable,,unavailable,,unavailable,,unavailable,,unavailable_no_verified_acquisition_or_sale_date,observed_reference_fields_plus_unavailable_requested_fields
11174,1983,18/19 쏘나타뉴라이즈[LPG],2024-10-30 06:22:51.796576,,2024-10-30 06:22:51,,unavailable,,unavailable,,unavailable,,unavailable,,unavailable_no_verified_acquisition_or_sale_date,observed_reference_fields_plus_unavailable_requested_fields
11175,1983,18/19 쏘나타뉴라이즈[LPG],2024-10-30 06:22:51.796576,,2024-10-30 06:22:51,,unavailable,,unavailable,,unavailable,,unavailable,,unavailable_no_verified_acquisition_or_sale_date,observed_reference_fields_plus_unavailable_requested_fields
11176,1852,18년 뉴레이(휘),2024-10-30 06:22:51.796576,,2024-10-30 06:22:51,,unavailable,,unavailable,,unavailable,,unavailable,,unavailable_no_verified_acquisition_or_sale_date,observed_reference_fields_plus_unavailable_requested_fields
11177,1852,18년 뉴레이(휘),2024-10-30 06:22:51.796576,,2024-10-30 06:22:51,,unavailable,,unavailable,,unavailable,,unavailable,,unavailable_no_verified_acquisition_or_sale_date,observed_reference_fields_plus_unavailable_requested_fields
11178,1852,18년 뉴레이(휘),2024-10-30 06:22:51.796576,,2024-10-30 06:22:51,,unavailable,,unavailable,,unavailable,,unavailable,,unavailable_no_verified_acquisition_or_sale_date,observed_reference_fields_plus_unavailable_requested_fields
11179,1852,18년 뉴레이(휘),2024-10-30 06:22:51.796576,,2024-10-30 06:22:51,,unavailable,,unavailable,,unavailable,,unavailable,,unavailable_no_verified_acquisition_or_sale_date,observed_reference_fields_plus_unavailable_requested_fields
11180,1855,18/19년 올뉴 K3(휘),2024-10-30 06:22:51.796576,,2024-10-30 06:22:51,,unavailable,,unavailable,,unavailable,,unavailable,,unavailable_no_verified_acquisition_or_sale_date,observed_reference_fields_plus_unavailable_requested_fields
11181,1855,18/19년 올뉴 K3(휘),2024-10-30 06:22:51.796576,,2024-10-30 06:22:51,,unavailable,,unavailable,,unavailable,,unavailable,,unavailable_no_verified_acquisition_or_sale_date,observed_reference_fields_plus_unavailable_requested_fields
11182,1855,18/19년 올뉴 K3(휘),2024-10-30 06:22:51.796576,,2024-10-30 06:22:51,,unavailable,,unavailable,,unavailable,,unavailable,,unavailable_no_verified_acquisition_or_sale_date,observed_reference_fields_plus_unavailable_requested_fields
11183,1985,18/19 더뉴K5[휘],2024-10-30 06:22:51.796576,,2024-10-30 06:22:51,,unavailable,,unavailable,,unavailable,,unavailable,,unavailable_no_verified_acquisition_or_sale_date,observed_reference_fields_plus_unavailable_requested_fields
11184,1985,18/19 더뉴K5[휘],2024-10-30 06:22:51.796576,,2024-10-30 06:22:51,,unavailable,,unavailable,,unavailable,,unavailable,,unavailable_no_verified_acquisition_or_sale_date,observed_reference_fields_plus_unavailable_requested_fields
11185,1985,18/19 더뉴K5[휘],2024-10-30 06:22:51.796576,,2024-10-30 06:22:51,,unavailable,,unavailable,,unavailable,,unavailable,,unavailable_no_verified_acquisition_or_sale_date,observed_reference_fields_plus_unavailable_requested_fields
11186,2040,아반떼AD[휘],2024-10-30 06:22:51.796576,,2024-10-30 06:22:51,,unavailable,,unavailable,,unavailable,,unavailable,,unavailable_no_verified_acquisition_or_sale_date,observed_reference_fields_plus_unavailable_requested_fields
11187,2040,아반떼AD[휘],2024-10-30 06:22:51.796576,,2024-10-30 06:22:51,,unavailable,,unavailable,,unavailable,,unavailable,,unavailable_no_verified_acquisition_or_sale_date,observed_reference_fields_plus_unavailable_requested_fields
11188,2040,아반떼AD[휘],2024-10-30 06:22:51.796576,,2024-10-30 06:22:51,,unavailable,,unavailable,,unavailable,,unavailable,,unavailable_no_verified_acquisition_or_sale_date,observed_reference_fields_plus_unavailable_requested_fields
11189,2040,아반떼AD[휘],2024-10-30 06:22:51.796576,,2024-10-30 06:22:51,,unavailable,,unavailable,,unavailable,,unavailable,,unavailable_no_verified_acquisition_or_sale_date,observed_reference_fields_plus_unavailable_requested_fields
11190,2040,아반떼AD[휘],2024-10-30 06:22:51.796576,,2024-10-30 06:22:51,,unavailable,,unavailable,,unavailable,,unavailable,,unavailable_no_verified_acquisition_or_sale_date,observed_reference_fields_plus_unavailable_requested_fields
11191,2040,아반떼AD[휘],2024-10-30 06:22:51.796576,,2024-10-30 06:22:51,,unavailable,,unavailable,,unavailable,,unavailable,,unavailable_no_verified_acquisition_or_sale_date,observed_reference_fields_plus_unavailable_requested_fields
11192,2045,17/18 i30[휘],2024-10-30 06:22:51.796576,,2024-10-30 06:22:51,,unavailable,,unavailable,,unavailable,,unavailable,,unavailable_no_verified_acquisition_or_sale_date,observed_reference_fields_plus_unavailable_requested_fields
11193,2045,17/18 i30[휘],2024-10-30 06:22:51.796576,,2024-10-30 06:22:51,,unavailable,,unavailable,,unavailable,,unavailable,,unavailable_no_verified_acquisition_or_sale_date,observed_reference_fields_plus_unavailable_requested_fields
11194,2045,17/18 i30[휘],2024-10-30 06:22:51.796576,,2024-10-30 06:22:51,,unavailable,,unavailable,,unavailable,,unavailable,,unavailable_no_verified_acquisition_or_sale_date,observed_reference_fields_plus_unavailable_requested_fields
11195,2045,17/18 i30[휘],2024-10-30 06:22:51.796576,,2024-10-30 06:22:51,,unavailable,,unavailable,,unavailable,,unavailable,,unavailable_no_verified_acquisition_or_sale_date,observed_reference_fields_plus_unavailable_requested_fields
11196,1843,16/18년 올뉴카니발9인(경유),2024-10-30 06:22:51.796576,,2024-10-30 06:22:51,,unavailable,,unavailable,,unavailable,,unavailable,,unavailable_no_verified_acquisition_or_sale_date,observed_reference_fields_plus_unavailable_requested_fields
11197,1843,16/18년 올뉴카니발9인(경유),2024-10-30 06:22:51.796576,,2024-10-30 06:22:51,,unavailable,,unavailable,,unavailable,,unavailable,,unavailable_no_verified_acquisition_or_sale_date,observed_reference_fields_plus_unavailable_requested_fields
11198,1843,16/18년 올뉴카니발9인(경유),2024-10-30 06:22:51.796576,,2024-10-30 06:22:51,,unavailable,,unavailable,,unavailable,,unavailable,,unavailable_no_verified_acquisition_or_sale_date,observed_reference_fields_plus_unavailable_requested_fields
11199,1843,16/18년 올뉴카니발9인(경유),2024-10-30 06:22:51.796576,,2024-10-30 06:22:51,,unavailable,,unavailable,,unavailable,,unavailable,,unavailable_no_verified_acquisition_or_sale_date,observed_reference_fields_plus_unavailable_requested_fields
11200,1843,16/18년 올뉴카니발9인(경유),2024-10-30 06:22:51.796576,,2024-10-30 06:22:51,,unavailable,,unavailable,,unavailable,,unavailable,,unavailable_no_verified_acquisition_or_sale_date,observed_reference_fields_plus_unavailable_requested_fields
11201,2045,17/18 i30[휘],2024-10-30 06:22:51.796576,,2024-10-30 06:22:51,,unavailable,,unavailable,,unavailable,,unavailable,,unavailable_no_verified_acquisition_or_sale_date,observed_reference_fields_plus_unavailable_requested_fields
11202,2047,2018년 뉴모닝[휘],2024-10-30 06:22:51.796576,,2024-10-30 06:22:51,,unavailable,,unavailable,,unavailable,,unavailable,,unavailable_no_verified_acquisition_or_sale_date,observed_reference_fields_plus_unavailable_requested_fields
11203,2047,2018년 뉴모닝[휘],2024-10-30 06:22:51.796576,,2024-10-30 06:22:51,,unavailable,,unavailable,,unavailable,,unavailable,,unavailable_no_verified_acquisition_or_sale_date,observed_reference_fields_plus_unavailable_requested_fields
11204,2060,2018 스토닉[휘],2024-10-30 06:22:51.796576,,2024-10-30 06:22:51,,unavailable,,unavailable,,unavailable,,unavailable,,unavailable_no_verified_acquisition_or_sale_date,observed_reference_fields_plus_unavailable_requested_fields
11205,2096,매각[스토닉],2024-10-30 06:22:51.796576,,2024-10-30 06:22:51,,unavailable,,unavailable,,unavailable,,unavailable,,unavailable_no_verified_acquisition_or_sale_date,observed_reference_fields_plus_unavailable_requested_fields
11206,2060,2018 스토닉[휘],2024-10-30 06:22:51.796576,,2024-10-30 06:22:51,,unavailable,,unavailable,,unavailable,,unavailable,,unavailable_no_verified_acquisition_or_sale_date,observed_reference_fields_plus_unavailable_requested_fields
11207,2096,매각[스토닉],2024-10-30 06:22:51.796576,,2024-10-30 06:22:51,,unavailable,,unavailable,,unavailable,,unavailable,,unavailable_no_verified_acquisition_or_sale_date,observed_reference_fields_plus_unavailable_requested_fields
11208,2025,17/18 쏘나타뉴라이즈[휘],2024-10-30 06:22:51.796576,,2024-10-30 06:22:51,,unavailable,,unavailable,,unavailable,,unavailable,,unavailable_no_verified_acquisition_or_sale_date,observed_reference_fields_plus_unavailable_requested_fields
11209,2025,17/18 쏘나타뉴라이즈[휘],2024-10-30 06:22:51.796576,,2024-10-30 06:22:51,,unavailable,,unavailable,,unavailable,,unavailable,,unavailable_no_verified_acquisition_or_sale_date,observed_reference_fields_plus_unavailable_requested_fields
11210,2025,17/18 쏘나타뉴라이즈[휘],2024-10-30 06:22:51.796576,,2024-10-30 06:22:51,,unavailable,,unavailable,,unavailable,,unavailable,,unavailable_no_verified_acquisition_or_sale_date,observed_reference_fields_plus_unavailable_requested_fields
11211,1849,18/19년 그랜져IG(휘),2024-10-30 06:22:51.796576,,2024-10-30 06:22:51,,unavailable,,unavailable,,unavailable,,unavailable,,unavailable_no_verified_acquisition_or_sale_date,observed_reference_fields_plus_unavailable_requested_fields
11212,1849,18/19년 그랜져IG(휘),2024-10-30 06:22:51.796576,,2024-10-30 06:22:51,,unavailable,,unavailable,,unavailable,,unavailable,,unavailable_no_verified_acquisition_or_sale_date,observed_reference_fields_plus_unavailable_requested_fields
11213,1850,18년 아이오닉(전기),2024-10-30 06:22:51.796576,,2024-10-30 06:22:51,,unavailable,,unavailable,,unavailable,,unavailable,,unavailable_no_verified_acquisition_or_sale_date,observed_reference_fields_plus_unavailable_requested_fields
11214,1987,19년 팰리세이드 8인승[경유],2024-10-30 06:22:51.796576,,2024-10-30 06:22:51,,unavailable,,unavailable,,unavailable,,unavailable,,unavailable_no_verified_acquisition_or_sale_date,observed_reference_fields_plus_unavailable_requested_fields
11215,1850,18년 아이오닉(전기),2024-10-30 06:22:51.796576,,2024-10-30 06:22:51,,unavailable,,unavailable,,unavailable,,unavailable,,unavailable_no_verified_acquisition_or_sale_date,observed_reference_fields_plus_unavailable_requested_fields
11216,1850,18년 아이오닉(전기),2024-10-30 06:22:51.796576,,2024-10-30 06:22:51,,unavailable,,unavailable,,unavailable,,unavailable,,unavailable_no_verified_acquisition_or_sale_date,observed_reference_fields_plus_unavailable_requested_fields
11217,1850,18년 아이오닉(전기),2024-10-30 06:22:51.796576,,2024-10-30 06:22:51,,unavailable,,unavailable,,unavailable,,unavailable,,unavailable_no_verified_acquisition_or_sale_date,observed_reference_fields_plus_unavailable_requested_fields
11218,1850,18년 아이오닉(전기),2024-10-30 06:22:51.796576,,2024-10-30 06:22:51,,unavailable,,unavailable,,unavailable,,unavailable,,unavailable_no_verified_acquisition_or_sale_date,observed_reference_fields_plus_unavailable_requested_fields
11219,1850,18년 아이오닉(전기),2024-10-30 06:22:51.796576,,2024-10-30 06:22:51,,unavailable,,unavailable,,unavailable,,unavailable,,unavailable_no_verified_acquisition_or_sale_date,observed_reference_fields_plus_unavailable_requested_fields
11220,1850,18년 아이오닉(전기),2024-10-30 06:22:51.796576,,2024-10-30 06:22:51,,unavailable,,unavailable,,unavailable,,unavailable,,unavailable_no_verified_acquisition_or_sale_date,observed_reference_fields_plus_unavailable_requested_fields
11221,2089,매각[아이오닉],2024-10-30 06:22:51.796576,,2024-10-30 06:22:51,,unavailable,,unavailable,,unavailable,,unavailable,,unavailable_no_verified_acquisition_or_sale_date,observed_reference_fields_plus_unavailable_requested_fields
11222,1850,18년 아이오닉(전기),2024-10-30 06:22:51.796576,,2024-10-30 06:22:51,,unavailable,,unavailable,,unavailable,,unavailable,,unavailable_no_verified_acquisition_or_sale_date,observed_reference_fields_plus_unavailable_requested_fields
11223,1850,18년 아이오닉(전기),2024-10-30 06:22:51.796576,,2024-10-30 06:22:51,,unavailable,,unavailable,,unavailable,,unavailable,,unavailable_no_verified_acquisition_or_sale_date,observed_reference_fields_plus_unavailable_requested_fields
11224,1850,18년 아이오닉(전기),2024-10-30 06:22:51.796576,,2024-10-30 06:22:51,,unavailable,,unavailable,,unavailable,,unavailable,,unavailable_no_verified_acquisition_or_sale_date,observed_reference_fields_plus_unavailable_requested_fields
11225,1850,18년 아이오닉(전기),2024-10-30 06:22:51.796576,,2024-10-30 06:22:51,,unavailable,,unavailable,,unavailable,,unavailable,,unavailable_no_verified_acquisition_or_sale_date,observed_reference_fields_plus_unavailable_requested_fields
11226,1850,18년 아이오닉(전기),2024-10-30 06:22:51.796576,,2024-10-30 06:22:51,,unavailable,,unavailable,,unavailable,,unavailable,,unavailable_no_verified_acquisition_or_sale_date,observed_reference_fields_plus_unavailable_requested_fields
11227,2089,매각[아이오닉],2024-10-30 06:22:51.796576,,2024-10-30 06:22:51,,unavailable,,unavailable,,unavailable,,unavailable,,unavailable_no_verified_acquisition_or_sale_date,observed_reference_fields_plus_unavailable_requested_fields
11228,1987,19년 팰리세이드 8인승[경유],2024-10-30 06:22:51.796576,,2024-10-30 06:22:51,,unavailable,,unavailable,,unavailable,,unavailable,,unavailable_no_verified_acquisition_or_sale_date,observed_reference_fields_plus_unavailable_requested_fields
11229,1850,18년 아이오닉(전기),2024-10-30 06:22:51.796576,,2024-10-30 06:22:51,,unavailable,,unavailable,,unavailable,,unavailable,,unavailable_no_verified_acquisition_or_sale_date,observed_reference_fields_plus_unavailable_requested_fields
11230,1850,18년 아이오닉(전기),2024-10-30 06:22:51.796576,,2024-10-30 06:22:51,,unavailable,,unavailable,,unavailable,,unavailable,,unavailable_no_verified_acquisition_or_sale_date,observed_reference_fields_plus_unavailable_requested_fields
11231,1850,18년 아이오닉(전기),2024-10-30 06:22:51.796576,,2024-10-30 06:22:51,,unavailable,,unavailable,,unavailable,,unavailable,,unavailable_no_verified_acquisition_or_sale_date,observed_reference_fields_plus_unavailable_requested_fields
11232,1850,18년 아이오닉(전기),2024-10-30 06:22:51.796576,,2024-10-30 06:22:51,,unavailable,,unavailable,,unavailable,,unavailable,,unavailable_no_verified_acquisition_or_sale_date,observed_reference_fields_plus_unavailable_requested_fields
11233,1850,18년 아이오닉(전기),2024-10-30 06:22:51.796576,,2024-10-30 06:22:51,,unavailable,,unavailable,,unavailable,,unavailable,,unavailable_no_verified_acquisition_or_sale_date,observed_reference_fields_plus_unavailable_requested_fields
11234,1850,18년 아이오닉(전기),2024-10-30 06:22:51.796576,,2024-10-30 06:22:51,,unavailable,,unavailable,,unavailable,,unavailable,,unavailable_no_verified_acquisition_or_sale_date,observed_reference_fields_plus_unavailable_requested_fields
11235,1850,18년 아이오닉(전기),2024-10-30 06:22:51.796576,,2024-10-30 06:22:51,,unavailable,,unavailable,,unavailable,,unavailable,,unavailable_no_verified_acquisition_or_sale_date,observed_reference_fields_plus_unavailable_requested_fields
11236,1850,18년 아이오닉(전기),2024-10-30 06:22:51.796576,,2024-10-30 06:22:51,,unavailable,,unavailable,,unavailable,,unavailable,,unavailable_no_verified_acquisition_or_sale_date,observed_reference_fields_plus_unavailable_requested_fields
11237,2089,매각[아이오닉],2024-10-30 06:22:51.796576,,2024-10-30 06:22:51,,unavailable,,unavailable,,unavailable,,unavailable,,unavailable_no_verified_acquisition_or_sale_date,observed_reference_fields_plus_unavailable_requested_fields
11238,1850,18년 아이오닉(전기),2024-10-30 06:22:51.796576,,2024-10-30 06:22:51,,unavailable,,unavailable,,unavailable,,unavailable,,unavailable_no_verified_acquisition_or_sale_date,observed_reference_fields_plus_unavailable_requested_fields
11239,1850,18년 아이오닉(전기),2024-10-30 06:22:51.796576,,2024-10-30 06:22:51,,unavailable,,unavailable,,unavailable,,unavailable,,unavailable_no_verified_acquisition_or_sale_date,observed_reference_fields_plus_unavailable_requested_fields
11240,1850,18년 아이오닉(전기),2024-10-30 06:22:51.796576,,2024-10-30 06:22:51,,unavailable,,unavailable,,unavailable,,unavailable,,unavailable_no_verified_acquisition_or_sale_date,observed_reference_fields_plus_unavailable_requested_fields
11241,2089,매각[아이오닉],2024-10-30 06:22:51.796576,,2024-10-30 06:22:51,,unavailable,,unavailable,,unavailable,,unavailable,,unavailable_no_verified_acquisition_or_sale_date,observed_reference_fields_plus_unavailable_requested_fields
11242,1850,18년 아이오닉(전기),2024-10-30 06:22:51.796576,,2024-10-30 06:22:51,,unavailable,,unavailable,,unavailable,,unavailable,,unavailable_no_verified_acquisition_or_sale_date,observed_reference_fields_plus_unavailable_requested_fields
11243,1850,18년 아이오닉(전기),2024-10-30 06:22:51.796576,,2024-10-30 06:22:51,,unavailable,,unavailable,,unavailable,,unavailable,,unavailable_no_verified_acquisition_or_sale_date,observed_reference_fields_plus_unavailable_requested_fields
11244,2089,매각[아이오닉],2024-10-30 06:22:51.796576,,2024-10-30 06:22:51,,unavailable,,unavailable,,unavailable,,unavailable,,unavailable_no_verified_acquisition_or_sale_date,observed_reference_fields_plus_unavailable_requested_fields
11245,1850,18년 아이오닉(전기),2024-10-30 06:22:51.796576,,2024-10-30 06:22:51,,unavailable,,unavailable,,unavailable,,unavailable,,unavailable_no_verified_acquisition_or_sale_date,observed_reference_fields_plus_unavailable_requested_fields
11246,1850,18년 아이오닉(전기),2024-10-30 06:22:51.796576,,2024-10-30 06:22:51,,unavailable,,unavailable,,unavailable,,unavailable,,unavailable_no_verified_acquisition_or_sale_date,observed_reference_fields_plus_unavailable_requested_fields
11247,1850,18년 아이오닉(전기),2024-10-30 06:22:51.796576,,2024-10-30 06:22:51,,unavailable,,unavailable,,unavailable,,unavailable,,unavailable_no_verified_acquisition_or_sale_date,observed_reference_fields_plus_unavailable_requested_fields
11248,2089,매각[아이오닉],2024-10-30 06:22:51.796576,,2024-10-30 06:22:51,,unavailable,,unavailable,,unavailable,,unavailable,,unavailable_no_verified_acquisition_or_sale_date,observed_reference_fields_plus_unavailable_requested_fields
11249,1850,18년 아이오닉(전기),2024-10-30 06:22:51.796576,,2024-10-30 06:22:51,,unavailable,,unavailable,,unavailable,,unavailable,,unavailable_no_verified_acquisition_or_sale_date,observed_reference_fields_plus_unavailable_requested_fields
11250,2089,매각[아이오닉],2024-10-30 06:22:51.796576,,2024-10-30 06:22:51,,unavailable,,unavailable,,unavailable,,unavailable,,unavailable_no_verified_acquisition_or_sale_date,observed_reference_fields_plus_unavailable_requested_fields
11251,1850,18년 아이오닉(전기),2024-10-30 06:22:51.796576,,2024-10-30 06:22:51,,unavailable,,unavailable,,unavailable,,unavailable,,unavailable_no_verified_acquisition_or_sale_date,observed_reference_fields_plus_unavailable_requested_fields
11252,1852,18년 뉴레이(휘),2024-10-30 06:22:51.796576,,2024-10-30 06:22:51,,unavailable,,unavailable,,unavailable,,unavailable,,unavailable_no_verified_acquisition_or_sale_date,observed_reference_fields_plus_unavailable_requested_fields
11253,1852,18년 뉴레이(휘),2024-10-30 06:22:51.796576,,2024-10-30 06:22:51,,unavailable,,unavailable,,unavailable,,unavailable,,unavailable_no_verified_acquisition_or_sale_date,observed_reference_fields_plus_unavailable_requested_fields
11254,1852,18년 뉴레이(휘),2024-10-30 06:22:51.796576,,2024-10-30 06:22:51,,unavailable,,unavailable,,unavailable,,unavailable,,unavailable_no_verified_acquisition_or_sale_date,observed_reference_fields_plus_unavailable_requested_fields
11255,1852,18년 뉴레이(휘),2024-10-30 06:22:51.796576,,2024-10-30 06:22:51,,unavailable,,unavailable,,unavailable,,unavailable,,unavailable_no_verified_acquisition_or_sale_date,observed_reference_fields_plus_unavailable_requested_fields
11256,1852,18년 뉴레이(휘),2024-10-30 06:22:51.796576,,2024-10-30 06:22:51,,unavailable,,unavailable,,unavailable,,unavailable,,unavailable_no_verified_acquisition_or_sale_date,observed_reference_fields_plus_unavailable_requested_fields
11257,1850,18년 아이오닉(전기),2024-10-30 06:22:51.796576,,2024-10-30 06:22:51,,unavailable,,unavailable,,unavailable,,unavailable,,unavailable_no_verified_acquisition_or_sale_date,observed_reference_fields_plus_unavailable_requested_fields
11258,1850,18년 아이오닉(전기),2024-10-30 06:22:51.796576,,2024-10-30 06:22:51,,unavailable,,unavailable,,unavailable,,unavailable,,unavailable_no_verified_acquisition_or_sale_date,observed_reference_fields_plus_unavailable_requested_fields
11259,1850,18년 아이오닉(전기),2024-10-30 06:22:51.796576,,2024-10-30 06:22:51,,unavailable,,unavailable,,unavailable,,unavailable,,unavailable_no_verified_acquisition_or_sale_date,observed_reference_fields_plus_unavailable_requested_fields
11260,1850,18년 아이오닉(전기),2024-10-30 06:22:51.796576,,2024-10-30 06:22:51,,unavailable,,unavailable,,unavailable,,unavailable,,unavailable_no_verified_acquisition_or_sale_date,observed_reference_fields_plus_unavailable_requested_fields
11261,1850,18년 아이오닉(전기),2024-10-30 06:22:51.796576,,2024-10-30 06:22:51,,unavailable,,unavailable,,unavailable,,unavailable,,unavailable_no_verified_acquisition_or_sale_date,observed_reference_fields_plus_unavailable_requested_fields
11262,1850,18년 아이오닉(전기),2024-10-30 06:22:51.796576,,2024-10-30 06:22:51,,unavailable,,unavailable,,unavailable,,unavailable,,unavailable_no_verified_acquisition_or_sale_date,observed_reference_fields_plus_unavailable_requested_fields
11263,1850,18년 아이오닉(전기),2024-10-30 06:22:51.796576,,2024-10-30 06:22:51,,unavailable,,unavailable,,unavailable,,unavailable,,unavailable_no_verified_acquisition_or_sale_date,observed_reference_fields_plus_unavailable_requested_fields
11264,1850,18년 아이오닉(전기),2024-10-30 06:22:51.796576,,2024-10-30 06:22:51,,unavailable,,unavailable,,unavailable,,unavailable,,unavailable_no_verified_acquisition_or_sale_date,observed_reference_fields_plus_unavailable_requested_fields
11265,1850,18년 아이오닉(전기),2024-10-30 06:22:51.796576,,2024-10-30 06:22:51,,unavailable,,unavailable,,unavailable,,unavailable,,unavailable_no_verified_acquisition_or_sale_date,observed_reference_fields_plus_unavailable_requested_fields
11266,1850,18년 아이오닉(전기),2024-10-30 06:22:51.796576,,2024-10-30 06:22:51,,unavailable,,unavailable,,unavailable,,unavailable,,unavailable_no_verified_acquisition_or_sale_date,observed_reference_fields_plus_unavailable_requested_fields
11267,1850,18년 아이오닉(전기),2024-10-30 06:22:51.796576,,2024-10-30 06:22:51,,unavailable,,unavailable,,unavailable,,unavailable,,unavailable_no_verified_acquisition_or_sale_date,observed_reference_fields_plus_unavailable_requested_fields
11268,1850,18년 아이오닉(전기),2024-10-30 06:22:51.796576,,2024-10-30 06:22:51,,unavailable,,unavailable,,unavailable,,unavailable,,unavailable_no_verified_acquisition_or_sale_date,observed_reference_fields_plus_unavailable_requested_fields
11269,1850,18년 아이오닉(전기),2024-10-30 06:22:51.796576,,2024-10-30 06:22:51,,unavailable,,unavailable,,unavailable,,unavailable,,unavailable_no_verified_acquisition_or_sale_date,observed_reference_fields_plus_unavailable_requested_fields
11270,1850,18년 아이오닉(전기),2024-10-30 06:22:51.796576,,2024-10-30 06:22:51,,unavailable,,unavailable,,unavailable,,unavailable,,unavailable_no_verified_acquisition_or_sale_date,observed_reference_fields_plus_unavailable_requested_fields
11271,1850,18년 아이오닉(전기),2024-10-30 06:22:51.796576,,2024-10-30 06:22:51,,unavailable,,unavailable,,unavailable,,unavailable,,unavailable_no_verified_acquisition_or_sale_date,observed_reference_fields_plus_unavailable_requested_fields
11272,1850,18년 아이오닉(전기),2024-10-30 06:22:51.796576,,2024-10-30 06:22:51,,unavailable,,unavailable,,unavailable,,unavailable,,unavailable_no_verified_acquisition_or_sale_date,observed_reference_fields_plus_unavailable_requested_fields
11273,1850,18년 아이오닉(전기),2024-10-30 06:22:51.796576,,2024-10-30 06:22:51,,unavailable,,unavailable,,unavailable,,unavailable,,unavailable_no_verified_acquisition_or_sale_date,observed_reference_fields_plus_unavailable_requested_fields
11274,1990,2020 뉴SM3 ZE RE(최고급형),2024-10-30 06:22:51.796576,,2024-10-30 06:22:51,,unavailable,,unavailable,,unavailable,,unavailable,,unavailable_no_verified_acquisition_or_sale_date,observed_reference_fields_plus_unavailable_requested_fields
11275,1850,18년 아이오닉(전기),2024-10-30 06:22:51.796576,,2024-10-30 06:22:51,,unavailable,,unavailable,,unavailable,,unavailable,,unavailable_no_verified_acquisition_or_sale_date,observed_reference_fields_plus_unavailable_requested_fields
11276,1990,2020 뉴SM3 ZE RE(최고급형),2024-10-30 06:22:51.796576,,2024-10-30 06:22:51,,unavailable,,unavailable,,unavailable,,unavailable,,unavailable_no_verified_acquisition_or_sale_date,observed_reference_fields_plus_unavailable_requested_fields
11277,1850,18년 아이오닉(전기),2024-10-30 06:22:51.796576,,2024-10-30 06:22:51,,unavailable,,unavailable,,unavailable,,unavailable,,unavailable_no_verified_acquisition_or_sale_date,observed_reference_fields_plus_unavailable_requested_fields
11278,1850,18년 아이오닉(전기),2024-10-30 06:22:51.796576,,2024-10-30 06:22:51,,unavailable,,unavailable,,unavailable,,unavailable,,unavailable_no_verified_acquisition_or_sale_date,observed_reference_fields_plus_unavailable_requested_fields
11279,1850,18년 아이오닉(전기),2024-10-30 06:22:51.796576,,2024-10-30 06:22:51,,unavailable,,unavailable,,unavailable,,unavailable,,unavailable_no_verified_acquisition_or_sale_date,observed_reference_fields_plus_unavailable_requested_fields
11280,1850,18년 아이오닉(전기),2024-10-30 06:22:51.796576,,2024-10-30 06:22:51,,unavailable,,unavailable,,unavailable,,unavailable,,unavailable_no_verified_acquisition_or_sale_date,observed_reference_fields_plus_unavailable_requested_fields
11281,1850,18년 아이오닉(전기),2024-10-30 06:22:51.796576,,2024-10-30 06:22:51,,unavailable,,unavailable,,unavailable,,unavailable,,unavailable_no_verified_acquisition_or_sale_date,observed_reference_fields_plus_unavailable_requested_fields
11282,1850,18년 아이오닉(전기),2024-10-30 06:22:51.796576,,2024-10-30 06:22:51,,unavailable,,unavailable,,unavailable,,unavailable,,unavailable_no_verified_acquisition_or_sale_date,observed_reference_fields_plus_unavailable_requested_fields
11283,1850,18년 아이오닉(전기),2024-10-30 06:22:51.796576,,2024-10-30 06:22:51,,unavailable,,unavailable,,unavailable,,unavailable,,unavailable_no_verified_acquisition_or_sale_date,observed_reference_fields_plus_unavailable_requested_fields
11284,1850,18년 아이오닉(전기),2024-10-30 06:22:51.796576,,2024-10-30 06:22:51,,unavailable,,unavailable,,unavailable,,unavailable,,unavailable_no_verified_acquisition_or_sale_date,observed_reference_fields_plus_unavailable_requested_fields
11285,1850,18년 아이오닉(전기),2024-10-30 06:22:51.796576,,2024-10-30 06:22:51,,unavailable,,unavailable,,unavailable,,unavailable,,unavailable_no_verified_acquisition_or_sale_date,observed_reference_fields_plus_unavailable_requested_fields
11286,1850,18년 아이오닉(전기),2024-10-30 06:22:51.796576,,2024-10-30 06:22:51,,unavailable,,unavailable,,unavailable,,unavailable,,unavailable_no_verified_acquisition_or_sale_date,observed_reference_fields_plus_unavailable_requested_fields
11287,1850,18년 아이오닉(전기),2024-10-30 06:22:51.796576,,2024-10-30 06:22:51,,unavailable,,unavailable,,unavailable,,unavailable,,unavailable_no_verified_acquisition_or_sale_date,observed_reference_fields_plus_unavailable_requested_fields
11288,1984,2018 싼타페TM (2WD)[경유],2024-10-30 06:22:51.796576,,2024-10-30 06:22:51,,unavailable,,unavailable,,unavailable,,unavailable,,unavailable_no_verified_acquisition_or_sale_date,observed_reference_fields_plus_unavailable_requested_fields
11289,1984,2018 싼타페TM (2WD)[경유],2024-10-30 06:22:51.796576,,2024-10-30 06:22:51,,unavailable,,unavailable,,unavailable,,unavailable,,unavailable_no_verified_acquisition_or_sale_date,observed_reference_fields_plus_unavailable_requested_fields
11290,1984,2018 싼타페TM (2WD)[경유],2024-10-30 06:22:51.796576,,2024-10-30 06:22:51,,unavailable,,unavailable,,unavailable,,unavailable,,unavailable_no_verified_acquisition_or_sale_date,observed_reference_fields_plus_unavailable_requested_fields
11291,1854,19년 더뉴그랜드스타렉스12인(경유),2024-10-30 06:22:51.796576,,2024-10-30 06:22:51,,unavailable,,unavailable,,unavailable,,unavailable,,unavailable_no_verified_acquisition_or_sale_date,observed_reference_fields_plus_unavailable_requested_fields
11292,2073,그랜드스타렉스12인[경유],2024-10-30 06:22:51.796576,,2024-10-30 06:22:51,,unavailable,,unavailable,,unavailable,,unavailable,,unavailable_no_verified_acquisition_or_sale_date,observed_reference_fields_plus_unavailable_requested_fields
11293,2073,그랜드스타렉스12인[경유],2024-10-30 06:22:51.796576,,2024-10-30 06:22:51,,unavailable,,unavailable,,unavailable,,unavailable,,unavailable_no_verified_acquisition_or_sale_date,observed_reference_fields_plus_unavailable_requested_fields
11294,2073,그랜드스타렉스12인[경유],2024-10-30 06:22:51.796576,,2024-10-30 06:22:51,,unavailable,,unavailable,,unavailable,,unavailable,,unavailable_no_verified_acquisition_or_sale_date,observed_reference_fields_plus_unavailable_requested_fields
11295,2073,그랜드스타렉스12인[경유],2024-10-30 06:22:51.796576,,2024-10-30 06:22:51,,unavailable,,unavailable,,unavailable,,unavailable,,unavailable_no_verified_acquisition_or_sale_date,observed_reference_fields_plus_unavailable_requested_fields
11296,2073,그랜드스타렉스12인[경유],2024-10-30 06:22:51.796576,,2024-10-30 06:22:51,,unavailable,,unavailable,,unavailable,,unavailable,,unavailable_no_verified_acquisition_or_sale_date,observed_reference_fields_plus_unavailable_requested_fields
11297,2039,그랜드카니발11인[경유],2024-10-30 06:22:51.796576,,2024-10-30 06:22:51,,unavailable,,unavailable,,unavailable,,unavailable,,unavailable_no_verified_acquisition_or_sale_date,observed_reference_fields_plus_unavailable_requested_fields
11298,2039,그랜드카니발11인[경유],2024-10-30 06:22:51.796576,,2024-10-30 06:22:51,,unavailable,,unavailable,,unavailable,,unavailable,,unavailable_no_verified_acquisition_or_sale_date,observed_reference_fields_plus_unavailable_requested_fields
11299,2039,그랜드카니발11인[경유],2024-10-30 06:22:51.796576,,2024-10-30 06:22:51,,unavailable,,unavailable,,unavailable,,unavailable,,unavailable_no_verified_acquisition_or_sale_date,observed_reference_fields_plus_unavailable_requested_fields
11300,2039,그랜드카니발11인[경유],2024-10-30 06:22:51.796576,,2024-10-30 06:22:51,,unavailable,,unavailable,,unavailable,,unavailable,,unavailable_no_verified_acquisition_or_sale_date,observed_reference_fields_plus_unavailable_requested_fields
11301,1854,19년 더뉴그랜드스타렉스12인(경유),2024-10-30 06:22:51.796576,,2024-10-30 06:22:51,,unavailable,,unavailable,,unavailable,,unavailable,,unavailable_no_verified_acquisition_or_sale_date,observed_reference_fields_plus_unavailable_requested_fields
11302,1854,19년 더뉴그랜드스타렉스12인(경유),2024-10-30 06:22:51.796576,,2024-10-30 06:22:51,,unavailable,,unavailable,,unavailable,,unavailable,,unavailable_no_verified_acquisition_or_sale_date,observed_reference_fields_plus_unavailable_requested_fields
11303,1854,19년 더뉴그랜드스타렉스12인(경유),2024-10-30 06:22:51.796576,,2024-10-30 06:22:51,,unavailable,,unavailable,,unavailable,,unavailable,,unavailable_no_verified_acquisition_or_sale_date,observed_reference_fields_plus_unavailable_requested_fields
11304,1854,19년 더뉴그랜드스타렉스12인(경유),2024-10-30 06:22:51.796576,,2024-10-30 06:22:51,,unavailable,,unavailable,,unavailable,,unavailable,,unavailable_no_verified_acquisition_or_sale_date,observed_reference_fields_plus_unavailable_requested_fields
11305,2039,그랜드카니발11인[경유],2024-10-30 06:22:51.796576,,2024-10-30 06:22:51,,unavailable,,unavailable,,unavailable,,unavailable,,unavailable_no_verified_acquisition_or_sale_date,observed_reference_fields_plus_unavailable_requested_fields
11306,2039,그랜드카니발11인[경유],2024-10-30 06:22:51.796576,,2024-10-30 06:22:51,,unavailable,,unavailable,,unavailable,,unavailable,,unavailable_no_verified_acquisition_or_sale_date,observed_reference_fields_plus_unavailable_requested_fields
11307,2039,그랜드카니발11인[경유],2024-10-30 06:22:51.796576,,2024-10-30 06:22:51,,unavailable,,unavailable,,unavailable,,unavailable,,unavailable_no_verified_acquisition_or_sale_date,observed_reference_fields_plus_unavailable_requested_fields
11308,2039,그랜드카니발11인[경유],2024-10-30 06:22:51.796576,,2024-10-30 06:22:51,,unavailable,,unavailable,,unavailable,,unavailable,,unavailable_no_verified_acquisition_or_sale_date,observed_reference_fields_plus_unavailable_requested_fields
11309,2039,그랜드카니발11인[경유],2024-10-30 06:22:51.796576,,2024-10-30 06:22:51,,unavailable,,unavailable,,unavailable,,unavailable,,unavailable_no_verified_acquisition_or_sale_date,observed_reference_fields_plus_unavailable_requested_fields
11310,2039,그랜드카니발11인[경유],2024-10-30 06:22:51.796576,,2024-10-30 06:22:51,,unavailable,,unavailable,,unavailable,,unavailable,,unavailable_no_verified_acquisition_or_sale_date,observed_reference_fields_plus_unavailable_requested_fields
11311,2073,그랜드스타렉스12인[경유],2024-10-30 06:22:51.796576,,2024-10-30 06:22:51,,unavailable,,unavailable,,unavailable,,unavailable,,unavailable_no_verified_acquisition_or_sale_date,observed_reference_fields_plus_unavailable_requested_fields
11312,2073,그랜드스타렉스12인[경유],2024-10-30 06:22:51.796576,,2024-10-30 06:22:51,,unavailable,,unavailable,,unavailable,,unavailable,,unavailable_no_verified_acquisition_or_sale_date,observed_reference_fields_plus_unavailable_requested_fields
11313,2073,그랜드스타렉스12인[경유],2024-10-30 06:22:51.796576,,2024-10-30 06:22:51,,unavailable,,unavailable,,unavailable,,unavailable,,unavailable_no_verified_acquisition_or_sale_date,observed_reference_fields_plus_unavailable_requested_fields
11314,2073,그랜드스타렉스12인[경유],2024-10-30 06:22:51.796576,,2024-10-30 06:22:51,,unavailable,,unavailable,,unavailable,,unavailable,,unavailable_no_verified_acquisition_or_sale_date,observed_reference_fields_plus_unavailable_requested_fields
11315,2073,그랜드스타렉스12인[경유],2024-10-30 06:22:51.796576,,2024-10-30 06:22:51,,unavailable,,unavailable,,unavailable,,unavailable,,unavailable_no_verified_acquisition_or_sale_date,observed_reference_fields_plus_unavailable_requested_fields
11316,2073,그랜드스타렉스12인[경유],2024-10-30 06:22:51.796576,,2024-10-30 06:22:51,,unavailable,,unavailable,,unavailable,,unavailable,,unavailable_no_verified_acquisition_or_sale_date,observed_reference_fields_plus_unavailable_requested_fields
11317,2073,그랜드스타렉스12인[경유],2024-10-30 06:22:51.796576,,2024-10-30 06:22:51,,unavailable,,unavailable,,unavailable,,unavailable,,unavailable_no_verified_acquisition_or_sale_date,observed_reference_fields_plus_unavailable_requested_fields
11318,2073,그랜드스타렉스12인[경유],2024-10-30 06:22:51.796576,,2024-10-30 06:22:51,,unavailable,,unavailable,,unavailable,,unavailable,,unavailable_no_verified_acquisition_or_sale_date,observed_reference_fields_plus_unavailable_requested_fields
11319,2073,그랜드스타렉스12인[경유],2024-10-30 06:22:51.796576,,2024-10-30 06:22:51,,unavailable,,unavailable,,unavailable,,unavailable,,unavailable_no_verified_acquisition_or_sale_date,observed_reference_fields_plus_unavailable_requested_fields
11320,2073,그랜드스타렉스12인[경유],2024-10-30 06:22:51.796576,,2024-10-30 06:22:51,,unavailable,,unavailable,,unavailable,,unavailable,,unavailable_no_verified_acquisition_or_sale_date,observed_reference_fields_plus_unavailable_requested_fields
11321,1854,19년 더뉴그랜드스타렉스12인(경유),2024-10-30 06:22:51.796576,,2024-10-30 06:22:51,,unavailable,,unavailable,,unavailable,,unavailable,,unavailable_no_verified_acquisition_or_sale_date,observed_reference_fields_plus_unavailable_requested_fields
11322,1854,19년 더뉴그랜드스타렉스12인(경유),2024-10-30 06:22:51.796576,,2024-10-30 06:22:51,,unavailable,,unavailable,,unavailable,,unavailable,,unavailable_no_verified_acquisition_or_sale_date,observed_reference_fields_plus_unavailable_requested_fields
11323,1854,19년 더뉴그랜드스타렉스12인(경유),2024-10-30 06:22:51.796576,,2024-10-30 06:22:51,,unavailable,,unavailable,,unavailable,,unavailable,,unavailable_no_verified_acquisition_or_sale_date,observed_reference_fields_plus_unavailable_requested_fields
11324,1854,19년 더뉴그랜드스타렉스12인(경유),2024-10-30 06:22:51.796576,,2024-10-30 06:22:51,,unavailable,,unavailable,,unavailable,,unavailable,,unavailable_no_verified_acquisition_or_sale_date,observed_reference_fields_plus_unavailable_requested_fields
11325,1854,19년 더뉴그랜드스타렉스12인(경유),2024-10-30 06:22:51.796576,,2024-10-30 06:22:51,,unavailable,,unavailable,,unavailable,,unavailable,,unavailable_no_verified_acquisition_or_sale_date,observed_reference_fields_plus_unavailable_requested_fields
11326,1854,19년 더뉴그랜드스타렉스12인(경유),2024-10-30 06:22:51.796576,,2024-10-30 06:22:51,,unavailable,,unavailable,,unavailable,,unavailable,,unavailable_no_verified_acquisition_or_sale_date,observed_reference_fields_plus_unavailable_requested_fields
11327,2073,그랜드스타렉스12인[경유],2024-10-30 06:22:51.796576,,2024-10-30 06:22:51,,unavailable,,unavailable,,unavailable,,unavailable,,unavailable_no_verified_acquisition_or_sale_date,observed_reference_fields_plus_unavailable_requested_fields
11328,2073,그랜드스타렉스12인[경유],2024-10-30 06:22:51.796576,,2024-10-30 06:22:51,,unavailable,,unavailable,,unavailable,,unavailable,,unavailable_no_verified_acquisition_or_sale_date,observed_reference_fields_plus_unavailable_requested_fields
11329,2073,그랜드스타렉스12인[경유],2024-10-30 06:22:51.796576,,2024-10-30 06:22:51,,unavailable,,unavailable,,unavailable,,unavailable,,unavailable_no_verified_acquisition_or_sale_date,observed_reference_fields_plus_unavailable_requested_fields
11330,2073,그랜드스타렉스12인[경유],2024-10-30 06:22:51.796576,,2024-10-30 06:22:51,,unavailable,,unavailable,,unavailable,,unavailable,,unavailable_no_verified_acquisition_or_sale_date,observed_reference_fields_plus_unavailable_requested_fields
11331,2073,그랜드스타렉스12인[경유],2024-10-30 06:22:51.796576,,2024-10-30 06:22:51,,unavailable,,unavailable,,unavailable,,unavailable,,unavailable_no_verified_acquisition_or_sale_date,observed_reference_fields_plus_unavailable_requested_fields
11332,2073,그랜드스타렉스12인[경유],2024-10-30 06:22:51.796576,,2024-10-30 06:22:51,,unavailable,,unavailable,,unavailable,,unavailable,,unavailable_no_verified_acquisition_or_sale_date,observed_reference_fields_plus_unavailable_requested_fields
11333,2073,그랜드스타렉스12인[경유],2024-10-30 06:22:51.796576,,2024-10-30 06:22:51,,unavailable,,unavailable,,unavailable,,unavailable,,unavailable_no_verified_acquisition_or_sale_date,observed_reference_fields_plus_unavailable_requested_fields
11334,2073,그랜드스타렉스12인[경유],2024-10-30 06:22:51.796576,,2024-10-30 06:22:51,,unavailable,,unavailable,,unavailable,,unavailable,,unavailable_no_verified_acquisition_or_sale_date,observed_reference_fields_plus_unavailable_requested_fields
11335,2073,그랜드스타렉스12인[경유],2024-10-30 06:22:51.796576,,2024-10-30 06:22:51,,unavailable,,unavailable,,unavailable,,unavailable,,unavailable_no_verified_acquisition_or_sale_date,observed_reference_fields_plus_unavailable_requested_fields
11336,2073,그랜드스타렉스12인[경유],2024-10-30 06:22:51.796576,,2024-10-30 06:22:51,,unavailable,,unavailable,,unavailable,,unavailable,,unavailable_no_verified_acquisition_or_sale_date,observed_reference_fields_plus_unavailable_requested_fields
11337,2039,그랜드카니발11인[경유],2024-10-30 06:22:51.796576,,2024-10-30 06:22:51,,unavailable,,unavailable,,unavailable,,unavailable,,unavailable_no_verified_acquisition_or_sale_date,observed_reference_fields_plus_unavailable_requested_fields
11338,2039,그랜드카니발11인[경유],2024-10-30 06:22:51.796576,,2024-10-30 06:22:51,,unavailable,,unavailable,,unavailable,,unavailable,,unavailable_no_verified_acquisition_or_sale_date,observed_reference_fields_plus_unavailable_requested_fields
11339,2039,그랜드카니발11인[경유],2024-10-30 06:22:51.796576,,2024-10-30 06:22:51,,unavailable,,unavailable,,unavailable,,unavailable,,unavailable_no_verified_acquisition_or_sale_date,observed_reference_fields_plus_unavailable_requested_fields
11340,2039,그랜드카니발11인[경유],2024-10-30 06:22:51.796576,,2024-10-30 06:22:51,,unavailable,,unavailable,,unavailable,,unavailable,,unavailable_no_verified_acquisition_or_sale_date,observed_reference_fields_plus_unavailable_requested_fields
11341,1844,16/18년 올뉴그랜드카니발11인(경유),2024-10-30 06:22:51.796576,,2024-10-30 06:22:51,,unavailable,,unavailable,,unavailable,,unavailable,,unavailable_no_verified_acquisition_or_sale_date,observed_reference_fields_plus_unavailable_requested_fields
11342,1844,16/18년 올뉴그랜드카니발11인(경유),2024-10-30 06:22:51.796576,,2024-10-30 06:22:51,,unavailable,,unavailable,,unavailable,,unavailable,,unavailable_no_verified_acquisition_or_sale_date,observed_reference_fields_plus_unavailable_requested_fields
11343,1844,16/18년 올뉴그랜드카니발11인(경유),2024-10-30 06:22:51.796576,,2024-10-30 06:22:51,,unavailable,,unavailable,,unavailable,,unavailable,,unavailable_no_verified_acquisition_or_sale_date,observed_reference_fields_plus_unavailable_requested_fields
11344,1846,18/19년 쏠라티(15인/경유),2024-10-30 06:22:51.796576,,2024-10-30 06:22:51,,unavailable,,unavailable,,unavailable,,unavailable,,unavailable_no_verified_acquisition_or_sale_date,observed_reference_fields_plus_unavailable_requested_fields
11345,1854,19년 더뉴그랜드스타렉스12인(경유),2024-10-30 06:22:51.796576,,2024-10-30 06:22:51,,unavailable,,unavailable,,unavailable,,unavailable,,unavailable_no_verified_acquisition_or_sale_date,observed_reference_fields_plus_unavailable_requested_fields
11346,1854,19년 더뉴그랜드스타렉스12인(경유),2024-10-30 06:22:51.796576,,2024-10-30 06:22:51,,unavailable,,unavailable,,unavailable,,unavailable,,unavailable_no_verified_acquisition_or_sale_date,observed_reference_fields_plus_unavailable_requested_fields
11347,1854,19년 더뉴그랜드스타렉스12인(경유),2024-10-30 06:22:51.796576,,2024-10-30 06:22:51,,unavailable,,unavailable,,unavailable,,unavailable,,unavailable_no_verified_acquisition_or_sale_date,observed_reference_fields_plus_unavailable_requested_fields
11348,1854,19년 더뉴그랜드스타렉스12인(경유),2024-10-30 06:22:51.796576,,2024-10-30 06:22:51,,unavailable,,unavailable,,unavailable,,unavailable,,unavailable_no_verified_acquisition_or_sale_date,observed_reference_fields_plus_unavailable_requested_fields
11349,1844,16/18년 올뉴그랜드카니발11인(경유),2024-10-30 06:22:51.796576,,2024-10-30 06:22:51,,unavailable,,unavailable,,unavailable,,unavailable,,unavailable_no_verified_acquisition_or_sale_date,observed_reference_fields_plus_unavailable_requested_fields
11350,1844,16/18년 올뉴그랜드카니발11인(경유),2024-10-30 06:22:51.796576,,2024-10-30 06:22:51,,unavailable,,unavailable,,unavailable,,unavailable,,unavailable_no_verified_acquisition_or_sale_date,observed_reference_fields_plus_unavailable_requested_fields
11351,1844,16/18년 올뉴그랜드카니발11인(경유),2024-10-30 06:22:51.796576,,2024-10-30 06:22:51,,unavailable,,unavailable,,unavailable,,unavailable,,unavailable_no_verified_acquisition_or_sale_date,observed_reference_fields_plus_unavailable_requested_fields
11352,1844,16/18년 올뉴그랜드카니발11인(경유),2024-10-30 06:22:51.796576,,2024-10-30 06:22:51,,unavailable,,unavailable,,unavailable,,unavailable,,unavailable_no_verified_acquisition_or_sale_date,observed_reference_fields_plus_unavailable_requested_fields
11353,1844,16/18년 올뉴그랜드카니발11인(경유),2024-10-30 06:22:51.796576,,2024-10-30 06:22:51,,unavailable,,unavailable,,unavailable,,unavailable,,unavailable_no_verified_acquisition_or_sale_date,observed_reference_fields_plus_unavailable_requested_fields
11354,2073,그랜드스타렉스12인[경유],2024-10-30 06:22:51.796576,,2024-10-30 06:22:51,,unavailable,,unavailable,,unavailable,,unavailable,,unavailable_no_verified_acquisition_or_sale_date,observed_reference_fields_plus_unavailable_requested_fields
11355,2073,그랜드스타렉스12인[경유],2024-10-30 06:22:51.796576,,2024-10-30 06:22:51,,unavailable,,unavailable,,unavailable,,unavailable,,unavailable_no_verified_acquisition_or_sale_date,observed_reference_fields_plus_unavailable_requested_fields
11356,2073,그랜드스타렉스12인[경유],2024-10-30 06:22:51.796576,,2024-10-30 06:22:51,,unavailable,,unavailable,,unavailable,,unavailable,,unavailable_no_verified_acquisition_or_sale_date,observed_reference_fields_plus_unavailable_requested_fields
11357,2073,그랜드스타렉스12인[경유],2024-10-30 06:22:51.796576,,2024-10-30 06:22:51,,unavailable,,unavailable,,unavailable,,unavailable,,unavailable_no_verified_acquisition_or_sale_date,observed_reference_fields_plus_unavailable_requested_fields
11358,2073,그랜드스타렉스12인[경유],2024-10-30 06:22:51.796576,,2024-10-30 06:22:51,,unavailable,,unavailable,,unavailable,,unavailable,,unavailable_no_verified_acquisition_or_sale_date,observed_reference_fields_plus_unavailable_requested_fields
11359,2073,그랜드스타렉스12인[경유],2024-10-30 06:22:51.796576,,2024-10-30 06:22:51,,unavailable,,unavailable,,unavailable,,unavailable,,unavailable_no_verified_acquisition_or_sale_date,observed_reference_fields_plus_unavailable_requested_fields
11360,2073,그랜드스타렉스12인[경유],2024-10-30 06:22:51.796576,,2024-10-30 06:22:51,,unavailable,,unavailable,,unavailable,,unavailable,,unavailable_no_verified_acquisition_or_sale_date,observed_reference_fields_plus_unavailable_requested_fields
11361,2073,그랜드스타렉스12인[경유],2024-10-30 06:22:51.796576,,2024-10-30 06:22:51,,unavailable,,unavailable,,unavailable,,unavailable,,unavailable_no_verified_acquisition_or_sale_date,observed_reference_fields_plus_unavailable_requested_fields
11362,2073,그랜드스타렉스12인[경유],2024-10-30 06:22:51.796576,,2024-10-30 06:22:51,,unavailable,,unavailable,,unavailable,,unavailable,,unavailable_no_verified_acquisition_or_sale_date,observed_reference_fields_plus_unavailable_requested_fields
11363,2073,그랜드스타렉스12인[경유],2024-10-30 06:22:51.796576,,2024-10-30 06:22:51,,unavailable,,unavailable,,unavailable,,unavailable,,unavailable_no_verified_acquisition_or_sale_date,observed_reference_fields_plus_unavailable_requested_fields
11364,1844,16/18년 올뉴그랜드카니발11인(경유),2024-10-30 06:22:51.796576,,2024-10-30 06:22:51,,unavailable,,unavailable,,unavailable,,unavailable,,unavailable_no_verified_acquisition_or_sale_date,observed_reference_fields_plus_unavailable_requested_fields
11365,1844,16/18년 올뉴그랜드카니발11인(경유),2024-10-30 06:22:51.796576,,2024-10-30 06:22:51,,unavailable,,unavailable,,unavailable,,unavailable,,unavailable_no_verified_acquisition_or_sale_date,observed_reference_fields_plus_unavailable_requested_fields
11366,2073,그랜드스타렉스12인[경유],2024-10-30 06:22:51.796576,,2024-10-30 06:22:51,,unavailable,,unavailable,,unavailable,,unavailable,,unavailable_no_verified_acquisition_or_sale_date,observed_reference_fields_plus_unavailable_requested_fields
11367,1846,18/19년 쏠라티(15인/경유),2024-10-30 06:22:51.796576,,2024-10-30 06:22:51,,unavailable,,unavailable,,unavailable,,unavailable,,unavailable_no_verified_acquisition_or_sale_date,observed_reference_fields_plus_unavailable_requested_fields
11368,1854,19년 더뉴그랜드스타렉스12인(경유),2024-10-30 06:22:51.796576,,2024-10-30 06:22:51,,unavailable,,unavailable,,unavailable,,unavailable,,unavailable_no_verified_acquisition_or_sale_date,observed_reference_fields_plus_unavailable_requested_fields
11369,1854,19년 더뉴그랜드스타렉스12인(경유),2024-10-30 06:22:51.796576,,2024-10-30 06:22:51,,unavailable,,unavailable,,unavailable,,unavailable,,unavailable_no_verified_acquisition_or_sale_date,observed_reference_fields_plus_unavailable_requested_fields
11370,1844,16/18년 올뉴그랜드카니발11인(경유),2024-10-30 06:22:51.796576,,2024-10-30 06:22:51,,unavailable,,unavailable,,unavailable,,unavailable,,unavailable_no_verified_acquisition_or_sale_date,observed_reference_fields_plus_unavailable_requested_fields
11371,1844,16/18년 올뉴그랜드카니발11인(경유),2024-10-30 06:22:51.796576,,2024-10-30 06:22:51,,unavailable,,unavailable,,unavailable,,unavailable,,unavailable_no_verified_acquisition_or_sale_date,observed_reference_fields_plus_unavailable_requested_fields
11372,1844,16/18년 올뉴그랜드카니발11인(경유),2024-10-30 06:22:51.796576,,2024-10-30 06:22:51,,unavailable,,unavailable,,unavailable,,unavailable,,unavailable_no_verified_acquisition_or_sale_date,observed_reference_fields_plus_unavailable_requested_fields
11373,1844,16/18년 올뉴그랜드카니발11인(경유),2024-10-30 06:22:51.796576,,2024-10-30 06:22:51,,unavailable,,unavailable,,unavailable,,unavailable,,unavailable_no_verified_acquisition_or_sale_date,observed_reference_fields_plus_unavailable_requested_fields
11374,1854,19년 더뉴그랜드스타렉스12인(경유),2024-10-30 06:22:51.796576,,2024-10-30 06:22:51,,unavailable,,unavailable,,unavailable,,unavailable,,unavailable_no_verified_acquisition_or_sale_date,observed_reference_fields_plus_unavailable_requested_fields
11375,2073,그랜드스타렉스12인[경유],2024-10-30 06:22:51.796576,,2024-10-30 06:22:51,,unavailable,,unavailable,,unavailable,,unavailable,,unavailable_no_verified_acquisition_or_sale_date,observed_reference_fields_plus_unavailable_requested_fields
11376,1854,19년 더뉴그랜드스타렉스12인(경유),2024-10-30 06:22:51.796576,,2024-10-30 06:22:51,,unavailable,,unavailable,,unavailable,,unavailable,,unavailable_no_verified_acquisition_or_sale_date,observed_reference_fields_plus_unavailable_requested_fields
11377,2073,그랜드스타렉스12인[경유],2024-10-30 06:22:51.796576,,2024-10-30 06:22:51,,unavailable,,unavailable,,unavailable,,unavailable,,unavailable_no_verified_acquisition_or_sale_date,observed_reference_fields_plus_unavailable_requested_fields
11378,1854,19년 더뉴그랜드스타렉스12인(경유),2024-10-30 06:22:51.796576,,2024-10-30 06:22:51,,unavailable,,unavailable,,unavailable,,unavailable,,unavailable_no_verified_acquisition_or_sale_date,observed_reference_fields_plus_unavailable_requested_fields
11379,2073,그랜드스타렉스12인[경유],2024-10-30 06:22:51.796576,,2024-10-30 06:22:51,,unavailable,,unavailable,,unavailable,,unavailable,,unavailable_no_verified_acquisition_or_sale_date,observed_reference_fields_plus_unavailable_requested_fields
11380,2073,그랜드스타렉스12인[경유],2024-10-30 06:22:51.796576,,2024-10-30 06:22:51,,unavailable,,unavailable,,unavailable,,unavailable,,unavailable_no_verified_acquisition_or_sale_date,observed_reference_fields_plus_unavailable_requested_fields
11381,2073,그랜드스타렉스12인[경유],2024-10-30 06:22:51.796576,,2024-10-30 06:22:51,,unavailable,,unavailable,,unavailable,,unavailable,,unavailable_no_verified_acquisition_or_sale_date,observed_reference_fields_plus_unavailable_requested_fields
11382,2073,그랜드스타렉스12인[경유],2024-10-30 06:22:51.796576,,2024-10-30 06:22:51,,unavailable,,unavailable,,unavailable,,unavailable,,unavailable_no_verified_acquisition_or_sale_date,observed_reference_fields_plus_unavailable_requested_fields
11383,1854,19년 더뉴그랜드스타렉스12인(경유),2024-10-30 06:22:51.796576,,2024-10-30 06:22:51,,unavailable,,unavailable,,unavailable,,unavailable,,unavailable_no_verified_acquisition_or_sale_date,observed_reference_fields_plus_unavailable_requested_fields
11384,2073,그랜드스타렉스12인[경유],2024-10-30 06:22:51.796576,,2024-10-30 06:22:51,,unavailable,,unavailable,,unavailable,,unavailable,,unavailable_no_verified_acquisition_or_sale_date,observed_reference_fields_plus_unavailable_requested_fields
11385,2073,그랜드스타렉스12인[경유],2024-10-30 06:22:51.796576,,2024-10-30 06:22:51,,unavailable,,unavailable,,unavailable,,unavailable,,unavailable_no_verified_acquisition_or_sale_date,observed_reference_fields_plus_unavailable_requested_fields
11386,1854,19년 더뉴그랜드스타렉스12인(경유),2024-10-30 06:22:51.796576,,2024-10-30 06:22:51,,unavailable,,unavailable,,unavailable,,unavailable,,unavailable_no_verified_acquisition_or_sale_date,observed_reference_fields_plus_unavailable_requested_fields
11387,1854,19년 더뉴그랜드스타렉스12인(경유),2024-10-30 06:22:51.796576,,2024-10-30 06:22:51,,unavailable,,unavailable,,unavailable,,unavailable,,unavailable_no_verified_acquisition_or_sale_date,observed_reference_fields_plus_unavailable_requested_fields
11388,1846,18/19년 쏠라티(15인/경유),2024-10-30 06:22:51.796576,,2024-10-30 06:22:51,,unavailable,,unavailable,,unavailable,,unavailable,,unavailable_no_verified_acquisition_or_sale_date,observed_reference_fields_plus_unavailable_requested_fields
11389,1854,19년 더뉴그랜드스타렉스12인(경유),2024-10-30 06:22:51.796576,,2024-10-30 06:22:51,,unavailable,,unavailable,,unavailable,,unavailable,,unavailable_no_verified_acquisition_or_sale_date,observed_reference_fields_plus_unavailable_requested_fields
11390,1939,24년 레이(휘),2024-11-04 05:04:04.933788,2024-11-04,2024-11-11 08:32:00,,unavailable,,unavailable,,unavailable,,unavailable,,unavailable_no_verified_acquisition_or_sale_date,observed_reference_fields_plus_unavailable_requested_fields
11391,1939,24년 레이(휘),2024-11-04 05:07:12.409862,2024-11-04,2024-11-11 08:32:03,,unavailable,,unavailable,,unavailable,,unavailable,,unavailable_no_verified_acquisition_or_sale_date,observed_reference_fields_plus_unavailable_requested_fields
11392,1939,24년 레이(휘),2024-11-04 05:10:51.062000,2024-11-04,2024-11-11 08:32:08,,unavailable,,unavailable,,unavailable,,unavailable,,unavailable_no_verified_acquisition_or_sale_date,observed_reference_fields_plus_unavailable_requested_fields
11393,1939,24년 레이(휘),2024-11-04 05:11:57.423080,2024-11-04,2024-11-11 08:29:39,,unavailable,,unavailable,,unavailable,,unavailable,,unavailable_no_verified_acquisition_or_sale_date,observed_reference_fields_plus_unavailable_requested_fields
11394,1939,24년 레이(휘),2024-11-04 05:13:14.117104,2024-11-04,2024-11-11 08:29:44,,unavailable,,unavailable,,unavailable,,unavailable,,unavailable_no_verified_acquisition_or_sale_date,observed_reference_fields_plus_unavailable_requested_fields
11395,1939,24년 레이(휘),2024-11-04 05:13:58.633122,2024-11-04,2024-11-11 08:29:48,,unavailable,,unavailable,,unavailable,,unavailable,,unavailable_no_verified_acquisition_or_sale_date,observed_reference_fields_plus_unavailable_requested_fields
11396,1939,24년 레이(휘),2024-11-04 05:15:29.049812,2024-11-04,2024-11-11 08:29:51,,unavailable,,unavailable,,unavailable,,unavailable,,unavailable_no_verified_acquisition_or_sale_date,observed_reference_fields_plus_unavailable_requested_fields
11397,1939,24년 레이(휘),2024-11-04 05:16:37.910003,2024-11-04,2024-11-11 08:29:55,,unavailable,,unavailable,,unavailable,,unavailable,,unavailable_no_verified_acquisition_or_sale_date,observed_reference_fields_plus_unavailable_requested_fields
11398,1939,24년 레이(휘),2024-11-04 05:17:25.143502,2024-11-04,2024-11-11 08:29:58,,unavailable,,unavailable,,unavailable,,unavailable,,unavailable_no_verified_acquisition_or_sale_date,observed_reference_fields_plus_unavailable_requested_fields
11399,1939,24년 레이(휘),2024-11-04 05:18:10.979124,2024-11-04,2024-11-11 08:30:03,,unavailable,,unavailable,,unavailable,,unavailable,,unavailable_no_verified_acquisition_or_sale_date,observed_reference_fields_plus_unavailable_requested_fields
11400,2099,25년 EV3(전기),2024-11-14 07:09:25.506741,2025-01-09,,,unavailable,,unavailable,,unavailable,,unavailable,,unavailable_no_verified_acquisition_or_sale_date,observed_reference_fields_plus_unavailable_requested_fields
11401,2099,25년 EV3(전기),2024-11-14 07:11:58.812772,2025-01-09,,,unavailable,,unavailable,,unavailable,,unavailable,,unavailable_no_verified_acquisition_or_sale_date,observed_reference_fields_plus_unavailable_requested_fields
11402,2099,25년 EV3(전기),2024-11-14 07:12:57.225781,2025-01-09,,,unavailable,,unavailable,,unavailable,,unavailable,,unavailable_no_verified_acquisition_or_sale_date,observed_reference_fields_plus_unavailable_requested_fields
11403,2099,25년 EV3(전기),2024-11-14 07:13:47.844543,2025-01-09,,,unavailable,,unavailable,,unavailable,,unavailable,,unavailable_no_verified_acquisition_or_sale_date,observed_reference_fields_plus_unavailable_requested_fields
11404,2099,25년 EV3(전기),2024-11-14 07:14:36.959953,2024-11-14,2025-01-01 05:43:34,,unavailable,,unavailable,,unavailable,,unavailable,,unavailable_no_verified_acquisition_or_sale_date,observed_reference_fields_plus_unavailable_requested_fields
11405,2100,업무용차량,2024-11-28 08:13:28.070233,2016-06-17,,,unavailable,,unavailable,,unavailable,,unavailable,,unavailable_no_verified_acquisition_or_sale_date,observed_reference_fields_plus_unavailable_requested_fields
11406,2100,업무용차량,2024-11-28 08:15:34.179986,2019-12-19,,,unavailable,,unavailable,,unavailable,,unavailable,,unavailable_no_verified_acquisition_or_sale_date,observed_reference_fields_plus_unavailable_requested_fields
11407,2100,업무용차량,2024-11-28 08:17:10.558740,2024-11-28,2026-01-02 09:26:18,,unavailable,,unavailable,,unavailable,,unavailable,,unavailable_no_verified_acquisition_or_sale_date,observed_reference_fields_plus_unavailable_requested_fields
11408,2100,업무용차량,2024-11-28 08:19:43.442647,2009-01-13,,,unavailable,,unavailable,,unavailable,,unavailable,,unavailable_no_verified_acquisition_or_sale_date,observed_reference_fields_plus_unavailable_requested_fields
11409,2100,업무용차량,2024-11-28 08:21:10.522471,2019-04-05,2025-03-06 03:39:03,,unavailable,,unavailable,,unavailable,,unavailable,,unavailable_no_verified_acquisition_or_sale_date,observed_reference_fields_plus_unavailable_requested_fields
11410,2100,업무용차량,2024-11-28 08:23:32.201051,2021-06-07,,,unavailable,,unavailable,,unavailable,,unavailable,,unavailable_no_verified_acquisition_or_sale_date,observed_reference_fields_plus_unavailable_requested_fields
11411,2100,업무용차량,2024-11-28 08:25:59.886388,2024-11-28,,,unavailable,,unavailable,,unavailable,,unavailable,,unavailable_no_verified_acquisition_or_sale_date,observed_reference_fields_plus_unavailable_requested_fields
11412,2100,업무용차량,2024-11-28 09:02:03.667923,2024-11-28,2025-03-06 03:53:29,,unavailable,,unavailable,,unavailable,,unavailable,,unavailable_no_verified_acquisition_or_sale_date,observed_reference_fields_plus_unavailable_requested_fields
11413,2100,업무용차량,2024-12-03 01:41:44.668617,2024-12-03,,,unavailable,,unavailable,,unavailable,,unavailable,,unavailable_no_verified_acquisition_or_sale_date,observed_reference_fields_plus_unavailable_requested_fields
11418,2102,25년 G80 4륜(휘),2024-12-13 01:53:31.768344,2024-12-19,,,unavailable,,unavailable,,unavailable,,unavailable,,unavailable_no_verified_acquisition_or_sale_date,observed_reference_fields_plus_unavailable_requested_fields
11419,2102,25년 G80 4륜(휘),2024-12-13 01:54:11.140606,2024-12-19,,,unavailable,,unavailable,,unavailable,,unavailable,,unavailable_no_verified_acquisition_or_sale_date,observed_reference_fields_plus_unavailable_requested_fields
11420,2102,25년 G80 4륜(휘),2024-12-13 01:54:30.449718,2024-12-19,,,unavailable,,unavailable,,unavailable,,unavailable,,unavailable_no_verified_acquisition_or_sale_date,observed_reference_fields_plus_unavailable_requested_fields
11421,2102,25년 G80 4륜(휘),2024-12-13 01:54:55.308679,2024-12-19,,,unavailable,,unavailable,,unavailable,,unavailable,,unavailable_no_verified_acquisition_or_sale_date,observed_reference_fields_plus_unavailable_requested_fields
11422,2103,25년 GV80 쿠페 4륜(5인/휘),2024-12-13 02:04:50.796387,2024-12-23,,,unavailable,,unavailable,,unavailable,,unavailable,,unavailable_no_verified_acquisition_or_sale_date,observed_reference_fields_plus_unavailable_requested_fields
11423,2103,25년 GV80 쿠페 4륜(5인/휘),2024-12-13 02:05:26.143136,2024-12-23,,,unavailable,,unavailable,,unavailable,,unavailable,,unavailable_no_verified_acquisition_or_sale_date,observed_reference_fields_plus_unavailable_requested_fields
11424,2104,25년 투싼 4륜(휘),2024-12-13 07:01:33.779381,2024-12-13,,,unavailable,,unavailable,,unavailable,,unavailable,,unavailable_no_verified_acquisition_or_sale_date,observed_reference_fields_plus_unavailable_requested_fields
11425,2104,25년 투싼 4륜(휘),2024-12-13 07:03:38.203224,2024-12-31,,,unavailable,,unavailable,,unavailable,,unavailable,,unavailable_no_verified_acquisition_or_sale_date,observed_reference_fields_plus_unavailable_requested_fields
11426,2104,25년 투싼 4륜(휘),2024-12-13 07:04:05.756663,2024-12-13,,,unavailable,,unavailable,,unavailable,,unavailable,,unavailable_no_verified_acquisition_or_sale_date,observed_reference_fields_plus_unavailable_requested_fields
11427,2104,25년 투싼 4륜(휘),2024-12-13 07:04:34.672577,2024-12-13,,,unavailable,,unavailable,,unavailable,,unavailable,,unavailable_no_verified_acquisition_or_sale_date,observed_reference_fields_plus_unavailable_requested_fields
11428,2104,25년 투싼 4륜(휘),2024-12-13 07:04:52.970520,2024-12-31,,,unavailable,,unavailable,,unavailable,,unavailable,,unavailable_no_verified_acquisition_or_sale_date,observed_reference_fields_plus_unavailable_requested_fields
11429,2104,25년 투싼 4륜(휘),2024-12-13 07:05:36.786044,2024-12-31,,,unavailable,,unavailable,,unavailable,,unavailable,,unavailable_no_verified_acquisition_or_sale_date,observed_reference_fields_plus_unavailable_requested_fields
11430,2105,25년 카니발 하이브리드 9인승(휘),2024-12-18 02:11:14.754844,2024-12-24,,,unavailable,,unavailable,,unavailable,,unavailable,,unavailable_no_verified_acquisition_or_sale_date,observed_reference_fields_plus_unavailable_requested_fields
11431,2105,25년 카니발 하이브리드 9인승(휘),2024-12-18 02:11:38.677116,2024-12-24,,,unavailable,,unavailable,,unavailable,,unavailable,,unavailable_no_verified_acquisition_or_sale_date,observed_reference_fields_plus_unavailable_requested_fields
11432,2105,25년 카니발 하이브리드 9인승(휘),2024-12-18 02:12:02.474442,2024-12-24,,,unavailable,,unavailable,,unavailable,,unavailable,,unavailable_no_verified_acquisition_or_sale_date,observed_reference_fields_plus_unavailable_requested_fields
11433,2105,25년 카니발 하이브리드 9인승(휘),2024-12-18 02:12:35.156750,2024-12-18,,,unavailable,,unavailable,,unavailable,,unavailable,,unavailable_no_verified_acquisition_or_sale_date,observed_reference_fields_plus_unavailable_requested_fields
11434,2105,25년 카니발 하이브리드 9인승(휘),2024-12-18 02:18:27.162401,2024-12-18,,,unavailable,,unavailable,,unavailable,,unavailable,,unavailable_no_verified_acquisition_or_sale_date,observed_reference_fields_plus_unavailable_requested_fields
11435,2106,25년 레이(휘),2024-12-18 02:26:08.017379,2024-12-18,,,unavailable,,unavailable,,unavailable,,unavailable,,unavailable_no_verified_acquisition_or_sale_date,observed_reference_fields_plus_unavailable_requested_fields
11436,2106,25년 레이(휘),2024-12-18 02:26:33.703418,2024-12-18,,,unavailable,,unavailable,,unavailable,,unavailable,,unavailable_no_verified_acquisition_or_sale_date,observed_reference_fields_plus_unavailable_requested_fields
11437,2106,25년 레이(휘),2024-12-18 02:26:59.189543,2024-12-18,,,unavailable,,unavailable,,unavailable,,unavailable,,unavailable_no_verified_acquisition_or_sale_date,observed_reference_fields_plus_unavailable_requested_fields
11438,2106,25년 레이(휘),2024-12-18 02:27:24.014556,2024-12-18,,,unavailable,,unavailable,,unavailable,,unavailable,,unavailable_no_verified_acquisition_or_sale_date,observed_reference_fields_plus_unavailable_requested_fields
11439,2106,25년 레이(휘),2024-12-18 02:27:42.098061,2024-12-18,,,unavailable,,unavailable,,unavailable,,unavailable,,unavailable_no_verified_acquisition_or_sale_date,observed_reference_fields_plus_unavailable_requested_fields
11440,2106,25년 레이(휘),2024-12-18 02:27:59.322574,2024-12-18,,,unavailable,,unavailable,,unavailable,,unavailable,,unavailable_no_verified_acquisition_or_sale_date,observed_reference_fields_plus_unavailable_requested_fields
11441,2106,25년 레이(휘),2024-12-18 02:29:51.097464,2024-12-18,,,unavailable,,unavailable,,unavailable,,unavailable,,unavailable_no_verified_acquisition_or_sale_date,observed_reference_fields_plus_unavailable_requested_fields
11442,2106,25년 레이(휘),2024-12-18 02:30:08.396554,2024-12-18,,,unavailable,,unavailable,,unavailable,,unavailable,,unavailable_no_verified_acquisition_or_sale_date,observed_reference_fields_plus_unavailable_requested_fields
11443,2106,25년 레이(휘),2024-12-18 02:30:31.325015,2024-12-18,,,unavailable,,unavailable,,unavailable,,unavailable,,unavailable_no_verified_acquisition_or_sale_date,observed_reference_fields_plus_unavailable_requested_fields
11444,2106,25년 레이(휘),2024-12-18 02:30:52.209294,2024-12-18,,,unavailable,,unavailable,,unavailable,,unavailable,,unavailable_no_verified_acquisition_or_sale_date,observed_reference_fields_plus_unavailable_requested_fields
11448,2100,업무용차량,2024-12-23 09:51:17.054394,2024-12-23,2025-05-15 01:27:03,,unavailable,,unavailable,,unavailable,,unavailable,,unavailable_no_verified_acquisition_or_sale_date,observed_reference_fields_plus_unavailable_requested_fields
11477,2111,25년 쏠라티(15인/경유),2025-01-02 01:28:43.670269,2025-01-02,,,unavailable,,unavailable,,unavailable,,unavailable,,unavailable_no_verified_acquisition_or_sale_date,observed_reference_fields_plus_unavailable_requested_fields
11478,2111,25년 쏠라티(15인/경유),2025-01-02 01:29:07.665369,2025-01-02,,,unavailable,,unavailable,,unavailable,,unavailable,,unavailable_no_verified_acquisition_or_sale_date,observed_reference_fields_plus_unavailable_requested_fields
11479,2111,25년 쏠라티(15인/경유),2025-01-02 01:29:26.509890,2025-01-02,,,unavailable,,unavailable,,unavailable,,unavailable,,unavailable_no_verified_acquisition_or_sale_date,observed_reference_fields_plus_unavailable_requested_fields
11480,2111,25년 쏠라티(15인/경유),2025-01-02 01:57:27.731720,2025-01-02,,,unavailable,,unavailable,,unavailable,,unavailable,,unavailable_no_verified_acquisition_or_sale_date,observed_reference_fields_plus_unavailable_requested_fields
11482,2117,25년 더뉴스포티지 하이브리드 4륜(휘),2025-01-08 07:55:35.096735,2025-01-08,,,unavailable,,unavailable,,unavailable,,unavailable,,unavailable_no_verified_acquisition_or_sale_date,observed_reference_fields_plus_unavailable_requested_fields
11483,2117,25년 더뉴스포티지 하이브리드 4륜(휘),2025-01-08 07:56:02.119419,2025-01-08,,,unavailable,,unavailable,,unavailable,,unavailable,,unavailable_no_verified_acquisition_or_sale_date,observed_reference_fields_plus_unavailable_requested_fields
11484,2117,25년 더뉴스포티지 하이브리드 4륜(휘),2025-01-08 07:56:16.186736,2025-01-08,,,unavailable,,unavailable,,unavailable,,unavailable,,unavailable_no_verified_acquisition_or_sale_date,observed_reference_fields_plus_unavailable_requested_fields
11485,2117,25년 더뉴스포티지 하이브리드 4륜(휘),2025-01-08 07:56:30.676581,2025-01-08,,,unavailable,,unavailable,,unavailable,,unavailable,,unavailable_no_verified_acquisition_or_sale_date,observed_reference_fields_plus_unavailable_requested_fields
11486,2117,25년 더뉴스포티지 하이브리드 4륜(휘),2025-01-08 07:56:50.861081,2025-01-08,,,unavailable,,unavailable,,unavailable,,unavailable,,unavailable_no_verified_acquisition_or_sale_date,observed_reference_fields_plus_unavailable_requested_fields
11487,2117,25년 더뉴스포티지 하이브리드 4륜(휘),2025-01-08 07:58:08.703660,2025-01-08,,,unavailable,,unavailable,,unavailable,,unavailable,,unavailable_no_verified_acquisition_or_sale_date,observed_reference_fields_plus_unavailable_requested_fields
11488,2117,25년 더뉴스포티지 하이브리드 4륜(휘),2025-01-08 07:58:35.346751,2025-01-08,,,unavailable,,unavailable,,unavailable,,unavailable,,unavailable_no_verified_acquisition_or_sale_date,observed_reference_fields_plus_unavailable_requested_fields
11489,2117,25년 더뉴스포티지 하이브리드 4륜(휘),2025-01-08 07:58:49.137821,2025-01-08,,,unavailable,,unavailable,,unavailable,,unavailable,,unavailable_no_verified_acquisition_or_sale_date,observed_reference_fields_plus_unavailable_requested_fields
11490,2117,25년 더뉴스포티지 하이브리드 4륜(휘),2025-01-08 07:59:08.638925,2025-01-08,,,unavailable,,unavailable,,unavailable,,unavailable,,unavailable_no_verified_acquisition_or_sale_date,observed_reference_fields_plus_unavailable_requested_fields
11491,2117,25년 더뉴스포티지 하이브리드 4륜(휘),2025-01-08 07:59:27.272615,2025-01-08,,,unavailable,,unavailable,,unavailable,,unavailable,,unavailable_no_verified_acquisition_or_sale_date,observed_reference_fields_plus_unavailable_requested_fields
11512,2120,25년 GV80 4륜(7인/휘),2025-01-14 05:57:06.027883,2025-01-14,,,unavailable,,unavailable,,unavailable,,unavailable,,unavailable_no_verified_acquisition_or_sale_date,observed_reference_fields_plus_unavailable_requested_fields
11513,2120,25년 GV80 4륜(7인/휘),2025-01-14 05:58:45.702580,2025-01-14,,,unavailable,,unavailable,,unavailable,,unavailable,,unavailable_no_verified_acquisition_or_sale_date,observed_reference_fields_plus_unavailable_requested_fields
11514,2120,25년 GV80 4륜(7인/휘),2025-01-14 06:00:07.669647,2025-01-14,,,unavailable,,unavailable,,unavailable,,unavailable,,unavailable_no_verified_acquisition_or_sale_date,observed_reference_fields_plus_unavailable_requested_fields
11523,2123,25년 카니발리무진 7인승(휘),2025-01-15 06:25:36.393930,2025-01-15,,,unavailable,,unavailable,,unavailable,,unavailable,,unavailable_no_verified_acquisition_or_sale_date,observed_reference_fields_plus_unavailable_requested_fields
11524,2123,25년 카니발리무진 7인승(휘),2025-01-15 06:25:53.464301,2025-01-17,,,unavailable,,unavailable,,unavailable,,unavailable,,unavailable_no_verified_acquisition_or_sale_date,observed_reference_fields_plus_unavailable_requested_fields
11525,2123,25년 카니발리무진 7인승(휘),2025-01-15 06:26:11.164654,2025-01-15,,,unavailable,,unavailable,,unavailable,,unavailable,,unavailable_no_verified_acquisition_or_sale_date,observed_reference_fields_plus_unavailable_requested_fields
11526,2123,25년 카니발리무진 7인승(휘),2025-01-15 06:28:05.893020,2025-01-15,,,unavailable,,unavailable,,unavailable,,unavailable,,unavailable_no_verified_acquisition_or_sale_date,observed_reference_fields_plus_unavailable_requested_fields
11527,2124,25년 카니발리무진 7인승(경유),2025-01-15 06:37:57.088695,2025-01-15,,,unavailable,,unavailable,,unavailable,,unavailable,,unavailable_no_verified_acquisition_or_sale_date,observed_reference_fields_plus_unavailable_requested_fields
11528,2124,25년 카니발리무진 7인승(경유),2025-01-15 06:38:23.984997,2025-01-15,,,unavailable,,unavailable,,unavailable,,unavailable,,unavailable_no_verified_acquisition_or_sale_date,observed_reference_fields_plus_unavailable_requested_fields
11529,2100,업무용차량,2025-01-16 07:41:41.442671,2022-05-24,2026-01-02 09:26:05,,unavailable,,unavailable,,unavailable,,unavailable,,unavailable_no_verified_acquisition_or_sale_date,observed_reference_fields_plus_unavailable_requested_fields
11530,2100,업무용차량,2025-01-16 07:58:27.916797,2025-01-16,,,unavailable,,unavailable,,unavailable,,unavailable,,unavailable_no_verified_acquisition_or_sale_date,observed_reference_fields_plus_unavailable_requested_fields
11542,2123,25년 카니발리무진 7인승(휘),2025-01-17 05:35:13.173511,2025-01-17,,,unavailable,,unavailable,,unavailable,,unavailable,,unavailable_no_verified_acquisition_or_sale_date,observed_reference_fields_plus_unavailable_requested_fields
11595,2133,25년 GV70 4륜(5인/휘),2025-02-10 00:18:58.522358,2025-02-10,,,unavailable,,unavailable,,unavailable,,unavailable,,unavailable_no_verified_acquisition_or_sale_date,observed_reference_fields_plus_unavailable_requested_fields
11596,2124,25년 카니발리무진 7인승(경유),2025-02-10 00:19:53.808709,2025-02-12,,,unavailable,,unavailable,,unavailable,,unavailable,,unavailable_no_verified_acquisition_or_sale_date,observed_reference_fields_plus_unavailable_requested_fields
11597,2133,25년 GV70 4륜(5인/휘),2025-02-10 00:19:59.882770,2025-02-10,,,unavailable,,unavailable,,unavailable,,unavailable,,unavailable_no_verified_acquisition_or_sale_date,observed_reference_fields_plus_unavailable_requested_fields
11598,2124,25년 카니발리무진 7인승(경유),2025-02-10 00:21:17.285547,2025-02-12,,,unavailable,,unavailable,,unavailable,,unavailable,,unavailable_no_verified_acquisition_or_sale_date,observed_reference_fields_plus_unavailable_requested_fields
11599,2105,25년 카니발 하이브리드 9인승(휘),2025-02-10 00:22:16.563232,2025-02-12,,,unavailable,,unavailable,,unavailable,,unavailable,,unavailable_no_verified_acquisition_or_sale_date,observed_reference_fields_plus_unavailable_requested_fields
11600,2105,25년 카니발 하이브리드 9인승(휘),2025-02-10 00:22:44.179398,2025-02-12,,,unavailable,,unavailable,,unavailable,,unavailable,,unavailable_no_verified_acquisition_or_sale_date,observed_reference_fields_plus_unavailable_requested_fields
11601,2105,25년 카니발 하이브리드 9인승(휘),2025-02-10 00:23:08.846059,2025-02-12,,,unavailable,,unavailable,,unavailable,,unavailable,,unavailable_no_verified_acquisition_or_sale_date,observed_reference_fields_plus_unavailable_requested_fields
11627,2102,25년 G80 4륜(휘),2025-02-25 00:09:32.184583,2025-02-25,,,unavailable,,unavailable,,unavailable,,unavailable,,unavailable_no_verified_acquisition_or_sale_date,observed_reference_fields_plus_unavailable_requested_fields
11628,2106,25년 레이(휘),2025-02-25 01:14:38.535302,2025-03-07,,,unavailable,,unavailable,,unavailable,,unavailable,,unavailable_no_verified_acquisition_or_sale_date,observed_reference_fields_plus_unavailable_requested_fields
11629,2106,25년 레이(휘),2025-02-25 01:16:25.916864,2025-03-07,,,unavailable,,unavailable,,unavailable,,unavailable,,unavailable_no_verified_acquisition_or_sale_date,observed_reference_fields_plus_unavailable_requested_fields
11630,2106,25년 레이(휘),2025-02-25 01:17:20.083081,2025-03-07,,,unavailable,,unavailable,,unavailable,,unavailable,,unavailable_no_verified_acquisition_or_sale_date,observed_reference_fields_plus_unavailable_requested_fields
11631,2106,25년 레이(휘),2025-02-25 01:18:09.072844,2025-03-07,,,unavailable,,unavailable,,unavailable,,unavailable,,unavailable_no_verified_acquisition_or_sale_date,observed_reference_fields_plus_unavailable_requested_fields
11632,2106,25년 레이(휘),2025-02-25 01:20:24.265870,2025-03-07,,,unavailable,,unavailable,,unavailable,,unavailable,,unavailable_no_verified_acquisition_or_sale_date,observed_reference_fields_plus_unavailable_requested_fields
11633,2106,25년 레이(휘),2025-02-25 01:27:06.405947,2025-03-07,,,unavailable,,unavailable,,unavailable,,unavailable,,unavailable_no_verified_acquisition_or_sale_date,observed_reference_fields_plus_unavailable_requested_fields
11634,2106,25년 레이(휘),2025-02-25 01:27:53.917100,2025-03-07,,,unavailable,,unavailable,,unavailable,,unavailable,,unavailable_no_verified_acquisition_or_sale_date,observed_reference_fields_plus_unavailable_requested_fields
11635,2106,25년 레이(휘),2025-02-25 01:28:55.112736,2025-03-07,,,unavailable,,unavailable,,unavailable,,unavailable,,unavailable_no_verified_acquisition_or_sale_date,observed_reference_fields_plus_unavailable_requested_fields
11636,2106,25년 레이(휘),2025-02-25 01:29:52.352793,2025-03-07,,,unavailable,,unavailable,,unavailable,,unavailable,,unavailable_no_verified_acquisition_or_sale_date,observed_reference_fields_plus_unavailable_requested_fields
11637,2106,25년 레이(휘),2025-02-25 01:30:53.993707,2025-03-07,,,unavailable,,unavailable,,unavailable,,unavailable,,unavailable_no_verified_acquisition_or_sale_date,observed_reference_fields_plus_unavailable_requested_fields
11638,2141,25년 BMW 미니 컨트리맨 4륜(휘),2025-02-25 07:51:52.985743,2025-02-25,,,unavailable,,unavailable,,unavailable,,unavailable,,unavailable_no_verified_acquisition_or_sale_date,observed_reference_fields_plus_unavailable_requested_fields
11639,2141,25년 BMW 미니 컨트리맨 4륜(휘),2025-02-25 07:52:13.858339,2025-02-25,,,unavailable,,unavailable,,unavailable,,unavailable,,unavailable_no_verified_acquisition_or_sale_date,observed_reference_fields_plus_unavailable_requested_fields
11640,2141,25년 BMW 미니 컨트리맨 4륜(휘),2025-02-25 07:54:11.449108,2025-02-25,,,unavailable,,unavailable,,unavailable,,unavailable,,unavailable_no_verified_acquisition_or_sale_date,observed_reference_fields_plus_unavailable_requested_fields
11641,2141,25년 BMW 미니 컨트리맨 4륜(휘),2025-02-25 07:54:31.086477,2025-02-25,,,unavailable,,unavailable,,unavailable,,unavailable,,unavailable_no_verified_acquisition_or_sale_date,observed_reference_fields_plus_unavailable_requested_fields
11648,2141,25년 BMW 미니 컨트리맨 4륜(휘),2025-02-28 07:43:50.229224,2025-02-28,,,unavailable,,unavailable,,unavailable,,unavailable,,unavailable_no_verified_acquisition_or_sale_date,observed_reference_fields_plus_unavailable_requested_fields
11649,2141,25년 BMW 미니 컨트리맨 4륜(휘),2025-02-28 07:44:23.899474,2025-02-28,,,unavailable,,unavailable,,unavailable,,unavailable,,unavailable_no_verified_acquisition_or_sale_date,observed_reference_fields_plus_unavailable_requested_fields
11650,2143,25년 투싼 하이브리드 4륜(휘),2025-03-04 01:32:16.108974,2025-03-07,,,unavailable,,unavailable,,unavailable,,unavailable,,unavailable_no_verified_acquisition_or_sale_date,observed_reference_fields_plus_unavailable_requested_fields
11651,2143,25년 투싼 하이브리드 4륜(휘),2025-03-04 01:32:37.933547,2025-03-07,,,unavailable,,unavailable,,unavailable,,unavailable,,unavailable_no_verified_acquisition_or_sale_date,observed_reference_fields_plus_unavailable_requested_fields
11652,2143,25년 투싼 하이브리드 4륜(휘),2025-03-04 01:32:53.541654,2025-03-07,,,unavailable,,unavailable,,unavailable,,unavailable,,unavailable_no_verified_acquisition_or_sale_date,observed_reference_fields_plus_unavailable_requested_fields
11653,2143,25년 투싼 하이브리드 4륜(휘),2025-03-04 01:33:59.792292,2025-03-07,,,unavailable,,unavailable,,unavailable,,unavailable,,unavailable_no_verified_acquisition_or_sale_date,observed_reference_fields_plus_unavailable_requested_fields
11654,2143,25년 투싼 하이브리드 4륜(휘),2025-03-04 01:34:17.511516,2025-03-07,,,unavailable,,unavailable,,unavailable,,unavailable,,unavailable_no_verified_acquisition_or_sale_date,observed_reference_fields_plus_unavailable_requested_fields
11655,2143,25년 투싼 하이브리드 4륜(휘),2025-03-04 01:42:08.265125,2025-03-10,,,unavailable,,unavailable,,unavailable,,unavailable,,unavailable_no_verified_acquisition_or_sale_date,observed_reference_fields_plus_unavailable_requested_fields
11656,2143,25년 투싼 하이브리드 4륜(휘),2025-03-04 01:42:30.486816,2025-03-07,,,unavailable,,unavailable,,unavailable,,unavailable,,unavailable_no_verified_acquisition_or_sale_date,observed_reference_fields_plus_unavailable_requested_fields
11657,2143,25년 투싼 하이브리드 4륜(휘),2025-03-04 01:42:55.859983,2025-03-10,,,unavailable,,unavailable,,unavailable,,unavailable,,unavailable_no_verified_acquisition_or_sale_date,observed_reference_fields_plus_unavailable_requested_fields
11658,2143,25년 투싼 하이브리드 4륜(휘),2025-03-04 01:43:19.554133,2025-03-07,,,unavailable,,unavailable,,unavailable,,unavailable,,unavailable_no_verified_acquisition_or_sale_date,observed_reference_fields_plus_unavailable_requested_fields
11678,2143,25년 투싼 하이브리드 4륜(휘),2025-03-06 06:14:25.755290,2025-03-06,2025-03-06 06:15:21,,unavailable,,unavailable,,unavailable,,unavailable,,unavailable_no_verified_acquisition_or_sale_date,observed_reference_fields_plus_unavailable_requested_fields
11679,2143,25년 투싼 하이브리드 4륜(휘),2025-03-06 06:40:49.452918,2025-03-07,,,unavailable,,unavailable,,unavailable,,unavailable,,unavailable_no_verified_acquisition_or_sale_date,observed_reference_fields_plus_unavailable_requested_fields
11705,2133,25년 GV70 4륜(5인/휘),2025-03-17 04:44:31.034478,2025-03-18,,,unavailable,,unavailable,,unavailable,,unavailable,,unavailable_no_verified_acquisition_or_sale_date,observed_reference_fields_plus_unavailable_requested_fields
11706,2133,25년 GV70 4륜(5인/휘),2025-03-17 04:44:49.826415,2025-03-18,,,unavailable,,unavailable,,unavailable,,unavailable,,unavailable_no_verified_acquisition_or_sale_date,observed_reference_fields_plus_unavailable_requested_fields
11707,2133,25년 GV70 4륜(5인/휘),2025-03-17 04:48:28.413170,2025-03-18,,,unavailable,,unavailable,,unavailable,,unavailable,,unavailable_no_verified_acquisition_or_sale_date,observed_reference_fields_plus_unavailable_requested_fields
11708,2120,25년 GV80 4륜(7인/휘),2025-03-17 04:49:30.977034,2025-03-18,,,unavailable,,unavailable,,unavailable,,unavailable,,unavailable_no_verified_acquisition_or_sale_date,observed_reference_fields_plus_unavailable_requested_fields
11709,2120,25년 GV80 4륜(7인/휘),2025-03-17 04:49:49.184657,2025-03-18,,,unavailable,,unavailable,,unavailable,,unavailable,,unavailable_no_verified_acquisition_or_sale_date,observed_reference_fields_plus_unavailable_requested_fields
11755,2117,25년 더뉴스포티지 하이브리드 4륜(휘),2025-03-27 07:14:40.152162,2025-04-01,,,unavailable,,unavailable,,unavailable,,unavailable,,unavailable_no_verified_acquisition_or_sale_date,observed_reference_fields_plus_unavailable_requested_fields
11756,2117,25년 더뉴스포티지 하이브리드 4륜(휘),2025-03-27 07:15:15.262538,2025-04-01,,,unavailable,,unavailable,,unavailable,,unavailable,,unavailable_no_verified_acquisition_or_sale_date,observed_reference_fields_plus_unavailable_requested_fields
11757,2117,25년 더뉴스포티지 하이브리드 4륜(휘),2025-03-27 07:15:58.337247,2025-04-01,,,unavailable,,unavailable,,unavailable,,unavailable,,unavailable_no_verified_acquisition_or_sale_date,observed_reference_fields_plus_unavailable_requested_fields
11778,2099,25년 EV3(전기),2025-04-01 00:35:53.484765,2025-04-02,,,unavailable,,unavailable,,unavailable,,unavailable,,unavailable_no_verified_acquisition_or_sale_date,observed_reference_fields_plus_unavailable_requested_fields
11779,2099,25년 EV3(전기),2025-04-01 00:36:45.222793,2025-04-02,,,unavailable,,unavailable,,unavailable,,unavailable,,unavailable_no_verified_acquisition_or_sale_date,observed_reference_fields_plus_unavailable_requested_fields
11780,2099,25년 EV3(전기),2025-04-01 00:38:02.950084,2025-04-02,,,unavailable,,unavailable,,unavailable,,unavailable,,unavailable_no_verified_acquisition_or_sale_date,observed_reference_fields_plus_unavailable_requested_fields
11781,2099,25년 EV3(전기),2025-04-01 00:38:19.859012,2025-04-02,,,unavailable,,unavailable,,unavailable,,unavailable,,unavailable_no_verified_acquisition_or_sale_date,observed_reference_fields_plus_unavailable_requested_fields
11790,2155,25년 아반떼 하이브리드(휘),2025-04-07 02:20:20.820627,2025-04-07,,,unavailable,,unavailable,,unavailable,,unavailable,,unavailable_no_verified_acquisition_or_sale_date,observed_reference_fields_plus_unavailable_requested_fields
11791,2155,25년 아반떼 하이브리드(휘),2025-04-07 02:20:52.109139,2025-04-07,,,unavailable,,unavailable,,unavailable,,unavailable,,unavailable_no_verified_acquisition_or_sale_date,observed_reference_fields_plus_unavailable_requested_fields
11792,2155,25년 아반떼 하이브리드(휘),2025-04-07 02:21:05.391260,2025-04-07,,,unavailable,,unavailable,,unavailable,,unavailable,,unavailable_no_verified_acquisition_or_sale_date,observed_reference_fields_plus_unavailable_requested_fields
11793,2155,25년 아반떼 하이브리드(휘),2025-04-07 02:21:23.711551,2025-04-07,,,unavailable,,unavailable,,unavailable,,unavailable,,unavailable_no_verified_acquisition_or_sale_date,observed_reference_fields_plus_unavailable_requested_fields
11794,2155,25년 아반떼 하이브리드(휘),2025-04-07 02:25:16.120933,2025-04-07,,,unavailable,,unavailable,,unavailable,,unavailable,,unavailable_no_verified_acquisition_or_sale_date,observed_reference_fields_plus_unavailable_requested_fields
11806,2099,25년 EV3(전기),2025-04-08 00:29:16.853301,2025-04-08,,,unavailable,,unavailable,,unavailable,,unavailable,,unavailable_no_verified_acquisition_or_sale_date,observed_reference_fields_plus_unavailable_requested_fields
11873,2155,25년 아반떼 하이브리드(휘),2025-04-14 01:48:12.447741,2025-04-14,,,unavailable,,unavailable,,unavailable,,unavailable,,unavailable_no_verified_acquisition_or_sale_date,observed_reference_fields_plus_unavailable_requested_fields
11874,2155,25년 아반떼 하이브리드(휘),2025-04-14 01:50:17.229243,2025-04-14,,,unavailable,,unavailable,,unavailable,,unavailable,,unavailable_no_verified_acquisition_or_sale_date,observed_reference_fields_plus_unavailable_requested_fields
11875,2155,25년 아반떼 하이브리드(휘),2025-04-14 01:51:53.701157,2025-04-14,,,unavailable,,unavailable,,unavailable,,unavailable,,unavailable_no_verified_acquisition_or_sale_date,observed_reference_fields_plus_unavailable_requested_fields
11876,2155,25년 아반떼 하이브리드(휘),2025-04-14 01:52:10.795321,2025-04-14,,,unavailable,,unavailable,,unavailable,,unavailable,,unavailable_no_verified_acquisition_or_sale_date,observed_reference_fields_plus_unavailable_requested_fields
12026,2155,25년 아반떼 하이브리드(휘),2025-04-29 04:43:12.324665,2025-05-12,,,unavailable,,unavailable,,unavailable,,unavailable,,unavailable_no_verified_acquisition_or_sale_date,observed_reference_fields_plus_unavailable_requested_fields
12027,2155,25년 아반떼 하이브리드(휘),2025-04-29 04:43:29.763542,2025-05-12,,,unavailable,,unavailable,,unavailable,,unavailable,,unavailable_no_verified_acquisition_or_sale_date,observed_reference_fields_plus_unavailable_requested_fields
12028,2155,25년 아반떼 하이브리드(휘),2025-04-29 04:43:46.397777,2025-05-12,,,unavailable,,unavailable,,unavailable,,unavailable,,unavailable_no_verified_acquisition_or_sale_date,observed_reference_fields_plus_unavailable_requested_fields
12029,2155,25년 아반떼 하이브리드(휘),2025-04-29 04:44:04.936737,2025-05-12,,,unavailable,,unavailable,,unavailable,,unavailable,,unavailable_no_verified_acquisition_or_sale_date,observed_reference_fields_plus_unavailable_requested_fields
12030,2155,25년 아반떼 하이브리드(휘),2025-04-29 04:44:30.092296,2025-05-12,,,unavailable,,unavailable,,unavailable,,unavailable,,unavailable_no_verified_acquisition_or_sale_date,observed_reference_fields_plus_unavailable_requested_fields
12031,2213,25년 포르쉐 카이엔 하이브리드 쿠페 4륜,2025-04-29 05:15:00.671743,2025-05-12,,,unavailable,,unavailable,,unavailable,,unavailable,,unavailable_no_verified_acquisition_or_sale_date,observed_reference_fields_plus_unavailable_requested_fields
12032,2214,25년 BMW 미니 컨버터블(휘),2025-04-29 06:27:31.519821,2025-05-13,,,unavailable,,unavailable,,unavailable,,unavailable,,unavailable_no_verified_acquisition_or_sale_date,observed_reference_fields_plus_unavailable_requested_fields
12033,2214,25년 BMW 미니 컨버터블(휘),2025-04-29 06:28:10.478902,2025-05-13,,,unavailable,,unavailable,,unavailable,,unavailable,,unavailable_no_verified_acquisition_or_sale_date,observed_reference_fields_plus_unavailable_requested_fields
12034,2214,25년 BMW 미니 컨버터블(휘),2025-04-29 06:28:38.034312,2025-05-13,,,unavailable,,unavailable,,unavailable,,unavailable,,unavailable_no_verified_acquisition_or_sale_date,observed_reference_fields_plus_unavailable_requested_fields
12042,2217,25년 팰리세이드 4륜(휘),2025-05-12 07:08:52.470079,2025-05-15,,,unavailable,,unavailable,,unavailable,,unavailable,,unavailable_no_verified_acquisition_or_sale_date,observed_reference_fields_plus_unavailable_requested_fields
12043,2217,25년 팰리세이드 4륜(휘),2025-05-12 07:12:01.358303,2025-05-15,,,unavailable,,unavailable,,unavailable,,unavailable,,unavailable_no_verified_acquisition_or_sale_date,observed_reference_fields_plus_unavailable_requested_fields
12044,2217,25년 팰리세이드 4륜(휘),2025-05-12 07:15:58.546759,2025-05-16,,,unavailable,,unavailable,,unavailable,,unavailable,,unavailable_no_verified_acquisition_or_sale_date,observed_reference_fields_plus_unavailable_requested_fields
12045,2214,25년 BMW 미니 컨버터블(휘),2025-05-12 07:48:35.462975,2025-05-13,,,unavailable,,unavailable,,unavailable,,unavailable,,unavailable_no_verified_acquisition_or_sale_date,observed_reference_fields_plus_unavailable_requested_fields
12046,2214,25년 BMW 미니 컨버터블(휘),2025-05-12 07:48:54.155288,2025-05-13,,,unavailable,,unavailable,,unavailable,,unavailable,,unavailable_no_verified_acquisition_or_sale_date,observed_reference_fields_plus_unavailable_requested_fields
12047,2217,25년 팰리세이드 4륜(휘),2025-05-14 06:46:15.185602,2025-05-20,,,unavailable,,unavailable,,unavailable,,unavailable,,unavailable_no_verified_acquisition_or_sale_date,observed_reference_fields_plus_unavailable_requested_fields
12048,2217,25년 팰리세이드 4륜(휘),2025-05-14 06:48:48.826053,2025-05-30,,,unavailable,,unavailable,,unavailable,,unavailable,,unavailable_no_verified_acquisition_or_sale_date,observed_reference_fields_plus_unavailable_requested_fields
12059,2224,25년 카니발 리무진 하이브리드 7인(휘),2025-05-22 05:01:26.973807,2025-05-29,,,unavailable,,unavailable,,unavailable,,unavailable,,unavailable_no_verified_acquisition_or_sale_date,observed_reference_fields_plus_unavailable_requested_fields
12060,2224,25년 카니발 리무진 하이브리드 7인(휘),2025-05-22 05:04:45.901822,2025-05-30,,,unavailable,,unavailable,,unavailable,,unavailable,,unavailable_no_verified_acquisition_or_sale_date,observed_reference_fields_plus_unavailable_requested_fields
12061,2224,25년 카니발 리무진 하이브리드 7인(휘),2025-05-22 05:07:13.302551,2025-05-29,,,unavailable,,unavailable,,unavailable,,unavailable,,unavailable_no_verified_acquisition_or_sale_date,observed_reference_fields_plus_unavailable_requested_fields
12062,2224,25년 카니발 리무진 하이브리드 7인(휘),2025-05-22 05:08:01.708139,2025-05-29,,,unavailable,,unavailable,,unavailable,,unavailable,,unavailable_no_verified_acquisition_or_sale_date,observed_reference_fields_plus_unavailable_requested_fields
12063,2224,25년 카니발 리무진 하이브리드 7인(휘),2025-05-22 05:08:34.145169,2025-05-29,,,unavailable,,unavailable,,unavailable,,unavailable,,unavailable_no_verified_acquisition_or_sale_date,observed_reference_fields_plus_unavailable_requested_fields
12066,1879,20년 코나(전기),2025-06-18 04:48:06.229236,2020-05-22,,,unavailable,,unavailable,,unavailable,,unavailable,,unavailable_no_verified_acquisition_or_sale_date,observed_reference_fields_plus_unavailable_requested_fields
12067,1879,20년 코나(전기),2025-06-18 04:50:24.456728,2020-05-22,,,unavailable,,unavailable,,unavailable,,unavailable,,unavailable_no_verified_acquisition_or_sale_date,observed_reference_fields_plus_unavailable_requested_fields
12068,1879,20년 코나(전기),2025-06-18 04:52:14.208761,2020-05-22,,,unavailable,,unavailable,,unavailable,,unavailable,,unavailable_no_verified_acquisition_or_sale_date,observed_reference_fields_plus_unavailable_requested_fields
12069,1879,20년 코나(전기),2025-06-18 04:54:10.838627,2020-05-22,,,unavailable,,unavailable,,unavailable,,unavailable,,unavailable_no_verified_acquisition_or_sale_date,observed_reference_fields_plus_unavailable_requested_fields
12070,1879,20년 코나(전기),2025-06-18 04:55:06.607705,2020-05-22,,,unavailable,,unavailable,,unavailable,,unavailable,,unavailable_no_verified_acquisition_or_sale_date,observed_reference_fields_plus_unavailable_requested_fields
12071,1879,20년 코나(전기),2025-06-18 05:27:16.918213,2020-05-22,,,unavailable,,unavailable,,unavailable,,unavailable,,unavailable_no_verified_acquisition_or_sale_date,observed_reference_fields_plus_unavailable_requested_fields
12072,1879,20년 코나(전기),2025-06-18 05:29:04.488541,2020-05-22,,,unavailable,,unavailable,,unavailable,,unavailable,,unavailable_no_verified_acquisition_or_sale_date,observed_reference_fields_plus_unavailable_requested_fields
12073,1879,20년 코나(전기),2025-06-18 05:30:00.195239,2020-05-22,,,unavailable,,unavailable,,unavailable,,unavailable,,unavailable_no_verified_acquisition_or_sale_date,observed_reference_fields_plus_unavailable_requested_fields
12074,1879,20년 코나(전기),2025-06-18 05:30:53.030351,2020-05-22,,,unavailable,,unavailable,,unavailable,,unavailable,,unavailable_no_verified_acquisition_or_sale_date,observed_reference_fields_plus_unavailable_requested_fields
12075,1879,20년 코나(전기),2025-06-18 05:31:41.379264,2020-05-22,,,unavailable,,unavailable,,unavailable,,unavailable,,unavailable_no_verified_acquisition_or_sale_date,observed_reference_fields_plus_unavailable_requested_fields
12076,2225,19년 올뉴K3(휘),2025-06-18 05:36:43.302388,2019-07-17,,,unavailable,,unavailable,,unavailable,,unavailable,,unavailable_no_verified_acquisition_or_sale_date,observed_reference_fields_plus_unavailable_requested_fields
12077,2225,19년 올뉴K3(휘),2025-06-18 05:39:19.602625,2019-07-17,,,unavailable,,unavailable,,unavailable,,unavailable,,unavailable_no_verified_acquisition_or_sale_date,observed_reference_fields_plus_unavailable_requested_fields
12078,2225,19년 올뉴K3(휘),2025-06-18 05:40:19.506452,2019-07-17,2026-03-18 06:26:32,,unavailable,,unavailable,,unavailable,,unavailable,,unavailable_no_verified_acquisition_or_sale_date,observed_reference_fields_plus_unavailable_requested_fields
12079,2225,19년 올뉴K3(휘),2025-06-18 05:41:05.373441,2019-07-17,,,unavailable,,unavailable,,unavailable,,unavailable,,unavailable_no_verified_acquisition_or_sale_date,observed_reference_fields_plus_unavailable_requested_fields
12080,2225,19년 올뉴K3(휘),2025-06-18 05:41:48.785721,2019-07-17,,,unavailable,,unavailable,,unavailable,,unavailable,,unavailable_no_verified_acquisition_or_sale_date,observed_reference_fields_plus_unavailable_requested_fields
12081,2225,19년 올뉴K3(휘),2025-06-18 05:43:00.830340,2019-10-08,,,unavailable,,unavailable,,unavailable,,unavailable,,unavailable_no_verified_acquisition_or_sale_date,observed_reference_fields_plus_unavailable_requested_fields
12082,2225,19년 올뉴K3(휘),2025-06-18 05:43:48.982801,2019-10-08,,,unavailable,,unavailable,,unavailable,,unavailable,,unavailable_no_verified_acquisition_or_sale_date,observed_reference_fields_plus_unavailable_requested_fields
12083,2225,19년 올뉴K3(휘),2025-06-18 05:46:01.962255,2019-10-08,,,unavailable,,unavailable,,unavailable,,unavailable,,unavailable_no_verified_acquisition_or_sale_date,observed_reference_fields_plus_unavailable_requested_fields
12084,2225,19년 올뉴K3(휘),2025-06-18 05:47:23.487673,2019-10-08,,,unavailable,,unavailable,,unavailable,,unavailable,,unavailable_no_verified_acquisition_or_sale_date,observed_reference_fields_plus_unavailable_requested_fields
12085,2225,19년 올뉴K3(휘),2025-06-18 05:50:00.685460,2019-10-08,,,unavailable,,unavailable,,unavailable,,unavailable,,unavailable_no_verified_acquisition_or_sale_date,observed_reference_fields_plus_unavailable_requested_fields
12086,1864,20년 쏘나타DN8(LPG),2025-06-18 06:02:58.152578,2019-10-01,,,unavailable,,unavailable,,unavailable,,unavailable,,unavailable_no_verified_acquisition_or_sale_date,observed_reference_fields_plus_unavailable_requested_fields
12087,1864,20년 쏘나타DN8(LPG),2025-06-18 06:04:54.088671,2020-07-14,,,unavailable,,unavailable,,unavailable,,unavailable,,unavailable_no_verified_acquisition_or_sale_date,observed_reference_fields_plus_unavailable_requested_fields
12088,1864,20년 쏘나타DN8(LPG),2025-06-18 06:06:19.733556,2020-07-14,,,unavailable,,unavailable,,unavailable,,unavailable,,unavailable_no_verified_acquisition_or_sale_date,observed_reference_fields_plus_unavailable_requested_fields
12089,1864,20년 쏘나타DN8(LPG),2025-06-18 06:08:12.843893,2020-07-14,,,unavailable,,unavailable,,unavailable,,unavailable,,unavailable_no_verified_acquisition_or_sale_date,observed_reference_fields_plus_unavailable_requested_fields
12090,1864,20년 쏘나타DN8(LPG),2025-06-18 06:08:58.705284,2020-07-14,,,unavailable,,unavailable,,unavailable,,unavailable,,unavailable_no_verified_acquisition_or_sale_date,observed_reference_fields_plus_unavailable_requested_fields
12091,1864,20년 쏘나타DN8(LPG),2025-06-18 06:10:58.364910,2020-07-14,,,unavailable,,unavailable,,unavailable,,unavailable,,unavailable_no_verified_acquisition_or_sale_date,observed_reference_fields_plus_unavailable_requested_fields
12092,1864,20년 쏘나타DN8(LPG),2025-06-18 06:19:38.648573,2020-07-14,,,unavailable,,unavailable,,unavailable,,unavailable,,unavailable_no_verified_acquisition_or_sale_date,observed_reference_fields_plus_unavailable_requested_fields
12093,1864,20년 쏘나타DN8(LPG),2025-06-18 06:20:23.143018,2020-07-14,,,unavailable,,unavailable,,unavailable,,unavailable,,unavailable_no_verified_acquisition_or_sale_date,observed_reference_fields_plus_unavailable_requested_fields
12094,1873,20년 K5(LPG),2025-06-18 06:53:28.353635,2020-09-11,,,unavailable,,unavailable,,unavailable,,unavailable,,unavailable_no_verified_acquisition_or_sale_date,observed_reference_fields_plus_unavailable_requested_fields
12095,1873,20년 K5(LPG),2025-06-18 06:54:38.895807,2020-09-11,,,unavailable,,unavailable,,unavailable,,unavailable,,unavailable_no_verified_acquisition_or_sale_date,observed_reference_fields_plus_unavailable_requested_fields
12096,1873,20년 K5(LPG),2025-06-18 07:01:49.037118,2020-09-11,,,unavailable,,unavailable,,unavailable,,unavailable,,unavailable_no_verified_acquisition_or_sale_date,observed_reference_fields_plus_unavailable_requested_fields
12097,1873,20년 K5(LPG),2025-06-18 07:02:49.416364,2020-09-11,,,unavailable,,unavailable,,unavailable,,unavailable,,unavailable_no_verified_acquisition_or_sale_date,observed_reference_fields_plus_unavailable_requested_fields
12098,1873,20년 K5(LPG),2025-06-18 07:03:52.456723,2020-12-02,,,unavailable,,unavailable,,unavailable,,unavailable,,unavailable_no_verified_acquisition_or_sale_date,observed_reference_fields_plus_unavailable_requested_fields
12099,1873,20년 K5(LPG),2025-06-18 07:04:40.480586,2020-12-02,,,unavailable,,unavailable,,unavailable,,unavailable,,unavailable_no_verified_acquisition_or_sale_date,observed_reference_fields_plus_unavailable_requested_fields
12100,1873,20년 K5(LPG),2025-06-18 07:05:59.016767,2020-12-02,,,unavailable,,unavailable,,unavailable,,unavailable,,unavailable_no_verified_acquisition_or_sale_date,observed_reference_fields_plus_unavailable_requested_fields
12101,1870,20년 QM6(LPG),2025-06-18 07:06:48.513286,2020-12-02,2026-03-18 06:09:01,,unavailable,,unavailable,,unavailable,,unavailable,,unavailable_no_verified_acquisition_or_sale_date,observed_reference_fields_plus_unavailable_requested_fields
12102,1873,20년 K5(LPG),2025-06-18 07:07:50.117545,2020-12-02,,,unavailable,,unavailable,,unavailable,,unavailable,,unavailable_no_verified_acquisition_or_sale_date,observed_reference_fields_plus_unavailable_requested_fields
12103,2226,22년 K5(LPG),2025-06-18 07:16:35.309715,2021-03-26,2026-03-18 06:10:31,,unavailable,,unavailable,,unavailable,,unavailable,,unavailable_no_verified_acquisition_or_sale_date,observed_reference_fields_plus_unavailable_requested_fields
12104,2226,22년 K5(LPG),2025-06-18 07:17:10.734659,2021-04-01,2026-03-18 06:10:45,,unavailable,,unavailable,,unavailable,,unavailable,,unavailable_no_verified_acquisition_or_sale_date,observed_reference_fields_plus_unavailable_requested_fields
12105,2226,22년 K5(LPG),2025-06-18 07:17:43.766442,2021-04-22,2026-03-18 06:10:47,,unavailable,,unavailable,,unavailable,,unavailable,,unavailable_no_verified_acquisition_or_sale_date,observed_reference_fields_plus_unavailable_requested_fields
12106,2226,22년 K5(LPG),2025-06-18 07:18:37.005468,2021-04-22,2026-03-18 06:10:49,,unavailable,,unavailable,,unavailable,,unavailable,,unavailable_no_verified_acquisition_or_sale_date,observed_reference_fields_plus_unavailable_requested_fields
12107,2226,22년 K5(LPG),2025-06-18 07:19:09.373231,2021-04-22,2026-03-18 06:10:51,,unavailable,,unavailable,,unavailable,,unavailable,,unavailable_no_verified_acquisition_or_sale_date,observed_reference_fields_plus_unavailable_requested_fields
12108,2226,22년 K5(LPG),2025-06-18 07:19:47.868857,2021-10-28,2026-03-18 06:09:54,,unavailable,,unavailable,,unavailable,,unavailable,,unavailable_no_verified_acquisition_or_sale_date,observed_reference_fields_plus_unavailable_requested_fields
12109,2226,22년 K5(LPG),2025-06-18 07:20:28.669472,2021-10-28,2026-03-18 06:10:54,,unavailable,,unavailable,,unavailable,,unavailable,,unavailable_no_verified_acquisition_or_sale_date,observed_reference_fields_plus_unavailable_requested_fields
12110,2226,22년 K5(LPG),2025-06-18 07:46:45.776040,2021-10-28,2026-03-18 06:10:10,,unavailable,,unavailable,,unavailable,,unavailable,,unavailable_no_verified_acquisition_or_sale_date,observed_reference_fields_plus_unavailable_requested_fields
12111,2227,25년 BMW X7 xdrive40i 하이브리드(휘),2025-06-19 04:30:59.793804,2025-06-19,,,unavailable,,unavailable,,unavailable,,unavailable,,unavailable_no_verified_acquisition_or_sale_date,observed_reference_fields_plus_unavailable_requested_fields
12242,2155,25년 아반떼 하이브리드(휘),2025-09-17 01:05:16.457686,2025-09-19,,,unavailable,,unavailable,,unavailable,,unavailable,,unavailable_no_verified_acquisition_or_sale_date,observed_reference_fields_plus_unavailable_requested_fields
12243,2250,25년 팰리세이드 하이브리드 4륜 (휘),2025-09-17 01:40:36.919254,2025-09-19,,,unavailable,,unavailable,,unavailable,,unavailable,,unavailable_no_verified_acquisition_or_sale_date,observed_reference_fields_plus_unavailable_requested_fields
12244,2250,25년 팰리세이드 하이브리드 4륜 (휘),2025-09-17 01:41:17.523852,2025-09-22,,,unavailable,,unavailable,,unavailable,,unavailable,,unavailable_no_verified_acquisition_or_sale_date,observed_reference_fields_plus_unavailable_requested_fields
12245,2250,25년 팰리세이드 하이브리드 4륜 (휘),2025-09-17 01:41:56.506106,2025-09-19,,,unavailable,,unavailable,,unavailable,,unavailable,,unavailable_no_verified_acquisition_or_sale_date,observed_reference_fields_plus_unavailable_requested_fields
12246,2250,25년 팰리세이드 하이브리드 4륜 (휘),2025-09-17 01:42:21.724402,2025-09-19,,,unavailable,,unavailable,,unavailable,,unavailable,,unavailable_no_verified_acquisition_or_sale_date,observed_reference_fields_plus_unavailable_requested_fields
12247,2250,25년 팰리세이드 하이브리드 4륜 (휘),2025-09-18 08:39:38.067519,2025-09-19,,,unavailable,,unavailable,,unavailable,,unavailable,,unavailable_no_verified_acquisition_or_sale_date,observed_reference_fields_plus_unavailable_requested_fields
12248,2099,25년 EV3(전기),2025-09-29 08:52:38.098642,2025-10-01,,,unavailable,,unavailable,,unavailable,,unavailable,,unavailable_no_verified_acquisition_or_sale_date,observed_reference_fields_plus_unavailable_requested_fields
12249,2099,25년 EV3(전기),2025-09-29 08:53:25.655968,2025-10-01,,,unavailable,,unavailable,,unavailable,,unavailable,,unavailable_no_verified_acquisition_or_sale_date,observed_reference_fields_plus_unavailable_requested_fields
12253,2252,26년 BMW 420i 컨버터블(휘),2025-11-14 00:43:01.184271,2025-11-14,,,unavailable,,unavailable,,unavailable,,unavailable,,unavailable_no_verified_acquisition_or_sale_date,observed_reference_fields_plus_unavailable_requested_fields
12254,2252,26년 BMW 420i 컨버터블(휘),2025-11-14 00:43:33.413833,2025-11-14,,,unavailable,,unavailable,,unavailable,,unavailable,,unavailable_no_verified_acquisition_or_sale_date,observed_reference_fields_plus_unavailable_requested_fields
12255,2252,26년 BMW 420i 컨버터블(휘),2025-11-14 00:44:11.958802,2025-11-14,,,unavailable,,unavailable,,unavailable,,unavailable,,unavailable_no_verified_acquisition_or_sale_date,observed_reference_fields_plus_unavailable_requested_fields
12256,2252,26년 BMW 420i 컨버터블(휘),2025-11-14 00:44:36.020741,2025-11-17,,,unavailable,,unavailable,,unavailable,,unavailable,,unavailable_no_verified_acquisition_or_sale_date,observed_reference_fields_plus_unavailable_requested_fields
12257,2252,26년 BMW 420i 컨버터블(휘),2025-11-14 00:44:58.498538,2025-11-14,,,unavailable,,unavailable,,unavailable,,unavailable,,unavailable_no_verified_acquisition_or_sale_date,observed_reference_fields_plus_unavailable_requested_fields
12261,2253,26년 BMW X6 xdrive30d M sport(경유),2025-11-28 07:39:59.504375,2025-11-28,,,unavailable,,unavailable,,unavailable,,unavailable,,unavailable_no_verified_acquisition_or_sale_date,observed_reference_fields_plus_unavailable_requested_fields
12262,2254,26년 쏠라티(15인/경유),2025-12-16 04:51:53.912213,2025-12-16,,,unavailable,,unavailable,,unavailable,,unavailable,,unavailable_no_verified_acquisition_or_sale_date,observed_reference_fields_plus_unavailable_requested_fields
12263,2255,26년 투싼(휘),2025-12-23 04:57:13.810186,2025-12-23,,,unavailable,,unavailable,,unavailable,,unavailable,,unavailable_no_verified_acquisition_or_sale_date,observed_reference_fields_plus_unavailable_requested_fields
12264,2255,26년 투싼(휘),2025-12-23 04:58:49.585505,2025-12-23,,,unavailable,,unavailable,,unavailable,,unavailable,,unavailable_no_verified_acquisition_or_sale_date,observed_reference_fields_plus_unavailable_requested_fields
12265,2256,26년  스포티지(휘),2025-12-23 05:17:21.137469,2025-12-23,,,unavailable,,unavailable,,unavailable,,unavailable,,unavailable_no_verified_acquisition_or_sale_date,observed_reference_fields_plus_unavailable_requested_fields
12266,2256,26년  스포티지(휘),2025-12-23 05:17:50.704555,2025-12-23,2025-12-23 05:24:13,,unavailable,,unavailable,,unavailable,,unavailable,,unavailable_no_verified_acquisition_or_sale_date,observed_reference_fields_plus_unavailable_requested_fields
12267,2255,26년 투싼(휘),2025-12-23 05:25:28.700083,2025-12-23,,,unavailable,,unavailable,,unavailable,,unavailable,,unavailable_no_verified_acquisition_or_sale_date,observed_reference_fields_plus_unavailable_requested_fields
12268,2255,26년 투싼(휘),2025-12-23 05:25:46.416597,2025-12-23,,,unavailable,,unavailable,,unavailable,,unavailable,,unavailable_no_verified_acquisition_or_sale_date,observed_reference_fields_plus_unavailable_requested_fields
12269,2257,26년 카니발리무진 7인승(휘),2025-12-24 03:16:39.525235,2025-12-24,,,unavailable,,unavailable,,unavailable,,unavailable,,unavailable_no_verified_acquisition_or_sale_date,observed_reference_fields_plus_unavailable_requested_fields
12270,2257,26년 카니발리무진 7인승(휘),2025-12-24 09:06:50.020411,2025-12-24,,,unavailable,,unavailable,,unavailable,,unavailable,,unavailable_no_verified_acquisition_or_sale_date,observed_reference_fields_plus_unavailable_requested_fields
12271,2257,26년 카니발리무진 7인승(휘),2025-12-24 09:08:14.224613,2025-12-24,,,unavailable,,unavailable,,unavailable,,unavailable,,unavailable_no_verified_acquisition_or_sale_date,observed_reference_fields_plus_unavailable_requested_fields
12272,2257,26년 카니발리무진 7인승(휘),2025-12-24 09:45:20.987221,2025-12-24,,,unavailable,,unavailable,,unavailable,,unavailable,,unavailable_no_verified_acquisition_or_sale_date,observed_reference_fields_plus_unavailable_requested_fields
12273,2257,26년 카니발리무진 7인승(휘),2025-12-24 09:49:34.375658,2025-12-24,,,unavailable,,unavailable,,unavailable,,unavailable,,unavailable_no_verified_acquisition_or_sale_date,observed_reference_fields_plus_unavailable_requested_fields
12274,2257,26년 카니발리무진 7인승(휘),2025-12-24 09:50:38.339181,2025-12-24,,,unavailable,,unavailable,,unavailable,,unavailable,,unavailable_no_verified_acquisition_or_sale_date,observed_reference_fields_plus_unavailable_requested_fields
12275,2257,26년 카니발리무진 7인승(휘),2025-12-24 09:53:09.421525,2025-12-24,,,unavailable,,unavailable,,unavailable,,unavailable,,unavailable_no_verified_acquisition_or_sale_date,observed_reference_fields_plus_unavailable_requested_fields
12276,2257,26년 카니발리무진 7인승(휘),2025-12-24 10:13:08.943792,2025-12-24,,,unavailable,,unavailable,,unavailable,,unavailable,,unavailable_no_verified_acquisition_or_sale_date,observed_reference_fields_plus_unavailable_requested_fields
12297,2262,26년 레이(휘),2026-01-07 05:31:02.905683,2026-01-07,,,unavailable,,unavailable,,unavailable,,unavailable,,unavailable_no_verified_acquisition_or_sale_date,observed_reference_fields_plus_unavailable_requested_fields
12298,2262,26년 레이(휘),2026-01-07 05:31:25.932613,2026-01-07,,,unavailable,,unavailable,,unavailable,,unavailable,,unavailable_no_verified_acquisition_or_sale_date,observed_reference_fields_plus_unavailable_requested_fields
12299,2262,26년 레이(휘),2026-01-07 05:31:37.182180,2026-01-09,,,unavailable,,unavailable,,unavailable,,unavailable,,unavailable_no_verified_acquisition_or_sale_date,observed_reference_fields_plus_unavailable_requested_fields
12300,2262,26년 레이(휘),2026-01-07 05:31:51.617012,2026-01-09,,,unavailable,,unavailable,,unavailable,,unavailable,,unavailable_no_verified_acquisition_or_sale_date,observed_reference_fields_plus_unavailable_requested_fields
12301,2262,26년 레이(휘),2026-01-07 05:32:00.236315,2026-01-09,,,unavailable,,unavailable,,unavailable,,unavailable,,unavailable_no_verified_acquisition_or_sale_date,observed_reference_fields_plus_unavailable_requested_fields
12302,2263,26년 팰리세이드4륜(휘),2026-01-07 06:16:00.820644,2026-01-12,,,unavailable,,unavailable,,unavailable,,unavailable,,unavailable_no_verified_acquisition_or_sale_date,observed_reference_fields_plus_unavailable_requested_fields
12303,2263,26년 팰리세이드4륜(휘),2026-01-07 06:16:12.297374,2026-01-12,,,unavailable,,unavailable,,unavailable,,unavailable,,unavailable_no_verified_acquisition_or_sale_date,observed_reference_fields_plus_unavailable_requested_fields
12304,2263,26년 팰리세이드4륜(휘),2026-01-07 06:16:25.645183,2026-01-12,,,unavailable,,unavailable,,unavailable,,unavailable,,unavailable_no_verified_acquisition_or_sale_date,observed_reference_fields_plus_unavailable_requested_fields
12305,2263,26년 팰리세이드4륜(휘),2026-01-07 06:16:54.941816,2026-01-12,,,unavailable,,unavailable,,unavailable,,unavailable,,unavailable_no_verified_acquisition_or_sale_date,observed_reference_fields_plus_unavailable_requested_fields
12329,2263,26년 팰리세이드4륜(휘),2026-01-09 08:02:17.142340,2026-01-13,,,unavailable,,unavailable,,unavailable,,unavailable,,unavailable_no_verified_acquisition_or_sale_date,observed_reference_fields_plus_unavailable_requested_fields
12330,2263,26년 팰리세이드4륜(휘),2026-01-09 08:04:13.865635,2026-01-13,,,unavailable,,unavailable,,unavailable,,unavailable,,unavailable_no_verified_acquisition_or_sale_date,observed_reference_fields_plus_unavailable_requested_fields
12331,2263,26년 팰리세이드4륜(휘),2026-01-09 08:04:38.449202,2026-01-13,,,unavailable,,unavailable,,unavailable,,unavailable,,unavailable_no_verified_acquisition_or_sale_date,observed_reference_fields_plus_unavailable_requested_fields
12332,2263,26년 팰리세이드4륜(휘),2026-01-09 08:04:55.761845,2026-01-13,,,unavailable,,unavailable,,unavailable,,unavailable,,unavailable_no_verified_acquisition_or_sale_date,observed_reference_fields_plus_unavailable_requested_fields
12333,2263,26년 팰리세이드4륜(휘),2026-01-09 08:31:23.309180,2026-01-12,,,unavailable,,unavailable,,unavailable,,unavailable,,unavailable_no_verified_acquisition_or_sale_date,observed_reference_fields_plus_unavailable_requested_fields
12334,2263,26년 팰리세이드4륜(휘),2026-01-09 08:31:40.907057,2026-01-12,,,unavailable,,unavailable,,unavailable,,unavailable,,unavailable_no_verified_acquisition_or_sale_date,observed_reference_fields_plus_unavailable_requested_fields
12335,2263,26년 팰리세이드4륜(휘),2026-01-09 08:31:59.110346,2026-01-12,,,unavailable,,unavailable,,unavailable,,unavailable,,unavailable_no_verified_acquisition_or_sale_date,observed_reference_fields_plus_unavailable_requested_fields
12336,2263,26년 팰리세이드4륜(휘),2026-01-09 08:32:14.013368,2026-01-12,,,unavailable,,unavailable,,unavailable,,unavailable,,unavailable_no_verified_acquisition_or_sale_date,observed_reference_fields_plus_unavailable_requested_fields
12337,2263,26년 팰리세이드4륜(휘),2026-01-09 08:32:30.528209,2026-01-12,,,unavailable,,unavailable,,unavailable,,unavailable,,unavailable_no_verified_acquisition_or_sale_date,observed_reference_fields_plus_unavailable_requested_fields
12484,2282,26년 더 K8(휘),2026-01-26 01:15:38.533335,2026-01-27,,,unavailable,,unavailable,,unavailable,,unavailable,,unavailable_no_verified_acquisition_or_sale_date,observed_reference_fields_plus_unavailable_requested_fields
12485,2282,26년 더 K8(휘),2026-01-26 01:15:55.489732,2026-01-27,,,unavailable,,unavailable,,unavailable,,unavailable,,unavailable_no_verified_acquisition_or_sale_date,observed_reference_fields_plus_unavailable_requested_fields
12486,2282,26년 더 K8(휘),2026-01-26 01:16:09.638771,2026-01-27,,,unavailable,,unavailable,,unavailable,,unavailable,,unavailable_no_verified_acquisition_or_sale_date,observed_reference_fields_plus_unavailable_requested_fields
12487,2282,26년 더 K8(휘),2026-01-26 01:16:22.460568,2026-01-27,,,unavailable,,unavailable,,unavailable,,unavailable,,unavailable_no_verified_acquisition_or_sale_date,observed_reference_fields_plus_unavailable_requested_fields
12511,2286,26년 스타리아 11인승 하이브리드(휘),2026-01-30 03:54:38.778619,2026-02-06,,,unavailable,,unavailable,,unavailable,,unavailable,,unavailable_no_verified_acquisition_or_sale_date,observed_reference_fields_plus_unavailable_requested_fields
12512,2286,26년 스타리아 11인승 하이브리드(휘),2026-01-30 03:55:04.133958,2026-02-06,,,unavailable,,unavailable,,unavailable,,unavailable,,unavailable_no_verified_acquisition_or_sale_date,observed_reference_fields_plus_unavailable_requested_fields
12567,2286,26년 스타리아 11인승 하이브리드(휘),2026-01-30 08:16:50.979670,2026-02-06,,,unavailable,,unavailable,,unavailable,,unavailable,,unavailable_no_verified_acquisition_or_sale_date,observed_reference_fields_plus_unavailable_requested_fields
12568,2286,26년 스타리아 11인승 하이브리드(휘),2026-01-30 08:17:17.087986,2026-02-06,,,unavailable,,unavailable,,unavailable,,unavailable,,unavailable_no_verified_acquisition_or_sale_date,observed_reference_fields_plus_unavailable_requested_fields
12569,2286,26년 스타리아 11인승 하이브리드(휘),2026-01-30 08:28:17.210092,2026-02-28,,,unavailable,,unavailable,,unavailable,,unavailable,,unavailable_no_verified_acquisition_or_sale_date,observed_reference_fields_plus_unavailable_requested_fields
12570,2288,26년 스포티지 4륜(휘),2026-02-06 01:43:04.091465,2026-02-10,,,unavailable,,unavailable,,unavailable,,unavailable,,unavailable_no_verified_acquisition_or_sale_date,observed_reference_fields_plus_unavailable_requested_fields
12571,2289,26년 그랜저 GN7(휘),2026-02-06 02:03:13.169628,2026-02-06,,,unavailable,,unavailable,,unavailable,,unavailable,,unavailable_no_verified_acquisition_or_sale_date,observed_reference_fields_plus_unavailable_requested_fields
12572,2289,26년 그랜저 GN7(휘),2026-02-06 02:03:29.403154,2026-02-06,,,unavailable,,unavailable,,unavailable,,unavailable,,unavailable_no_verified_acquisition_or_sale_date,observed_reference_fields_plus_unavailable_requested_fields
12573,2289,26년 그랜저 GN7(휘),2026-02-06 02:03:43.847476,2026-02-06,,,unavailable,,unavailable,,unavailable,,unavailable,,unavailable_no_verified_acquisition_or_sale_date,observed_reference_fields_plus_unavailable_requested_fields
12576,2291,26년 더 K5 하이브리드(휘),2026-02-09 03:43:04.925813,2026-02-11,,,unavailable,,unavailable,,unavailable,,unavailable,,unavailable_no_verified_acquisition_or_sale_date,observed_reference_fields_plus_unavailable_requested_fields
12577,2291,26년 더 K5 하이브리드(휘),2026-02-09 03:43:19.134099,2026-02-11,,,unavailable,,unavailable,,unavailable,,unavailable,,unavailable_no_verified_acquisition_or_sale_date,observed_reference_fields_plus_unavailable_requested_fields
12578,2291,26년 더 K5 하이브리드(휘),2026-02-09 03:43:31.837431,2026-02-11,,,unavailable,,unavailable,,unavailable,,unavailable,,unavailable_no_verified_acquisition_or_sale_date,observed_reference_fields_plus_unavailable_requested_fields
12579,2291,26년 더 K5 하이브리드(휘),2026-02-09 03:43:49.832948,2026-02-11,,,unavailable,,unavailable,,unavailable,,unavailable,,unavailable_no_verified_acquisition_or_sale_date,observed_reference_fields_plus_unavailable_requested_fields
12580,2291,26년 더 K5 하이브리드(휘),2026-02-09 03:44:15.276448,2026-02-11,,,unavailable,,unavailable,,unavailable,,unavailable,,unavailable_no_verified_acquisition_or_sale_date,observed_reference_fields_plus_unavailable_requested_fields
12581,2291,26년 더 K5 하이브리드(휘),2026-02-09 03:44:31.955907,2026-02-11,,,unavailable,,unavailable,,unavailable,,unavailable,,unavailable_no_verified_acquisition_or_sale_date,observed_reference_fields_plus_unavailable_requested_fields
12582,2290,26년 더 K5 고급형 (휘),2026-02-09 03:45:17.852551,2026-02-11,,,unavailable,,unavailable,,unavailable,,unavailable,,unavailable_no_verified_acquisition_or_sale_date,observed_reference_fields_plus_unavailable_requested_fields
12583,2290,26년 더 K5 고급형 (휘),2026-02-09 03:45:32.731325,2026-02-11,,,unavailable,,unavailable,,unavailable,,unavailable,,unavailable_no_verified_acquisition_or_sale_date,observed_reference_fields_plus_unavailable_requested_fields
12584,2290,26년 더 K5 고급형 (휘),2026-02-09 03:45:46.028000,2026-02-11,,,unavailable,,unavailable,,unavailable,,unavailable,,unavailable_no_verified_acquisition_or_sale_date,observed_reference_fields_plus_unavailable_requested_fields
12585,2290,26년 더 K5 고급형 (휘),2026-02-09 03:45:57.892761,2026-02-11,,,unavailable,,unavailable,,unavailable,,unavailable,,unavailable_no_verified_acquisition_or_sale_date,observed_reference_fields_plus_unavailable_requested_fields
12586,2290,26년 더 K5 고급형 (휘),2026-02-09 03:46:09.259244,2026-02-11,,,unavailable,,unavailable,,unavailable,,unavailable,,unavailable_no_verified_acquisition_or_sale_date,observed_reference_fields_plus_unavailable_requested_fields
12587,2290,26년 더 K5 고급형 (휘),2026-02-09 03:46:20.868203,2026-02-11,,,unavailable,,unavailable,,unavailable,,unavailable,,unavailable_no_verified_acquisition_or_sale_date,observed_reference_fields_plus_unavailable_requested_fields
12588,2290,26년 더 K5 고급형 (휘),2026-02-09 03:46:33.157582,2026-02-11,,,unavailable,,unavailable,,unavailable,,unavailable,,unavailable_no_verified_acquisition_or_sale_date,observed_reference_fields_plus_unavailable_requested_fields
12589,2290,26년 더 K5 고급형 (휘),2026-02-09 03:46:47.628354,2026-02-11,,,unavailable,,unavailable,,unavailable,,unavailable,,unavailable_no_verified_acquisition_or_sale_date,observed_reference_fields_plus_unavailable_requested_fields
12590,2290,26년 더 K5 고급형 (휘),2026-02-09 03:47:02.027790,2026-02-11,,,unavailable,,unavailable,,unavailable,,unavailable,,unavailable_no_verified_acquisition_or_sale_date,observed_reference_fields_plus_unavailable_requested_fields
12591,2290,26년 더 K5 고급형 (휘),2026-02-09 03:47:12.929558,2026-02-11,,,unavailable,,unavailable,,unavailable,,unavailable,,unavailable_no_verified_acquisition_or_sale_date,observed_reference_fields_plus_unavailable_requested_fields
12592,2290,26년 더 K5 고급형 (휘),2026-02-09 03:47:31.312632,2026-02-11,,,unavailable,,unavailable,,unavailable,,unavailable,,unavailable_no_verified_acquisition_or_sale_date,observed_reference_fields_plus_unavailable_requested_fields
12593,2290,26년 더 K5 고급형 (휘),2026-02-09 03:47:48.444790,2026-02-11,,,unavailable,,unavailable,,unavailable,,unavailable,,unavailable_no_verified_acquisition_or_sale_date,observed_reference_fields_plus_unavailable_requested_fields
12594,2290,26년 더 K5 고급형 (휘),2026-02-09 03:48:02.237058,2026-02-11,,,unavailable,,unavailable,,unavailable,,unavailable,,unavailable_no_verified_acquisition_or_sale_date,observed_reference_fields_plus_unavailable_requested_fields
12595,2290,26년 더 K5 고급형 (휘),2026-02-09 03:48:13.370977,2026-02-11,,,unavailable,,unavailable,,unavailable,,unavailable,,unavailable_no_verified_acquisition_or_sale_date,observed_reference_fields_plus_unavailable_requested_fields
12596,2290,26년 더 K5 고급형 (휘),2026-02-09 03:48:28.971634,2026-02-11,,,unavailable,,unavailable,,unavailable,,unavailable,,unavailable_no_verified_acquisition_or_sale_date,observed_reference_fields_plus_unavailable_requested_fields
12597,2289,26년 그랜저 GN7(휘),2026-02-09 03:48:44.225327,2026-02-10,,,unavailable,,unavailable,,unavailable,,unavailable,,unavailable_no_verified_acquisition_or_sale_date,observed_reference_fields_plus_unavailable_requested_fields
12598,2289,26년 그랜저 GN7(휘),2026-02-09 03:51:35.876853,2026-02-10,,,unavailable,,unavailable,,unavailable,,unavailable,,unavailable_no_verified_acquisition_or_sale_date,observed_reference_fields_plus_unavailable_requested_fields
12599,2293,26년 BMW 520i  M스포츠(휘),2026-02-09 03:55:38.952245,2026-02-13,,,unavailable,,unavailable,,unavailable,,unavailable,,unavailable_no_verified_acquisition_or_sale_date,observed_reference_fields_plus_unavailable_requested_fields
12600,2293,26년 BMW 520i  M스포츠(휘),2026-02-09 03:55:55.011297,2026-02-13,,,unavailable,,unavailable,,unavailable,,unavailable,,unavailable_no_verified_acquisition_or_sale_date,observed_reference_fields_plus_unavailable_requested_fields
12601,2293,26년 BMW 520i  M스포츠(휘),2026-02-09 03:56:10.155983,2026-02-13,,,unavailable,,unavailable,,unavailable,,unavailable,,unavailable_no_verified_acquisition_or_sale_date,observed_reference_fields_plus_unavailable_requested_fields
12602,2293,26년 BMW 520i  M스포츠(휘),2026-02-09 03:56:23.290856,2026-02-13,,,unavailable,,unavailable,,unavailable,,unavailable,,unavailable_no_verified_acquisition_or_sale_date,observed_reference_fields_plus_unavailable_requested_fields
12603,2252,26년 BMW 420i 컨버터블(휘),2026-02-09 03:57:02.864561,2026-02-13,,,unavailable,,unavailable,,unavailable,,unavailable,,unavailable_no_verified_acquisition_or_sale_date,observed_reference_fields_plus_unavailable_requested_fields
12608,2295,26년 아반떼(휘),2026-02-09 04:09:31.215005,2026-02-12,,,unavailable,,unavailable,,unavailable,,unavailable,,unavailable_no_verified_acquisition_or_sale_date,observed_reference_fields_plus_unavailable_requested_fields
12609,2295,26년 아반떼(휘),2026-02-09 04:09:42.722122,2026-02-12,,,unavailable,,unavailable,,unavailable,,unavailable,,unavailable_no_verified_acquisition_or_sale_date,observed_reference_fields_plus_unavailable_requested_fields
12610,2295,26년 아반떼(휘),2026-02-09 04:09:55.175817,2026-02-12,,,unavailable,,unavailable,,unavailable,,unavailable,,unavailable_no_verified_acquisition_or_sale_date,observed_reference_fields_plus_unavailable_requested_fields
12611,2295,26년 아반떼(휘),2026-02-09 04:10:06.664131,2026-02-12,,,unavailable,,unavailable,,unavailable,,unavailable,,unavailable_no_verified_acquisition_or_sale_date,observed_reference_fields_plus_unavailable_requested_fields
12612,2295,26년 아반떼(휘),2026-02-09 04:10:18.365759,2026-02-12,,,unavailable,,unavailable,,unavailable,,unavailable,,unavailable_no_verified_acquisition_or_sale_date,observed_reference_fields_plus_unavailable_requested_fields
12613,2295,26년 아반떼(휘),2026-02-09 04:11:14.112379,2026-02-12,,,unavailable,,unavailable,,unavailable,,unavailable,,unavailable_no_verified_acquisition_or_sale_date,observed_reference_fields_plus_unavailable_requested_fields
12614,2295,26년 아반떼(휘),2026-02-09 04:11:35.140069,2026-02-13,,,unavailable,,unavailable,,unavailable,,unavailable,,unavailable_no_verified_acquisition_or_sale_date,observed_reference_fields_plus_unavailable_requested_fields
12615,2295,26년 아반떼(휘),2026-02-09 04:12:00.087198,2026-02-13,,,unavailable,,unavailable,,unavailable,,unavailable,,unavailable_no_verified_acquisition_or_sale_date,observed_reference_fields_plus_unavailable_requested_fields
12631,2288,26년 스포티지 4륜(휘),2026-02-10 05:48:52.076405,2026-02-11,,,unavailable,,unavailable,,unavailable,,unavailable,,unavailable_no_verified_acquisition_or_sale_date,observed_reference_fields_plus_unavailable_requested_fields
12632,2297,26년 더 K5(휘),2026-02-10 06:17:28.240535,2026-02-11,,,unavailable,,unavailable,,unavailable,,unavailable,,unavailable_no_verified_acquisition_or_sale_date,observed_reference_fields_plus_unavailable_requested_fields
12633,2297,26년 더 K5(휘),2026-02-10 06:17:45.752154,2026-02-11,,,unavailable,,unavailable,,unavailable,,unavailable,,unavailable_no_verified_acquisition_or_sale_date,observed_reference_fields_plus_unavailable_requested_fields
12634,2297,26년 더 K5(휘),2026-02-10 06:18:09.705619,2026-02-11,,,unavailable,,unavailable,,unavailable,,unavailable,,unavailable_no_verified_acquisition_or_sale_date,observed_reference_fields_plus_unavailable_requested_fields
12635,2297,26년 더 K5(휘),2026-02-10 06:18:22.461172,2026-02-11,,,unavailable,,unavailable,,unavailable,,unavailable,,unavailable_no_verified_acquisition_or_sale_date,observed_reference_fields_plus_unavailable_requested_fields
12636,2297,26년 더 K5(휘),2026-02-10 06:18:37.866976,2026-02-11,,,unavailable,,unavailable,,unavailable,,unavailable,,unavailable_no_verified_acquisition_or_sale_date,observed_reference_fields_plus_unavailable_requested_fields
12637,2288,26년 스포티지 4륜(휘),2026-02-10 06:45:28.995365,2026-02-12,,,unavailable,,unavailable,,unavailable,,unavailable,,unavailable_no_verified_acquisition_or_sale_date,observed_reference_fields_plus_unavailable_requested_fields
12638,2288,26년 스포티지 4륜(휘),2026-02-10 06:45:44.852235,2026-02-12,,,unavailable,,unavailable,,unavailable,,unavailable,,unavailable_no_verified_acquisition_or_sale_date,observed_reference_fields_plus_unavailable_requested_fields
12639,2288,26년 스포티지 4륜(휘),2026-02-10 06:46:03.341157,2026-02-12,,,unavailable,,unavailable,,unavailable,,unavailable,,unavailable_no_verified_acquisition_or_sale_date,observed_reference_fields_plus_unavailable_requested_fields
12640,2288,26년 스포티지 4륜(휘),2026-02-10 06:46:19.842626,2026-02-12,,,unavailable,,unavailable,,unavailable,,unavailable,,unavailable_no_verified_acquisition_or_sale_date,observed_reference_fields_plus_unavailable_requested_fields
12641,2288,26년 스포티지 4륜(휘),2026-02-10 06:46:32.070245,2026-02-12,,,unavailable,,unavailable,,unavailable,,unavailable,,unavailable_no_verified_acquisition_or_sale_date,observed_reference_fields_plus_unavailable_requested_fields
12642,2288,26년 스포티지 4륜(휘),2026-02-10 06:46:49.487273,2026-02-12,,,unavailable,,unavailable,,unavailable,,unavailable,,unavailable_no_verified_acquisition_or_sale_date,observed_reference_fields_plus_unavailable_requested_fields
12643,2288,26년 스포티지 4륜(휘),2026-02-10 06:47:01.355990,2026-02-12,,,unavailable,,unavailable,,unavailable,,unavailable,,unavailable_no_verified_acquisition_or_sale_date,observed_reference_fields_plus_unavailable_requested_fields
12644,2288,26년 스포티지 4륜(휘),2026-02-10 06:47:17.508405,2026-02-12,,,unavailable,,unavailable,,unavailable,,unavailable,,unavailable_no_verified_acquisition_or_sale_date,observed_reference_fields_plus_unavailable_requested_fields
12755,2307,26년 EV4(전기),2026-03-31 07:11:59.984396,2026-04-10,,,unavailable,,unavailable,,unavailable,,unavailable,,unavailable_no_verified_acquisition_or_sale_date,observed_reference_fields_plus_unavailable_requested_fields
12756,2307,26년 EV4(전기),2026-03-31 07:12:21.522834,2026-04-10,,,unavailable,,unavailable,,unavailable,,unavailable,,unavailable_no_verified_acquisition_or_sale_date,observed_reference_fields_plus_unavailable_requested_fields
12757,2307,26년 EV4(전기),2026-03-31 07:12:40.454753,2026-04-10,,,unavailable,,unavailable,,unavailable,,unavailable,,unavailable_no_verified_acquisition_or_sale_date,observed_reference_fields_plus_unavailable_requested_fields
12758,2307,26년 EV4(전기),2026-03-31 07:12:57.440764,2026-04-10,,,unavailable,,unavailable,,unavailable,,unavailable,,unavailable_no_verified_acquisition_or_sale_date,observed_reference_fields_plus_unavailable_requested_fields
12759,2307,26년 EV4(전기),2026-03-31 07:13:14.413586,2026-04-10,,,unavailable,,unavailable,,unavailable,,unavailable,,unavailable_no_verified_acquisition_or_sale_date,observed_reference_fields_plus_unavailable_requested_fields
12771,2295,26년 아반떼(휘),2026-04-06 04:41:39.380258,2026-04-10,,,unavailable,,unavailable,,unavailable,,unavailable,,unavailable_no_verified_acquisition_or_sale_date,observed_reference_fields_plus_unavailable_requested_fields
12772,2295,26년 아반떼(휘),2026-04-06 04:42:58.019428,2026-04-10,,,unavailable,,unavailable,,unavailable,,unavailable,,unavailable_no_verified_acquisition_or_sale_date,observed_reference_fields_plus_unavailable_requested_fields
12773,2295,26년 아반떼(휘),2026-04-06 04:43:46.980071,2026-04-10,,,unavailable,,unavailable,,unavailable,,unavailable,,unavailable_no_verified_acquisition_or_sale_date,observed_reference_fields_plus_unavailable_requested_fields
12774,2295,26년 아반떼(휘),2026-04-06 04:44:40.207173,2026-04-10,,,unavailable,,unavailable,,unavailable,,unavailable,,unavailable_no_verified_acquisition_or_sale_date,observed_reference_fields_plus_unavailable_requested_fields
12775,2295,26년 아반떼(휘),2026-04-06 04:45:33.230835,2026-04-10,,,unavailable,,unavailable,,unavailable,,unavailable,,unavailable_no_verified_acquisition_or_sale_date,observed_reference_fields_plus_unavailable_requested_fields
12776,2295,26년 아반떼(휘),2026-04-06 04:46:16.768589,2026-04-10,,,unavailable,,unavailable,,unavailable,,unavailable,,unavailable_no_verified_acquisition_or_sale_date,observed_reference_fields_plus_unavailable_requested_fields
12777,2295,26년 아반떼(휘),2026-04-06 04:46:17.593699,2026-04-10,2026-04-06 04:46:26,,unavailable,,unavailable,,unavailable,,unavailable,,unavailable_no_verified_acquisition_or_sale_date,observed_reference_fields_plus_unavailable_requested_fields
12778,2295,26년 아반떼(휘),2026-04-06 04:47:02.766640,2026-04-10,,,unavailable,,unavailable,,unavailable,,unavailable,,unavailable_no_verified_acquisition_or_sale_date,observed_reference_fields_plus_unavailable_requested_fields
12779,2295,26년 아반떼(휘),2026-04-06 04:48:02.990694,2026-04-10,,,unavailable,,unavailable,,unavailable,,unavailable,,unavailable_no_verified_acquisition_or_sale_date,observed_reference_fields_plus_unavailable_requested_fields
12780,2307,26년 EV4(전기),2026-04-07 05:36:49.871140,2026-04-10,,,unavailable,,unavailable,,unavailable,,unavailable,,unavailable_no_verified_acquisition_or_sale_date,observed_reference_fields_plus_unavailable_requested_fields
12781,2312,26년 테슬라 모델Y RWD(전기),2026-04-09 23:48:34.015950,2026-04-10,,,unavailable,,unavailable,,unavailable,,unavailable,,unavailable_no_verified_acquisition_or_sale_date,observed_reference_fields_plus_unavailable_requested_fields
12782,2312,26년 테슬라 모델Y RWD(전기),2026-04-09 23:48:58.028605,2026-04-10,,,unavailable,,unavailable,,unavailable,,unavailable,,unavailable_no_verified_acquisition_or_sale_date,observed_reference_fields_plus_unavailable_requested_fields
12783,2312,26년 테슬라 모델Y RWD(전기),2026-04-09 23:49:08.844821,2026-04-10,,,unavailable,,unavailable,,unavailable,,unavailable,,unavailable_no_verified_acquisition_or_sale_date,observed_reference_fields_plus_unavailable_requested_fields
12784,2312,26년 테슬라 모델Y RWD(전기),2026-04-09 23:49:18.149787,2026-04-10,,,unavailable,,unavailable,,unavailable,,unavailable,,unavailable_no_verified_acquisition_or_sale_date,observed_reference_fields_plus_unavailable_requested_fields
12785,2312,26년 테슬라 모델Y RWD(전기),2026-04-09 23:49:36.548989,2026-04-10,,,unavailable,,unavailable,,unavailable,,unavailable,,unavailable_no_verified_acquisition_or_sale_date,observed_reference_fields_plus_unavailable_requested_fields
12864,2312,26년 테슬라 모델Y RWD(전기),2026-06-24 07:25:20.748248,2026-06-29,,,unavailable,,unavailable,,unavailable,,unavailable,,unavailable_no_verified_acquisition_or_sale_date,observed_reference_fields_plus_unavailable_requested_fields
12865,2312,26년 테슬라 모델Y RWD(전기),2026-06-24 07:47:15.960642,2026-06-29,,,unavailable,,unavailable,,unavailable,,unavailable,,unavailable_no_verified_acquisition_or_sale_date,observed_reference_fields_plus_unavailable_requested_fields
12871,2326,26년 아우디 Q4 e-tron,2026-07-02 05:05:03.284788,2026-07-02,,,unavailable,,unavailable,,unavailable,,unavailable,,unavailable_no_verified_acquisition_or_sale_date,observed_reference_fields_plus_unavailable_requested_fields
12905,2291,26년 더 K5 하이브리드(휘),2026-07-16 00:37:48.116225,2026-07-16,,,unavailable,,unavailable,,unavailable,,unavailable,,unavailable_no_verified_acquisition_or_sale_date,observed_reference_fields_plus_unavailable_requested_fields
12909,2329,26년 아우디Q5 40 TDI quattro,2026-07-23 03:47:22.104951,2026-07-22,,,unavailable,,unavailable,,unavailable,,unavailable,,unavailable_no_verified_acquisition_or_sale_date,observed_reference_fields_plus_unavailable_requested_fields
