vehicle_id,vehicle_model_id,model_name,vehicle_class,maintenance_event_count,first_maintenance_incoming_at_utc,last_maintenance_release_at_utc,maintenance_cost_krw_sum_observed,legacy_part_price_krw_sum_observed,detail_part_price_krw_sum_observed,mileage_observation_count,min_maintenance_mileage_km,max_maintenance_mileage_km,insurance_cost_krw,insurance_cost_status,classification,cost_warning
7971,2021,20년 K5(LPG) 청주지점,MIDSIZE,32,2017-10-19 00:00:00,2024-11-21 07:21:00,1100,0,0,32,31522,177758,,unavailable,observed_aggregate,Do not add maintenance_cost and detail_part_price unless Jejuro confirms whether cost already includes parts.
7972,2100,업무용차량,CITY,28,2017-11-30 00:00:00,2024-11-26 09:58:00,0,0,0,27,34822,174624,,unavailable,observed_aggregate,Do not add maintenance_cost and detail_part_price unless Jejuro confirms whether cost already includes parts.
7973,1844,16/18년 올뉴그랜드카니발11인(경유),RV,36,2017-11-11 00:00:00,2025-05-03 03:52:00,0,0,0,36,35264,174147,,unavailable,observed_aggregate,Do not add maintenance_cost and detail_part_price unless Jejuro confirms whether cost already includes parts.
7974,1844,16/18년 올뉴그랜드카니발11인(경유),RV,25,2018-09-12 00:00:00,2025-02-20 00:00:00,0,0,0,25,14720,124802,,unavailable,observed_aggregate,Do not add maintenance_cost and detail_part_price unless Jejuro confirms whether cost already includes parts.
7975,1844,16/18년 올뉴그랜드카니발11인(경유),RV,20,2018-08-17 00:00:00,2025-03-18 00:00:00,0,0,0,20,11964,174550,,unavailable,observed_aggregate,Do not add maintenance_cost and detail_part_price unless Jejuro confirms whether cost already includes parts.
7976,2021,20년 K5(LPG) 청주지점,MIDSIZE,21,2018-07-10 00:00:00,2024-08-08 00:00:00,0,0,0,21,32658,147227,,unavailable,observed_aggregate,Do not add maintenance_cost and detail_part_price unless Jejuro confirms whether cost already includes parts.
7977,2100,업무용차량,CITY,21,2018-07-12 00:00:00,2024-10-24 09:13:00,55000,0,0,21,34519,148069,,unavailable,observed_aggregate,Do not add maintenance_cost and detail_part_price unless Jejuro confirms whether cost already includes parts.
7978,1843,16/18년 올뉴카니발9인(경유),RV,23,2018-05-16 00:00:00,2025-03-26 06:26:00,0,0,0,23,3947,155492,,unavailable,observed_aggregate,Do not add maintenance_cost and detail_part_price unless Jejuro confirms whether cost already includes parts.
7979,1843,16/18년 올뉴카니발9인(경유),RV,21,2018-10-04 00:00:00,2025-03-25 00:00:00,0,0,0,21,17156,150534,,unavailable,observed_aggregate,Do not add maintenance_cost and detail_part_price unless Jejuro confirms whether cost already includes parts.
7980,1843,16/18년 올뉴카니발9인(경유),RV,28,2018-09-05 00:00:00,2026-02-04 01:53:00,0,0,0,28,16204,165035,,unavailable,observed_aggregate,Do not add maintenance_cost and detail_part_price unless Jejuro confirms whether cost already includes parts.
7981,2100,업무용차량,CITY,24,2018-10-02 00:00:00,2025-04-11 23:19:00,0,0,0,24,13525,157158,,unavailable,observed_aggregate,Do not add maintenance_cost and detail_part_price unless Jejuro confirms whether cost already includes parts.
7982,1843,16/18년 올뉴카니발9인(경유),RV,28,2017-06-17 00:00:00,2024-07-16 00:00:00,0,0,0,28,38515,198278,,unavailable,observed_aggregate,Do not add maintenance_cost and detail_part_price unless Jejuro confirms whether cost already includes parts.
7983,1843,16/18년 올뉴카니발9인(경유),RV,28,2017-06-22 00:00:00,2025-01-07 05:43:00,0,0,0,27,47950,211304,,unavailable,observed_aggregate,Do not add maintenance_cost and detail_part_price unless Jejuro confirms whether cost already includes parts.
7984,1843,16/18년 올뉴카니발9인(경유),RV,27,2017-10-03 00:00:00,2025-01-14 07:58:00,0,0,0,27,33779,201444,,unavailable,observed_aggregate,Do not add maintenance_cost and detail_part_price unless Jejuro confirms whether cost already includes parts.
7985,2100,업무용차량,CITY,30,2017-09-30 00:00:00,2025-05-14 08:26:00,0,0,0,30,35312,196074,,unavailable,observed_aggregate,Do not add maintenance_cost and detail_part_price unless Jejuro confirms whether cost already includes parts.
7986,1843,16/18년 올뉴카니발9인(경유),RV,26,2017-11-03 00:00:00,2024-11-25 09:26:00,0,0,0,26,41221,190137,,unavailable,observed_aggregate,Do not add maintenance_cost and detail_part_price unless Jejuro confirms whether cost already includes parts.
7987,1843,16/18년 올뉴카니발9인(경유),RV,23,2017-11-29 00:00:00,2024-04-29 09:00:00,0,0,0,23,17211,161791,,unavailable,observed_aggregate,Do not add maintenance_cost and detail_part_price unless Jejuro confirms whether cost already includes parts.
7988,1843,16/18년 올뉴카니발9인(경유),RV,22,2017-12-01 00:00:00,2024-05-20 00:00:00,0,0,0,22,17010,163298,,unavailable,observed_aggregate,Do not add maintenance_cost and detail_part_price unless Jejuro confirms whether cost already includes parts.
7989,1843,16/18년 올뉴카니발9인(경유),RV,22,2017-11-17 00:00:00,2024-07-09 00:00:00,0,0,0,22,15603,161355,,unavailable,observed_aggregate,Do not add maintenance_cost and detail_part_price unless Jejuro confirms whether cost already includes parts.
7990,1843,16/18년 올뉴카니발9인(경유),RV,27,2017-12-01 00:00:00,2024-06-17 00:00:00,0,0,0,27,15227,164980,,unavailable,observed_aggregate,Do not add maintenance_cost and detail_part_price unless Jejuro confirms whether cost already includes parts.
7991,1843,16/18년 올뉴카니발9인(경유),RV,21,2017-11-29 00:00:00,2024-07-09 00:00:00,0,0,0,21,13943,166881,,unavailable,observed_aggregate,Do not add maintenance_cost and detail_part_price unless Jejuro confirms whether cost already includes parts.
7992,1847,18년 올뉴카니발리무진7인(경유),RV,36,2018-08-28 00:00:00,2026-06-29 07:10:00,0,0,860000,35,13770,155808,,unavailable,observed_aggregate,Do not add maintenance_cost and detail_part_price unless Jejuro confirms whether cost already includes parts.
7993,1847,18년 올뉴카니발리무진7인(경유),RV,32,2018-06-18 00:00:00,2026-08-13 09:17:00,0,0,0,31,13030,158429,,unavailable,observed_aggregate,Do not add maintenance_cost and detail_part_price unless Jejuro confirms whether cost already includes parts.
7994,1847,18년 올뉴카니발리무진7인(경유),RV,27,2018-11-06 05:50:00,2025-12-01 04:33:00,0,0,0,26,27812,154193,,unavailable,observed_aggregate,Do not add maintenance_cost and detail_part_price unless Jejuro confirms whether cost already includes parts.
7995,1847,18년 올뉴카니발리무진7인(경유),RV,31,2018-08-08 00:00:00,2026-07-18 02:06:00,0,0,0,30,27426,160617,,unavailable,observed_aggregate,Do not add maintenance_cost and detail_part_price unless Jejuro confirms whether cost already includes parts.
7996,1847,18년 올뉴카니발리무진7인(경유),RV,28,2018-08-27 00:00:00,2026-04-03 09:09:00,0,0,0,28,23559,160336,,unavailable,observed_aggregate,Do not add maintenance_cost and detail_part_price unless Jejuro confirms whether cost already includes parts.
7997,1847,18년 올뉴카니발리무진7인(경유),RV,29,2018-08-28 00:00:00,2025-11-18 03:00:00,0,0,300000,28,22648,154996,,unavailable,observed_aggregate,Do not add maintenance_cost and detail_part_price unless Jejuro confirms whether cost already includes parts.
7998,1847,18년 올뉴카니발리무진7인(경유),RV,33,2018-11-06 05:30:00,2025-12-30 08:51:00,0,0,0,32,32194,150343,,unavailable,observed_aggregate,Do not add maintenance_cost and detail_part_price unless Jejuro confirms whether cost already includes parts.
7999,1847,18년 올뉴카니발리무진7인(경유),RV,27,2017-12-06 00:00:00,2024-07-05 09:00:00,0,0,0,26,19135,139324,,unavailable,observed_aggregate,Do not add maintenance_cost and detail_part_price unless Jejuro confirms whether cost already includes parts.
8000,1847,18년 올뉴카니발리무진7인(경유),RV,22,2017-11-06 00:00:00,2024-07-12 09:00:00,0,0,0,21,7306,138600,,unavailable,observed_aggregate,Do not add maintenance_cost and detail_part_price unless Jejuro confirms whether cost already includes parts.
8001,1847,18년 올뉴카니발리무진7인(경유),RV,29,2017-12-06 00:00:00,2024-07-05 09:00:00,159600,0,0,28,12462,136624,,unavailable,observed_aggregate,Do not add maintenance_cost and detail_part_price unless Jejuro confirms whether cost already includes parts.
8002,1849,18/19년 그랜져IG(휘),LUXURY,25,2018-09-20 00:00:00,2024-12-03 09:45:00,0,0,0,24,20219,175273,,unavailable,observed_aggregate,Do not add maintenance_cost and detail_part_price unless Jejuro confirms whether cost already includes parts.
8003,1849,18/19년 그랜져IG(휘),LUXURY,24,2018-09-13 00:00:00,2024-07-09 00:00:00,650210,0,0,23,20653,167616,,unavailable,observed_aggregate,Do not add maintenance_cost and detail_part_price unless Jejuro confirms whether cost already includes parts.
8004,1849,18/19년 그랜져IG(휘),LUXURY,21,2019-07-05 00:00:00,2024-06-06 00:00:00,0,0,0,21,10032,135546,,unavailable,observed_aggregate,Do not add maintenance_cost and detail_part_price unless Jejuro confirms whether cost already includes parts.
8005,1849,18/19년 그랜져IG(휘),LUXURY,21,2019-06-17 00:00:00,2024-05-30 00:00:00,0,0,0,21,7039,129710,,unavailable,observed_aggregate,Do not add maintenance_cost and detail_part_price unless Jejuro confirms whether cost already includes parts.
8006,1849,18/19년 그랜져IG(휘),LUXURY,28,2018-09-04 00:00:00,2024-08-13 00:00:00,0,0,0,27,24591,169313,,unavailable,observed_aggregate,Do not add maintenance_cost and detail_part_price unless Jejuro confirms whether cost already includes parts.
8007,1849,18/19년 그랜져IG(휘),LUXURY,32,2018-10-25 00:00:00,2024-07-19 00:00:00,0,0,0,31,24957,166635,,unavailable,observed_aggregate,Do not add maintenance_cost and detail_part_price unless Jejuro confirms whether cost already includes parts.
8008,1846,18/19년 쏠라티(15인/경유),RV,43,2018-03-20 00:00:00,2026-08-04 07:47:00,44000,0,2908560,42,6733,141763,,unavailable,observed_aggregate,Do not add maintenance_cost and detail_part_price unless Jejuro confirms whether cost already includes parts.
8009,1846,18/19년 쏠라티(15인/경유),RV,44,2018-06-18 00:00:00,2026-07-23 00:00:00,0,0,0,43,6771,142984,,unavailable,observed_aggregate,Do not add maintenance_cost and detail_part_price unless Jejuro confirms whether cost already includes parts.
8010,1846,18/19년 쏠라티(15인/경유),RV,33,2019-09-05 00:00:00,2026-08-08 02:52:00,0,0,1796820,33,13523,123592,,unavailable,observed_aggregate,Do not add maintenance_cost and detail_part_price unless Jejuro confirms whether cost already includes parts.
8011,1846,18/19년 쏠라티(15인/경유),RV,13,2020-03-14 00:00:00,2024-06-17 00:00:00,0,0,0,13,4291,74339,,unavailable,observed_aggregate,Do not add maintenance_cost and detail_part_price unless Jejuro confirms whether cost already includes parts.
8012,1855,18/19년 올뉴 K3(휘),COMPACT,31,2018-09-03 00:00:00,2024-11-04 09:20:00,0,0,0,30,11766,197541,,unavailable,observed_aggregate,Do not add maintenance_cost and detail_part_price unless Jejuro confirms whether cost already includes parts.
8013,1855,18/19년 올뉴 K3(휘),COMPACT,32,2018-10-16 00:00:00,2025-01-06 09:48:00,0,0,0,32,10104,195064,,unavailable,observed_aggregate,Do not add maintenance_cost and detail_part_price unless Jejuro confirms whether cost already includes parts.
8014,1964,18년 뉴k3(휘),COMPACT,4,2024-11-10 08:50:00,2025-02-14 09:16:00,0,0,202250,4,197269,202252,,unavailable,observed_aggregate,Do not add maintenance_cost and detail_part_price unless Jejuro confirms whether cost already includes parts.
8015,1964,18년 뉴k3(휘),COMPACT,2,2024-10-09 00:00:00,2025-02-04 23:52:00,0,0,0,2,83090,195118,,unavailable,observed_aggregate,Do not add maintenance_cost and detail_part_price unless Jejuro confirms whether cost already includes parts.
8016,1965,18년 더뉴k5(LPG),MIDSIZE,0,,,,,0,0,,,,unavailable,observed_aggregate,Do not add maintenance_cost and detail_part_price unless Jejuro confirms whether cost already includes parts.
8017,1965,18년 더뉴k5(LPG),MIDSIZE,1,2024-07-22 00:00:00,2024-07-22 00:00:00,0,0,0,1,176748,176748,,unavailable,observed_aggregate,Do not add maintenance_cost and detail_part_price unless Jejuro confirms whether cost already includes parts.
8018,1965,18년 더뉴k5(LPG),MIDSIZE,0,,,,,0,0,,,,unavailable,observed_aggregate,Do not add maintenance_cost and detail_part_price unless Jejuro confirms whether cost already includes parts.
8019,1965,18년 더뉴k5(LPG),MIDSIZE,0,,,,,0,0,,,,unavailable,observed_aggregate,Do not add maintenance_cost and detail_part_price unless Jejuro confirms whether cost already includes parts.
8020,1965,18년 더뉴k5(LPG),MIDSIZE,0,,,,,0,0,,,,unavailable,observed_aggregate,Do not add maintenance_cost and detail_part_price unless Jejuro confirms whether cost already includes parts.
8021,1965,18년 더뉴k5(LPG),MIDSIZE,0,,,,,0,0,,,,unavailable,observed_aggregate,Do not add maintenance_cost and detail_part_price unless Jejuro confirms whether cost already includes parts.
8022,1965,18년 더뉴k5(LPG),MIDSIZE,0,,,,,0,0,,,,unavailable,observed_aggregate,Do not add maintenance_cost and detail_part_price unless Jejuro confirms whether cost already includes parts.
8023,1965,18년 더뉴k5(LPG),MIDSIZE,0,,,,,0,0,,,,unavailable,observed_aggregate,Do not add maintenance_cost and detail_part_price unless Jejuro confirms whether cost already includes parts.
8024,1966,18년 모닝(휘),URBAN,1,2024-10-31 07:57:00,2024-10-31 07:57:00,0,0,0,1,204071,204071,,unavailable,observed_aggregate,Do not add maintenance_cost and detail_part_price unless Jejuro confirms whether cost already includes parts.
8025,1966,18년 모닝(휘),URBAN,1,2024-12-05 03:17:00,2024-12-05 03:17:00,0,0,0,1,199279,199279,,unavailable,observed_aggregate,Do not add maintenance_cost and detail_part_price unless Jejuro confirms whether cost already includes parts.
8026,1966,18년 모닝(휘),URBAN,3,2024-09-24 00:00:00,2024-11-05 02:02:00,0,0,0,3,201756,204613,,unavailable,observed_aggregate,Do not add maintenance_cost and detail_part_price unless Jejuro confirms whether cost already includes parts.
8027,1966,18년 모닝(휘),URBAN,2,2024-09-03 00:00:00,2024-09-13 00:00:00,0,0,58520,2,190118,190444,,unavailable,observed_aggregate,Do not add maintenance_cost and detail_part_price unless Jejuro confirms whether cost already includes parts.
8028,1966,18년 모닝(휘),URBAN,4,2024-06-26 00:00:00,2024-12-05 01:33:00,0,0,58520,4,192042,202190,,unavailable,observed_aggregate,Do not add maintenance_cost and detail_part_price unless Jejuro confirms whether cost already includes parts.
8029,1961,18년 스토닉(휘),SUV,0,,,,,0,0,,,,unavailable,observed_aggregate,Do not add maintenance_cost and detail_part_price unless Jejuro confirms whether cost already includes parts.
8030,1961,18년 스토닉(휘),SUV,0,,,,,0,0,,,,unavailable,observed_aggregate,Do not add maintenance_cost and detail_part_price unless Jejuro confirms whether cost already includes parts.
8031,1961,18년 스토닉(휘),SUV,0,,,,,0,0,,,,unavailable,observed_aggregate,Do not add maintenance_cost and detail_part_price unless Jejuro confirms whether cost already includes parts.
8032,1961,18년 스토닉(휘),SUV,0,,,,,0,0,,,,unavailable,observed_aggregate,Do not add maintenance_cost and detail_part_price unless Jejuro confirms whether cost already includes parts.
8033,1961,18년 스토닉(휘),SUV,0,,,,,0,0,,,,unavailable,observed_aggregate,Do not add maintenance_cost and detail_part_price unless Jejuro confirms whether cost already includes parts.
8034,1961,18년 스토닉(휘),SUV,0,,,,,0,0,,,,unavailable,observed_aggregate,Do not add maintenance_cost and detail_part_price unless Jejuro confirms whether cost already includes parts.
8035,1961,18년 스토닉(휘),SUV,0,,,,,0,0,,,,unavailable,observed_aggregate,Do not add maintenance_cost and detail_part_price unless Jejuro confirms whether cost already includes parts.
8036,1961,18년 스토닉(휘),SUV,0,,,,,0,0,,,,unavailable,observed_aggregate,Do not add maintenance_cost and detail_part_price unless Jejuro confirms whether cost already includes parts.
8037,1961,18년 스토닉(휘),SUV,0,,,,,0,0,,,,unavailable,observed_aggregate,Do not add maintenance_cost and detail_part_price unless Jejuro confirms whether cost already includes parts.
8038,1961,18년 스토닉(휘),SUV,0,,,,,0,0,,,,unavailable,observed_aggregate,Do not add maintenance_cost and detail_part_price unless Jejuro confirms whether cost already includes parts.
8039,1963,18년 쏘나타뉴라이즈(휘),MIDSIZE,0,,,,,0,0,,,,unavailable,observed_aggregate,Do not add maintenance_cost and detail_part_price unless Jejuro confirms whether cost already includes parts.
8040,1963,18년 쏘나타뉴라이즈(휘),MIDSIZE,0,,,,,0,0,,,,unavailable,observed_aggregate,Do not add maintenance_cost and detail_part_price unless Jejuro confirms whether cost already includes parts.
8041,1963,18년 쏘나타뉴라이즈(휘),MIDSIZE,0,,,,,0,0,,,,unavailable,observed_aggregate,Do not add maintenance_cost and detail_part_price unless Jejuro confirms whether cost already includes parts.
8042,1963,18년 쏘나타뉴라이즈(휘),MIDSIZE,0,,,,,0,0,,,,unavailable,observed_aggregate,Do not add maintenance_cost and detail_part_price unless Jejuro confirms whether cost already includes parts.
8043,1963,18년 쏘나타뉴라이즈(휘),MIDSIZE,0,,,,,0,0,,,,unavailable,observed_aggregate,Do not add maintenance_cost and detail_part_price unless Jejuro confirms whether cost already includes parts.
8044,1963,18년 쏘나타뉴라이즈(휘),MIDSIZE,1,2024-08-01 00:00:00,2024-08-01 00:00:00,0,0,0,1,164785,164785,,unavailable,observed_aggregate,Do not add maintenance_cost and detail_part_price unless Jejuro confirms whether cost already includes parts.
8045,1963,18년 쏘나타뉴라이즈(휘),MIDSIZE,1,2024-09-09 00:00:00,2024-09-09 00:00:00,0,0,0,1,171559,171559,,unavailable,observed_aggregate,Do not add maintenance_cost and detail_part_price unless Jejuro confirms whether cost already includes parts.
8046,1963,18년 쏘나타뉴라이즈(휘),MIDSIZE,0,,,,,0,0,,,,unavailable,observed_aggregate,Do not add maintenance_cost and detail_part_price unless Jejuro confirms whether cost already includes parts.
8047,1963,18년 쏘나타뉴라이즈(휘),MIDSIZE,0,,,,,0,0,,,,unavailable,observed_aggregate,Do not add maintenance_cost and detail_part_price unless Jejuro confirms whether cost already includes parts.
8048,1963,18년 쏘나타뉴라이즈(휘),MIDSIZE,0,,,,,0,0,,,,unavailable,observed_aggregate,Do not add maintenance_cost and detail_part_price unless Jejuro confirms whether cost already includes parts.
8049,1962,18년 쏘나타뉴라이즈(LPG),MIDSIZE,0,,,,,0,0,,,,unavailable,observed_aggregate,Do not add maintenance_cost and detail_part_price unless Jejuro confirms whether cost already includes parts.
8050,1962,18년 쏘나타뉴라이즈(LPG),MIDSIZE,1,2024-08-13 00:00:00,2024-08-13 00:00:00,0,0,0,1,189912,189912,,unavailable,observed_aggregate,Do not add maintenance_cost and detail_part_price unless Jejuro confirms whether cost already includes parts.
8051,1962,18년 쏘나타뉴라이즈(LPG),MIDSIZE,1,2024-07-29 00:00:00,2024-07-29 00:00:00,0,0,0,1,183737,183737,,unavailable,observed_aggregate,Do not add maintenance_cost and detail_part_price unless Jejuro confirms whether cost already includes parts.
8052,1962,18년 쏘나타뉴라이즈(LPG),MIDSIZE,0,,,,,0,0,,,,unavailable,observed_aggregate,Do not add maintenance_cost and detail_part_price unless Jejuro confirms whether cost already includes parts.
8053,1962,18년 쏘나타뉴라이즈(LPG),MIDSIZE,0,,,,,0,0,,,,unavailable,observed_aggregate,Do not add maintenance_cost and detail_part_price unless Jejuro confirms whether cost already includes parts.
8054,1962,18년 쏘나타뉴라이즈(LPG),MIDSIZE,0,,,,,0,0,,,,unavailable,observed_aggregate,Do not add maintenance_cost and detail_part_price unless Jejuro confirms whether cost already includes parts.
8055,1962,18년 쏘나타뉴라이즈(LPG),MIDSIZE,1,2024-08-08 00:00:00,2024-08-08 00:00:00,0,0,0,1,188912,188912,,unavailable,observed_aggregate,Do not add maintenance_cost and detail_part_price unless Jejuro confirms whether cost already includes parts.
8056,1962,18년 쏘나타뉴라이즈(LPG),MIDSIZE,0,,,,,0,0,,,,unavailable,observed_aggregate,Do not add maintenance_cost and detail_part_price unless Jejuro confirms whether cost already includes parts.
8057,1962,18년 쏘나타뉴라이즈(LPG),MIDSIZE,0,,,,,0,0,,,,unavailable,observed_aggregate,Do not add maintenance_cost and detail_part_price unless Jejuro confirms whether cost already includes parts.
8058,1962,18년 쏘나타뉴라이즈(LPG),MIDSIZE,0,,,,,0,0,,,,unavailable,observed_aggregate,Do not add maintenance_cost and detail_part_price unless Jejuro confirms whether cost already includes parts.
8059,1848,18년 코나(휘),SUV,1,2024-10-10 00:00:00,2024-10-10 00:00:00,0,0,0,1,182174,182174,,unavailable,observed_aggregate,Do not add maintenance_cost and detail_part_price unless Jejuro confirms whether cost already includes parts.
8060,1848,18년 코나(휘),SUV,0,,,,,0,0,,,,unavailable,observed_aggregate,Do not add maintenance_cost and detail_part_price unless Jejuro confirms whether cost already includes parts.
8061,1848,18년 코나(휘),SUV,1,2024-10-28 06:58:00,2024-10-28 06:58:00,0,0,0,1,191512,191512,,unavailable,observed_aggregate,Do not add maintenance_cost and detail_part_price unless Jejuro confirms whether cost already includes parts.
8062,1848,18년 코나(휘),SUV,2,2024-09-26 00:00:00,2024-10-31 07:58:00,0,0,0,2,179088,181751,,unavailable,observed_aggregate,Do not add maintenance_cost and detail_part_price unless Jejuro confirms whether cost already includes parts.
8063,1848,18년 코나(휘),SUV,2,2024-09-27 00:00:00,2024-10-26 06:31:00,0,0,0,2,182427,182427,,unavailable,observed_aggregate,Do not add maintenance_cost and detail_part_price unless Jejuro confirms whether cost already includes parts.
8064,1848,18년 코나(휘),SUV,0,,,,,0,0,,,,unavailable,observed_aggregate,Do not add maintenance_cost and detail_part_price unless Jejuro confirms whether cost already includes parts.
8065,1848,18년 코나(휘),SUV,2,2024-07-11 00:00:00,2024-10-31 07:58:00,0,0,0,2,177561,184812,,unavailable,observed_aggregate,Do not add maintenance_cost and detail_part_price unless Jejuro confirms whether cost already includes parts.
8066,1848,18년 코나(휘),SUV,1,2024-10-26 06:32:00,2024-10-26 06:32:00,0,0,0,1,189959,189959,,unavailable,observed_aggregate,Do not add maintenance_cost and detail_part_price unless Jejuro confirms whether cost already includes parts.
8067,1848,18년 코나(휘),SUV,2,2024-09-13 00:00:00,2024-09-24 00:00:00,0,0,0,2,177642,178544,,unavailable,observed_aggregate,Do not add maintenance_cost and detail_part_price unless Jejuro confirms whether cost already includes parts.
8068,1848,18년 코나(휘),SUV,2,2024-11-04 00:00:00,2024-11-18 06:54:00,0,0,0,2,186403,186622,,unavailable,observed_aggregate,Do not add maintenance_cost and detail_part_price unless Jejuro confirms whether cost already includes parts.
8069,1848,18년 코나(휘),SUV,28,2018-06-07 00:00:00,2024-06-17 00:00:00,0,0,0,27,14056,167315,,unavailable,observed_aggregate,Do not add maintenance_cost and detail_part_price unless Jejuro confirms whether cost already includes parts.
8070,1848,18년 코나(휘),SUV,29,2018-07-06 00:00:00,2024-06-18 00:00:00,0,0,0,28,16256,176295,,unavailable,observed_aggregate,Do not add maintenance_cost and detail_part_price unless Jejuro confirms whether cost already includes parts.
8071,1848,18년 코나(휘),SUV,31,2018-06-16 00:00:00,2024-06-24 00:00:00,0,0,0,30,13726,167386,,unavailable,observed_aggregate,Do not add maintenance_cost and detail_part_price unless Jejuro confirms whether cost already includes parts.
8072,1848,18년 코나(휘),SUV,27,2018-07-20 00:00:00,2024-07-05 00:00:00,0,0,0,26,17035,177462,,unavailable,observed_aggregate,Do not add maintenance_cost and detail_part_price unless Jejuro confirms whether cost already includes parts.
8073,1848,18년 코나(휘),SUV,24,2018-07-12 00:00:00,2024-06-17 00:00:00,0,0,0,23,17403,179248,,unavailable,observed_aggregate,Do not add maintenance_cost and detail_part_price unless Jejuro confirms whether cost already includes parts.
8074,1848,18년 코나(휘),SUV,25,2018-09-21 00:00:00,2024-06-17 00:00:00,0,0,0,24,24607,174415,,unavailable,observed_aggregate,Do not add maintenance_cost and detail_part_price unless Jejuro confirms whether cost already includes parts.
8075,1848,18년 코나(휘),SUV,22,2018-07-10 00:00:00,2024-06-17 00:00:00,0,0,0,21,19675,176169,,unavailable,observed_aggregate,Do not add maintenance_cost and detail_part_price unless Jejuro confirms whether cost already includes parts.
8076,1848,18년 코나(휘),SUV,32,2018-09-01 00:00:00,2024-10-26 06:29:00,385000,0,0,30,24907,185075,,unavailable,observed_aggregate,Do not add maintenance_cost and detail_part_price unless Jejuro confirms whether cost already includes parts.
8077,1853,18년 올뉴 쏘렌토(7인/경유),SUV,24,2018-04-18 00:00:00,2024-07-18 00:00:00,0,0,0,22,16030,154646,,unavailable,observed_aggregate,Do not add maintenance_cost and detail_part_price unless Jejuro confirms whether cost already includes parts.
8078,1853,18년 올뉴 쏘렌토(7인/경유),SUV,27,2018-09-21 00:00:00,2024-10-01 00:00:00,0,0,0,26,19545,151923,,unavailable,observed_aggregate,Do not add maintenance_cost and detail_part_price unless Jejuro confirms whether cost already includes parts.
8079,1853,18년 올뉴 쏘렌토(7인/경유),SUV,24,2018-10-31 00:00:00,2024-09-19 00:00:00,0,0,0,23,21914,155795,,unavailable,observed_aggregate,Do not add maintenance_cost and detail_part_price unless Jejuro confirms whether cost already includes parts.
8080,1967,18년 티볼리 아머(휘),SUV,1,2024-09-19 00:00:00,2024-09-19 00:00:00,0,0,0,1,165917,165917,,unavailable,observed_aggregate,Do not add maintenance_cost and detail_part_price unless Jejuro confirms whether cost already includes parts.
8081,1967,18년 티볼리 아머(휘),SUV,0,,,,,0,0,,,,unavailable,observed_aggregate,Do not add maintenance_cost and detail_part_price unless Jejuro confirms whether cost already includes parts.
8082,1967,18년 티볼리 아머(휘),SUV,1,2024-08-08 00:00:00,2024-08-08 00:00:00,0,0,0,1,156367,156367,,unavailable,observed_aggregate,Do not add maintenance_cost and detail_part_price unless Jejuro confirms whether cost already includes parts.
8083,1967,18년 티볼리 아머(휘),SUV,0,,,,,0,0,,,,unavailable,observed_aggregate,Do not add maintenance_cost and detail_part_price unless Jejuro confirms whether cost already includes parts.
8084,1967,18년 티볼리 아머(휘),SUV,0,,,,,0,0,,,,unavailable,observed_aggregate,Do not add maintenance_cost and detail_part_price unless Jejuro confirms whether cost already includes parts.
8085,1854,19년 더뉴그랜드스타렉스12인(경유),RV,45,2019-09-17 00:00:00,2026-07-12 04:59:00,0,0,0,45,9938,153079,,unavailable,observed_aggregate,Do not add maintenance_cost and detail_part_price unless Jejuro confirms whether cost already includes parts.
8086,1854,19년 더뉴그랜드스타렉스12인(경유),RV,36,2019-07-10 00:00:00,2026-08-17 09:00:00,0,0,0,36,8015,154628,,unavailable,observed_aggregate,Do not add maintenance_cost and detail_part_price unless Jejuro confirms whether cost already includes parts.
8087,1862,19/20년 머스탱 컨버터블(휘),IMPORTED,27,2020-08-20 00:00:00,2025-10-05 08:47:00,200000,0,0,27,5743,107485,,unavailable,observed_aggregate,Do not add maintenance_cost and detail_part_price unless Jejuro confirms whether cost already includes parts.
8088,1862,19/20년 머스탱 컨버터블(휘),IMPORTED,39,2019-07-31 00:00:00,2025-09-22 07:55:00,0,0,120000,39,6264,138194,,unavailable,observed_aggregate,Do not add maintenance_cost and detail_part_price unless Jejuro confirms whether cost already includes parts.
8089,1862,19/20년 머스탱 컨버터블(휘),IMPORTED,35,2019-10-04 00:00:00,2025-08-03 23:25:00,0,0,0,35,3065,137680,,unavailable,observed_aggregate,Do not add maintenance_cost and detail_part_price unless Jejuro confirms whether cost already includes parts.
8090,1867,19년 베뉴(휘),SUV,16,2020-03-13 00:00:00,2024-07-19 00:00:00,0,0,0,16,7797,114415,,unavailable,observed_aggregate,Do not add maintenance_cost and detail_part_price unless Jejuro confirms whether cost already includes parts.
8091,1867,19년 베뉴(휘),SUV,17,2020-03-13 00:00:00,2024-09-03 00:00:00,0,0,0,17,5282,112756,,unavailable,observed_aggregate,Do not add maintenance_cost and detail_part_price unless Jejuro confirms whether cost already includes parts.
8092,1861,19년 벤츠 E클래스 카브리올레[경유],IMPORTED,36,2019-10-11 00:00:00,2024-09-20 00:00:00,3059824,0,0,34,13819,139128,,unavailable,observed_aggregate,Do not add maintenance_cost and detail_part_price unless Jejuro confirms whether cost already includes parts.
8093,1861,19년 벤츠 E클래스 카브리올레[경유],IMPORTED,26,2019-10-23 00:00:00,2024-12-09 08:56:00,0,0,0,26,17847,134247,,unavailable,observed_aggregate,Do not add maintenance_cost and detail_part_price unless Jejuro confirms whether cost already includes parts.
8094,1861,19년 벤츠 E클래스 카브리올레[경유],IMPORTED,25,2020-03-13 00:00:00,2024-10-06 00:00:00,0,0,100000,25,21140,136295,,unavailable,observed_aggregate,Do not add maintenance_cost and detail_part_price unless Jejuro confirms whether cost already includes parts.
8095,1851,19년 엑센트(휘),URBAN,29,2018-08-21 00:00:00,2024-11-23 00:17:00,0,0,0,29,5707,186652,,unavailable,observed_aggregate,Do not add maintenance_cost and detail_part_price unless Jejuro confirms whether cost already includes parts.
8096,1856,19년 G80(휘),LUXURY,20,2019-09-27 00:00:00,2024-11-04 09:34:00,1879020,0,0,20,17604,113554,,unavailable,observed_aggregate,Do not add maintenance_cost and detail_part_price unless Jejuro confirms whether cost already includes parts.
8097,1856,19년 G80(휘),LUXURY,14,2020-10-26 00:00:00,2024-05-11 09:00:00,0,0,0,14,40259,105631,,unavailable,observed_aggregate,Do not add maintenance_cost and detail_part_price unless Jejuro confirms whether cost already includes parts.
8098,1866,20년 셀토스(휘),SUV,7,2022-07-07 00:00:00,2024-06-14 00:00:00,0,0,0,7,13068,55849,,unavailable,observed_aggregate,Do not add maintenance_cost and detail_part_price unless Jejuro confirms whether cost already includes parts.
8099,1866,20년 셀토스(휘),SUV,24,2020-03-13 00:00:00,2026-01-13 23:36:00,0,0,53400,24,3123,139064,,unavailable,observed_aggregate,Do not add maintenance_cost and detail_part_price unless Jejuro confirms whether cost already includes parts.
8100,1866,20년 셀토스(휘),SUV,26,2021-01-18 00:00:00,2026-04-27 00:43:00,0,0,0,26,14150,143348,,unavailable,observed_aggregate,Do not add maintenance_cost and detail_part_price unless Jejuro confirms whether cost already includes parts.
8101,1866,20년 셀토스(휘),SUV,20,2021-02-01 00:00:00,2026-04-01 10:38:00,0,0,0,20,13375,136998,,unavailable,observed_aggregate,Do not add maintenance_cost and detail_part_price unless Jejuro confirms whether cost already includes parts.
8102,1866,20년 셀토스(휘),SUV,21,2021-01-21 00:00:00,2026-01-22 07:01:00,0,0,0,21,14099,138921,,unavailable,observed_aggregate,Do not add maintenance_cost and detail_part_price unless Jejuro confirms whether cost already includes parts.
8103,1866,20년 셀토스(휘),SUV,20,2020-01-04 00:00:00,2024-08-14 09:00:00,0,0,0,20,12133,121927,,unavailable,observed_aggregate,Do not add maintenance_cost and detail_part_price unless Jejuro confirms whether cost already includes parts.
8104,1866,20년 셀토스(휘),SUV,20,2020-01-08 00:00:00,2024-08-08 09:00:00,0,0,0,20,11140,119501,,unavailable,observed_aggregate,Do not add maintenance_cost and detail_part_price unless Jejuro confirms whether cost already includes parts.
8105,1866,20년 셀토스(휘),SUV,22,2020-01-19 00:00:00,2024-08-08 09:00:00,643000,0,0,22,13233,126130,,unavailable,observed_aggregate,Do not add maintenance_cost and detail_part_price unless Jejuro confirms whether cost already includes parts.
8106,1866,20년 셀토스(휘),SUV,18,2019-12-18 00:00:00,2024-08-08 09:00:00,0,0,0,18,9764,122332,,unavailable,observed_aggregate,Do not add maintenance_cost and detail_part_price unless Jejuro confirms whether cost already includes parts.
8107,1866,20년 셀토스(휘),SUV,18,2020-01-20 00:00:00,2024-08-07 09:00:00,0,0,0,18,13754,127616,,unavailable,observed_aggregate,Do not add maintenance_cost and detail_part_price unless Jejuro confirms whether cost already includes parts.
8108,1852,18년 뉴레이(휘),URBAN,3,2024-12-03 02:03:00,2025-01-20 06:23:00,0,0,0,3,207727,210775,,unavailable,observed_aggregate,Do not add maintenance_cost and detail_part_price unless Jejuro confirms whether cost already includes parts.
8109,1852,18년 뉴레이(휘),URBAN,2,2024-12-04 06:49:00,2025-01-21 09:44:00,0,0,0,2,206675,210007,,unavailable,observed_aggregate,Do not add maintenance_cost and detail_part_price unless Jejuro confirms whether cost already includes parts.
8110,1852,18년 뉴레이(휘),URBAN,5,2024-07-10 00:00:00,2025-01-20 06:02:00,0,0,0,5,145320,210918,,unavailable,observed_aggregate,Do not add maintenance_cost and detail_part_price unless Jejuro confirms whether cost already includes parts.
8111,1852,18년 뉴레이(휘),URBAN,2,2025-01-13 06:30:00,2025-01-31 05:22:00,0,0,0,2,206938,208088,,unavailable,observed_aggregate,Do not add maintenance_cost and detail_part_price unless Jejuro confirms whether cost already includes parts.
8112,1852,18년 뉴레이(휘),URBAN,2,2025-01-14 09:38:00,2025-01-24 01:53:00,0,0,0,2,212155,212913,,unavailable,observed_aggregate,Do not add maintenance_cost and detail_part_price unless Jejuro confirms whether cost already includes parts.
8113,1852,18년 뉴레이(휘),URBAN,2,2024-11-01 06:45:00,2025-01-12 08:30:00,0,0,7040,2,192973,198029,,unavailable,observed_aggregate,Do not add maintenance_cost and detail_part_price unless Jejuro confirms whether cost already includes parts.
8114,1852,18년 뉴레이(휘),URBAN,3,2024-11-27 05:44:00,2025-01-24 04:47:00,0,0,0,3,202364,206843,,unavailable,observed_aggregate,Do not add maintenance_cost and detail_part_price unless Jejuro confirms whether cost already includes parts.
8115,1852,18년 뉴레이(휘),URBAN,3,2025-01-18 04:28:00,2025-02-04 01:19:00,0,0,0,3,206205,207348,,unavailable,observed_aggregate,Do not add maintenance_cost and detail_part_price unless Jejuro confirms whether cost already includes parts.
8116,1852,18년 뉴레이(휘),URBAN,1,2025-01-23 04:27:00,2025-01-23 04:27:00,0,0,0,1,203932,203932,,unavailable,observed_aggregate,Do not add maintenance_cost and detail_part_price unless Jejuro confirms whether cost already includes parts.
8117,1852,18년 뉴레이(휘),URBAN,6,2024-11-02 08:23:00,2025-01-15 03:53:00,0,0,0,6,199455,204830,,unavailable,observed_aggregate,Do not add maintenance_cost and detail_part_price unless Jejuro confirms whether cost already includes parts.
8118,1852,18년 뉴레이(휘),URBAN,4,2024-11-28 23:16:00,2025-01-20 07:12:00,0,0,0,4,202649,207182,,unavailable,observed_aggregate,Do not add maintenance_cost and detail_part_price unless Jejuro confirms whether cost already includes parts.
8119,1852,18년 뉴레이(휘),URBAN,36,2018-10-02 00:00:00,2025-01-12 00:39:00,0,0,0,36,13528,198927,,unavailable,observed_aggregate,Do not add maintenance_cost and detail_part_price unless Jejuro confirms whether cost already includes parts.
8120,1852,18년 뉴레이(휘),URBAN,34,2018-09-17 00:00:00,2024-12-30 23:04:00,0,0,0,34,15698,194850,,unavailable,observed_aggregate,Do not add maintenance_cost and detail_part_price unless Jejuro confirms whether cost already includes parts.
8121,1852,18년 뉴레이(휘),URBAN,28,2018-10-03 00:00:00,2024-12-11 08:30:00,0,0,0,28,13682,197456,,unavailable,observed_aggregate,Do not add maintenance_cost and detail_part_price unless Jejuro confirms whether cost already includes parts.
8122,1852,18년 뉴레이(휘),URBAN,32,2018-09-12 00:00:00,2024-10-30 09:50:00,0,0,0,32,13731,195680,,unavailable,observed_aggregate,Do not add maintenance_cost and detail_part_price unless Jejuro confirms whether cost already includes parts.
8123,1852,18년 뉴레이(휘),URBAN,26,2018-09-07 00:00:00,2024-12-13 08:35:00,0,0,0,26,13403,199317,,unavailable,observed_aggregate,Do not add maintenance_cost and detail_part_price unless Jejuro confirms whether cost already includes parts.
8124,1852,18년 뉴레이(휘),URBAN,35,2018-09-13 00:00:00,2024-11-29 07:34:00,0,0,0,35,12678,196665,,unavailable,observed_aggregate,Do not add maintenance_cost and detail_part_price unless Jejuro confirms whether cost already includes parts.
8125,1852,18년 뉴레이(휘),URBAN,5,2024-10-21 06:12:00,2025-01-06 03:25:00,0,0,0,5,200131,206859,,unavailable,observed_aggregate,Do not add maintenance_cost and detail_part_price unless Jejuro confirms whether cost already includes parts.
8126,1852,18년 뉴레이(휘),URBAN,4,2024-07-03 00:00:00,2025-02-05 03:18:00,0,0,0,4,193948,212059,,unavailable,observed_aggregate,Do not add maintenance_cost and detail_part_price unless Jejuro confirms whether cost already includes parts.
8127,1852,18년 뉴레이(휘),URBAN,0,,,,,0,0,,,,unavailable,observed_aggregate,Do not add maintenance_cost and detail_part_price unless Jejuro confirms whether cost already includes parts.
8128,1852,18년 뉴레이(휘),URBAN,0,,,,,0,0,,,,unavailable,observed_aggregate,Do not add maintenance_cost and detail_part_price unless Jejuro confirms whether cost already includes parts.
8129,1852,18년 뉴레이(휘),URBAN,2,2024-10-17 05:32:00,2024-11-04 08:42:00,0,0,0,2,211305,212691,,unavailable,observed_aggregate,Do not add maintenance_cost and detail_part_price unless Jejuro confirms whether cost already includes parts.
8130,1852,18년 뉴레이(휘),URBAN,1,2024-11-04 00:00:00,2024-11-04 00:00:00,0,0,0,1,207487,207487,,unavailable,observed_aggregate,Do not add maintenance_cost and detail_part_price unless Jejuro confirms whether cost already includes parts.
8131,1852,18년 뉴레이(휘),URBAN,0,,,,,0,0,,,,unavailable,observed_aggregate,Do not add maintenance_cost and detail_part_price unless Jejuro confirms whether cost already includes parts.
8132,1852,18년 뉴레이(휘),URBAN,1,2024-08-21 00:00:00,2024-08-21 00:00:00,0,0,0,1,198333,198333,,unavailable,observed_aggregate,Do not add maintenance_cost and detail_part_price unless Jejuro confirms whether cost already includes parts.
8133,1852,18년 뉴레이(휘),URBAN,0,,,,,0,0,,,,unavailable,observed_aggregate,Do not add maintenance_cost and detail_part_price unless Jejuro confirms whether cost already includes parts.
8134,1852,18년 뉴레이(휘),URBAN,2,2024-11-07 07:11:00,2024-11-27 02:13:00,0,0,0,2,205566,207174,,unavailable,observed_aggregate,Do not add maintenance_cost and detail_part_price unless Jejuro confirms whether cost already includes parts.
8135,1852,18년 뉴레이(휘),URBAN,1,2024-07-29 00:00:00,2024-07-29 00:00:00,0,0,0,1,29339,29339,,unavailable,observed_aggregate,Do not add maintenance_cost and detail_part_price unless Jejuro confirms whether cost already includes parts.
8136,1852,18년 뉴레이(휘),URBAN,0,,,,,0,0,,,,unavailable,observed_aggregate,Do not add maintenance_cost and detail_part_price unless Jejuro confirms whether cost already includes parts.
8137,2100,업무용차량,CITY,14,2020-03-25 00:00:00,2024-12-23 08:48:00,0,0,0,12,77508,203199,,unavailable,observed_aggregate,Do not add maintenance_cost and detail_part_price unless Jejuro confirms whether cost already includes parts.
8138,1865,19년 더뉴 아반떼(휘),COMPACT,24,2019-12-04 00:00:00,2024-11-18 01:36:00,0,0,0,24,13743,166179,,unavailable,observed_aggregate,Do not add maintenance_cost and detail_part_price unless Jejuro confirms whether cost already includes parts.
8139,1865,19년 더뉴 아반떼(휘),COMPACT,22,2020-01-06 00:00:00,2024-10-21 06:14:00,0,0,0,22,10099,100300,,unavailable,observed_aggregate,Do not add maintenance_cost and detail_part_price unless Jejuro confirms whether cost already includes parts.
8140,1865,19년 더뉴 아반떼(휘),COMPACT,26,2019-10-22 00:00:00,2024-10-01 00:00:00,165000,0,0,26,8100,161315,,unavailable,observed_aggregate,Do not add maintenance_cost and detail_part_price unless Jejuro confirms whether cost already includes parts.
8141,1865,19년 더뉴 아반떼(휘),COMPACT,20,2019-11-20 00:00:00,2024-11-29 06:51:00,0,0,0,20,11747,165213,,unavailable,observed_aggregate,Do not add maintenance_cost and detail_part_price unless Jejuro confirms whether cost already includes parts.
8142,1865,19년 더뉴 아반떼(휘),COMPACT,23,2019-11-25 00:00:00,2024-11-03 08:22:00,0,0,0,23,10630,163218,,unavailable,observed_aggregate,Do not add maintenance_cost and detail_part_price unless Jejuro confirms whether cost already includes parts.
8143,1865,19년 더뉴 아반떼(휘),COMPACT,21,2019-11-15 00:00:00,2024-10-26 08:41:00,0,0,0,21,9426,162894,,unavailable,observed_aggregate,Do not add maintenance_cost and detail_part_price unless Jejuro confirms whether cost already includes parts.
8144,1865,19년 더뉴 아반떼(휘),COMPACT,23,2019-12-23 00:00:00,2024-11-30 23:30:00,0,0,0,23,12227,162220,,unavailable,observed_aggregate,Do not add maintenance_cost and detail_part_price unless Jejuro confirms whether cost already includes parts.
8145,1865,19년 더뉴 아반떼(휘),COMPACT,22,2020-01-09 00:00:00,2024-12-03 09:07:00,60500,0,0,22,15771,161662,,unavailable,observed_aggregate,Do not add maintenance_cost and detail_part_price unless Jejuro confirms whether cost already includes parts.
8146,1859,19년 더뉴카니발리무진7인(경유),RV,31,2019-08-23 00:00:00,2026-03-09 00:00:00,0,0,401610,31,10115,142273,,unavailable,observed_aggregate,Do not add maintenance_cost and detail_part_price unless Jejuro confirms whether cost already includes parts.
8147,1859,19년 더뉴카니발리무진7인(경유),RV,24,2019-08-29 00:00:00,2026-02-05 00:00:00,0,0,0,24,9782,132592,,unavailable,observed_aggregate,Do not add maintenance_cost and detail_part_price unless Jejuro confirms whether cost already includes parts.
8148,1859,19년 더뉴카니발리무진7인(경유),RV,31,2019-09-05 00:00:00,2026-04-12 00:35:00,0,0,0,31,10559,1004418,,unavailable,observed_aggregate,Do not add maintenance_cost and detail_part_price unless Jejuro confirms whether cost already includes parts.
8149,1859,19년 더뉴카니발리무진7인(경유),RV,31,2019-09-05 00:00:00,2026-01-28 00:00:00,0,0,413710,31,10881,132729,,unavailable,observed_aggregate,Do not add maintenance_cost and detail_part_price unless Jejuro confirms whether cost already includes parts.
8150,1859,19년 더뉴카니발리무진7인(경유),RV,33,2019-10-22 00:00:00,2026-04-02 01:17:00,0,0,0,33,14511,128450,,unavailable,observed_aggregate,Do not add maintenance_cost and detail_part_price unless Jejuro confirms whether cost already includes parts.
8151,1859,19년 더뉴카니발리무진7인(경유),RV,13,2020-01-21 00:00:00,2024-08-30 09:00:00,0,0,0,13,9715,99617,,unavailable,observed_aggregate,Do not add maintenance_cost and detail_part_price unless Jejuro confirms whether cost already includes parts.
8152,1859,19년 더뉴카니발리무진7인(경유),RV,18,2020-01-14 00:00:00,2024-08-21 09:00:00,186175,0,0,18,11601,100347,,unavailable,observed_aggregate,Do not add maintenance_cost and detail_part_price unless Jejuro confirms whether cost already includes parts.
8153,1859,19년 더뉴카니발리무진7인(경유),RV,15,2020-01-15 00:00:00,2024-08-21 09:00:00,0,0,0,15,10281,92417,,unavailable,observed_aggregate,Do not add maintenance_cost and detail_part_price unless Jejuro confirms whether cost already includes parts.
8154,1859,19년 더뉴카니발리무진7인(경유),RV,20,2019-08-23 00:00:00,2024-06-21 00:00:00,0,0,0,20,9818,99453,,unavailable,observed_aggregate,Do not add maintenance_cost and detail_part_price unless Jejuro confirms whether cost already includes parts.
8155,1860,19년 더뉴카니발하이리무진7인(경유),RV,28,2019-08-29 00:00:00,2025-05-18 02:55:00,0,0,167420,28,9251,118213,,unavailable,observed_aggregate,Do not add maintenance_cost and detail_part_price unless Jejuro confirms whether cost already includes parts.
8156,1860,19년 더뉴카니발하이리무진7인(경유),RV,30,2019-08-29 00:00:00,2025-05-18 22:43:00,0,0,0,30,8731,124190,,unavailable,observed_aggregate,Do not add maintenance_cost and detail_part_price unless Jejuro confirms whether cost already includes parts.
8157,1860,19년 더뉴카니발하이리무진7인(경유),RV,22,2019-12-15 00:00:00,2025-08-20 04:47:00,0,0,0,22,12264,121857,,unavailable,observed_aggregate,Do not add maintenance_cost and detail_part_price unless Jejuro confirms whether cost already includes parts.
8158,1860,19년 더뉴카니발하이리무진7인(경유),RV,27,2020-02-01 00:00:00,2025-06-19 00:00:00,0,0,0,27,13759,112729,,unavailable,observed_aggregate,Do not add maintenance_cost and detail_part_price unless Jejuro confirms whether cost already includes parts.
8159,1860,19년 더뉴카니발하이리무진7인(경유),RV,18,2020-01-14 00:00:00,2024-07-01 09:00:00,0,0,0,18,15207,97591,,unavailable,observed_aggregate,Do not add maintenance_cost and detail_part_price unless Jejuro confirms whether cost already includes parts.
8160,1860,19년 더뉴카니발하이리무진7인(경유),RV,16,2019-07-15 00:00:00,2024-07-05 09:00:00,2025320,0,1596300,16,1833,101459,,unavailable,observed_aggregate,Do not add maintenance_cost and detail_part_price unless Jejuro confirms whether cost already includes parts.
8161,1858,19년 싼타페TM 2륜 (5인/경유),SUV,16,2019-12-18 00:00:00,2024-11-09 07:39:00,0,0,0,16,12046,117907,,unavailable,observed_aggregate,Do not add maintenance_cost and detail_part_price unless Jejuro confirms whether cost already includes parts.
8162,1858,19년 싼타페TM 2륜 (5인/경유),SUV,18,2019-11-14 00:00:00,2024-09-13 00:00:00,0,0,0,18,9270,119303,,unavailable,observed_aggregate,Do not add maintenance_cost and detail_part_price unless Jejuro confirms whether cost already includes parts.
8163,1857,19년 쏘울 부스터(휘),COMPACT,25,2019-11-04 00:00:00,2024-12-26 08:28:00,0,0,0,25,12599,142788,,unavailable,observed_aggregate,Do not add maintenance_cost and detail_part_price unless Jejuro confirms whether cost already includes parts.
8164,1857,19년 쏘울 부스터(휘),COMPACT,30,2019-09-25 00:00:00,2025-02-27 00:46:00,0,0,0,30,9098,151423,,unavailable,observed_aggregate,Do not add maintenance_cost and detail_part_price unless Jejuro confirms whether cost already includes parts.
8165,1857,19년 쏘울 부스터(휘),COMPACT,23,2019-09-10 00:00:00,2024-12-13 23:19:00,0,0,0,23,7624,145288,,unavailable,observed_aggregate,Do not add maintenance_cost and detail_part_price unless Jejuro confirms whether cost already includes parts.
8166,1857,19년 쏘울 부스터(휘),COMPACT,26,2019-08-27 00:00:00,2024-11-18 00:08:00,0,0,0,26,6840,143867,,unavailable,observed_aggregate,Do not add maintenance_cost and detail_part_price unless Jejuro confirms whether cost already includes parts.
8167,1868,20년 더 뉴 그랜저(휘),LUXURY,32,2020-03-13 00:00:00,2026-04-29 02:55:00,0,0,171490,31,3464,157215,,unavailable,observed_aggregate,Do not add maintenance_cost and detail_part_price unless Jejuro confirms whether cost already includes parts.
8168,1868,20년 더 뉴 그랜저(휘),LUXURY,27,2020-03-13 00:00:00,2026-05-01 09:03:00,0,0,0,27,5893,163566,,unavailable,observed_aggregate,Do not add maintenance_cost and detail_part_price unless Jejuro confirms whether cost already includes parts.
8169,1868,20년 더 뉴 그랜저(휘),LUXURY,28,2020-03-13 00:00:00,2026-03-04 05:40:00,0,0,0,28,5293,156707,,unavailable,observed_aggregate,Do not add maintenance_cost and detail_part_price unless Jejuro confirms whether cost already includes parts.
8170,1868,20년 더 뉴 그랜저(휘),LUXURY,28,2020-03-13 00:00:00,2026-03-29 23:33:00,0,0,0,28,4739,157680,,unavailable,observed_aggregate,Do not add maintenance_cost and detail_part_price unless Jejuro confirms whether cost already includes parts.
8171,1871,20년 더 뉴 그랜저(LPG),LUXURY,20,2020-03-14 00:00:00,2024-07-20 00:00:00,0,0,0,20,3250,119641,,unavailable,observed_aggregate,Do not add maintenance_cost and detail_part_price unless Jejuro confirms whether cost already includes parts.
8172,1871,20년 더 뉴 그랜저(LPG),LUXURY,15,2020-03-14 00:00:00,2024-01-30 00:00:00,0,0,0,15,3516,114412,,unavailable,observed_aggregate,Do not add maintenance_cost and detail_part_price unless Jejuro confirms whether cost already includes parts.
8173,1871,20년 더 뉴 그랜저(LPG),LUXURY,17,2020-03-14 00:00:00,2024-06-06 00:00:00,0,0,0,17,3265,118421,,unavailable,observed_aggregate,Do not add maintenance_cost and detail_part_price unless Jejuro confirms whether cost already includes parts.
8174,1871,20년 더 뉴 그랜저(LPG),LUXURY,28,2020-03-28 00:00:00,2026-02-23 04:52:00,0,0,0,28,9,145965,,unavailable,observed_aggregate,Do not add maintenance_cost and detail_part_price unless Jejuro confirms whether cost already includes parts.
8175,1871,20년 더 뉴 그랜저(LPG),LUXURY,27,2020-03-28 00:00:00,2026-07-26 03:50:00,0,0,0,27,9,160066,,unavailable,observed_aggregate,Do not add maintenance_cost and detail_part_price unless Jejuro confirms whether cost already includes parts.
8176,1871,20년 더 뉴 그랜저(LPG),LUXURY,30,2020-03-28 00:00:00,2026-04-05 23:33:00,0,0,0,30,9,150220,,unavailable,observed_aggregate,Do not add maintenance_cost and detail_part_price unless Jejuro confirms whether cost already includes parts.
8177,1872,20년 베리뉴티볼리(경유),SUV,35,2020-03-13 00:00:00,2026-08-11 09:04:00,0,0,0,35,272,148493,,unavailable,observed_aggregate,Do not add maintenance_cost and detail_part_price unless Jejuro confirms whether cost already includes parts.
8178,1872,20년 베리뉴티볼리(경유),SUV,28,2020-03-13 00:00:00,2025-11-24 00:00:00,0,0,134260,28,1777,142839,,unavailable,observed_aggregate,Do not add maintenance_cost and detail_part_price unless Jejuro confirms whether cost already includes parts.
8179,1872,20년 베리뉴티볼리(경유),SUV,28,2020-03-13 00:00:00,2026-03-04 09:45:00,0,0,0,28,681,151464,,unavailable,observed_aggregate,Do not add maintenance_cost and detail_part_price unless Jejuro confirms whether cost already includes parts.
8180,1872,20년 베리뉴티볼리(경유),SUV,36,2020-03-13 00:00:00,2026-01-11 23:36:00,0,0,32450,36,27,137964,,unavailable,observed_aggregate,Do not add maintenance_cost and detail_part_price unless Jejuro confirms whether cost already includes parts.
8181,1874,20년 올뉴아반떼CN7(휘),COMPACT,13,2021-01-14 00:00:00,2024-03-15 00:00:00,0,0,0,13,10509,99199,,unavailable,observed_aggregate,Do not add maintenance_cost and detail_part_price unless Jejuro confirms whether cost already includes parts.
8182,1874,20년 올뉴아반떼CN7(휘),COMPACT,14,2021-01-27 00:00:00,2024-07-02 00:00:00,0,0,0,14,11850,109856,,unavailable,observed_aggregate,Do not add maintenance_cost and detail_part_price unless Jejuro confirms whether cost already includes parts.
8183,1874,20년 올뉴아반떼CN7(휘),COMPACT,12,2020-12-24 00:00:00,2024-06-10 00:00:00,0,0,0,12,9665,102465,,unavailable,observed_aggregate,Do not add maintenance_cost and detail_part_price unless Jejuro confirms whether cost already includes parts.
8184,1874,20년 올뉴아반떼CN7(휘),COMPACT,13,2021-01-14 00:00:00,2024-06-12 00:00:00,0,0,0,13,10757,100022,,unavailable,observed_aggregate,Do not add maintenance_cost and detail_part_price unless Jejuro confirms whether cost already includes parts.
8185,1874,20년 올뉴아반떼CN7(휘),COMPACT,12,2021-01-28 00:00:00,2024-05-06 00:00:00,0,0,0,12,12322,102198,,unavailable,observed_aggregate,Do not add maintenance_cost and detail_part_price unless Jejuro confirms whether cost already includes parts.
8186,1874,20년 올뉴아반떼CN7(휘),COMPACT,24,2020-12-30 00:00:00,2025-12-20 23:46:00,542960,0,105600,24,10309,139632,,unavailable,observed_aggregate,Do not add maintenance_cost and detail_part_price unless Jejuro confirms whether cost already includes parts.
8187,1874,20년 올뉴아반떼CN7(휘),COMPACT,23,2021-01-28 00:00:00,2026-04-23 03:35:00,1117710,0,267500,23,13273,154176,,unavailable,observed_aggregate,Do not add maintenance_cost and detail_part_price unless Jejuro confirms whether cost already includes parts.
8188,1874,20년 올뉴아반떼CN7(휘),COMPACT,29,2020-12-23 00:00:00,2026-04-23 09:11:00,0,0,0,29,10795,158491,,unavailable,observed_aggregate,Do not add maintenance_cost and detail_part_price unless Jejuro confirms whether cost already includes parts.
8189,1874,20년 올뉴아반떼CN7(휘),COMPACT,23,2021-01-15 00:00:00,2026-02-05 02:52:00,0,0,201300,23,11839,145991,,unavailable,observed_aggregate,Do not add maintenance_cost and detail_part_price unless Jejuro confirms whether cost already includes parts.
8190,1874,20년 올뉴아반떼CN7(휘),COMPACT,29,2021-01-05 00:00:00,2026-04-27 01:03:00,0,0,0,29,10634,152247,,unavailable,observed_aggregate,Do not add maintenance_cost and detail_part_price unless Jejuro confirms whether cost already includes parts.
8191,1879,20년 코나(전기),EV,18,2021-11-19 00:00:00,2026-07-03 00:00:00,0,0,0,18,37098,160167,,unavailable,observed_aggregate,Do not add maintenance_cost and detail_part_price unless Jejuro confirms whether cost already includes parts.
8192,1879,20년 코나(전기),EV,13,2021-10-05 00:00:00,2026-06-19 01:04:00,0,0,0,13,32072,134375,,unavailable,observed_aggregate,Do not add maintenance_cost and detail_part_price unless Jejuro confirms whether cost already includes parts.
8193,1879,20년 코나(전기),EV,17,2021-11-26 00:00:00,2026-07-08 06:32:00,0,0,293480,17,37887,157937,,unavailable,observed_aggregate,Do not add maintenance_cost and detail_part_price unless Jejuro confirms whether cost already includes parts.
8194,1879,20년 코나(전기),EV,16,2021-03-16 00:00:00,2026-07-06 05:06:00,0,0,0,16,13949,129792,,unavailable,observed_aggregate,Do not add maintenance_cost and detail_part_price unless Jejuro confirms whether cost already includes parts.
8195,1879,20년 코나(전기),EV,20,2021-10-01 00:00:00,2026-06-30 00:00:00,0,0,0,20,33554,165947,,unavailable,observed_aggregate,Do not add maintenance_cost and detail_part_price unless Jejuro confirms whether cost already includes parts.
8196,1879,20년 코나(전기),EV,17,2021-12-20 00:00:00,2026-07-06 00:00:00,0,0,0,17,37713,143020,,unavailable,observed_aggregate,Do not add maintenance_cost and detail_part_price unless Jejuro confirms whether cost already includes parts.
8197,1879,20년 코나(전기),EV,14,2021-11-19 00:00:00,2026-07-15 00:00:00,0,0,0,14,34975,107430,,unavailable,observed_aggregate,Do not add maintenance_cost and detail_part_price unless Jejuro confirms whether cost already includes parts.
8198,1879,20년 코나(전기),EV,14,2022-09-01 00:00:00,2026-07-07 09:28:00,0,0,0,14,64458,151945,,unavailable,observed_aggregate,Do not add maintenance_cost and detail_part_price unless Jejuro confirms whether cost already includes parts.
8199,1879,20년 코나(전기),EV,17,2021-11-26 00:00:00,2026-08-05 09:13:00,0,0,0,17,39983,159540,,unavailable,observed_aggregate,Do not add maintenance_cost and detail_part_price unless Jejuro confirms whether cost already includes parts.
8200,1879,20년 코나(전기),EV,21,2021-11-01 00:00:00,2026-07-29 05:20:00,0,0,401000,21,37997,163661,,unavailable,observed_aggregate,Do not add maintenance_cost and detail_part_price unless Jejuro confirms whether cost already includes parts.
8201,1879,20년 코나(전기),EV,14,2022-09-01 00:00:00,2026-07-06 05:04:00,0,0,413600,14,62639,151434,,unavailable,observed_aggregate,Do not add maintenance_cost and detail_part_price unless Jejuro confirms whether cost already includes parts.
8202,1879,20년 코나(전기),EV,21,2021-11-01 00:00:00,2026-06-19 00:00:00,0,0,0,21,37240,144151,,unavailable,observed_aggregate,Do not add maintenance_cost and detail_part_price unless Jejuro confirms whether cost already includes parts.
8203,1879,20년 코나(전기),EV,20,2021-08-19 00:00:00,2026-07-02 00:00:00,0,0,0,18,26154,138503,,unavailable,observed_aggregate,Do not add maintenance_cost and detail_part_price unless Jejuro confirms whether cost already includes parts.
8204,1879,20년 코나(전기),EV,20,2021-11-30 00:00:00,2026-08-06 00:08:00,250000,0,0,20,38081,146292,,unavailable,observed_aggregate,Do not add maintenance_cost and detail_part_price unless Jejuro confirms whether cost already includes parts.
8205,1879,20년 코나(전기),EV,21,2020-10-30 00:00:00,2026-07-07 00:00:00,0,0,0,21,4030,152669,,unavailable,observed_aggregate,Do not add maintenance_cost and detail_part_price unless Jejuro confirms whether cost already includes parts.
8206,1879,20년 코나(전기),EV,24,2021-11-05 00:00:00,2026-07-23 09:34:00,0,0,0,24,31911,155858,,unavailable,observed_aggregate,Do not add maintenance_cost and detail_part_price unless Jejuro confirms whether cost already includes parts.
8207,1879,20년 코나(전기),EV,18,2021-11-01 00:00:00,2026-06-17 00:00:00,0,0,0,18,35646,159271,,unavailable,observed_aggregate,Do not add maintenance_cost and detail_part_price unless Jejuro confirms whether cost already includes parts.
8208,1879,20년 코나(전기),EV,24,2021-10-01 00:00:00,2026-08-17 06:00:00,0,0,290000,23,30990,161812,,unavailable,observed_aggregate,Do not add maintenance_cost and detail_part_price unless Jejuro confirms whether cost already includes parts.
8209,1879,20년 코나(전기),EV,18,2022-01-06 00:00:00,2026-07-08 00:00:00,0,0,0,18,39277,134016,,unavailable,observed_aggregate,Do not add maintenance_cost and detail_part_price unless Jejuro confirms whether cost already includes parts.
8210,1879,20년 코나(전기),EV,21,2021-11-26 00:00:00,2026-07-06 00:00:00,0,0,0,21,39519,166290,,unavailable,observed_aggregate,Do not add maintenance_cost and detail_part_price unless Jejuro confirms whether cost already includes parts.
8211,1879,20년 코나(전기),EV,20,2021-10-18 00:00:00,2026-07-07 00:00:00,0,0,2123990,20,32719,153640,,unavailable,observed_aggregate,Do not add maintenance_cost and detail_part_price unless Jejuro confirms whether cost already includes parts.
8212,1879,20년 코나(전기),EV,16,2021-11-16 00:00:00,2026-07-11 01:21:00,0,0,437800,15,37592,133333,,unavailable,observed_aggregate,Do not add maintenance_cost and detail_part_price unless Jejuro confirms whether cost already includes parts.
8213,1879,20년 코나(전기),EV,19,2021-10-25 00:00:00,2026-07-10 09:00:00,0,0,0,19,33652,154714,,unavailable,observed_aggregate,Do not add maintenance_cost and detail_part_price unless Jejuro confirms whether cost already includes parts.
8214,1879,20년 코나(전기),EV,21,2021-11-26 00:00:00,2026-07-07 09:27:00,0,0,0,20,38428,153100,,unavailable,observed_aggregate,Do not add maintenance_cost and detail_part_price unless Jejuro confirms whether cost already includes parts.
8215,1879,20년 코나(전기),EV,17,2021-10-05 00:00:00,2026-06-29 00:00:00,0,0,0,17,33083,153287,,unavailable,observed_aggregate,Do not add maintenance_cost and detail_part_price unless Jejuro confirms whether cost already includes parts.
8216,1879,20년 코나(전기),EV,0,,,,,0,0,,,,unavailable,observed_aggregate,Do not add maintenance_cost and detail_part_price unless Jejuro confirms whether cost already includes parts.
8217,1879,20년 코나(전기),EV,14,2021-11-26 00:00:00,2024-08-19 09:00:00,90000,0,0,14,35298,105438,,unavailable,observed_aggregate,Do not add maintenance_cost and detail_part_price unless Jejuro confirms whether cost already includes parts.
8218,1879,20년 코나(전기),EV,8,2021-10-28 00:00:00,2023-09-25 00:00:00,0,0,0,8,32264,81620,,unavailable,observed_aggregate,Do not add maintenance_cost and detail_part_price unless Jejuro confirms whether cost already includes parts.
8219,1879,20년 코나(전기),EV,9,2021-08-30 00:00:00,2023-11-29 00:00:00,0,0,0,9,30545,81031,,unavailable,observed_aggregate,Do not add maintenance_cost and detail_part_price unless Jejuro confirms whether cost already includes parts.
8220,1879,20년 코나(전기),EV,11,2021-11-26 00:00:00,2024-06-17 00:00:00,99000,0,0,10,38135,103965,,unavailable,observed_aggregate,Do not add maintenance_cost and detail_part_price unless Jejuro confirms whether cost already includes parts.
8221,1879,20년 코나(전기),EV,9,2021-11-05 00:00:00,2024-07-29 00:00:00,0,0,0,9,35295,103947,,unavailable,observed_aggregate,Do not add maintenance_cost and detail_part_price unless Jejuro confirms whether cost already includes parts.
8222,1869,20년 K5(휘),MIDSIZE,27,2020-03-13 00:00:00,2025-11-11 00:00:00,0,0,0,26,6070,146521,,unavailable,observed_aggregate,Do not add maintenance_cost and detail_part_price unless Jejuro confirms whether cost already includes parts.
8223,1869,20년 K5(휘),MIDSIZE,22,2020-03-13 00:00:00,2026-01-02 01:12:00,0,0,0,22,6273,152464,,unavailable,observed_aggregate,Do not add maintenance_cost and detail_part_price unless Jejuro confirms whether cost already includes parts.
8224,1869,20년 K5(휘),MIDSIZE,25,2020-03-13 00:00:00,2026-01-24 04:01:00,0,0,0,25,6356,150296,,unavailable,observed_aggregate,Do not add maintenance_cost and detail_part_price unless Jejuro confirms whether cost already includes parts.
8225,1869,20년 K5(휘),MIDSIZE,23,2020-11-20 00:00:00,2025-12-09 04:16:00,0,0,0,23,12280,130138,,unavailable,observed_aggregate,Do not add maintenance_cost and detail_part_price unless Jejuro confirms whether cost already includes parts.
8226,1869,20년 K5(휘),MIDSIZE,22,2021-01-11 00:00:00,2025-11-05 06:45:00,0,0,0,22,14160,135758,,unavailable,observed_aggregate,Do not add maintenance_cost and detail_part_price unless Jejuro confirms whether cost already includes parts.
8227,1869,20년 K5(휘),MIDSIZE,26,2020-11-05 00:00:00,2025-11-26 07:37:00,0,0,0,26,9768,134017,,unavailable,observed_aggregate,Do not add maintenance_cost and detail_part_price unless Jejuro confirms whether cost already includes parts.
8228,1869,20년 K5(휘),MIDSIZE,21,2021-01-12 00:00:00,2025-11-26 01:22:00,0,0,0,21,16084,132589,,unavailable,observed_aggregate,Do not add maintenance_cost and detail_part_price unless Jejuro confirms whether cost already includes parts.
8229,1869,20년 K5(휘),MIDSIZE,19,2021-01-18 00:00:00,2025-12-10 06:47:00,0,0,0,19,15893,140399,,unavailable,observed_aggregate,Do not add maintenance_cost and detail_part_price unless Jejuro confirms whether cost already includes parts.
8230,1869,20년 K5(휘),MIDSIZE,23,2021-01-19 00:00:00,2025-12-29 23:10:00,0,0,0,23,14702,134750,,unavailable,observed_aggregate,Do not add maintenance_cost and detail_part_price unless Jejuro confirms whether cost already includes parts.
8231,1869,20년 K5(휘),MIDSIZE,20,2021-01-29 00:00:00,2025-10-23 08:51:00,0,0,0,20,15431,132698,,unavailable,observed_aggregate,Do not add maintenance_cost and detail_part_price unless Jejuro confirms whether cost already includes parts.
8232,1873,20년 K5(LPG),MIDSIZE,17,2020-03-14 00:00:00,2024-06-06 00:00:00,70070,0,21200,17,496,118973,,unavailable,observed_aggregate,Do not add maintenance_cost and detail_part_price unless Jejuro confirms whether cost already includes parts.
8233,1873,20년 K5(LPG),MIDSIZE,15,2020-03-14 00:00:00,2024-07-11 00:00:00,0,0,0,15,1166,119714,,unavailable,observed_aggregate,Do not add maintenance_cost and detail_part_price unless Jejuro confirms whether cost already includes parts.
8234,1873,20년 K5(LPG),MIDSIZE,17,2020-03-14 00:00:00,2024-03-05 09:00:00,0,0,0,16,657,116644,,unavailable,observed_aggregate,Do not add maintenance_cost and detail_part_price unless Jejuro confirms whether cost already includes parts.
8235,1873,20년 K5(LPG),MIDSIZE,18,2020-03-14 00:00:00,2024-06-07 00:00:00,0,0,0,18,721,122114,,unavailable,observed_aggregate,Do not add maintenance_cost and detail_part_price unless Jejuro confirms whether cost already includes parts.
8236,1873,20년 K5(LPG),MIDSIZE,17,2020-03-14 00:00:00,2024-03-26 00:00:00,0,0,0,16,714,115736,,unavailable,observed_aggregate,Do not add maintenance_cost and detail_part_price unless Jejuro confirms whether cost already includes parts.
8237,1873,20년 K5(LPG),MIDSIZE,17,2020-05-27 00:00:00,2024-06-28 00:00:00,0,0,0,16,10786,111602,,unavailable,observed_aggregate,Do not add maintenance_cost and detail_part_price unless Jejuro confirms whether cost already includes parts.
8238,1873,20년 K5(LPG),MIDSIZE,17,2020-05-27 00:00:00,2024-06-25 00:00:00,0,0,0,16,10379,112734,,unavailable,observed_aggregate,Do not add maintenance_cost and detail_part_price unless Jejuro confirms whether cost already includes parts.
8239,1873,20년 K5(LPG),MIDSIZE,17,2020-05-27 00:00:00,2024-06-11 09:00:00,0,0,0,16,14876,112464,,unavailable,observed_aggregate,Do not add maintenance_cost and detail_part_price unless Jejuro confirms whether cost already includes parts.
8240,2100,업무용차량,CITY,21,2020-03-13 00:00:00,2025-02-21 05:45:00,0,0,0,21,470,132566,,unavailable,observed_aggregate,Do not add maintenance_cost and detail_part_price unless Jejuro confirms whether cost already includes parts.
8241,2100,업무용차량,CITY,19,2020-03-28 00:00:00,2025-03-11 07:35:00,0,0,0,19,4,123862,,unavailable,observed_aggregate,Do not add maintenance_cost and detail_part_price unless Jejuro confirms whether cost already includes parts.
8242,2100,업무용차량,CITY,18,2020-03-28 00:00:00,2025-03-11 07:34:00,0,0,0,18,8,127636,,unavailable,observed_aggregate,Do not add maintenance_cost and detail_part_price unless Jejuro confirms whether cost already includes parts.
8243,2100,업무용차량,CITY,16,2021-01-05 00:00:00,2024-10-14 07:22:00,0,0,0,16,17320,112283,,unavailable,observed_aggregate,Do not add maintenance_cost and detail_part_price unless Jejuro confirms whether cost already includes parts.
8244,2100,업무용차량,CITY,15,2020-11-28 00:00:00,2024-11-03 08:21:00,0,0,0,15,12067,112793,,unavailable,observed_aggregate,Do not add maintenance_cost and detail_part_price unless Jejuro confirms whether cost already includes parts.
8245,2100,업무용차량,CITY,15,2021-01-26 00:00:00,2025-03-09 04:15:00,0,0,0,15,14481,121119,,unavailable,observed_aggregate,Do not add maintenance_cost and detail_part_price unless Jejuro confirms whether cost already includes parts.
8246,2100,업무용차량,CITY,17,2021-01-30 00:00:00,2025-04-08 06:25:00,0,0,0,17,14599,122913,,unavailable,observed_aggregate,Do not add maintenance_cost and detail_part_price unless Jejuro confirms whether cost already includes parts.
8247,2100,업무용차량,CITY,16,2021-01-05 00:00:00,2024-11-20 09:43:00,0,0,0,16,14123,118725,,unavailable,observed_aggregate,Do not add maintenance_cost and detail_part_price unless Jejuro confirms whether cost already includes parts.
8248,2100,업무용차량,CITY,16,2020-11-23 00:00:00,2025-04-02 09:18:00,0,0,0,16,11574,110875,,unavailable,observed_aggregate,Do not add maintenance_cost and detail_part_price unless Jejuro confirms whether cost already includes parts.
8249,2021,20년 K5(LPG) 청주지점,MIDSIZE,14,2020-03-13 00:00:00,2025-08-07 08:52:00,30000,0,0,14,804,300000,,unavailable,observed_aggregate,Do not add maintenance_cost and detail_part_price unless Jejuro confirms whether cost already includes parts.
8250,2021,20년 K5(LPG) 청주지점,MIDSIZE,19,2020-03-13 00:00:00,2025-10-21 02:32:00,0,0,0,19,1062,200000,,unavailable,observed_aggregate,Do not add maintenance_cost and detail_part_price unless Jejuro confirms whether cost already includes parts.
8251,2021,20년 K5(LPG) 청주지점,MIDSIZE,20,2020-03-13 00:00:00,2025-09-05 07:36:00,0,0,0,20,773,133441,,unavailable,observed_aggregate,Do not add maintenance_cost and detail_part_price unless Jejuro confirms whether cost already includes parts.
8252,2021,20년 K5(LPG) 청주지점,MIDSIZE,20,2020-03-13 00:00:00,2024-10-30 09:55:00,0,0,0,20,855,130363,,unavailable,observed_aggregate,Do not add maintenance_cost and detail_part_price unless Jejuro confirms whether cost already includes parts.
8253,2021,20년 K5(LPG) 청주지점,MIDSIZE,11,2020-03-13 00:00:00,2025-07-22 09:10:00,0,0,0,11,726,143000,,unavailable,observed_aggregate,Do not add maintenance_cost and detail_part_price unless Jejuro confirms whether cost already includes parts.
8254,1870,20년 QM6(LPG),SUV,19,2020-03-13 00:00:00,2025-04-21 07:07:00,0,0,0,18,922,102896,,unavailable,observed_aggregate,Do not add maintenance_cost and detail_part_price unless Jejuro confirms whether cost already includes parts.
8255,1870,20년 QM6(LPG),SUV,17,2020-03-13 00:00:00,2025-02-23 22:58:00,74000,0,0,17,1588,105103,,unavailable,observed_aggregate,Do not add maintenance_cost and detail_part_price unless Jejuro confirms whether cost already includes parts.
8256,1878,20/21년 BMW Z4 로드스터(휘),IMPORTED,12,2021-03-26 00:00:00,2024-07-27 00:00:00,0,0,0,12,9200,80456,,unavailable,observed_aggregate,Do not add maintenance_cost and detail_part_price unless Jejuro confirms whether cost already includes parts.
8257,1878,20/21년 BMW Z4 로드스터(휘),IMPORTED,29,2022-04-21 00:00:00,2026-08-12 06:31:00,446200,0,1239360,29,15693,119035,,unavailable,observed_aggregate,Do not add maintenance_cost and detail_part_price unless Jejuro confirms whether cost already includes parts.
8258,1878,20/21년 BMW Z4 로드스터(휘),IMPORTED,15,2021-01-29 00:00:00,2024-08-06 09:00:00,97680,0,0,14,12784,95573,,unavailable,observed_aggregate,Do not add maintenance_cost and detail_part_price unless Jejuro confirms whether cost already includes parts.
8259,1878,20/21년 BMW Z4 로드스터(휘),IMPORTED,39,2021-03-18 00:00:00,2026-08-16 07:48:00,0,0,458370,39,18227,130909,,unavailable,observed_aggregate,Do not add maintenance_cost and detail_part_price unless Jejuro confirms whether cost already includes parts.
8260,1875,20년 벤츠 C클래스 카브리올레(휘),IMPORTED,29,2020-05-23 00:00:00,2026-08-13 07:35:00,0,0,2197905,28,19280,128381,,unavailable,observed_aggregate,Do not add maintenance_cost and detail_part_price unless Jejuro confirms whether cost already includes parts.
8261,1875,20년 벤츠 C클래스 카브리올레(휘),IMPORTED,33,2020-05-23 00:00:00,2026-06-02 05:29:00,692758,0,1367150,32,19019,109767,,unavailable,observed_aggregate,Do not add maintenance_cost and detail_part_price unless Jejuro confirms whether cost already includes parts.
8262,1875,20년 벤츠 C클래스 카브리올레(휘),IMPORTED,36,2020-05-23 00:00:00,2026-06-03 23:42:00,17947000,0,2591300,35,16249,116027,,unavailable,observed_aggregate,Do not add maintenance_cost and detail_part_price unless Jejuro confirms whether cost already includes parts.
8263,1875,20년 벤츠 C클래스 카브리올레(휘),IMPORTED,29,2020-05-23 00:00:00,2026-06-30 05:39:00,3836800,0,995600,28,19474,116563,,unavailable,observed_aggregate,Do not add maintenance_cost and detail_part_price unless Jejuro confirms whether cost already includes parts.
8264,1845,20년 SM6(휘),MIDSIZE,27,2020-03-13 00:00:00,2026-04-11 08:00:00,0,0,0,27,1576,152762,,unavailable,observed_aggregate,Do not add maintenance_cost and detail_part_price unless Jejuro confirms whether cost already includes parts.
8265,1845,20년 SM6(휘),MIDSIZE,27,2020-03-13 00:00:00,2026-05-27 08:38:00,0,0,0,27,2687,159414,,unavailable,observed_aggregate,Do not add maintenance_cost and detail_part_price unless Jejuro confirms whether cost already includes parts.
8266,1883,21년 4세대 쏘렌토(7인/휘),SUV,19,2021-10-26 00:00:00,2026-04-22 08:17:00,350000,0,115060,19,11146,104650,,unavailable,observed_aggregate,Do not add maintenance_cost and detail_part_price unless Jejuro confirms whether cost already includes parts.
8267,1883,21년 4세대 쏘렌토(7인/휘),SUV,16,2021-10-18 00:00:00,2026-03-19 00:00:00,0,0,215050,16,11752,106336,,unavailable,observed_aggregate,Do not add maintenance_cost and detail_part_price unless Jejuro confirms whether cost already includes parts.
8268,1883,21년 4세대 쏘렌토(7인/휘),SUV,21,2022-02-08 00:00:00,2026-07-25 01:14:00,0,0,40000,21,17639,111102,,unavailable,observed_aggregate,Do not add maintenance_cost and detail_part_price unless Jejuro confirms whether cost already includes parts.
8269,1883,21년 4세대 쏘렌토(7인/휘),SUV,10,2021-04-24 00:00:00,2024-07-01 00:00:00,0,0,0,10,6980,84836,,unavailable,observed_aggregate,Do not add maintenance_cost and detail_part_price unless Jejuro confirms whether cost already includes parts.
8270,1883,21년 4세대 쏘렌토(7인/휘),SUV,9,2021-09-12 00:00:00,2024-01-31 00:00:00,0,0,0,9,16725,77020,,unavailable,observed_aggregate,Do not add maintenance_cost and detail_part_price unless Jejuro confirms whether cost already includes parts.
8271,1883,21년 4세대 쏘렌토(7인/휘),SUV,10,2021-03-05 00:00:00,2024-03-06 00:00:00,0,0,0,10,1941,74300,,unavailable,observed_aggregate,Do not add maintenance_cost and detail_part_price unless Jejuro confirms whether cost already includes parts.
8272,1880,21년 더 뉴 K7(휘),LUXURY,12,2021-06-15 00:00:00,2024-05-13 00:00:00,0,0,0,12,14862,71270,,unavailable,observed_aggregate,Do not add maintenance_cost and detail_part_price unless Jejuro confirms whether cost already includes parts.
8273,1880,21년 더 뉴 K7(휘),LUXURY,13,2021-06-28 00:00:00,2025-01-13 00:00:00,0,0,0,13,14330,86327,,unavailable,observed_aggregate,Do not add maintenance_cost and detail_part_price unless Jejuro confirms whether cost already includes parts.
8274,1880,21년 더 뉴 K7(휘),LUXURY,14,2021-06-17 00:00:00,2025-01-15 04:14:00,0,0,0,14,12407,81626,,unavailable,observed_aggregate,Do not add maintenance_cost and detail_part_price unless Jejuro confirms whether cost already includes parts.
8275,1880,21년 더 뉴 K7(휘),LUXURY,15,2021-06-14 00:00:00,2025-01-13 00:00:00,0,0,0,15,12487,83587,,unavailable,observed_aggregate,Do not add maintenance_cost and detail_part_price unless Jejuro confirms whether cost already includes parts.
8276,1880,21년 더 뉴 K7(휘),LUXURY,14,2021-04-28 00:00:00,2025-01-13 00:00:00,0,0,0,14,9501,79404,,unavailable,observed_aggregate,Do not add maintenance_cost and detail_part_price unless Jejuro confirms whether cost already includes parts.
8277,1893,21년 벤츠 더 뉴 E250(휘),IMPORTED,7,2022-08-01 00:00:00,2024-06-25 00:00:00,0,0,0,7,17000,53405,,unavailable,observed_aggregate,Do not add maintenance_cost and detail_part_price unless Jejuro confirms whether cost already includes parts.
8278,1893,21년 벤츠 더 뉴 E250(휘),IMPORTED,6,2022-08-24 00:00:00,2024-04-17 09:00:00,0,0,0,6,19106,51325,,unavailable,observed_aggregate,Do not add maintenance_cost and detail_part_price unless Jejuro confirms whether cost already includes parts.
8279,1889,21년 벤츠 C클래스 카브리올레(휘),IMPORTED,23,2023-04-06 00:00:00,2026-06-20 05:49:00,0,0,0,23,22264,91179,,unavailable,observed_aggregate,Do not add maintenance_cost and detail_part_price unless Jejuro confirms whether cost already includes parts.
8280,1889,21년 벤츠 C클래스 카브리올레(휘),IMPORTED,21,2022-09-29 00:00:00,2026-07-27 01:15:00,0,0,0,21,23279,98240,,unavailable,observed_aggregate,Do not add maintenance_cost and detail_part_price unless Jejuro confirms whether cost already includes parts.
8281,1889,21년 벤츠 C클래스 카브리올레(휘),IMPORTED,9,2022-05-03 00:00:00,2024-07-26 00:00:00,0,0,0,9,17000,56686,,unavailable,observed_aggregate,Do not add maintenance_cost and detail_part_price unless Jejuro confirms whether cost already includes parts.
8282,1889,21년 벤츠 C클래스 카브리올레(휘),IMPORTED,10,2023-03-03 00:00:00,2024-08-08 00:00:00,0,0,0,10,22766,55242,,unavailable,observed_aggregate,Do not add maintenance_cost and detail_part_price unless Jejuro confirms whether cost already includes parts.
8283,1892,21년 쏘나타DN8(휘),MIDSIZE,18,2021-10-26 00:00:00,2025-09-17 06:24:00,0,0,0,18,18036,116353,,unavailable,observed_aggregate,Do not add maintenance_cost and detail_part_price unless Jejuro confirms whether cost already includes parts.
8284,1892,21년 쏘나타DN8(휘),MIDSIZE,17,2021-11-24 00:00:00,2025-11-22 05:02:00,0,0,0,17,20649,115275,,unavailable,observed_aggregate,Do not add maintenance_cost and detail_part_price unless Jejuro confirms whether cost already includes parts.
8285,1892,21년 쏘나타DN8(휘),MIDSIZE,16,2021-10-31 00:00:00,2025-11-18 06:08:00,0,0,0,16,18104,107947,,unavailable,observed_aggregate,Do not add maintenance_cost and detail_part_price unless Jejuro confirms whether cost already includes parts.
8286,1892,21년 쏘나타DN8(휘),MIDSIZE,13,2021-10-17 00:00:00,2025-09-15 05:56:00,0,0,0,13,16264,108749,,unavailable,observed_aggregate,Do not add maintenance_cost and detail_part_price unless Jejuro confirms whether cost already includes parts.
8287,1892,21년 쏘나타DN8(휘),MIDSIZE,15,2021-07-22 00:00:00,2025-09-23 09:13:00,0,0,0,15,9075,104709,,unavailable,observed_aggregate,Do not add maintenance_cost and detail_part_price unless Jejuro confirms whether cost already includes parts.
8288,1892,21년 쏘나타DN8(휘),MIDSIZE,14,2022-01-11 00:00:00,2026-02-09 09:25:00,0,0,0,14,24881,999999,,unavailable,observed_aggregate,Do not add maintenance_cost and detail_part_price unless Jejuro confirms whether cost already includes parts.
8289,1892,21년 쏘나타DN8(휘),MIDSIZE,21,2021-09-22 00:00:00,2026-01-07 04:41:00,0,0,0,21,13987,110806,,unavailable,observed_aggregate,Do not add maintenance_cost and detail_part_price unless Jejuro confirms whether cost already includes parts.
8290,1892,21년 쏘나타DN8(휘),MIDSIZE,18,2021-09-14 00:00:00,2025-09-28 01:53:00,0,0,0,17,14179,106857,,unavailable,observed_aggregate,Do not add maintenance_cost and detail_part_price unless Jejuro confirms whether cost already includes parts.
8291,1892,21년 쏘나타DN8(휘),MIDSIZE,15,2021-11-24 00:00:00,2025-12-11 23:33:00,0,0,143000,15,20524,119156,,unavailable,observed_aggregate,Do not add maintenance_cost and detail_part_price unless Jejuro confirms whether cost already includes parts.
8292,1892,21년 쏘나타DN8(휘),MIDSIZE,16,2021-09-20 00:00:00,2026-01-05 00:18:00,0,0,0,16,14198,117908,,unavailable,observed_aggregate,Do not add maintenance_cost and detail_part_price unless Jejuro confirms whether cost already includes parts.
8293,1892,21년 쏘나타DN8(휘),MIDSIZE,12,2021-08-18 00:00:00,2024-06-11 00:00:00,0,0,0,12,12977,89266,,unavailable,observed_aggregate,Do not add maintenance_cost and detail_part_price unless Jejuro confirms whether cost already includes parts.
8294,1892,21년 쏘나타DN8(휘),MIDSIZE,12,2021-07-13 00:00:00,2024-07-05 00:00:00,0,0,0,12,10394,91082,,unavailable,observed_aggregate,Do not add maintenance_cost and detail_part_price unless Jejuro confirms whether cost already includes parts.
8295,1892,21년 쏘나타DN8(휘),MIDSIZE,10,2021-09-15 00:00:00,2024-08-26 00:00:00,0,0,0,10,16522,89624,,unavailable,observed_aggregate,Do not add maintenance_cost and detail_part_price unless Jejuro confirms whether cost already includes parts.
8296,1892,21년 쏘나타DN8(휘),MIDSIZE,14,2021-06-08 00:00:00,2024-06-18 00:00:00,0,0,0,14,6560,80361,,unavailable,observed_aggregate,Do not add maintenance_cost and detail_part_price unless Jejuro confirms whether cost already includes parts.
8297,1892,21년 쏘나타DN8(휘),MIDSIZE,11,2021-12-05 00:00:00,2024-06-12 00:00:00,0,0,0,11,22861,84500,,unavailable,observed_aggregate,Do not add maintenance_cost and detail_part_price unless Jejuro confirms whether cost already includes parts.
8298,1890,21년 아우디A5 카브리올레(휘),IMPORTED,18,2022-05-25 00:00:00,2026-06-11 06:24:00,0,0,0,18,17376,81599,,unavailable,observed_aggregate,Do not add maintenance_cost and detail_part_price unless Jejuro confirms whether cost already includes parts.
8299,1890,21년 아우디A5 카브리올레(휘),IMPORTED,6,2022-04-22 00:00:00,2024-03-18 09:00:00,0,0,0,6,13420,40937,,unavailable,observed_aggregate,Do not add maintenance_cost and detail_part_price unless Jejuro confirms whether cost already includes parts.
8300,1902,21년 아이오닉5(전기),EV,7,2021-09-16 00:00:00,2024-07-03 09:00:00,0,0,0,7,7981,74755,,unavailable,observed_aggregate,Do not add maintenance_cost and detail_part_price unless Jejuro confirms whether cost already includes parts.
8301,1902,21년 아이오닉5(전기),EV,5,2021-09-16 00:00:00,2024-07-05 09:00:00,35000,0,0,5,7690,71113,,unavailable,observed_aggregate,Do not add maintenance_cost and detail_part_price unless Jejuro confirms whether cost already includes parts.
8302,1902,21년 아이오닉5(전기),EV,8,2022-02-04 00:00:00,2024-08-23 00:00:00,0,0,0,8,18817,76355,,unavailable,observed_aggregate,Do not add maintenance_cost and detail_part_price unless Jejuro confirms whether cost already includes parts.
8303,1902,21년 아이오닉5(전기),EV,4,2023-06-12 00:00:00,2024-06-24 09:00:00,0,0,0,4,48575,73186,,unavailable,observed_aggregate,Do not add maintenance_cost and detail_part_price unless Jejuro confirms whether cost already includes parts.
8304,1902,21년 아이오닉5(전기),EV,6,2021-06-23 00:00:00,2024-06-21 09:00:00,0,0,0,6,196,90052,,unavailable,observed_aggregate,Do not add maintenance_cost and detail_part_price unless Jejuro confirms whether cost already includes parts.
8305,1902,21년 아이오닉5(전기),EV,4,2023-06-12 00:00:00,2024-06-24 09:00:00,0,0,0,4,48279,74201,,unavailable,observed_aggregate,Do not add maintenance_cost and detail_part_price unless Jejuro confirms whether cost already includes parts.
8306,1902,21년 아이오닉5(전기),EV,6,2023-05-10 00:00:00,2024-07-26 00:00:00,1137000,0,0,6,47072,73172,,unavailable,observed_aggregate,Do not add maintenance_cost and detail_part_price unless Jejuro confirms whether cost already includes parts.
8307,1902,21년 아이오닉5(전기),EV,3,2023-06-07 00:00:00,2024-07-05 09:00:00,35000,0,0,3,47457,68691,,unavailable,observed_aggregate,Do not add maintenance_cost and detail_part_price unless Jejuro confirms whether cost already includes parts.
8308,1902,21년 아이오닉5(전기),EV,6,2023-05-03 00:00:00,2024-07-15 00:00:00,0,0,0,6,47355,75215,,unavailable,observed_aggregate,Do not add maintenance_cost and detail_part_price unless Jejuro confirms whether cost already includes parts.
8309,1902,21년 아이오닉5(전기),EV,5,2023-06-14 00:00:00,2024-06-26 09:00:00,0,0,0,5,47848,73004,,unavailable,observed_aggregate,Do not add maintenance_cost and detail_part_price unless Jejuro confirms whether cost already includes parts.
8310,1902,21년 아이오닉5(전기),EV,16,2023-04-28 00:00:00,2026-01-26 07:15:00,0,0,0,16,49525,114345,,unavailable,observed_aggregate,Do not add maintenance_cost and detail_part_price unless Jejuro confirms whether cost already includes parts.
8311,1902,21년 아이오닉5(전기),EV,18,2021-10-01 00:00:00,2026-05-05 08:20:00,0,0,90000,18,10077,113812,,unavailable,observed_aggregate,Do not add maintenance_cost and detail_part_price unless Jejuro confirms whether cost already includes parts.
8312,1902,21년 아이오닉5(전기),EV,20,2023-01-11 00:00:00,2026-07-25 01:14:00,0,0,245300,20,43411,124198,,unavailable,observed_aggregate,Do not add maintenance_cost and detail_part_price unless Jejuro confirms whether cost already includes parts.
8313,1902,21년 아이오닉5(전기),EV,18,2021-09-17 00:00:00,2026-05-13 06:24:00,0,0,0,18,7789,120815,,unavailable,observed_aggregate,Do not add maintenance_cost and detail_part_price unless Jejuro confirms whether cost already includes parts.
8314,1902,21년 아이오닉5(전기),EV,13,2022-11-04 00:00:00,2026-04-30 09:39:00,0,0,0,13,38095,111229,,unavailable,observed_aggregate,Do not add maintenance_cost and detail_part_price unless Jejuro confirms whether cost already includes parts.
8315,1902,21년 아이오닉5(전기),EV,22,2023-06-12 00:00:00,2026-05-11 00:50:00,0,0,0,22,49643,117541,,unavailable,observed_aggregate,Do not add maintenance_cost and detail_part_price unless Jejuro confirms whether cost already includes parts.
8316,1902,21년 아이오닉5(전기),EV,19,2023-05-09 00:00:00,2026-06-04 09:31:00,0,0,0,19,44316,119483,,unavailable,observed_aggregate,Do not add maintenance_cost and detail_part_price unless Jejuro confirms whether cost already includes parts.
8317,1902,21년 아이오닉5(전기),EV,18,2021-08-05 00:00:00,2026-05-20 00:00:00,0,0,1731000,18,2644,588868,,unavailable,observed_aggregate,Do not add maintenance_cost and detail_part_price unless Jejuro confirms whether cost already includes parts.
8318,1902,21년 아이오닉5(전기),EV,17,2022-11-07 00:00:00,2026-06-16 04:09:00,0,0,372300,17,39598,133384,,unavailable,observed_aggregate,Do not add maintenance_cost and detail_part_price unless Jejuro confirms whether cost already includes parts.
8319,1902,21년 아이오닉5(전기),EV,20,2023-04-28 00:00:00,2026-06-06 05:28:00,0,0,0,20,48161,120473,,unavailable,observed_aggregate,Do not add maintenance_cost and detail_part_price unless Jejuro confirms whether cost already includes parts.
8320,1887,21년 G80(휘),LUXURY,26,2021-04-28 00:00:00,2026-08-05 04:24:00,0,0,636460,25,10054,121827,,unavailable,observed_aggregate,Do not add maintenance_cost and detail_part_price unless Jejuro confirms whether cost already includes parts.
8321,1887,21년 G80(휘),LUXURY,24,2021-04-28 00:00:00,2026-07-21 09:51:00,0,0,0,23,17393,122865,,unavailable,observed_aggregate,Do not add maintenance_cost and detail_part_price unless Jejuro confirms whether cost already includes parts.
8322,1887,21년 G80(휘),LUXURY,22,2021-04-28 00:00:00,2026-06-09 05:10:00,0,0,0,21,17833,123918,,unavailable,observed_aggregate,Do not add maintenance_cost and detail_part_price unless Jejuro confirms whether cost already includes parts.
8323,1887,21년 G80(휘),LUXURY,12,2021-03-29 00:00:00,2024-08-23 00:00:00,0,0,0,11,4075,82806,,unavailable,observed_aggregate,Do not add maintenance_cost and detail_part_price unless Jejuro confirms whether cost already includes parts.
8324,1887,21년 G80(휘),LUXURY,13,2021-03-29 00:00:00,2024-03-28 00:00:00,117700,0,35000,11,23279,73377,,unavailable,observed_aggregate,Do not add maintenance_cost and detail_part_price unless Jejuro confirms whether cost already includes parts.
8325,1887,21년 G80(휘),LUXURY,12,2021-04-28 00:00:00,2024-06-28 00:00:00,0,0,0,11,20370,78927,,unavailable,observed_aggregate,Do not add maintenance_cost and detail_part_price unless Jejuro confirms whether cost already includes parts.
8326,1887,21년 G80(휘),LUXURY,9,2021-04-28 00:00:00,2024-05-23 09:00:00,0,0,0,8,18756,74482,,unavailable,observed_aggregate,Do not add maintenance_cost and detail_part_price unless Jejuro confirms whether cost already includes parts.
8327,1885,21년 GV70(5인/휘),SUV,1,2024-05-21 00:00:00,2024-05-21 00:00:00,159060,0,0,1,34838,34838,,unavailable,observed_aggregate,Do not add maintenance_cost and detail_part_price unless Jejuro confirms whether cost already includes parts.
8328,1885,21년 GV70(5인/휘),SUV,25,2021-08-09 00:00:00,2026-07-10 09:05:00,0,0,0,25,15015,127251,,unavailable,observed_aggregate,Do not add maintenance_cost and detail_part_price unless Jejuro confirms whether cost already includes parts.
8329,1885,21년 GV70(5인/휘),SUV,19,2021-08-24 00:00:00,2026-07-29 07:12:00,22500,0,0,18,14659,127665,,unavailable,observed_aggregate,Do not add maintenance_cost and detail_part_price unless Jejuro confirms whether cost already includes parts.
8330,1885,21년 GV70(5인/휘),SUV,18,2021-08-24 00:00:00,2026-06-29 00:27:00,0,0,0,18,4427,113349,,unavailable,observed_aggregate,Do not add maintenance_cost and detail_part_price unless Jejuro confirms whether cost already includes parts.
8331,1885,21년 GV70(5인/휘),SUV,20,2022-03-29 00:00:00,2026-07-10 09:02:00,0,0,126900,20,19401,114054,,unavailable,observed_aggregate,Do not add maintenance_cost and detail_part_price unless Jejuro confirms whether cost already includes parts.
8332,1897,21년 GV80(5인/휘),SUV,10,2020-12-31 00:00:00,2024-06-17 00:00:00,0,0,0,9,10050,76047,,unavailable,observed_aggregate,Do not add maintenance_cost and detail_part_price unless Jejuro confirms whether cost already includes parts.
8333,1897,21년 GV80(5인/휘),SUV,12,2020-12-31 00:00:00,2024-08-30 00:00:00,0,0,0,11,10372,78774,,unavailable,observed_aggregate,Do not add maintenance_cost and detail_part_price unless Jejuro confirms whether cost already includes parts.
8334,1897,21년 GV80(5인/휘),SUV,15,2022-05-18 00:00:00,2026-04-17 00:39:00,0,0,0,15,20494,106316,,unavailable,observed_aggregate,Do not add maintenance_cost and detail_part_price unless Jejuro confirms whether cost already includes parts.
8335,1897,21년 GV80(5인/휘),SUV,15,2022-06-30 00:00:00,2026-03-08 23:54:00,0,0,0,15,10987,92988,,unavailable,observed_aggregate,Do not add maintenance_cost and detail_part_price unless Jejuro confirms whether cost already includes parts.
8336,1897,21년 GV80(5인/휘),SUV,17,2022-08-01 00:00:00,2026-07-08 06:33:00,0,0,0,17,11666,98195,,unavailable,observed_aggregate,Do not add maintenance_cost and detail_part_price unless Jejuro confirms whether cost already includes parts.
8337,1891,21년 K5(휘),MIDSIZE,13,2021-07-15 00:00:00,2025-09-23 09:15:00,0,0,0,13,10225,108941,,unavailable,observed_aggregate,Do not add maintenance_cost and detail_part_price unless Jejuro confirms whether cost already includes parts.
8338,1891,21년 K5(휘),MIDSIZE,19,2021-07-13 00:00:00,2026-01-07 04:10:00,0,0,0,19,10325,107422,,unavailable,observed_aggregate,Do not add maintenance_cost and detail_part_price unless Jejuro confirms whether cost already includes parts.
8339,1891,21년 K5(휘),MIDSIZE,14,2021-07-15 00:00:00,2025-12-08 00:12:00,0,0,0,14,9340,107656,,unavailable,observed_aggregate,Do not add maintenance_cost and detail_part_price unless Jejuro confirms whether cost already includes parts.
8340,1891,21년 K5(휘),MIDSIZE,14,2021-07-09 00:00:00,2025-08-03 00:11:00,0,0,0,14,9933,103482,,unavailable,observed_aggregate,Do not add maintenance_cost and detail_part_price unless Jejuro confirms whether cost already includes parts.
8341,1891,21년 K5(휘),MIDSIZE,16,2021-09-20 00:00:00,2025-09-22 00:35:00,0,0,0,16,16494,109910,,unavailable,observed_aggregate,Do not add maintenance_cost and detail_part_price unless Jejuro confirms whether cost already includes parts.
8342,1891,21년 K5(휘),MIDSIZE,15,2021-08-26 00:00:00,2025-09-19 09:21:00,0,0,0,15,14918,109659,,unavailable,observed_aggregate,Do not add maintenance_cost and detail_part_price unless Jejuro confirms whether cost already includes parts.
8343,1891,21년 K5(휘),MIDSIZE,13,2022-02-09 00:00:00,2025-10-26 23:46:00,0,0,91364,13,25817,102804,,unavailable,observed_aggregate,Do not add maintenance_cost and detail_part_price unless Jejuro confirms whether cost already includes parts.
8344,1891,21년 K5(휘),MIDSIZE,18,2021-07-09 00:00:00,2025-12-24 04:55:00,0,0,0,18,9934,112876,,unavailable,observed_aggregate,Do not add maintenance_cost and detail_part_price unless Jejuro confirms whether cost already includes parts.
8345,1891,21년 K5(휘),MIDSIZE,14,2021-06-28 00:00:00,2025-12-04 01:54:00,0,0,89553,14,9411,104241,,unavailable,observed_aggregate,Do not add maintenance_cost and detail_part_price unless Jejuro confirms whether cost already includes parts.
8346,1891,21년 K5(휘),MIDSIZE,19,2021-07-20 00:00:00,2025-09-27 01:14:00,70950,0,0,19,10653,101857,,unavailable,observed_aggregate,Do not add maintenance_cost and detail_part_price unless Jejuro confirms whether cost already includes parts.
8347,1898,21년 K8(휘),LUXURY,8,2022-05-30 00:00:00,2024-06-11 00:00:00,0,0,0,8,29478,77169,,unavailable,observed_aggregate,Do not add maintenance_cost and detail_part_price unless Jejuro confirms whether cost already includes parts.
8348,1898,21년 K8(휘),LUXURY,8,2022-05-12 00:00:00,2024-07-19 00:00:00,0,0,0,8,26620,73228,,unavailable,observed_aggregate,Do not add maintenance_cost and detail_part_price unless Jejuro confirms whether cost already includes parts.
8349,1898,21년 K8(휘),LUXURY,8,2022-05-28 00:00:00,2024-07-12 00:00:00,0,0,0,8,28725,78957,,unavailable,observed_aggregate,Do not add maintenance_cost and detail_part_price unless Jejuro confirms whether cost already includes parts.
8350,1898,21년 K8(휘),LUXURY,9,2022-05-13 00:00:00,2024-08-12 00:00:00,0,0,0,9,25821,77599,,unavailable,observed_aggregate,Do not add maintenance_cost and detail_part_price unless Jejuro confirms whether cost already includes parts.
8351,1898,21년 K8(휘),LUXURY,7,2022-05-20 00:00:00,2024-05-23 09:00:00,0,0,0,7,28184,73330,,unavailable,observed_aggregate,Do not add maintenance_cost and detail_part_price unless Jejuro confirms whether cost already includes parts.
8352,1900,21년 K8(LPG),LUXURY,10,2022-05-16 00:00:00,2024-11-30 09:12:00,0,0,0,9,22728,77823,,unavailable,observed_aggregate,Do not add maintenance_cost and detail_part_price unless Jejuro confirms whether cost already includes parts.
8353,1900,21년 K8(LPG),LUXURY,12,2022-05-31 00:00:00,2025-01-31 06:36:00,0,0,0,12,25674,87836,,unavailable,observed_aggregate,Do not add maintenance_cost and detail_part_price unless Jejuro confirms whether cost already includes parts.
8354,1900,21년 K8(LPG),LUXURY,9,2022-05-13 00:00:00,2024-06-26 09:00:00,0,0,0,9,21445,66445,,unavailable,observed_aggregate,Do not add maintenance_cost and detail_part_price unless Jejuro confirms whether cost already includes parts.
8355,1900,21년 K8(LPG),LUXURY,9,2022-05-14 00:00:00,2024-08-08 00:00:00,0,0,0,9,23062,77467,,unavailable,observed_aggregate,Do not add maintenance_cost and detail_part_price unless Jejuro confirms whether cost already includes parts.
8356,1900,21년 K8(LPG),LUXURY,9,2022-05-13 00:00:00,2024-11-14 08:01:00,0,0,0,9,25913,78595,,unavailable,observed_aggregate,Do not add maintenance_cost and detail_part_price unless Jejuro confirms whether cost already includes parts.
8357,1894,21년 QM6(휘),SUV,16,2021-10-21 00:00:00,2026-06-27 02:50:00,0,0,0,16,13774,102091,,unavailable,observed_aggregate,Do not add maintenance_cost and detail_part_price unless Jejuro confirms whether cost already includes parts.
8358,1894,21년 QM6(휘),SUV,17,2021-10-18 00:00:00,2026-05-03 07:29:00,62260,0,0,17,15097,98941,,unavailable,observed_aggregate,Do not add maintenance_cost and detail_part_price unless Jejuro confirms whether cost already includes parts.
8359,1894,21년 QM6(휘),SUV,13,2021-10-03 00:00:00,2026-06-04 01:18:00,0,0,0,13,13209,102541,,unavailable,observed_aggregate,Do not add maintenance_cost and detail_part_price unless Jejuro confirms whether cost already includes parts.
8360,1894,21년 QM6(휘),SUV,11,2021-04-30 00:00:00,2024-07-20 00:00:00,0,0,0,11,1496,66810,,unavailable,observed_aggregate,Do not add maintenance_cost and detail_part_price unless Jejuro confirms whether cost already includes parts.
8361,1894,21년 QM6(휘),SUV,10,2021-11-16 00:00:00,2024-04-05 09:00:00,0,0,0,10,15827,65017,,unavailable,observed_aggregate,Do not add maintenance_cost and detail_part_price unless Jejuro confirms whether cost already includes parts.
8362,1894,21년 QM6(휘),SUV,9,2021-08-29 00:00:00,2024-06-18 00:00:00,0,0,0,9,10825,62426,,unavailable,observed_aggregate,Do not add maintenance_cost and detail_part_price unless Jejuro confirms whether cost already includes parts.
8363,1894,21년 QM6(휘),SUV,9,2021-10-20 00:00:00,2024-07-20 00:00:00,0,0,0,9,10582,57468,,unavailable,observed_aggregate,Do not add maintenance_cost and detail_part_price unless Jejuro confirms whether cost already includes parts.
8364,1901,21/22년 BMW 420i 컨버터블(휘),IMPORTED,23,2022-05-06 00:00:00,2025-09-11 06:30:00,0,0,0,23,18387,101091,,unavailable,observed_aggregate,Do not add maintenance_cost and detail_part_price unless Jejuro confirms whether cost already includes parts.
8365,1901,21/22년 BMW 420i 컨버터블(휘),IMPORTED,23,2022-03-25 00:00:00,2025-10-21 08:58:00,0,0,0,23,17124,107312,,unavailable,observed_aggregate,Do not add maintenance_cost and detail_part_price unless Jejuro confirms whether cost already includes parts.
8366,1901,21/22년 BMW 420i 컨버터블(휘),IMPORTED,24,2022-04-14 00:00:00,2025-11-06 07:32:00,453000,0,0,24,17929,104869,,unavailable,observed_aggregate,Do not add maintenance_cost and detail_part_price unless Jejuro confirms whether cost already includes parts.
8367,1901,21/22년 BMW 420i 컨버터블(휘),IMPORTED,19,2022-12-29 00:00:00,2025-07-14 07:52:00,0,0,0,18,15419,77180,,unavailable,observed_aggregate,Do not add maintenance_cost and detail_part_price unless Jejuro confirms whether cost already includes parts.
8368,1884,21년 4세대 더올뉴투싼(휘),SUV,26,2021-05-10 00:00:00,2026-06-04 05:57:00,0,0,1493800,26,9984,128368,,unavailable,observed_aggregate,Do not add maintenance_cost and detail_part_price unless Jejuro confirms whether cost already includes parts.
8369,1884,21년 4세대 더올뉴투싼(휘),SUV,19,2021-05-21 00:00:00,2026-07-10 09:05:00,0,0,666650,19,10566,128226,,unavailable,observed_aggregate,Do not add maintenance_cost and detail_part_price unless Jejuro confirms whether cost already includes parts.
8370,1884,21년 4세대 더올뉴투싼(휘),SUV,16,2021-05-07 00:00:00,2026-05-04 03:12:00,0,0,0,16,9255,122040,,unavailable,observed_aggregate,Do not add maintenance_cost and detail_part_price unless Jejuro confirms whether cost already includes parts.
8371,1884,21년 4세대 더올뉴투싼(휘),SUV,18,2021-05-14 00:00:00,2026-04-20 04:44:00,0,0,0,18,10304,123016,,unavailable,observed_aggregate,Do not add maintenance_cost and detail_part_price unless Jejuro confirms whether cost already includes parts.
8372,1884,21년 4세대 더올뉴투싼(휘),SUV,23,2021-05-19 00:00:00,2026-06-08 04:48:00,0,0,580690,23,9805,125373,,unavailable,observed_aggregate,Do not add maintenance_cost and detail_part_price unless Jejuro confirms whether cost already includes parts.
8373,1884,21년 4세대 더올뉴투싼(휘),SUV,17,2021-11-24 00:00:00,2026-05-03 01:00:00,454850,0,0,17,17230,116700,,unavailable,observed_aggregate,Do not add maintenance_cost and detail_part_price unless Jejuro confirms whether cost already includes parts.
8374,1884,21년 4세대 더올뉴투싼(휘),SUV,14,2022-03-13 00:00:00,2026-06-07 23:48:00,0,0,0,14,26209,118291,,unavailable,observed_aggregate,Do not add maintenance_cost and detail_part_price unless Jejuro confirms whether cost already includes parts.
8375,1896,21년 K3(휘),COMPACT,23,2021-11-06 00:00:00,2026-05-13 07:04:00,0,0,358050,23,19190,135946,,unavailable,observed_aggregate,Do not add maintenance_cost and detail_part_price unless Jejuro confirms whether cost already includes parts.
8376,1896,21년 K3(휘),COMPACT,24,2021-12-24 00:00:00,2026-07-29 05:44:00,0,0,133210,24,22744,137410,,unavailable,observed_aggregate,Do not add maintenance_cost and detail_part_price unless Jejuro confirms whether cost already includes parts.
8377,1896,21년 K3(휘),COMPACT,22,2021-09-29 00:00:00,2026-06-23 02:37:00,0,0,0,22,15831,137681,,unavailable,observed_aggregate,Do not add maintenance_cost and detail_part_price unless Jejuro confirms whether cost already includes parts.
8378,1896,21년 K3(휘),COMPACT,24,2021-09-15 00:00:00,2026-05-28 23:24:00,0,0,0,24,14163,135399,,unavailable,observed_aggregate,Do not add maintenance_cost and detail_part_price unless Jejuro confirms whether cost already includes parts.
8379,1896,21년 K3(휘),COMPACT,24,2021-08-12 00:00:00,2026-06-29 07:11:00,0,0,0,24,11024,137475,,unavailable,observed_aggregate,Do not add maintenance_cost and detail_part_price unless Jejuro confirms whether cost already includes parts.
8380,1896,21년 K3(휘),COMPACT,23,2021-09-12 00:00:00,2026-07-11 01:44:00,0,0,603310,23,11497,136946,,unavailable,observed_aggregate,Do not add maintenance_cost and detail_part_price unless Jejuro confirms whether cost already includes parts.
8381,1896,21년 K3(휘),COMPACT,25,2021-11-14 00:00:00,2026-06-02 01:09:00,0,0,0,25,15493,134918,,unavailable,observed_aggregate,Do not add maintenance_cost and detail_part_price unless Jejuro confirms whether cost already includes parts.
8382,1896,21년 K3(휘),COMPACT,23,2021-10-31 00:00:00,2026-06-23 01:24:00,0,0,0,23,14128,132417,,unavailable,observed_aggregate,Do not add maintenance_cost and detail_part_price unless Jejuro confirms whether cost already includes parts.
8383,1896,21년 K3(휘),COMPACT,27,2021-06-21 00:00:00,2026-08-02 07:34:00,0,0,297600,27,2694,129466,,unavailable,observed_aggregate,Do not add maintenance_cost and detail_part_price unless Jejuro confirms whether cost already includes parts.
8384,1896,21년 K3(휘),COMPACT,23,2021-09-19 00:00:00,2026-05-06 02:20:00,0,0,0,23,11066,129893,,unavailable,observed_aggregate,Do not add maintenance_cost and detail_part_price unless Jejuro confirms whether cost already includes parts.
8385,1882,21년 올뉴아반떼CN7(휘),COMPACT,23,2021-12-19 00:00:00,2026-06-03 23:38:00,0,0,0,23,13403,123299,,unavailable,observed_aggregate,Do not add maintenance_cost and detail_part_price unless Jejuro confirms whether cost already includes parts.
8386,1882,21년 올뉴아반떼CN7(휘),COMPACT,18,2021-11-04 00:00:00,2026-06-09 00:21:00,0,0,0,18,10768,122507,,unavailable,observed_aggregate,Do not add maintenance_cost and detail_part_price unless Jejuro confirms whether cost already includes parts.
8387,1882,21년 올뉴아반떼CN7(휘),COMPACT,21,2021-11-06 00:00:00,2026-05-13 01:11:00,0,0,0,21,10751,118060,,unavailable,observed_aggregate,Do not add maintenance_cost and detail_part_price unless Jejuro confirms whether cost already includes parts.
8388,1882,21년 올뉴아반떼CN7(휘),COMPACT,18,2021-11-03 00:00:00,2026-06-19 01:42:00,0,0,0,18,10395,123082,,unavailable,observed_aggregate,Do not add maintenance_cost and detail_part_price unless Jejuro confirms whether cost already includes parts.
8389,1882,21년 올뉴아반떼CN7(휘),COMPACT,23,2021-11-18 00:00:00,2026-07-28 09:19:00,0,0,0,23,10856,123089,,unavailable,observed_aggregate,Do not add maintenance_cost and detail_part_price unless Jejuro confirms whether cost already includes parts.
8390,1882,21년 올뉴아반떼CN7(휘),COMPACT,15,2021-05-03 00:00:00,2024-06-06 00:00:00,0,0,0,15,9874,84617,,unavailable,observed_aggregate,Do not add maintenance_cost and detail_part_price unless Jejuro confirms whether cost already includes parts.
8391,1882,21년 올뉴아반떼CN7(휘),COMPACT,14,2021-02-03 00:00:00,2024-06-03 00:00:00,0,0,0,14,1198,88112,,unavailable,observed_aggregate,Do not add maintenance_cost and detail_part_price unless Jejuro confirms whether cost already includes parts.
8392,1882,21년 올뉴아반떼CN7(휘),COMPACT,14,2021-04-28 00:00:00,2024-06-26 00:00:00,0,0,0,14,9338,89224,,unavailable,observed_aggregate,Do not add maintenance_cost and detail_part_price unless Jejuro confirms whether cost already includes parts.
8393,1882,21년 올뉴아반떼CN7(휘),COMPACT,12,2021-05-10 00:00:00,2024-04-26 00:00:00,0,0,0,12,9877,81570,,unavailable,observed_aggregate,Do not add maintenance_cost and detail_part_price unless Jejuro confirms whether cost already includes parts.
8394,1882,21년 올뉴아반떼CN7(휘),COMPACT,18,2021-09-26 00:00:00,2026-02-09 00:00:00,80300,0,0,18,14565,118407,,unavailable,observed_aggregate,Do not add maintenance_cost and detail_part_price unless Jejuro confirms whether cost already includes parts.
8395,1882,21년 올뉴아반떼CN7(휘),COMPACT,20,2021-11-15 00:00:00,2026-04-07 00:00:00,0,0,0,20,14773,119432,,unavailable,observed_aggregate,Do not add maintenance_cost and detail_part_price unless Jejuro confirms whether cost already includes parts.
8396,1882,21년 올뉴아반떼CN7(휘),COMPACT,18,2021-12-27 00:00:00,2026-06-04 23:36:00,0,0,0,18,15922,122627,,unavailable,observed_aggregate,Do not add maintenance_cost and detail_part_price unless Jejuro confirms whether cost already includes parts.
8397,1882,21년 올뉴아반떼CN7(휘),COMPACT,20,2021-11-25 00:00:00,2026-04-20 09:00:00,0,0,0,20,13709,919920,,unavailable,observed_aggregate,Do not add maintenance_cost and detail_part_price unless Jejuro confirms whether cost already includes parts.
8398,1882,21년 올뉴아반떼CN7(휘),COMPACT,21,2021-11-18 00:00:00,2026-07-02 04:48:00,0,0,0,21,12396,116737,,unavailable,observed_aggregate,Do not add maintenance_cost and detail_part_price unless Jejuro confirms whether cost already includes parts.
8399,1882,21년 올뉴아반떼CN7(휘),COMPACT,21,2022-02-10 00:00:00,2026-06-13 02:55:00,0,0,0,21,16029,119029,,unavailable,observed_aggregate,Do not add maintenance_cost and detail_part_price unless Jejuro confirms whether cost already includes parts.
8400,1882,21년 올뉴아반떼CN7(휘),COMPACT,11,2021-11-03 00:00:00,2024-07-05 00:00:00,0,0,0,11,12238,679071,,unavailable,observed_aggregate,Do not add maintenance_cost and detail_part_price unless Jejuro confirms whether cost already includes parts.
8401,1882,21년 올뉴아반떼CN7(휘),COMPACT,10,2021-12-19 00:00:00,2024-07-24 00:00:00,0,0,0,9,15401,72023,,unavailable,observed_aggregate,Do not add maintenance_cost and detail_part_price unless Jejuro confirms whether cost already includes parts.
8402,1882,21년 올뉴아반떼CN7(휘),COMPACT,12,2021-11-18 00:00:00,2024-06-20 09:00:00,0,0,0,11,13442,73964,,unavailable,observed_aggregate,Do not add maintenance_cost and detail_part_price unless Jejuro confirms whether cost already includes parts.
8403,1882,21년 올뉴아반떼CN7(휘),COMPACT,12,2021-10-05 00:00:00,2024-07-27 00:00:00,0,0,0,12,9978,74145,,unavailable,observed_aggregate,Do not add maintenance_cost and detail_part_price unless Jejuro confirms whether cost already includes parts.
8404,1882,21년 올뉴아반떼CN7(휘),COMPACT,9,2021-11-01 00:00:00,2024-06-14 09:00:00,0,0,0,9,11516,73721,,unavailable,observed_aggregate,Do not add maintenance_cost and detail_part_price unless Jejuro confirms whether cost already includes parts.
8405,1882,21년 올뉴아반떼CN7(휘),COMPACT,14,2021-10-06 00:00:00,2024-08-16 00:00:00,0,0,0,14,10191,82122,,unavailable,observed_aggregate,Do not add maintenance_cost and detail_part_price unless Jejuro confirms whether cost already includes parts.
8406,1882,21년 올뉴아반떼CN7(휘),COMPACT,10,2021-10-17 00:00:00,2024-06-13 09:00:00,0,0,0,10,12064,76329,,unavailable,observed_aggregate,Do not add maintenance_cost and detail_part_price unless Jejuro confirms whether cost already includes parts.
8407,1882,21년 올뉴아반떼CN7(휘),COMPACT,11,2021-10-24 00:00:00,2024-08-12 00:00:00,0,0,0,11,11442,81918,,unavailable,observed_aggregate,Do not add maintenance_cost and detail_part_price unless Jejuro confirms whether cost already includes parts.
8408,1882,21년 올뉴아반떼CN7(휘),COMPACT,10,2021-11-15 00:00:00,2024-06-12 09:00:00,0,0,0,10,14815,78697,,unavailable,observed_aggregate,Do not add maintenance_cost and detail_part_price unless Jejuro confirms whether cost already includes parts.
8409,1882,21년 올뉴아반떼CN7(휘),COMPACT,10,2022-01-10 00:00:00,2024-06-26 00:00:00,0,0,0,10,16326,73515,,unavailable,observed_aggregate,Do not add maintenance_cost and detail_part_price unless Jejuro confirms whether cost already includes parts.
8410,1882,21년 올뉴아반떼CN7(휘),COMPACT,23,2021-08-12 00:00:00,2026-08-05 08:28:00,0,0,0,23,10762,127584,,unavailable,observed_aggregate,Do not add maintenance_cost and detail_part_price unless Jejuro confirms whether cost already includes parts.
8411,1882,21년 올뉴아반떼CN7(휘),COMPACT,22,2021-09-20 00:00:00,2026-06-07 23:48:00,0,0,0,22,12268,126728,,unavailable,observed_aggregate,Do not add maintenance_cost and detail_part_price unless Jejuro confirms whether cost already includes parts.
8412,1882,21년 올뉴아반떼CN7(휘),COMPACT,19,2021-09-13 00:00:00,2026-07-27 00:21:00,211750,0,0,19,11094,128274,,unavailable,observed_aggregate,Do not add maintenance_cost and detail_part_price unless Jejuro confirms whether cost already includes parts.
8413,1882,21년 올뉴아반떼CN7(휘),COMPACT,22,2021-05-28 00:00:00,2026-08-08 00:17:00,0,0,0,22,3318,129095,,unavailable,observed_aggregate,Do not add maintenance_cost and detail_part_price unless Jejuro confirms whether cost already includes parts.
8414,1882,21년 올뉴아반떼CN7(휘),COMPACT,14,2021-04-29 00:00:00,2024-06-04 00:00:00,81840,0,51900,14,8871,84571,,unavailable,observed_aggregate,Do not add maintenance_cost and detail_part_price unless Jejuro confirms whether cost already includes parts.
8415,1910,22년 스포티지(휘),SUV,6,2022-07-18 00:00:00,2024-05-31 00:00:00,0,0,0,6,12646,55701,,unavailable,observed_aggregate,Do not add maintenance_cost and detail_part_price unless Jejuro confirms whether cost already includes parts.
8416,1910,22년 스포티지(휘),SUV,6,2022-06-01 00:00:00,2024-07-12 00:00:00,0,0,0,6,10481,57568,,unavailable,observed_aggregate,Do not add maintenance_cost and detail_part_price unless Jejuro confirms whether cost already includes parts.
8417,1910,22년 스포티지(휘),SUV,6,2023-03-16 00:00:00,2024-04-12 00:00:00,0,0,0,5,28421,52541,,unavailable,observed_aggregate,Do not add maintenance_cost and detail_part_price unless Jejuro confirms whether cost already includes parts.
8418,1910,22년 스포티지(휘),SUV,5,2022-06-24 00:00:00,2024-01-30 00:00:00,0,0,0,5,12994,48000,,unavailable,observed_aggregate,Do not add maintenance_cost and detail_part_price unless Jejuro confirms whether cost already includes parts.
8419,1910,22년 스포티지(휘),SUV,10,2022-06-06 00:00:00,2024-06-17 00:00:00,0,0,0,9,9772,56585,,unavailable,observed_aggregate,Do not add maintenance_cost and detail_part_price unless Jejuro confirms whether cost already includes parts.
8420,1910,22년 스포티지(휘),SUV,10,2023-02-03 00:00:00,2025-07-23 08:48:00,0,0,0,10,18279,75425,,unavailable,observed_aggregate,Do not add maintenance_cost and detail_part_price unless Jejuro confirms whether cost already includes parts.
8421,1910,22년 스포티지(휘),SUV,12,2022-11-10 00:00:00,2025-09-24 00:06:00,0,0,0,12,14642,74156,,unavailable,observed_aggregate,Do not add maintenance_cost and detail_part_price unless Jejuro confirms whether cost already includes parts.
8422,1910,22년 스포티지(휘),SUV,11,2022-09-12 00:00:00,2025-08-04 06:21:00,830390,0,587000,11,8378,73413,,unavailable,observed_aggregate,Do not add maintenance_cost and detail_part_price unless Jejuro confirms whether cost already includes parts.
8423,1910,22년 스포티지(휘),SUV,9,2022-11-08 00:00:00,2025-04-29 00:00:00,0,0,0,9,12957,64143,,unavailable,observed_aggregate,Do not add maintenance_cost and detail_part_price unless Jejuro confirms whether cost already includes parts.
8424,1910,22년 스포티지(휘),SUV,10,2022-12-30 00:00:00,2025-07-06 01:34:00,0,0,0,10,16815,70872,,unavailable,observed_aggregate,Do not add maintenance_cost and detail_part_price unless Jejuro confirms whether cost already includes parts.
8425,1914,22년 니로 하이브리드(휘),SUV,5,2022-10-26 00:00:00,2024-06-13 00:00:00,0,0,0,5,11091,45582,,unavailable,observed_aggregate,Do not add maintenance_cost and detail_part_price unless Jejuro confirms whether cost already includes parts.
8426,1914,22년 니로 하이브리드(휘),SUV,7,2023-04-19 00:00:00,2024-08-08 00:00:00,0,0,0,6,18509,47937,,unavailable,observed_aggregate,Do not add maintenance_cost and detail_part_price unless Jejuro confirms whether cost already includes parts.
8427,1914,22년 니로 하이브리드(휘),SUV,5,2023-02-15 00:00:00,2024-07-18 00:00:00,0,0,0,5,13807,48599,,unavailable,observed_aggregate,Do not add maintenance_cost and detail_part_price unless Jejuro confirms whether cost already includes parts.
8428,1914,22년 니로 하이브리드(휘),SUV,4,2023-02-14 00:00:00,2024-05-10 09:00:00,0,0,0,4,13247,41401,,unavailable,observed_aggregate,Do not add maintenance_cost and detail_part_price unless Jejuro confirms whether cost already includes parts.
8429,1914,22년 니로 하이브리드(휘),SUV,5,2022-11-11 00:00:00,2024-07-01 00:00:00,0,0,0,5,10836,47523,,unavailable,observed_aggregate,Do not add maintenance_cost and detail_part_price unless Jejuro confirms whether cost already includes parts.
8430,1914,22년 니로 하이브리드(휘),SUV,4,2023-02-13 00:00:00,2024-06-06 00:00:00,0,0,0,4,12012,40209,,unavailable,observed_aggregate,Do not add maintenance_cost and detail_part_price unless Jejuro confirms whether cost already includes parts.
8431,1914,22년 니로 하이브리드(휘),SUV,16,2022-11-03 00:00:00,2026-08-13 01:04:00,0,0,0,16,12203,98817,,unavailable,observed_aggregate,Do not add maintenance_cost and detail_part_price unless Jejuro confirms whether cost already includes parts.
8432,1914,22년 니로 하이브리드(휘),SUV,17,2022-11-15 00:00:00,2026-07-27 07:39:00,0,0,0,17,11311,97995,,unavailable,observed_aggregate,Do not add maintenance_cost and detail_part_price unless Jejuro confirms whether cost already includes parts.
8433,1914,22년 니로 하이브리드(휘),SUV,17,2023-02-20 00:00:00,2026-06-07 05:06:00,0,0,0,16,15698,92914,,unavailable,observed_aggregate,Do not add maintenance_cost and detail_part_price unless Jejuro confirms whether cost already includes parts.
8434,1914,22년 니로 하이브리드(휘),SUV,16,2022-11-03 00:00:00,2026-07-26 06:20:00,0,0,0,16,9217,96205,,unavailable,observed_aggregate,Do not add maintenance_cost and detail_part_price unless Jejuro confirms whether cost already includes parts.
8435,1914,22년 니로 하이브리드(휘),SUV,17,2023-02-08 00:00:00,2026-05-27 04:38:00,0,0,0,17,13869,93595,,unavailable,observed_aggregate,Do not add maintenance_cost and detail_part_price unless Jejuro confirms whether cost already includes parts.
8436,1914,22년 니로 하이브리드(휘),SUV,17,2023-02-14 00:00:00,2026-05-14 00:04:00,0,0,0,17,12836,91708,,unavailable,observed_aggregate,Do not add maintenance_cost and detail_part_price unless Jejuro confirms whether cost already includes parts.
8437,1914,22년 니로 하이브리드(휘),SUV,14,2023-04-13 00:00:00,2026-04-08 00:33:00,0,0,0,14,18796,95176,,unavailable,observed_aggregate,Do not add maintenance_cost and detail_part_price unless Jejuro confirms whether cost already includes parts.
8438,1914,22년 니로 하이브리드(휘),SUV,20,2023-03-16 00:00:00,2026-08-13 04:06:00,0,0,47300,20,17426,100568,,unavailable,observed_aggregate,Do not add maintenance_cost and detail_part_price unless Jejuro confirms whether cost already includes parts.
8439,1903,22년 베뉴(휘),SUV,6,2022-01-11 00:00:00,2024-06-18 00:00:00,0,0,0,6,10833,64110,,unavailable,observed_aggregate,Do not add maintenance_cost and detail_part_price unless Jejuro confirms whether cost already includes parts.
8440,1903,22년 베뉴(휘),SUV,7,2022-02-16 00:00:00,2024-06-24 00:00:00,0,0,0,7,12230,64079,,unavailable,observed_aggregate,Do not add maintenance_cost and detail_part_price unless Jejuro confirms whether cost already includes parts.
8441,1903,22년 베뉴(휘),SUV,7,2022-02-20 00:00:00,2024-07-02 00:00:00,0,0,0,7,10328,61907,,unavailable,observed_aggregate,Do not add maintenance_cost and detail_part_price unless Jejuro confirms whether cost already includes parts.
8442,1903,22년 베뉴(휘),SUV,7,2022-01-26 00:00:00,2024-06-25 00:00:00,0,0,0,7,9945,61444,,unavailable,observed_aggregate,Do not add maintenance_cost and detail_part_price unless Jejuro confirms whether cost already includes parts.
8443,1903,22년 베뉴(휘),SUV,9,2022-04-05 00:00:00,2024-08-14 09:00:00,0,0,0,9,14903,63918,,unavailable,observed_aggregate,Do not add maintenance_cost and detail_part_price unless Jejuro confirms whether cost already includes parts.
8444,1903,22년 베뉴(휘),SUV,17,2023-01-30 00:00:00,2026-07-29 00:08:00,0,0,0,17,20167,93853,,unavailable,observed_aggregate,Do not add maintenance_cost and detail_part_price unless Jejuro confirms whether cost already includes parts.
8445,1903,22년 베뉴(휘),SUV,13,2022-07-05 00:00:00,2026-03-30 04:56:00,0,0,0,13,10776,94366,,unavailable,observed_aggregate,Do not add maintenance_cost and detail_part_price unless Jejuro confirms whether cost already includes parts.
8446,1912,22년 스포티지 하이브리드(휘),SUV,7,2022-10-06 00:00:00,2024-03-21 00:00:00,0,0,0,7,19893,58006,,unavailable,observed_aggregate,Do not add maintenance_cost and detail_part_price unless Jejuro confirms whether cost already includes parts.
8447,1912,22년 스포티지 하이브리드(휘),SUV,9,2022-07-20 00:00:00,2024-06-21 00:00:00,0,0,0,8,14868,67593,,unavailable,observed_aggregate,Do not add maintenance_cost and detail_part_price unless Jejuro confirms whether cost already includes parts.
8448,1912,22년 스포티지 하이브리드(휘),SUV,10,2022-09-19 00:00:00,2024-06-26 00:00:00,0,0,0,10,20714,67131,,unavailable,observed_aggregate,Do not add maintenance_cost and detail_part_price unless Jejuro confirms whether cost already includes parts.
8449,1912,22년 스포티지 하이브리드(휘),SUV,11,2023-02-07 00:00:00,2024-07-09 00:00:00,0,0,0,11,22157,59920,,unavailable,observed_aggregate,Do not add maintenance_cost and detail_part_price unless Jejuro confirms whether cost already includes parts.
8450,1912,22년 스포티지 하이브리드(휘),SUV,4,2023-03-28 00:00:00,2024-06-14 00:00:00,0,0,0,4,10283,40663,,unavailable,observed_aggregate,Do not add maintenance_cost and detail_part_price unless Jejuro confirms whether cost already includes parts.
8451,1912,22년 스포티지 하이브리드(휘),SUV,4,2023-03-15 00:00:00,2024-08-12 00:00:00,0,0,0,4,12137,51302,,unavailable,observed_aggregate,Do not add maintenance_cost and detail_part_price unless Jejuro confirms whether cost already includes parts.
8452,1912,22년 스포티지 하이브리드(휘),SUV,5,2023-04-11 00:00:00,2024-05-14 00:00:00,0,0,0,4,13848,43700,,unavailable,observed_aggregate,Do not add maintenance_cost and detail_part_price unless Jejuro confirms whether cost already includes parts.
8453,1912,22년 스포티지 하이브리드(휘),SUV,4,2023-04-19 00:00:00,2024-08-16 00:00:00,0,0,0,4,13961,48626,,unavailable,observed_aggregate,Do not add maintenance_cost and detail_part_price unless Jejuro confirms whether cost already includes parts.
8454,1912,22년 스포티지 하이브리드(휘),SUV,4,2023-04-17 00:00:00,2024-08-05 00:00:00,0,0,0,4,13395,46133,,unavailable,observed_aggregate,Do not add maintenance_cost and detail_part_price unless Jejuro confirms whether cost already includes parts.
8455,1912,22년 스포티지 하이브리드(휘),SUV,15,2023-04-13 00:00:00,2026-07-28 00:00:00,0,0,0,15,12498,95097,,unavailable,observed_aggregate,Do not add maintenance_cost and detail_part_price unless Jejuro confirms whether cost already includes parts.
8456,1912,22년 스포티지 하이브리드(휘),SUV,13,2023-03-31 00:00:00,2026-06-15 04:14:00,0,0,0,13,12620,94676,,unavailable,observed_aggregate,Do not add maintenance_cost and detail_part_price unless Jejuro confirms whether cost already includes parts.
8457,1912,22년 스포티지 하이브리드(휘),SUV,14,2023-04-20 00:00:00,2026-06-28 00:26:00,0,0,0,14,11781,90735,,unavailable,observed_aggregate,Do not add maintenance_cost and detail_part_price unless Jejuro confirms whether cost already includes parts.
8458,1913,22년 쏘렌토 하이브리드(7인/휘),SUV,7,2022-11-08 00:00:00,2024-03-26 00:00:00,0,0,0,7,18919,53860,,unavailable,observed_aggregate,Do not add maintenance_cost and detail_part_price unless Jejuro confirms whether cost already includes parts.
8459,1913,22년 쏘렌토 하이브리드(7인/휘),SUV,6,2022-10-21 00:00:00,2024-03-11 09:00:00,0,0,0,6,17873,56875,,unavailable,observed_aggregate,Do not add maintenance_cost and detail_part_price unless Jejuro confirms whether cost already includes parts.
8460,1913,22년 쏘렌토 하이브리드(7인/휘),SUV,8,2022-10-14 00:00:00,2024-05-10 00:00:00,145090,0,0,8,14358,59114,,unavailable,observed_aggregate,Do not add maintenance_cost and detail_part_price unless Jejuro confirms whether cost already includes parts.
8461,1913,22년 쏘렌토 하이브리드(7인/휘),SUV,6,2023-01-04 00:00:00,2024-05-24 00:00:00,0,0,0,6,21695,60238,,unavailable,observed_aggregate,Do not add maintenance_cost and detail_part_price unless Jejuro confirms whether cost already includes parts.
8462,1913,22년 쏘렌토 하이브리드(7인/휘),SUV,8,2022-07-29 00:00:00,2024-08-15 00:00:00,0,0,0,8,10855,62240,,unavailable,observed_aggregate,Do not add maintenance_cost and detail_part_price unless Jejuro confirms whether cost already includes parts.
8463,1913,22년 쏘렌토 하이브리드(7인/휘),SUV,7,2022-10-19 00:00:00,2024-06-19 00:00:00,0,0,0,7,14958,62057,,unavailable,observed_aggregate,Do not add maintenance_cost and detail_part_price unless Jejuro confirms whether cost already includes parts.
8464,1913,22년 쏘렌토 하이브리드(7인/휘),SUV,6,2022-12-07 00:00:00,2024-06-28 00:00:00,0,0,0,6,15888,55486,,unavailable,observed_aggregate,Do not add maintenance_cost and detail_part_price unless Jejuro confirms whether cost already includes parts.
8465,1913,22년 쏘렌토 하이브리드(7인/휘),SUV,7,2023-03-23 00:00:00,2024-05-23 09:00:00,0,0,0,7,25444,56912,,unavailable,observed_aggregate,Do not add maintenance_cost and detail_part_price unless Jejuro confirms whether cost already includes parts.
8466,1913,22년 쏘렌토 하이브리드(7인/휘),SUV,7,2022-11-02 00:00:00,2024-09-06 00:00:00,0,0,0,7,15395,64001,,unavailable,observed_aggregate,Do not add maintenance_cost and detail_part_price unless Jejuro confirms whether cost already includes parts.
8467,1913,22년 쏘렌토 하이브리드(7인/휘),SUV,7,2022-11-15 00:00:00,2024-06-28 00:00:00,0,0,0,7,14919,62646,,unavailable,observed_aggregate,Do not add maintenance_cost and detail_part_price unless Jejuro confirms whether cost already includes parts.
8468,1913,22년 쏘렌토 하이브리드(7인/휘),SUV,15,2022-12-28 00:00:00,2026-08-08 02:45:00,0,0,0,15,11975,104778,,unavailable,observed_aggregate,Do not add maintenance_cost and detail_part_price unless Jejuro confirms whether cost already includes parts.
8469,1913,22년 쏘렌토 하이브리드(7인/휘),SUV,17,2023-02-17 00:00:00,2026-07-25 04:58:00,0,0,0,17,16083,100107,,unavailable,observed_aggregate,Do not add maintenance_cost and detail_part_price unless Jejuro confirms whether cost already includes parts.
8470,1913,22년 쏘렌토 하이브리드(7인/휘),SUV,13,2023-02-08 00:00:00,2026-06-09 23:20:00,0,0,0,13,15552,94780,,unavailable,observed_aggregate,Do not add maintenance_cost and detail_part_price unless Jejuro confirms whether cost already includes parts.
8471,1911,22년 폭스바겐 제타(휘),IMPORTED,7,2022-08-12 00:00:00,2024-04-15 00:00:00,0,0,0,6,8791,35498,,unavailable,observed_aggregate,Do not add maintenance_cost and detail_part_price unless Jejuro confirms whether cost already includes parts.
8472,1911,22년 폭스바겐 제타(휘),IMPORTED,6,2023-03-07 00:00:00,2024-09-19 00:00:00,0,0,0,6,17300,48058,,unavailable,observed_aggregate,Do not add maintenance_cost and detail_part_price unless Jejuro confirms whether cost already includes parts.
8473,1911,22년 폭스바겐 제타(휘),IMPORTED,6,2023-03-03 00:00:00,2024-06-03 00:00:00,0,0,0,6,10000,39563,,unavailable,observed_aggregate,Do not add maintenance_cost and detail_part_price unless Jejuro confirms whether cost already includes parts.
8474,1908,22년 BMW 미니 컨버터블(휘),IMPORTED,22,2023-01-18 00:00:00,2026-04-21 08:41:00,0,0,1904500,22,15753,92574,,unavailable,observed_aggregate,Do not add maintenance_cost and detail_part_price unless Jejuro confirms whether cost already includes parts.
8475,1908,22년 BMW 미니 컨버터블(휘),IMPORTED,10,2022-11-18 00:00:00,2024-05-14 00:00:00,0,0,0,9,18071,51100,,unavailable,observed_aggregate,Do not add maintenance_cost and detail_part_price unless Jejuro confirms whether cost already includes parts.
8476,1908,22년 BMW 미니 컨버터블(휘),IMPORTED,21,2023-03-24 00:00:00,2026-05-06 09:02:00,0,0,755480,21,16788,89858,,unavailable,observed_aggregate,Do not add maintenance_cost and detail_part_price unless Jejuro confirms whether cost already includes parts.
8477,1908,22년 BMW 미니 컨버터블(휘),IMPORTED,28,2023-03-08 00:00:00,2026-06-22 09:41:00,0,0,4500000,28,16391,97802,,unavailable,observed_aggregate,Do not add maintenance_cost and detail_part_price unless Jejuro confirms whether cost already includes parts.
8478,1908,22년 BMW 미니 컨버터블(휘),IMPORTED,23,2023-04-11 00:00:00,2026-06-11 06:30:00,4265063,0,2383150,23,18574,90444,,unavailable,observed_aggregate,Do not add maintenance_cost and detail_part_price unless Jejuro confirms whether cost already includes parts.
8479,1919,22년 BMW 미니 컨버터블S(휘),IMPORTED,22,2023-05-09 00:00:00,2026-03-17 00:00:00,0,0,5000000,22,16897,79006,,unavailable,observed_aggregate,Do not add maintenance_cost and detail_part_price unless Jejuro confirms whether cost already includes parts.
8480,1919,22년 BMW 미니 컨버터블S(휘),IMPORTED,21,2023-06-19 00:00:00,2026-07-14 05:51:00,0,0,4540000,21,15938,76048,,unavailable,observed_aggregate,Do not add maintenance_cost and detail_part_price unless Jejuro confirms whether cost already includes parts.
8481,1905,22년 EV6(전기),EV,13,2023-01-27 00:00:00,2026-07-05 06:35:00,0,0,0,13,34418,120438,,unavailable,observed_aggregate,Do not add maintenance_cost and detail_part_price unless Jejuro confirms whether cost already includes parts.
8482,1905,22년 EV6(전기),EV,12,2023-08-08 00:00:00,2026-07-10 09:30:00,0,0,0,12,44794,122273,,unavailable,observed_aggregate,Do not add maintenance_cost and detail_part_price unless Jejuro confirms whether cost already includes parts.
8483,1905,22년 EV6(전기),EV,3,2023-02-22 00:00:00,2024-05-29 09:00:00,0,0,0,3,16414,47104,,unavailable,observed_aggregate,Do not add maintenance_cost and detail_part_price unless Jejuro confirms whether cost already includes parts.
8484,1905,22년 EV6(전기),EV,2,2024-05-28 00:00:00,2024-05-29 09:00:00,0,0,0,2,48199,48204,,unavailable,observed_aggregate,Do not add maintenance_cost and detail_part_price unless Jejuro confirms whether cost already includes parts.
8485,1905,22년 EV6(전기),EV,3,2024-01-24 00:00:00,2024-05-31 00:00:00,0,0,0,3,39607,46644,,unavailable,observed_aggregate,Do not add maintenance_cost and detail_part_price unless Jejuro confirms whether cost already includes parts.
8486,1905,22년 EV6(전기),EV,2,2024-05-23 00:00:00,2024-06-17 00:00:00,0,0,0,2,46986,49400,,unavailable,observed_aggregate,Do not add maintenance_cost and detail_part_price unless Jejuro confirms whether cost already includes parts.
8487,1905,22년 EV6(전기),EV,3,2023-02-28 00:00:00,2024-05-23 09:00:00,0,0,0,3,19714,47320,,unavailable,observed_aggregate,Do not add maintenance_cost and detail_part_price unless Jejuro confirms whether cost already includes parts.
8488,1905,22년 EV6(전기),EV,2,2024-05-23 00:00:00,2024-05-23 09:00:00,0,0,0,2,49254,49265,,unavailable,observed_aggregate,Do not add maintenance_cost and detail_part_price unless Jejuro confirms whether cost already includes parts.
8489,1905,22년 EV6(전기),EV,4,2023-08-09 00:00:00,2024-05-23 09:00:00,0,0,0,4,30313,53099,,unavailable,observed_aggregate,Do not add maintenance_cost and detail_part_price unless Jejuro confirms whether cost already includes parts.
8490,1905,22년 EV6(전기),EV,5,2023-08-24 00:00:00,2024-07-17 00:00:00,0,0,0,5,28754,53384,,unavailable,observed_aggregate,Do not add maintenance_cost and detail_part_price unless Jejuro confirms whether cost already includes parts.
8491,1905,22년 EV6(전기),EV,2,2024-05-24 00:00:00,2024-07-01 00:00:00,0,0,0,2,33172,36407,,unavailable,observed_aggregate,Do not add maintenance_cost and detail_part_price unless Jejuro confirms whether cost already includes parts.
8492,1905,22년 EV6(전기),EV,1,2024-05-24 00:00:00,2024-05-24 09:00:00,0,0,0,1,21500,21500,,unavailable,observed_aggregate,Do not add maintenance_cost and detail_part_price unless Jejuro confirms whether cost already includes parts.
8493,1905,22년 EV6(전기),EV,18,2023-09-27 00:00:00,2026-08-08 03:39:00,0,0,0,18,43590,120293,,unavailable,observed_aggregate,Do not add maintenance_cost and detail_part_price unless Jejuro confirms whether cost already includes parts.
8494,1905,22년 EV6(전기),EV,14,2023-10-24 00:00:00,2026-04-28 05:53:00,0,0,318800,14,45399,108242,,unavailable,observed_aggregate,Do not add maintenance_cost and detail_part_price unless Jejuro confirms whether cost already includes parts.
8495,1905,22년 EV6(전기),EV,12,2023-08-23 00:00:00,2026-07-31 00:19:00,0,0,0,12,47696,124262,,unavailable,observed_aggregate,Do not add maintenance_cost and detail_part_price unless Jejuro confirms whether cost already includes parts.
8496,1905,22년 EV6(전기),EV,12,2021-11-26 00:00:00,2026-07-27 01:01:00,0,0,0,12,2033,127287,,unavailable,observed_aggregate,Do not add maintenance_cost and detail_part_price unless Jejuro confirms whether cost already includes parts.
8497,1905,22년 EV6(전기),EV,11,2023-07-11 00:00:00,2026-04-15 00:23:00,0,0,160050,11,40981,110105,,unavailable,observed_aggregate,Do not add maintenance_cost and detail_part_price unless Jejuro confirms whether cost already includes parts.
8498,1905,22년 EV6(전기),EV,12,2023-07-17 00:00:00,2026-08-06 01:01:00,0,0,807400,12,44395,125581,,unavailable,observed_aggregate,Do not add maintenance_cost and detail_part_price unless Jejuro confirms whether cost already includes parts.
8499,1905,22년 EV6(전기),EV,12,2022-12-09 00:00:00,2026-05-22 05:25:00,0,0,1316400,12,16968,107268,,unavailable,observed_aggregate,Do not add maintenance_cost and detail_part_price unless Jejuro confirms whether cost already includes parts.
8500,1905,22년 EV6(전기),EV,9,2024-04-26 00:00:00,2026-08-03 01:55:00,0,0,0,9,47524,111711,,unavailable,observed_aggregate,Do not add maintenance_cost and detail_part_price unless Jejuro confirms whether cost already includes parts.
8501,1905,22년 EV6(전기),EV,11,2024-04-26 00:00:00,2026-06-11 00:37:00,0,0,0,11,50194,104600,,unavailable,observed_aggregate,Do not add maintenance_cost and detail_part_price unless Jejuro confirms whether cost already includes parts.
8502,1905,22년 EV6(전기),EV,19,2022-12-22 00:00:00,2026-07-08 06:31:00,0,0,585590,19,17865,108119,,unavailable,observed_aggregate,Do not add maintenance_cost and detail_part_price unless Jejuro confirms whether cost already includes parts.
8503,1905,22년 EV6(전기),EV,14,2023-10-18 00:00:00,2026-06-19 05:37:00,0,0,0,14,35316,105458,,unavailable,observed_aggregate,Do not add maintenance_cost and detail_part_price unless Jejuro confirms whether cost already includes parts.
8504,1905,22년 EV6(전기),EV,12,2023-05-04 00:00:00,2026-08-13 07:34:00,0,0,2603260,12,25075,113242,,unavailable,observed_aggregate,Do not add maintenance_cost and detail_part_price unless Jejuro confirms whether cost already includes parts.
8505,1905,22년 EV6(전기),EV,12,2022-07-20 00:00:00,2026-07-15 06:00:00,0,0,0,12,7340,103543,,unavailable,observed_aggregate,Do not add maintenance_cost and detail_part_price unless Jejuro confirms whether cost already includes parts.
8506,1905,22년 EV6(전기),EV,15,2023-02-24 00:00:00,2026-05-28 06:21:00,0,0,0,15,19138,100018,,unavailable,observed_aggregate,Do not add maintenance_cost and detail_part_price unless Jejuro confirms whether cost already includes parts.
8507,1905,22년 EV6(전기),EV,16,2022-07-28 00:00:00,2026-08-03 02:33:00,0,0,905900,15,7131,106925,,unavailable,observed_aggregate,Do not add maintenance_cost and detail_part_price unless Jejuro confirms whether cost already includes parts.
8508,1905,22년 EV6(전기),EV,20,2023-05-09 00:00:00,2026-08-06 01:31:00,0,0,215600,20,22098,109143,,unavailable,observed_aggregate,Do not add maintenance_cost and detail_part_price unless Jejuro confirms whether cost already includes parts.
8509,1905,22년 EV6(전기),EV,10,2022-07-07 00:00:00,2026-04-22 08:35:00,0,0,0,10,4457,107047,,unavailable,observed_aggregate,Do not add maintenance_cost and detail_part_price unless Jejuro confirms whether cost already includes parts.
8510,1905,22년 EV6(전기),EV,11,2023-04-26 00:00:00,2026-04-24 23:25:00,0,0,0,11,23980,99138,,unavailable,observed_aggregate,Do not add maintenance_cost and detail_part_price unless Jejuro confirms whether cost already includes parts.
8511,1905,22년 EV6(전기),EV,15,2023-05-17 00:00:00,2026-04-15 02:44:00,0,0,0,15,26171,98123,,unavailable,observed_aggregate,Do not add maintenance_cost and detail_part_price unless Jejuro confirms whether cost already includes parts.
8512,1906,22년 k3(휘),COMPACT,16,2022-05-25 00:00:00,2026-06-10 07:32:00,0,0,0,15,10320,101406,,unavailable,observed_aggregate,Do not add maintenance_cost and detail_part_price unless Jejuro confirms whether cost already includes parts.
8513,1906,22년 k3(휘),COMPACT,14,2022-06-09 00:00:00,2026-04-16 04:06:00,0,0,0,14,11111,105203,,unavailable,observed_aggregate,Do not add maintenance_cost and detail_part_price unless Jejuro confirms whether cost already includes parts.
8514,1906,22년 k3(휘),COMPACT,12,2023-04-20 00:00:00,2026-01-27 00:00:00,0,0,0,11,25027,89599,,unavailable,observed_aggregate,Do not add maintenance_cost and detail_part_price unless Jejuro confirms whether cost already includes parts.
8515,1906,22년 k3(휘),COMPACT,16,2022-07-29 00:00:00,2026-06-23 03:05:00,0,0,0,16,14422,104625,,unavailable,observed_aggregate,Do not add maintenance_cost and detail_part_price unless Jejuro confirms whether cost already includes parts.
8516,1906,22년 k3(휘),COMPACT,17,2022-07-22 00:00:00,2026-06-25 03:37:00,0,0,0,17,13907,101277,,unavailable,observed_aggregate,Do not add maintenance_cost and detail_part_price unless Jejuro confirms whether cost already includes parts.
8517,1906,22년 k3(휘),COMPACT,4,2023-02-06 00:00:00,2024-01-26 00:00:00,0,0,0,4,23291,49217,,unavailable,observed_aggregate,Do not add maintenance_cost and detail_part_price unless Jejuro confirms whether cost already includes parts.
8518,1906,22년 k3(휘),COMPACT,5,2022-10-13 00:00:00,2024-06-07 00:00:00,0,0,0,5,17193,51688,,unavailable,observed_aggregate,Do not add maintenance_cost and detail_part_price unless Jejuro confirms whether cost already includes parts.
8519,1906,22년 k3(휘),COMPACT,5,2022-09-07 00:00:00,2024-05-24 00:00:00,0,0,0,5,19303,56513,,unavailable,observed_aggregate,Do not add maintenance_cost and detail_part_price unless Jejuro confirms whether cost already includes parts.
8520,1906,22년 k3(휘),COMPACT,7,2022-07-29 00:00:00,2024-08-19 00:00:00,0,0,0,6,14838,58404,,unavailable,observed_aggregate,Do not add maintenance_cost and detail_part_price unless Jejuro confirms whether cost already includes parts.
8521,1906,22년 k3(휘),COMPACT,5,2022-10-14 00:00:00,2024-03-08 00:00:00,0,0,0,5,19054,53228,,unavailable,observed_aggregate,Do not add maintenance_cost and detail_part_price unless Jejuro confirms whether cost already includes parts.
8522,1906,22년 k3(휘),COMPACT,13,2022-02-22 00:00:00,2026-01-10 02:27:00,0,0,0,13,8235,98342,,unavailable,observed_aggregate,Do not add maintenance_cost and detail_part_price unless Jejuro confirms whether cost already includes parts.
8523,1906,22년 k3(휘),COMPACT,15,2022-09-20 00:00:00,2026-07-20 01:06:00,0,0,163111,15,13811,97883,,unavailable,observed_aggregate,Do not add maintenance_cost and detail_part_price unless Jejuro confirms whether cost already includes parts.
8524,1906,22년 k3(휘),COMPACT,8,2023-02-13 00:00:00,2025-03-24 00:00:00,0,0,0,8,19009,67043,,unavailable,observed_aggregate,Do not add maintenance_cost and detail_part_price unless Jejuro confirms whether cost already includes parts.
8525,1906,22년 k3(휘),COMPACT,8,2022-10-25 00:00:00,2025-03-25 00:00:00,0,0,0,8,15458,68621,,unavailable,observed_aggregate,Do not add maintenance_cost and detail_part_price unless Jejuro confirms whether cost already includes parts.
8526,1906,22년 k3(휘),COMPACT,8,2022-11-18 00:00:00,2025-03-18 00:00:00,0,0,0,8,15629,68905,,unavailable,observed_aggregate,Do not add maintenance_cost and detail_part_price unless Jejuro confirms whether cost already includes parts.
8527,1906,22년 k3(휘),COMPACT,17,2022-09-08 00:00:00,2026-08-08 01:38:00,0,0,0,17,13668,99912,,unavailable,observed_aggregate,Do not add maintenance_cost and detail_part_price unless Jejuro confirms whether cost already includes parts.
8528,1906,22년 k3(휘),COMPACT,14,2023-05-02 00:00:00,2026-08-10 00:44:00,0,0,0,14,18711,95983,,unavailable,observed_aggregate,Do not add maintenance_cost and detail_part_price unless Jejuro confirms whether cost already includes parts.
8529,1906,22년 k3(휘),COMPACT,13,2022-10-27 00:00:00,2026-03-15 23:25:00,0,0,0,13,13261,88825,,unavailable,observed_aggregate,Do not add maintenance_cost and detail_part_price unless Jejuro confirms whether cost already includes parts.
8530,1906,22년 k3(휘),COMPACT,15,2022-12-06 00:00:00,2026-07-06 08:24:00,0,0,0,15,14629,101676,,unavailable,observed_aggregate,Do not add maintenance_cost and detail_part_price unless Jejuro confirms whether cost already includes parts.
8531,1906,22년 k3(휘),COMPACT,15,2022-11-04 00:00:00,2026-08-10 09:00:00,0,0,0,15,15510,102606,,unavailable,observed_aggregate,Do not add maintenance_cost and detail_part_price unless Jejuro confirms whether cost already includes parts.
8532,1906,22년 k3(휘),COMPACT,12,2023-01-18 00:00:00,2026-05-20 23:58:00,0,0,0,12,16358,95226,,unavailable,observed_aggregate,Do not add maintenance_cost and detail_part_price unless Jejuro confirms whether cost already includes parts.
8533,1906,22년 k3(휘),COMPACT,12,2023-05-31 00:00:00,2026-07-15 03:17:00,0,0,0,12,19750,96679,,unavailable,observed_aggregate,Do not add maintenance_cost and detail_part_price unless Jejuro confirms whether cost already includes parts.
8534,1906,22년 k3(휘),COMPACT,12,2023-05-11 00:00:00,2026-07-13 06:15:00,0,0,0,12,15459,92377,,unavailable,observed_aggregate,Do not add maintenance_cost and detail_part_price unless Jejuro confirms whether cost already includes parts.
8535,1906,22년 k3(휘),COMPACT,14,2023-02-06 00:00:00,2026-07-01 00:48:00,0,0,0,14,12030,88790,,unavailable,observed_aggregate,Do not add maintenance_cost and detail_part_price unless Jejuro confirms whether cost already includes parts.
8536,1906,22년 k3(휘),COMPACT,12,2022-12-20 00:00:00,2026-07-19 08:32:00,0,0,0,12,10402,87138,,unavailable,observed_aggregate,Do not add maintenance_cost and detail_part_price unless Jejuro confirms whether cost already includes parts.
8537,1906,22년 k3(휘),COMPACT,13,2023-05-04 00:00:00,2026-04-09 23:32:00,0,0,0,13,18372,84227,,unavailable,observed_aggregate,Do not add maintenance_cost and detail_part_price unless Jejuro confirms whether cost already includes parts.
8538,1906,22년 k3(휘),COMPACT,13,2023-03-06 00:00:00,2026-08-09 09:18:00,0,0,0,13,12312,91461,,unavailable,observed_aggregate,Do not add maintenance_cost and detail_part_price unless Jejuro confirms whether cost already includes parts.
8539,1906,22년 k3(휘),COMPACT,7,2023-02-24 00:00:00,2025-04-14 09:39:00,0,0,0,7,16744,65231,,unavailable,observed_aggregate,Do not add maintenance_cost and detail_part_price unless Jejuro confirms whether cost already includes parts.
8540,1906,22년 k3(휘),COMPACT,14,2023-03-08 00:00:00,2026-06-29 01:15:00,0,0,0,14,16894,91635,,unavailable,observed_aggregate,Do not add maintenance_cost and detail_part_price unless Jejuro confirms whether cost already includes parts.
8541,1906,22년 k3(휘),COMPACT,14,2023-03-06 00:00:00,2026-07-06 06:06:00,0,0,0,14,16843,90967,,unavailable,observed_aggregate,Do not add maintenance_cost and detail_part_price unless Jejuro confirms whether cost already includes parts.
8542,1906,22년 k3(휘),COMPACT,5,2023-06-22 00:00:00,2024-06-12 09:00:00,0,0,0,5,20297,44021,,unavailable,observed_aggregate,Do not add maintenance_cost and detail_part_price unless Jejuro confirms whether cost already includes parts.
8543,1906,22년 k3(휘),COMPACT,5,2022-10-26 00:00:00,2024-06-12 00:00:00,0,0,0,5,11511,48514,,unavailable,observed_aggregate,Do not add maintenance_cost and detail_part_price unless Jejuro confirms whether cost already includes parts.
8544,1906,22년 k3(휘),COMPACT,4,2023-02-18 00:00:00,2024-06-12 09:00:00,0,0,0,4,14089,43081,,unavailable,observed_aggregate,Do not add maintenance_cost and detail_part_price unless Jejuro confirms whether cost already includes parts.
8545,1906,22년 k3(휘),COMPACT,7,2022-11-18 00:00:00,2024-08-26 00:00:00,0,0,0,7,11272,56836,,unavailable,observed_aggregate,Do not add maintenance_cost and detail_part_price unless Jejuro confirms whether cost already includes parts.
8546,1906,22년 k3(휘),COMPACT,5,2023-03-06 00:00:00,2024-07-23 09:00:00,0,0,0,5,13812,48675,,unavailable,observed_aggregate,Do not add maintenance_cost and detail_part_price unless Jejuro confirms whether cost already includes parts.
8547,1906,22년 k3(휘),COMPACT,4,2022-11-21 00:00:00,2024-07-08 09:00:00,0,0,0,4,10522,47627,,unavailable,observed_aggregate,Do not add maintenance_cost and detail_part_price unless Jejuro confirms whether cost already includes parts.
8548,1906,22년 k3(휘),COMPACT,5,2023-03-28 00:00:00,2024-07-17 09:00:00,0,0,0,5,11802,44509,,unavailable,observed_aggregate,Do not add maintenance_cost and detail_part_price unless Jejuro confirms whether cost already includes parts.
8549,1906,22년 k3(휘),COMPACT,4,2023-06-07 00:00:00,2024-07-10 09:00:00,0,0,0,4,15031,44351,,unavailable,observed_aggregate,Do not add maintenance_cost and detail_part_price unless Jejuro confirms whether cost already includes parts.
8550,1906,22년 k3(휘),COMPACT,4,2023-03-30 00:00:00,2024-07-09 09:00:00,0,0,0,4,12336,45767,,unavailable,observed_aggregate,Do not add maintenance_cost and detail_part_price unless Jejuro confirms whether cost already includes parts.
8551,1906,22년 k3(휘),COMPACT,5,2023-01-10 00:00:00,2024-06-13 09:00:00,0,0,0,5,11968,43126,,unavailable,observed_aggregate,Do not add maintenance_cost and detail_part_price unless Jejuro confirms whether cost already includes parts.
8552,1959,24년 더 뉴 셀토스(휘),SUV,1,2024-06-27 00:00:00,2024-06-27 00:00:00,0,0,0,0,,,,unavailable,observed_aggregate,Do not add maintenance_cost and detail_part_price unless Jejuro confirms whether cost already includes parts.
8553,1959,24년 더 뉴 셀토스(휘),SUV,1,2024-06-27 00:00:00,2024-06-27 00:00:00,0,0,0,0,,,,unavailable,observed_aggregate,Do not add maintenance_cost and detail_part_price unless Jejuro confirms whether cost already includes parts.
8554,1959,24년 더 뉴 셀토스(휘),SUV,1,2024-06-27 00:00:00,2024-06-27 00:00:00,0,0,0,0,,,,unavailable,observed_aggregate,Do not add maintenance_cost and detail_part_price unless Jejuro confirms whether cost already includes parts.
8555,1959,24년 더 뉴 셀토스(휘),SUV,1,2024-06-27 00:00:00,2024-06-27 00:00:00,0,0,0,0,,,,unavailable,observed_aggregate,Do not add maintenance_cost and detail_part_price unless Jejuro confirms whether cost already includes parts.
8556,1959,24년 더 뉴 셀토스(휘),SUV,1,2024-06-27 00:00:00,2024-06-27 00:00:00,0,0,0,0,,,,unavailable,observed_aggregate,Do not add maintenance_cost and detail_part_price unless Jejuro confirms whether cost already includes parts.
8557,1959,24년 더 뉴 셀토스(휘),SUV,8,2024-06-27 00:00:00,2026-06-23 06:40:00,0,0,0,7,13076,49795,,unavailable,observed_aggregate,Do not add maintenance_cost and detail_part_price unless Jejuro confirms whether cost already includes parts.
8558,1959,24년 더 뉴 셀토스(휘),SUV,6,2024-06-27 00:00:00,2026-05-06 03:27:00,0,0,0,5,14357,51059,,unavailable,observed_aggregate,Do not add maintenance_cost and detail_part_price unless Jejuro confirms whether cost already includes parts.
8559,1959,24년 더 뉴 셀토스(휘),SUV,6,2024-06-27 00:00:00,2026-07-27 07:21:00,0,0,0,5,13850,49861,,unavailable,observed_aggregate,Do not add maintenance_cost and detail_part_price unless Jejuro confirms whether cost already includes parts.
8560,1959,24년 더 뉴 셀토스(휘),SUV,7,2024-06-27 00:00:00,2026-06-28 07:40:00,0,0,0,6,13895,50949,,unavailable,observed_aggregate,Do not add maintenance_cost and detail_part_price unless Jejuro confirms whether cost already includes parts.
8561,1959,24년 더 뉴 셀토스(휘),SUV,6,2024-06-27 00:00:00,2026-04-20 03:26:00,0,0,0,5,12629,49482,,unavailable,observed_aggregate,Do not add maintenance_cost and detail_part_price unless Jejuro confirms whether cost already includes parts.
8562,1959,24년 더 뉴 셀토스(휘),SUV,7,2024-05-28 00:00:00,2026-04-15 23:51:00,720000,0,0,6,1942,47407,,unavailable,observed_aggregate,Do not add maintenance_cost and detail_part_price unless Jejuro confirms whether cost already includes parts.
8563,1959,24년 더 뉴 셀토스(휘),SUV,9,2024-09-12 00:00:00,2026-06-12 00:00:00,0,0,0,8,12831,38757,,unavailable,observed_aggregate,Do not add maintenance_cost and detail_part_price unless Jejuro confirms whether cost already includes parts.
8564,1959,24년 더 뉴 셀토스(휘),SUV,6,2024-09-12 00:00:00,2026-06-10 00:00:00,0,0,0,5,12741,89044,,unavailable,observed_aggregate,Do not add maintenance_cost and detail_part_price unless Jejuro confirms whether cost already includes parts.
8565,1959,24년 더 뉴 셀토스(휘),SUV,11,2024-09-12 00:00:00,2026-07-31 09:16:00,0,0,0,10,8356,37448,,unavailable,observed_aggregate,Do not add maintenance_cost and detail_part_price unless Jejuro confirms whether cost already includes parts.
8566,1959,24년 더 뉴 셀토스(휘),SUV,7,2024-09-12 00:00:00,2026-07-14 09:13:00,0,0,0,7,6,37183,,unavailable,observed_aggregate,Do not add maintenance_cost and detail_part_price unless Jejuro confirms whether cost already includes parts.
8567,1959,24년 더 뉴 셀토스(휘),SUV,5,2024-09-12 00:00:00,2026-06-29 00:00:00,0,0,0,4,12945,38755,,unavailable,observed_aggregate,Do not add maintenance_cost and detail_part_price unless Jejuro confirms whether cost already includes parts.
8568,1956,24년 BMW 420i 컨버터블(휘),IMPORTED,14,2024-04-01 00:00:00,2026-08-11 09:10:00,0,0,0,13,16804,60964,,unavailable,observed_aggregate,Do not add maintenance_cost and detail_part_price unless Jejuro confirms whether cost already includes parts.
8569,1956,24년 BMW 420i 컨버터블(휘),IMPORTED,14,2024-04-24 00:00:00,2026-08-03 00:41:00,0,0,0,13,15940,55827,,unavailable,observed_aggregate,Do not add maintenance_cost and detail_part_price unless Jejuro confirms whether cost already includes parts.
8570,1956,24년 BMW 420i 컨버터블(휘),IMPORTED,13,2024-04-30 00:00:00,2026-08-12 09:11:00,0,0,0,12,15344,56165,,unavailable,observed_aggregate,Do not add maintenance_cost and detail_part_price unless Jejuro confirms whether cost already includes parts.
8571,1956,24년 BMW 420i 컨버터블(휘),IMPORTED,14,2024-04-30 00:00:00,2026-06-11 06:25:00,0,0,0,13,13667,54512,,unavailable,observed_aggregate,Do not add maintenance_cost and detail_part_price unless Jejuro confirms whether cost already includes parts.
8572,1956,24년 BMW 420i 컨버터블(휘),IMPORTED,10,2024-04-26 00:00:00,2026-03-30 08:16:00,0,0,0,9,14345,46526,,unavailable,observed_aggregate,Do not add maintenance_cost and detail_part_price unless Jejuro confirms whether cost already includes parts.
8573,1863,20년 쏘나타DN8(휘),MIDSIZE,27,2020-02-12 00:00:00,2026-02-03 08:11:00,0,0,0,26,10399,999999999,,unavailable,observed_aggregate,Do not add maintenance_cost and detail_part_price unless Jejuro confirms whether cost already includes parts.
8574,1863,20년 쏘나타DN8(휘),MIDSIZE,20,2020-03-13 00:00:00,2025-09-22 00:00:00,0,0,0,20,9894,146083,,unavailable,observed_aggregate,Do not add maintenance_cost and detail_part_price unless Jejuro confirms whether cost already includes parts.
8575,1863,20년 쏘나타DN8(휘),MIDSIZE,25,2019-10-19 00:00:00,2025-12-27 05:55:00,0,0,0,25,11484,160358,,unavailable,observed_aggregate,Do not add maintenance_cost and detail_part_price unless Jejuro confirms whether cost already includes parts.
8576,1863,20년 쏘나타DN8(휘),MIDSIZE,31,2019-11-13 00:00:00,2025-11-25 07:58:00,0,0,105160,31,15031,162658,,unavailable,observed_aggregate,Do not add maintenance_cost and detail_part_price unless Jejuro confirms whether cost already includes parts.
8577,1863,20년 쏘나타DN8(휘),MIDSIZE,24,2019-11-13 00:00:00,2026-01-15 02:06:00,0,0,0,24,14656,165645,,unavailable,observed_aggregate,Do not add maintenance_cost and detail_part_price unless Jejuro confirms whether cost already includes parts.
8578,1863,20년 쏘나타DN8(휘),MIDSIZE,30,2019-10-26 00:00:00,2026-01-10 01:37:00,0,0,0,30,12293,165391,,unavailable,observed_aggregate,Do not add maintenance_cost and detail_part_price unless Jejuro confirms whether cost already includes parts.
8579,1863,20년 쏘나타DN8(휘),MIDSIZE,34,2019-09-23 00:00:00,2025-10-23 00:53:00,11000,0,0,34,8057,156757,,unavailable,observed_aggregate,Do not add maintenance_cost and detail_part_price unless Jejuro confirms whether cost already includes parts.
8580,1864,20년 쏘나타DN8(LPG),MIDSIZE,29,2020-02-19 00:00:00,2025-09-18 00:00:00,0,0,0,29,10178,144612,,unavailable,observed_aggregate,Do not add maintenance_cost and detail_part_price unless Jejuro confirms whether cost already includes parts.
8581,1864,20년 쏘나타DN8(LPG),MIDSIZE,32,2019-11-17 00:00:00,2025-11-25 23:41:00,0,0,0,32,14267,164670,,unavailable,observed_aggregate,Do not add maintenance_cost and detail_part_price unless Jejuro confirms whether cost already includes parts.
8582,1864,20년 쏘나타DN8(LPG),MIDSIZE,31,2019-10-17 00:00:00,2026-02-09 09:22:00,0,0,0,31,13018,2147483647,,unavailable,observed_aggregate,Do not add maintenance_cost and detail_part_price unless Jejuro confirms whether cost already includes parts.
8583,1864,20년 쏘나타DN8(LPG),MIDSIZE,33,2019-08-10 00:00:00,2025-09-08 04:49:00,0,0,0,33,3090,160328,,unavailable,observed_aggregate,Do not add maintenance_cost and detail_part_price unless Jejuro confirms whether cost already includes parts.
8584,1864,20년 쏘나타DN8(LPG),MIDSIZE,31,2019-10-19 00:00:00,2025-10-15 23:19:00,77000,0,0,31,9876,167567,,unavailable,observed_aggregate,Do not add maintenance_cost and detail_part_price unless Jejuro confirms whether cost already includes parts.
8585,1864,20년 쏘나타DN8(LPG),MIDSIZE,31,2019-10-26 00:00:00,2026-01-03 03:00:00,0,0,0,31,12976,611001,,unavailable,observed_aggregate,Do not add maintenance_cost and detail_part_price unless Jejuro confirms whether cost already includes parts.
8586,1876,20년 올뉴k3(휘),COMPACT,23,2021-04-08 00:00:00,2026-08-13 01:09:00,0,0,0,23,12762,163827,,unavailable,observed_aggregate,Do not add maintenance_cost and detail_part_price unless Jejuro confirms whether cost already includes parts.
8587,1876,20년 올뉴k3(휘),COMPACT,21,2021-04-13 00:00:00,2026-03-14 08:06:00,0,0,0,21,13159,147664,,unavailable,observed_aggregate,Do not add maintenance_cost and detail_part_price unless Jejuro confirms whether cost already includes parts.
8588,1876,20년 올뉴k3(휘),COMPACT,26,2021-02-01 00:00:00,2026-07-25 01:10:00,0,0,622500,26,5854,162857,,unavailable,observed_aggregate,Do not add maintenance_cost and detail_part_price unless Jejuro confirms whether cost already includes parts.
8589,1876,20년 올뉴k3(휘),COMPACT,24,2021-04-22 00:00:00,2026-05-10 01:08:00,0,0,0,24,14487,150877,,unavailable,observed_aggregate,Do not add maintenance_cost and detail_part_price unless Jejuro confirms whether cost already includes parts.
8590,1876,20년 올뉴k3(휘),COMPACT,30,2020-09-01 00:00:00,2026-07-11 00:35:00,0,0,0,30,9803,173313,,unavailable,observed_aggregate,Do not add maintenance_cost and detail_part_price unless Jejuro confirms whether cost already includes parts.
8591,1876,20년 올뉴k3(휘),COMPACT,25,2021-04-13 00:00:00,2026-05-06 03:51:00,79000,0,0,24,12591,158074,,unavailable,observed_aggregate,Do not add maintenance_cost and detail_part_price unless Jejuro confirms whether cost already includes parts.
8592,1876,20년 올뉴k3(휘),COMPACT,28,2020-05-23 00:00:00,2026-07-23 04:17:00,0,0,0,27,8761,170821,,unavailable,observed_aggregate,Do not add maintenance_cost and detail_part_price unless Jejuro confirms whether cost already includes parts.
8593,1876,20년 올뉴k3(휘),COMPACT,27,2020-05-23 00:00:00,2026-04-06 07:06:00,0,0,0,26,10506,174029,,unavailable,observed_aggregate,Do not add maintenance_cost and detail_part_price unless Jejuro confirms whether cost already includes parts.
8594,1876,20년 올뉴k3(휘),COMPACT,27,2020-05-23 00:00:00,2026-07-04 00:21:00,0,0,0,27,12,176032,,unavailable,observed_aggregate,Do not add maintenance_cost and detail_part_price unless Jejuro confirms whether cost already includes parts.
8595,1876,20년 올뉴k3(휘),COMPACT,33,2020-05-23 00:00:00,2026-06-15 07:55:00,0,0,300000,32,11050,171120,,unavailable,observed_aggregate,Do not add maintenance_cost and detail_part_price unless Jejuro confirms whether cost already includes parts.
8596,1877,20년 테슬라 모델3(전기),IMPORTED,17,2021-09-17 00:00:00,2026-06-30 06:17:00,45342,0,441800,17,21405,106649,,unavailable,observed_aggregate,Do not add maintenance_cost and detail_part_price unless Jejuro confirms whether cost already includes parts.
8597,1877,20년 테슬라 모델3(전기),IMPORTED,19,2021-09-17 00:00:00,2026-08-01 04:16:00,0,0,160160,19,24907,108001,,unavailable,observed_aggregate,Do not add maintenance_cost and detail_part_price unless Jejuro confirms whether cost already includes parts.
8598,1877,20년 테슬라 모델3(전기),IMPORTED,12,2021-09-17 00:00:00,2026-08-05 09:13:00,0,0,0,12,21466,111686,,unavailable,observed_aggregate,Do not add maintenance_cost and detail_part_price unless Jejuro confirms whether cost already includes parts.
8599,1877,20년 테슬라 모델3(전기),IMPORTED,19,2021-07-26 00:00:00,2026-06-15 00:00:00,0,0,0,18,21617,108891,,unavailable,observed_aggregate,Do not add maintenance_cost and detail_part_price unless Jejuro confirms whether cost already includes parts.
8600,1877,20년 테슬라 모델3(전기),IMPORTED,13,2022-07-08 00:00:00,2026-05-21 00:00:00,0,0,183150,13,39964,113762,,unavailable,observed_aggregate,Do not add maintenance_cost and detail_part_price unless Jejuro confirms whether cost already includes parts.
8601,1888,21년 4세대 카니발 리무진 7인승(경유),RV,22,2021-08-29 00:00:00,2026-05-30 03:58:00,0,0,0,22,12639,108729,,unavailable,observed_aggregate,Do not add maintenance_cost and detail_part_price unless Jejuro confirms whether cost already includes parts.
8602,1888,21년 4세대 카니발 리무진 7인승(경유),RV,25,2021-08-24 00:00:00,2026-08-06 02:17:00,0,0,0,25,11622,111012,,unavailable,observed_aggregate,Do not add maintenance_cost and detail_part_price unless Jejuro confirms whether cost already includes parts.
8603,1888,21년 4세대 카니발 리무진 7인승(경유),RV,17,2021-11-02 00:00:00,2026-05-13 01:22:00,0,0,173030,17,14132,99812,,unavailable,observed_aggregate,Do not add maintenance_cost and detail_part_price unless Jejuro confirms whether cost already includes parts.
8604,1888,21년 4세대 카니발 리무진 7인승(경유),RV,17,2021-12-22 00:00:00,2026-05-11 05:37:00,178090,0,0,17,20202,106779,,unavailable,observed_aggregate,Do not add maintenance_cost and detail_part_price unless Jejuro confirms whether cost already includes parts.
8605,1888,21년 4세대 카니발 리무진 7인승(경유),RV,16,2021-08-23 00:00:00,2026-04-02 23:24:00,0,0,0,16,10779,101565,,unavailable,observed_aggregate,Do not add maintenance_cost and detail_part_price unless Jejuro confirms whether cost already includes parts.
8606,1888,21년 4세대 카니발 리무진 7인승(경유),RV,10,2021-05-20 00:00:00,2024-03-19 09:00:00,0,0,0,10,4265,76000,,unavailable,observed_aggregate,Do not add maintenance_cost and detail_part_price unless Jejuro confirms whether cost already includes parts.
8607,1888,21년 4세대 카니발 리무진 7인승(경유),RV,10,2021-07-19 00:00:00,2024-06-06 00:00:00,0,0,0,10,8498,78073,,unavailable,observed_aggregate,Do not add maintenance_cost and detail_part_price unless Jejuro confirms whether cost already includes parts.
8608,1888,21년 4세대 카니발 리무진 7인승(경유),RV,11,2021-08-29 00:00:00,2024-07-12 00:00:00,0,0,0,11,11275,76121,,unavailable,observed_aggregate,Do not add maintenance_cost and detail_part_price unless Jejuro confirms whether cost already includes parts.
8609,1888,21년 4세대 카니발 리무진 7인승(경유),RV,11,2021-09-02 00:00:00,2024-06-17 00:00:00,0,0,0,11,12221,76716,,unavailable,observed_aggregate,Do not add maintenance_cost and detail_part_price unless Jejuro confirms whether cost already includes parts.
8610,1888,21년 4세대 카니발 리무진 7인승(경유),RV,11,2021-08-23 00:00:00,2024-07-30 00:00:00,0,0,0,11,10302,71682,,unavailable,observed_aggregate,Do not add maintenance_cost and detail_part_price unless Jejuro confirms whether cost already includes parts.
8611,1899,21/22년 트레일블레이저(휘),SUV,19,2022-01-13 00:00:00,2026-08-09 05:31:00,304210,0,0,18,23787,129936,,unavailable,observed_aggregate,Do not add maintenance_cost and detail_part_price unless Jejuro confirms whether cost already includes parts.
8612,1899,21/22년 트레일블레이저(휘),SUV,18,2021-09-05 00:00:00,2026-05-22 00:27:00,0,0,0,18,11365,119603,,unavailable,observed_aggregate,Do not add maintenance_cost and detail_part_price unless Jejuro confirms whether cost already includes parts.
8613,1899,21/22년 트레일블레이저(휘),SUV,20,2021-09-01 00:00:00,2026-04-12 00:36:00,0,0,46816,20,10999,113951,,unavailable,observed_aggregate,Do not add maintenance_cost and detail_part_price unless Jejuro confirms whether cost already includes parts.
8614,1899,21/22년 트레일블레이저(휘),SUV,16,2022-02-09 00:00:00,2026-07-19 01:31:00,0,0,0,16,26031,125601,,unavailable,observed_aggregate,Do not add maintenance_cost and detail_part_price unless Jejuro confirms whether cost already includes parts.
8615,1899,21/22년 트레일블레이저(휘),SUV,21,2021-09-10 00:00:00,2026-04-05 06:06:00,123200,0,0,21,10700,117454,,unavailable,observed_aggregate,Do not add maintenance_cost and detail_part_price unless Jejuro confirms whether cost already includes parts.
8616,1899,21/22년 트레일블레이저(휘),SUV,12,2023-04-12 00:00:00,2026-08-10 09:21:00,0,0,0,12,10734,83386,,unavailable,observed_aggregate,Do not add maintenance_cost and detail_part_price unless Jejuro confirms whether cost already includes parts.
8617,1899,21/22년 트레일블레이저(휘),SUV,14,2023-04-24 00:00:00,2026-07-30 05:56:00,0,0,0,14,10308,79580,,unavailable,observed_aggregate,Do not add maintenance_cost and detail_part_price unless Jejuro confirms whether cost already includes parts.
8618,1899,21/22년 트레일블레이저(휘),SUV,9,2023-04-17 00:00:00,2026-02-01 01:00:00,0,0,0,9,11090,70634,,unavailable,observed_aggregate,Do not add maintenance_cost and detail_part_price unless Jejuro confirms whether cost already includes parts.
8619,1881,21년 4세대카니발 9인승(경유),RV,13,2021-08-17 00:00:00,2024-08-27 00:00:00,0,0,0,13,12775,76290,,unavailable,observed_aggregate,Do not add maintenance_cost and detail_part_price unless Jejuro confirms whether cost already includes parts.
8620,1881,21년 4세대카니발 9인승(경유),RV,8,2021-10-18 00:00:00,2024-07-15 00:00:00,0,0,0,8,15514,81716,,unavailable,observed_aggregate,Do not add maintenance_cost and detail_part_price unless Jejuro confirms whether cost already includes parts.
8621,1881,21년 4세대카니발 9인승(경유),RV,14,2021-10-06 00:00:00,2024-12-08 04:42:00,0,0,0,14,16334,78630,,unavailable,observed_aggregate,Do not add maintenance_cost and detail_part_price unless Jejuro confirms whether cost already includes parts.
8622,1881,21년 4세대카니발 9인승(경유),RV,10,2022-01-18 00:00:00,2024-06-17 00:00:00,0,0,0,9,20668,70591,,unavailable,observed_aggregate,Do not add maintenance_cost and detail_part_price unless Jejuro confirms whether cost already includes parts.
8623,1881,21년 4세대카니발 9인승(경유),RV,9,2021-11-21 00:00:00,2024-07-03 00:00:00,0,0,0,9,18510,74607,,unavailable,observed_aggregate,Do not add maintenance_cost and detail_part_price unless Jejuro confirms whether cost already includes parts.
8624,1881,21년 4세대카니발 9인승(경유),RV,8,2022-01-10 00:00:00,2024-07-15 09:00:00,0,0,0,8,13388,64719,,unavailable,observed_aggregate,Do not add maintenance_cost and detail_part_price unless Jejuro confirms whether cost already includes parts.
8625,1881,21년 4세대카니발 9인승(경유),RV,8,2022-02-13 00:00:00,2024-07-15 09:00:00,0,0,0,8,12701,66905,,unavailable,observed_aggregate,Do not add maintenance_cost and detail_part_price unless Jejuro confirms whether cost already includes parts.
8626,1881,21년 4세대카니발 9인승(경유),RV,10,2021-12-19 00:00:00,2024-07-24 00:00:00,0,0,0,10,9119,66885,,unavailable,observed_aggregate,Do not add maintenance_cost and detail_part_price unless Jejuro confirms whether cost already includes parts.
8627,1881,21년 4세대카니발 9인승(경유),RV,10,2021-12-07 00:00:00,2024-07-15 09:00:00,0,0,0,10,10962,61561,,unavailable,observed_aggregate,Do not add maintenance_cost and detail_part_price unless Jejuro confirms whether cost already includes parts.
8628,1881,21년 4세대카니발 9인승(경유),RV,8,2022-01-24 00:00:00,2024-07-01 09:00:00,0,0,0,8,12256,68579,,unavailable,observed_aggregate,Do not add maintenance_cost and detail_part_price unless Jejuro confirms whether cost already includes parts.
8629,1881,21년 4세대카니발 9인승(경유),RV,12,2021-06-07 00:00:00,2025-02-07 00:00:00,0,0,0,12,11009,83281,,unavailable,observed_aggregate,Do not add maintenance_cost and detail_part_price unless Jejuro confirms whether cost already includes parts.
8630,1881,21년 4세대카니발 9인승(경유),RV,9,2021-06-01 00:00:00,2024-07-17 00:00:00,0,0,0,9,10328,73662,,unavailable,observed_aggregate,Do not add maintenance_cost and detail_part_price unless Jejuro confirms whether cost already includes parts.
8631,1881,21년 4세대카니발 9인승(경유),RV,11,2021-06-09 00:00:00,2024-06-28 00:00:00,0,0,0,10,10545,79004,,unavailable,observed_aggregate,Do not add maintenance_cost and detail_part_price unless Jejuro confirms whether cost already includes parts.
8632,1881,21년 4세대카니발 9인승(경유),RV,12,2021-06-28 00:00:00,2024-11-26 00:16:00,0,0,0,12,12105,82281,,unavailable,observed_aggregate,Do not add maintenance_cost and detail_part_price unless Jejuro confirms whether cost already includes parts.
8633,1881,21년 4세대카니발 9인승(경유),RV,13,2021-03-19 00:00:00,2025-02-07 00:00:00,0,0,0,13,2939,88213,,unavailable,observed_aggregate,Do not add maintenance_cost and detail_part_price unless Jejuro confirms whether cost already includes parts.
8634,1895,21년 머스탱 컨버터블(휘),IMPORTED,22,2021-10-08 00:00:00,2025-10-25 23:52:00,0,0,260000,21,13940,92574,,unavailable,observed_aggregate,Do not add maintenance_cost and detail_part_price unless Jejuro confirms whether cost already includes parts.
8635,1895,21년 머스탱 컨버터블(휘),IMPORTED,19,2021-11-01 00:00:00,2025-08-07 22:59:00,0,0,0,19,14363,88155,,unavailable,observed_aggregate,Do not add maintenance_cost and detail_part_price unless Jejuro confirms whether cost already includes parts.
8636,1895,21년 머스탱 컨버터블(휘),IMPORTED,23,2021-10-26 00:00:00,2025-10-25 23:53:00,0,0,0,23,14394,93809,,unavailable,observed_aggregate,Do not add maintenance_cost and detail_part_price unless Jejuro confirms whether cost already includes parts.
8637,1915,22년 모닝(휘),URBAN,14,2023-03-09 00:00:00,2026-04-10 00:27:00,0,0,0,13,17588,92894,,unavailable,observed_aggregate,Do not add maintenance_cost and detail_part_price unless Jejuro confirms whether cost already includes parts.
8638,1915,22년 모닝(휘),URBAN,14,2022-12-07 00:00:00,2026-03-12 00:00:00,0,0,0,13,13540,91895,,unavailable,observed_aggregate,Do not add maintenance_cost and detail_part_price unless Jejuro confirms whether cost already includes parts.
8639,1915,22년 모닝(휘),URBAN,17,2023-02-28 00:00:00,2026-03-08 00:33:00,0,0,0,17,17290,91100,,unavailable,observed_aggregate,Do not add maintenance_cost and detail_part_price unless Jejuro confirms whether cost already includes parts.
8640,1915,22년 모닝(휘),URBAN,6,2023-02-13 00:00:00,2024-06-19 00:00:00,0,0,0,6,14089,47923,,unavailable,observed_aggregate,Do not add maintenance_cost and detail_part_price unless Jejuro confirms whether cost already includes parts.
8641,1915,22년 모닝(휘),URBAN,6,2023-01-12 00:00:00,2024-07-01 00:00:00,0,0,0,6,16203,53122,,unavailable,observed_aggregate,Do not add maintenance_cost and detail_part_price unless Jejuro confirms whether cost already includes parts.
8642,1915,22년 모닝(휘),URBAN,6,2022-10-19 00:00:00,2024-06-06 00:00:00,0,0,0,6,12850,48907,,unavailable,observed_aggregate,Do not add maintenance_cost and detail_part_price unless Jejuro confirms whether cost already includes parts.
8643,1915,22년 모닝(휘),URBAN,10,2022-11-28 00:00:00,2025-04-10 00:00:00,40000,0,0,10,16925,75228,,unavailable,observed_aggregate,Do not add maintenance_cost and detail_part_price unless Jejuro confirms whether cost already includes parts.
8644,1915,22년 모닝(휘),URBAN,8,2022-10-24 00:00:00,2025-01-05 01:40:00,0,0,0,8,15709,62906,,unavailable,observed_aggregate,Do not add maintenance_cost and detail_part_price unless Jejuro confirms whether cost already includes parts.
8645,1915,22년 모닝(휘),URBAN,9,2022-11-02 00:00:00,2024-12-16 07:59:00,0,0,0,9,15932,65437,,unavailable,observed_aggregate,Do not add maintenance_cost and detail_part_price unless Jejuro confirms whether cost already includes parts.
8646,1915,22년 모닝(휘),URBAN,8,2023-01-05 00:00:00,2024-12-08 06:30:00,0,0,0,8,18997,61431,,unavailable,observed_aggregate,Do not add maintenance_cost and detail_part_price unless Jejuro confirms whether cost already includes parts.
8647,1915,22년 모닝(휘),URBAN,7,2022-09-23 00:00:00,2024-12-03 02:05:00,0,0,0,7,13036,68796,,unavailable,observed_aggregate,Do not add maintenance_cost and detail_part_price unless Jejuro confirms whether cost already includes parts.
8648,1915,22년 모닝(휘),URBAN,9,2023-02-08 00:00:00,2025-01-04 01:10:00,0,0,0,9,20986,67017,,unavailable,observed_aggregate,Do not add maintenance_cost and detail_part_price unless Jejuro confirms whether cost already includes parts.
8649,1915,22년 모닝(휘),URBAN,21,2023-04-12 00:00:00,2026-08-16 05:46:00,0,0,220000,21,19988,105246,,unavailable,observed_aggregate,Do not add maintenance_cost and detail_part_price unless Jejuro confirms whether cost already includes parts.
8650,1915,22년 모닝(휘),URBAN,17,2022-09-27 00:00:00,2026-07-30 00:01:00,0,0,0,17,14187,106351,,unavailable,observed_aggregate,Do not add maintenance_cost and detail_part_price unless Jejuro confirms whether cost already includes parts.
8651,1915,22년 모닝(휘),URBAN,16,2023-06-12 00:00:00,2026-06-14 00:20:00,0,0,0,16,24194,101119,,unavailable,observed_aggregate,Do not add maintenance_cost and detail_part_price unless Jejuro confirms whether cost already includes parts.
8652,1915,22년 모닝(휘),URBAN,17,2022-10-13 00:00:00,2026-08-01 08:00:00,0,0,0,17,12951,101205,,unavailable,observed_aggregate,Do not add maintenance_cost and detail_part_price unless Jejuro confirms whether cost already includes parts.
8653,1915,22년 모닝(휘),URBAN,14,2023-04-07 00:00:00,2026-08-16 04:11:00,0,0,0,14,19968,106076,,unavailable,observed_aggregate,Do not add maintenance_cost and detail_part_price unless Jejuro confirms whether cost already includes parts.
8654,1915,22년 모닝(휘),URBAN,17,2023-05-19 00:00:00,2026-08-13 04:29:00,0,0,0,17,21589,92100,,unavailable,observed_aggregate,Do not add maintenance_cost and detail_part_price unless Jejuro confirms whether cost already includes parts.
8655,1915,22년 모닝(휘),URBAN,14,2023-01-30 00:00:00,2026-08-16 04:28:00,0,0,82390,14,17711,103027,,unavailable,observed_aggregate,Do not add maintenance_cost and detail_part_price unless Jejuro confirms whether cost already includes parts.
8656,1915,22년 모닝(휘),URBAN,19,2022-09-26 00:00:00,2026-07-29 09:29:00,0,0,0,19,11236,102306,,unavailable,observed_aggregate,Do not add maintenance_cost and detail_part_price unless Jejuro confirms whether cost already includes parts.
8657,1915,22년 모닝(휘),URBAN,15,2023-01-10 00:00:00,2026-05-28 23:38:00,0,0,0,15,15715,96247,,unavailable,observed_aggregate,Do not add maintenance_cost and detail_part_price unless Jejuro confirms whether cost already includes parts.
8658,1915,22년 모닝(휘),URBAN,16,2022-10-11 00:00:00,2026-08-16 04:14:00,0,0,0,16,12406,107786,,unavailable,observed_aggregate,Do not add maintenance_cost and detail_part_price unless Jejuro confirms whether cost already includes parts.
8659,1915,22년 모닝(휘),URBAN,17,2022-10-25 00:00:00,2026-07-30 09:18:00,0,0,0,17,12055,95160,,unavailable,observed_aggregate,Do not add maintenance_cost and detail_part_price unless Jejuro confirms whether cost already includes parts.
8660,1915,22년 모닝(휘),URBAN,20,2022-12-06 00:00:00,2026-07-19 05:42:00,0,0,0,20,12764,100013,,unavailable,observed_aggregate,Do not add maintenance_cost and detail_part_price unless Jejuro confirms whether cost already includes parts.
8661,1915,22년 모닝(휘),URBAN,6,2023-05-25 00:00:00,2024-06-17 00:00:00,0,0,0,6,22126,49333,,unavailable,observed_aggregate,Do not add maintenance_cost and detail_part_price unless Jejuro confirms whether cost already includes parts.
8662,1915,22년 모닝(휘),URBAN,2,2024-05-24 00:00:00,2024-06-06 00:00:00,0,0,0,2,44186,45372,,unavailable,observed_aggregate,Do not add maintenance_cost and detail_part_price unless Jejuro confirms whether cost already includes parts.
8663,1915,22년 모닝(휘),URBAN,6,2022-11-22 00:00:00,2024-07-29 00:00:00,0,0,0,6,12367,51725,,unavailable,observed_aggregate,Do not add maintenance_cost and detail_part_price unless Jejuro confirms whether cost already includes parts.
8664,1915,22년 모닝(휘),URBAN,7,2022-10-26 00:00:00,2024-07-02 00:00:00,0,0,0,7,11844,49765,,unavailable,observed_aggregate,Do not add maintenance_cost and detail_part_price unless Jejuro confirms whether cost already includes parts.
8665,1915,22년 모닝(휘),URBAN,6,2022-11-02 00:00:00,2024-06-19 00:00:00,0,0,0,6,12168,48400,,unavailable,observed_aggregate,Do not add maintenance_cost and detail_part_price unless Jejuro confirms whether cost already includes parts.
8666,1915,22년 모닝(휘),URBAN,6,2022-11-08 00:00:00,2024-06-26 00:00:00,0,0,0,6,11533,49767,,unavailable,observed_aggregate,Do not add maintenance_cost and detail_part_price unless Jejuro confirms whether cost already includes parts.
8667,1921,22년 볼보 XC40(휘),IMPORTED,10,2023-08-29 00:00:00,2026-04-30 00:00:00,0,0,0,10,14852,67633,,unavailable,observed_aggregate,Do not add maintenance_cost and detail_part_price unless Jejuro confirms whether cost already includes parts.
8668,1921,22년 볼보 XC40(휘),IMPORTED,15,2023-04-26 00:00:00,2026-04-30 00:00:00,0,0,0,15,8976,67860,,unavailable,observed_aggregate,Do not add maintenance_cost and detail_part_price unless Jejuro confirms whether cost already includes parts.
8669,1920,22년 스타리아 11인승(경유),RV,8,2023-03-08 00:00:00,2024-08-28 00:00:00,0,0,0,8,10623,43355,,unavailable,observed_aggregate,Do not add maintenance_cost and detail_part_price unless Jejuro confirms whether cost already includes parts.
8670,1920,22년 스타리아 11인승(경유),RV,6,2022-11-29 00:00:00,2024-06-17 00:00:00,0,0,0,6,3900,41641,,unavailable,observed_aggregate,Do not add maintenance_cost and detail_part_price unless Jejuro confirms whether cost already includes parts.
8671,1920,22년 스타리아 11인승(경유),RV,4,2023-04-11 00:00:00,2024-07-03 00:00:00,0,0,0,4,10905,38282,,unavailable,observed_aggregate,Do not add maintenance_cost and detail_part_price unless Jejuro confirms whether cost already includes parts.
8672,1920,22년 스타리아 11인승(경유),RV,4,2023-03-17 00:00:00,2024-04-26 00:00:00,0,0,0,4,10095,34490,,unavailable,observed_aggregate,Do not add maintenance_cost and detail_part_price unless Jejuro confirms whether cost already includes parts.
8673,1920,22년 스타리아 11인승(경유),RV,4,2023-03-01 00:00:00,2024-06-24 00:00:00,0,0,0,4,11961,40556,,unavailable,observed_aggregate,Do not add maintenance_cost and detail_part_price unless Jejuro confirms whether cost already includes parts.
8674,1920,22년 스타리아 11인승(경유),RV,9,2022-11-22 00:00:00,2025-07-18 00:00:00,0,0,0,9,10970,67179,,unavailable,observed_aggregate,Do not add maintenance_cost and detail_part_price unless Jejuro confirms whether cost already includes parts.
8675,1920,22년 스타리아 11인승(경유),RV,15,2022-12-05 00:00:00,2025-09-16 09:53:00,0,0,0,15,10739,75334,,unavailable,observed_aggregate,Do not add maintenance_cost and detail_part_price unless Jejuro confirms whether cost already includes parts.
8676,1920,22년 스타리아 11인승(경유),RV,10,2022-12-07 00:00:00,2025-10-25 23:54:00,0,0,0,10,10028,71360,,unavailable,observed_aggregate,Do not add maintenance_cost and detail_part_price unless Jejuro confirms whether cost already includes parts.
8677,1920,22년 스타리아 11인승(경유),RV,8,2023-01-12 00:00:00,2025-06-20 00:00:00,0,0,0,8,12134,62825,,unavailable,observed_aggregate,Do not add maintenance_cost and detail_part_price unless Jejuro confirms whether cost already includes parts.
8678,1920,22년 스타리아 11인승(경유),RV,9,2023-03-01 00:00:00,2026-02-03 08:42:00,0,0,0,9,16621,999999999,,unavailable,observed_aggregate,Do not add maintenance_cost and detail_part_price unless Jejuro confirms whether cost already includes parts.
8679,1904,22년 스타리아 9인승(경유),RV,11,2022-04-13 00:00:00,2025-08-25 01:07:00,0,0,0,10,17233,76750,,unavailable,observed_aggregate,Do not add maintenance_cost and detail_part_price unless Jejuro confirms whether cost already includes parts.
8680,1904,22년 스타리아 9인승(경유),RV,12,2022-04-20 00:00:00,2025-09-08 08:31:00,0,0,0,12,14499,66413,,unavailable,observed_aggregate,Do not add maintenance_cost and detail_part_price unless Jejuro confirms whether cost already includes parts.
8681,1904,22년 스타리아 9인승(경유),RV,9,2022-03-04 00:00:00,2025-07-01 00:00:00,0,0,0,9,12171,65653,,unavailable,observed_aggregate,Do not add maintenance_cost and detail_part_price unless Jejuro confirms whether cost already includes parts.
8682,1904,22년 스타리아 9인승(경유),RV,17,2022-03-04 00:00:00,2025-09-09 01:53:00,0,0,77330,17,12681,76021,,unavailable,observed_aggregate,Do not add maintenance_cost and detail_part_price unless Jejuro confirms whether cost already includes parts.
8683,1904,22년 스타리아 9인승(경유),RV,12,2022-04-27 00:00:00,2025-08-11 00:00:00,0,0,0,12,14297,63294,,unavailable,observed_aggregate,Do not add maintenance_cost and detail_part_price unless Jejuro confirms whether cost already includes parts.
8684,1904,22년 스타리아 9인승(경유),RV,12,2022-03-13 00:00:00,2025-09-12 23:23:00,0,0,0,12,11163,67523,,unavailable,observed_aggregate,Do not add maintenance_cost and detail_part_price unless Jejuro confirms whether cost already includes parts.
8685,1904,22년 스타리아 9인승(경유),RV,3,2022-10-07 00:00:00,2024-05-20 09:00:00,0,0,0,3,11816,31841,,unavailable,observed_aggregate,Do not add maintenance_cost and detail_part_price unless Jejuro confirms whether cost already includes parts.
8686,1904,22년 스타리아 9인승(경유),RV,5,2022-11-03 00:00:00,2024-08-16 00:00:00,0,0,0,5,13450,38623,,unavailable,observed_aggregate,Do not add maintenance_cost and detail_part_price unless Jejuro confirms whether cost already includes parts.
8687,1904,22년 스타리아 9인승(경유),RV,4,2022-09-27 00:00:00,2024-07-12 00:00:00,0,0,0,4,11386,39884,,unavailable,observed_aggregate,Do not add maintenance_cost and detail_part_price unless Jejuro confirms whether cost already includes parts.
8688,1904,22년 스타리아 9인승(경유),RV,3,2023-04-12 00:00:00,2024-05-17 09:00:00,0,0,0,3,20314,38303,,unavailable,observed_aggregate,Do not add maintenance_cost and detail_part_price unless Jejuro confirms whether cost already includes parts.
8689,1904,22년 스타리아 9인승(경유),RV,5,2022-11-17 00:00:00,2024-06-28 00:00:00,0,0,0,5,15160,39563,,unavailable,observed_aggregate,Do not add maintenance_cost and detail_part_price unless Jejuro confirms whether cost already includes parts.
8690,1904,22년 스타리아 9인승(경유),RV,8,2023-03-27 00:00:00,2025-08-06 01:10:00,0,0,0,8,12573,42206,,unavailable,observed_aggregate,Do not add maintenance_cost and detail_part_price unless Jejuro confirms whether cost already includes parts.
8691,1904,22년 스타리아 9인승(경유),RV,9,2023-04-17 00:00:00,2025-07-31 05:55:00,0,0,0,9,14231,44904,,unavailable,observed_aggregate,Do not add maintenance_cost and detail_part_price unless Jejuro confirms whether cost already includes parts.
8692,1904,22년 스타리아 9인승(경유),RV,8,2022-11-02 00:00:00,2025-09-02 09:32:00,0,0,0,8,10358,54332,,unavailable,observed_aggregate,Do not add maintenance_cost and detail_part_price unless Jejuro confirms whether cost already includes parts.
8693,1904,22년 스타리아 9인승(경유),RV,8,2023-08-11 00:00:00,2025-09-09 22:53:00,0,0,0,8,20996,46541,,unavailable,observed_aggregate,Do not add maintenance_cost and detail_part_price unless Jejuro confirms whether cost already includes parts.
8694,1904,22년 스타리아 9인승(경유),RV,7,2023-03-01 00:00:00,2025-07-06 04:01:00,0,0,0,7,11085,42013,,unavailable,observed_aggregate,Do not add maintenance_cost and detail_part_price unless Jejuro confirms whether cost already includes parts.
8695,1909,22년 스포티지(경유),SUV,10,2022-09-16 00:00:00,2025-09-01 00:00:00,0,0,0,10,19056,78424,,unavailable,observed_aggregate,Do not add maintenance_cost and detail_part_price unless Jejuro confirms whether cost already includes parts.
8696,1909,22년 스포티지(경유),SUV,12,2022-05-02 00:00:00,2025-09-15 07:48:00,0,0,0,12,10258,80881,,unavailable,observed_aggregate,Do not add maintenance_cost and detail_part_price unless Jejuro confirms whether cost already includes parts.
8697,1909,22년 스포티지(경유),SUV,9,2023-03-20 00:00:00,2025-09-20 07:00:00,0,0,0,9,27566,81056,,unavailable,observed_aggregate,Do not add maintenance_cost and detail_part_price unless Jejuro confirms whether cost already includes parts.
8698,1909,22년 스포티지(경유),SUV,11,2022-06-07 00:00:00,2025-09-23 09:16:00,0,0,0,11,12148,80840,,unavailable,observed_aggregate,Do not add maintenance_cost and detail_part_price unless Jejuro confirms whether cost already includes parts.
8699,1909,22년 스포티지(경유),SUV,13,2022-05-09 00:00:00,2025-08-21 00:00:00,80000,0,0,13,10710,78842,,unavailable,observed_aggregate,Do not add maintenance_cost and detail_part_price unless Jejuro confirms whether cost already includes parts.
8700,1909,22년 스포티지(경유),SUV,14,2022-06-01 00:00:00,2025-09-23 09:13:00,0,0,0,14,13177,85615,,unavailable,observed_aggregate,Do not add maintenance_cost and detail_part_price unless Jejuro confirms whether cost already includes parts.
8701,1909,22년 스포티지(경유),SUV,12,2022-05-31 00:00:00,2025-09-17 04:46:00,0,0,0,12,11425,82587,,unavailable,observed_aggregate,Do not add maintenance_cost and detail_part_price unless Jejuro confirms whether cost already includes parts.
8702,1909,22년 스포티지(경유),SUV,14,2022-07-11 00:00:00,2025-09-18 00:00:00,0,0,50000,14,15361,82066,,unavailable,observed_aggregate,Do not add maintenance_cost and detail_part_price unless Jejuro confirms whether cost already includes parts.
8703,1909,22년 스포티지(경유),SUV,13,2022-05-03 00:00:00,2025-09-24 23:34:00,0,0,0,13,11828,80776,,unavailable,observed_aggregate,Do not add maintenance_cost and detail_part_price unless Jejuro confirms whether cost already includes parts.
8704,1909,22년 스포티지(경유),SUV,12,2022-07-04 00:00:00,2025-09-11 06:19:00,0,0,0,12,12361,80249,,unavailable,observed_aggregate,Do not add maintenance_cost and detail_part_price unless Jejuro confirms whether cost already includes parts.
8705,1907,22년 캐스퍼(휘),URBAN,9,2022-04-26 00:00:00,2024-04-26 00:00:00,0,0,0,9,11030,63449,,unavailable,observed_aggregate,Do not add maintenance_cost and detail_part_price unless Jejuro confirms whether cost already includes parts.
8706,1907,22년 캐스퍼(휘),URBAN,9,2022-06-09 00:00:00,2024-06-03 00:00:00,0,0,0,9,15140,66746,,unavailable,observed_aggregate,Do not add maintenance_cost and detail_part_price unless Jejuro confirms whether cost already includes parts.
8707,1907,22년 캐스퍼(휘),URBAN,6,2022-06-02 00:00:00,2024-06-06 00:00:00,0,0,0,6,14576,63725,,unavailable,observed_aggregate,Do not add maintenance_cost and detail_part_price unless Jejuro confirms whether cost already includes parts.
8708,1907,22년 캐스퍼(휘),URBAN,8,2022-09-09 00:00:00,2024-03-30 09:00:00,0,0,0,8,14293,52946,,unavailable,observed_aggregate,Do not add maintenance_cost and detail_part_price unless Jejuro confirms whether cost already includes parts.
8709,1907,22년 캐스퍼(휘),URBAN,6,2023-02-07 00:00:00,2024-04-20 00:00:00,0,0,0,6,22972,53200,,unavailable,observed_aggregate,Do not add maintenance_cost and detail_part_price unless Jejuro confirms whether cost already includes parts.
8710,1907,22년 캐스퍼(휘),URBAN,8,2022-08-27 00:00:00,2024-06-13 00:00:00,0,0,0,8,12293,55649,,unavailable,observed_aggregate,Do not add maintenance_cost and detail_part_price unless Jejuro confirms whether cost already includes parts.
8711,1907,22년 캐스퍼(휘),URBAN,19,2022-03-28 00:00:00,2026-05-11 07:48:00,0,0,0,19,11942,118441,,unavailable,observed_aggregate,Do not add maintenance_cost and detail_part_price unless Jejuro confirms whether cost already includes parts.
8712,1907,22년 캐스퍼(휘),URBAN,23,2022-04-28 00:00:00,2026-04-08 02:15:00,0,0,0,23,12342,119755,,unavailable,observed_aggregate,Do not add maintenance_cost and detail_part_price unless Jejuro confirms whether cost already includes parts.
8713,1907,22년 캐스퍼(휘),URBAN,26,2022-04-27 00:00:00,2026-06-25 07:02:00,0,0,187000,26,12989,123061,,unavailable,observed_aggregate,Do not add maintenance_cost and detail_part_price unless Jejuro confirms whether cost already includes parts.
8714,1907,22년 캐스퍼(휘),URBAN,25,2022-04-26 00:00:00,2026-06-30 09:09:00,0,0,451220,25,10723,122760,,unavailable,observed_aggregate,Do not add maintenance_cost and detail_part_price unless Jejuro confirms whether cost already includes parts.
8715,1907,22년 캐스퍼(휘),URBAN,21,2022-10-14 00:00:00,2026-04-11 03:59:00,0,0,203830,21,20951,111807,,unavailable,observed_aggregate,Do not add maintenance_cost and detail_part_price unless Jejuro confirms whether cost already includes parts.
8716,1907,22년 캐스퍼(휘),URBAN,22,2022-05-12 00:00:00,2026-07-18 00:50:00,0,0,110000,22,10297,121589,,unavailable,observed_aggregate,Do not add maintenance_cost and detail_part_price unless Jejuro confirms whether cost already includes parts.
8717,1907,22년 캐스퍼(휘),URBAN,27,2022-06-07 00:00:00,2026-07-06 00:44:00,0,0,0,26,10922,118825,,unavailable,observed_aggregate,Do not add maintenance_cost and detail_part_price unless Jejuro confirms whether cost already includes parts.
8718,1907,22년 캐스퍼(휘),URBAN,21,2023-04-18 00:00:00,2026-08-05 12:53:00,0,0,0,21,11107,97987,,unavailable,observed_aggregate,Do not add maintenance_cost and detail_part_price unless Jejuro confirms whether cost already includes parts.
8719,1907,22년 캐스퍼(휘),URBAN,16,2023-03-22 00:00:00,2026-08-10 08:03:00,0,0,0,16,12497,103961,,unavailable,observed_aggregate,Do not add maintenance_cost and detail_part_price unless Jejuro confirms whether cost already includes parts.
8720,1907,22년 캐스퍼(휘),URBAN,15,2023-04-20 00:00:00,2026-07-28 00:00:00,0,0,110000,15,12279,99543,,unavailable,observed_aggregate,Do not add maintenance_cost and detail_part_price unless Jejuro confirms whether cost already includes parts.
8721,1918,22년 포르쉐 718박스터 컨버터블(휘),SUPERCAR,1,2024-05-10 00:00:00,2024-05-10 09:00:00,0,0,0,1,13837,13837,,unavailable,observed_aggregate,Do not add maintenance_cost and detail_part_price unless Jejuro confirms whether cost already includes parts.
8722,1918,22년 포르쉐 718박스터 컨버터블(휘),SUPERCAR,3,2023-07-25 00:00:00,2024-06-28 00:00:00,841911,0,0,3,7800,16258,,unavailable,observed_aggregate,Do not add maintenance_cost and detail_part_price unless Jejuro confirms whether cost already includes parts.
8723,1918,22년 포르쉐 718박스터 컨버터블(휘),SUPERCAR,15,2023-05-19 00:00:00,2026-07-15 08:11:00,0,0,875000,15,7000,41741,,unavailable,observed_aggregate,Do not add maintenance_cost and detail_part_price unless Jejuro confirms whether cost already includes parts.
8724,1916,22년 K5(휘),MIDSIZE,6,2022-11-17 00:00:00,2024-06-17 00:00:00,0,0,0,6,18107,51546,,unavailable,observed_aggregate,Do not add maintenance_cost and detail_part_price unless Jejuro confirms whether cost already includes parts.
8725,1916,22년 K5(휘),MIDSIZE,5,2022-11-11 00:00:00,2024-07-09 00:00:00,0,0,0,5,15521,50161,,unavailable,observed_aggregate,Do not add maintenance_cost and detail_part_price unless Jejuro confirms whether cost already includes parts.
8726,1916,22년 K5(휘),MIDSIZE,6,2022-10-25 00:00:00,2024-05-02 09:00:00,0,0,0,6,14189,49769,,unavailable,observed_aggregate,Do not add maintenance_cost and detail_part_price unless Jejuro confirms whether cost already includes parts.
8727,1916,22년 K5(휘),MIDSIZE,6,2022-11-01 00:00:00,2024-06-11 00:00:00,0,0,0,6,15553,53063,,unavailable,observed_aggregate,Do not add maintenance_cost and detail_part_price unless Jejuro confirms whether cost already includes parts.
8728,1916,22년 K5(휘),MIDSIZE,5,2022-10-24 00:00:00,2024-06-17 00:00:00,0,0,0,5,13378,50497,,unavailable,observed_aggregate,Do not add maintenance_cost and detail_part_price unless Jejuro confirms whether cost already includes parts.
8729,1916,22년 K5(휘),MIDSIZE,4,2023-02-14 00:00:00,2024-06-04 00:00:00,0,0,0,4,17909,43301,,unavailable,observed_aggregate,Do not add maintenance_cost and detail_part_price unless Jejuro confirms whether cost already includes parts.
8730,1916,22년 K5(휘),MIDSIZE,7,2022-11-03 00:00:00,2024-05-20 00:00:00,0,0,0,7,12799,49851,,unavailable,observed_aggregate,Do not add maintenance_cost and detail_part_price unless Jejuro confirms whether cost already includes parts.
8731,1916,22년 K5(휘),MIDSIZE,7,2023-02-01 00:00:00,2024-07-22 00:00:00,0,0,0,7,17611,50868,,unavailable,observed_aggregate,Do not add maintenance_cost and detail_part_price unless Jejuro confirms whether cost already includes parts.
8732,1916,22년 K5(휘),MIDSIZE,5,2022-10-19 00:00:00,2024-05-10 09:00:00,0,0,0,5,12389,48162,,unavailable,observed_aggregate,Do not add maintenance_cost and detail_part_price unless Jejuro confirms whether cost already includes parts.
8733,1916,22년 K5(휘),MIDSIZE,5,2022-10-18 00:00:00,2024-05-08 09:00:00,0,0,0,5,12944,49960,,unavailable,observed_aggregate,Do not add maintenance_cost and detail_part_price unless Jejuro confirms whether cost already includes parts.
8734,1916,22년 K5(휘),MIDSIZE,15,2022-10-27 00:00:00,2026-06-08 06:14:00,0,0,0,15,15128,95352,,unavailable,observed_aggregate,Do not add maintenance_cost and detail_part_price unless Jejuro confirms whether cost already includes parts.
8735,1916,22년 K5(휘),MIDSIZE,16,2022-09-06 00:00:00,2026-04-16 23:41:00,0,0,0,16,10609,88740,,unavailable,observed_aggregate,Do not add maintenance_cost and detail_part_price unless Jejuro confirms whether cost already includes parts.
8736,1870,20년 QM6(LPG),SUV,10,2022-09-22 00:00:00,2025-09-02 09:32:00,0,0,0,10,13845,84567,,unavailable,observed_aggregate,Do not add maintenance_cost and detail_part_price unless Jejuro confirms whether cost already includes parts.
8737,1916,22년 K5(휘),MIDSIZE,13,2022-09-30 00:00:00,2026-04-20 02:48:00,0,0,0,13,12345,88168,,unavailable,observed_aggregate,Do not add maintenance_cost and detail_part_price unless Jejuro confirms whether cost already includes parts.
8738,1916,22년 K5(휘),MIDSIZE,16,2022-09-15 00:00:00,2026-07-18 01:11:00,0,0,0,16,11912,103141,,unavailable,observed_aggregate,Do not add maintenance_cost and detail_part_price unless Jejuro confirms whether cost already includes parts.
8739,1916,22년 K5(휘),MIDSIZE,16,2022-10-10 00:00:00,2026-07-11 07:42:00,0,0,0,16,15118,94969,,unavailable,observed_aggregate,Do not add maintenance_cost and detail_part_price unless Jejuro confirms whether cost already includes parts.
8740,1916,22년 K5(휘),MIDSIZE,13,2022-09-27 00:00:00,2026-03-10 08:03:00,0,0,0,13,12147,88543,,unavailable,observed_aggregate,Do not add maintenance_cost and detail_part_price unless Jejuro confirms whether cost already includes parts.
8741,1916,22년 K5(휘),MIDSIZE,14,2022-10-27 00:00:00,2026-08-16 03:08:00,0,0,0,14,14463,90193,,unavailable,observed_aggregate,Do not add maintenance_cost and detail_part_price unless Jejuro confirms whether cost already includes parts.
8742,1916,22년 K5(휘),MIDSIZE,13,2022-11-21 00:00:00,2026-05-29 05:16:00,0,0,0,13,17149,95105,,unavailable,observed_aggregate,Do not add maintenance_cost and detail_part_price unless Jejuro confirms whether cost already includes parts.
8743,1916,22년 K5(휘),MIDSIZE,14,2022-11-17 00:00:00,2026-05-08 08:28:00,0,0,0,13,16659,92208,,unavailable,observed_aggregate,Do not add maintenance_cost and detail_part_price unless Jejuro confirms whether cost already includes parts.
8744,1917,22년 XM3(휘),SUV,4,2022-10-28 00:00:00,2024-04-25 09:00:00,0,0,0,4,12789,40049,,unavailable,observed_aggregate,Do not add maintenance_cost and detail_part_price unless Jejuro confirms whether cost already includes parts.
8745,1917,22년 XM3(휘),SUV,5,2022-10-26 00:00:00,2024-06-18 00:00:00,0,0,0,5,11741,38108,,unavailable,observed_aggregate,Do not add maintenance_cost and detail_part_price unless Jejuro confirms whether cost already includes parts.
8746,1917,22년 XM3(휘),SUV,7,2022-10-28 00:00:00,2024-05-30 00:00:00,0,0,0,7,12181,38014,,unavailable,observed_aggregate,Do not add maintenance_cost and detail_part_price unless Jejuro confirms whether cost already includes parts.
8747,1917,22년 XM3(휘),SUV,5,2022-10-26 00:00:00,2024-04-25 09:00:00,0,0,0,5,10749,38616,,unavailable,observed_aggregate,Do not add maintenance_cost and detail_part_price unless Jejuro confirms whether cost already includes parts.
8748,1917,22년 XM3(휘),SUV,4,2022-10-28 00:00:00,2024-04-25 09:00:00,0,0,0,4,9864,38959,,unavailable,observed_aggregate,Do not add maintenance_cost and detail_part_price unless Jejuro confirms whether cost already includes parts.
8749,1917,22년 XM3(휘),SUV,14,2022-10-26 00:00:00,2026-07-18 05:48:00,0,0,392343,14,11317,79317,,unavailable,observed_aggregate,Do not add maintenance_cost and detail_part_price unless Jejuro confirms whether cost already includes parts.
8750,1917,22년 XM3(휘),SUV,14,2022-10-28 00:00:00,2026-06-11 06:27:00,0,0,0,14,10142,76241,,unavailable,observed_aggregate,Do not add maintenance_cost and detail_part_price unless Jejuro confirms whether cost already includes parts.
8751,1931,23년 4세대 쏘렌토(5인/경유),SUV,11,2023-10-24 00:00:00,2026-03-13 09:00:00,0,0,0,11,11363,69854,,unavailable,observed_aggregate,Do not add maintenance_cost and detail_part_price unless Jejuro confirms whether cost already includes parts.
8752,1931,23년 4세대 쏘렌토(5인/경유),SUV,12,2023-10-18 00:00:00,2026-08-13 04:29:00,0,0,43680,12,11892,72086,,unavailable,observed_aggregate,Do not add maintenance_cost and detail_part_price unless Jejuro confirms whether cost already includes parts.
8753,1931,23년 4세대 쏘렌토(5인/경유),SUV,10,2023-05-16 00:00:00,2026-03-08 08:53:00,0,0,0,10,350,64938,,unavailable,observed_aggregate,Do not add maintenance_cost and detail_part_price unless Jejuro confirms whether cost already includes parts.
8754,1930,23년 4세대 쏘렌토(5인/휘),SUV,10,2023-10-16 00:00:00,2026-06-11 06:51:00,0,0,0,10,12403,68070,,unavailable,observed_aggregate,Do not add maintenance_cost and detail_part_price unless Jejuro confirms whether cost already includes parts.
8755,1930,23년 4세대 쏘렌토(5인/휘),SUV,11,2023-10-17 00:00:00,2026-08-13 09:17:00,0,0,0,11,11654,72315,,unavailable,observed_aggregate,Do not add maintenance_cost and detail_part_price unless Jejuro confirms whether cost already includes parts.
8756,1930,23년 4세대 쏘렌토(5인/휘),SUV,10,2023-11-06 00:00:00,2026-04-08 02:03:00,0,0,0,10,12276,64430,,unavailable,observed_aggregate,Do not add maintenance_cost and detail_part_price unless Jejuro confirms whether cost already includes parts.
8757,1932,23년 4세대 쏘렌토(7인/휘),SUV,12,2023-08-04 00:00:00,2026-08-03 05:55:00,0,0,0,12,5135,63525,,unavailable,observed_aggregate,Do not add maintenance_cost and detail_part_price unless Jejuro confirms whether cost already includes parts.
8758,1940,23년 디올뉴 그랜저(휘),LUXURY,9,2023-12-06 00:00:00,2026-04-17 00:00:00,0,0,0,9,11209,64068,,unavailable,observed_aggregate,Do not add maintenance_cost and detail_part_price unless Jejuro confirms whether cost already includes parts.
8759,1940,23년 디올뉴 그랜저(휘),LUXURY,11,2023-12-26 00:00:00,2026-04-27 00:15:00,0,0,0,11,12691,60814,,unavailable,observed_aggregate,Do not add maintenance_cost and detail_part_price unless Jejuro confirms whether cost already includes parts.
8760,1940,23년 디올뉴 그랜저(휘),LUXURY,10,2023-11-30 00:00:00,2026-04-30 00:00:00,0,0,0,10,11048,65420,,unavailable,observed_aggregate,Do not add maintenance_cost and detail_part_price unless Jejuro confirms whether cost already includes parts.
8761,1940,23년 디올뉴 그랜저(휘),LUXURY,9,2024-06-11 00:00:00,2026-07-24 05:26:00,0,0,3082020,9,22636,66077,,unavailable,observed_aggregate,Do not add maintenance_cost and detail_part_price unless Jejuro confirms whether cost already includes parts.
8762,1940,23년 디올뉴 그랜저(휘),LUXURY,9,2024-06-06 00:00:00,2026-04-22 00:00:00,0,0,0,9,23832,64785,,unavailable,observed_aggregate,Do not add maintenance_cost and detail_part_price unless Jejuro confirms whether cost already includes parts.
8763,1938,23년 스타리아  9인승 4륜(경유),RV,11,2024-06-04 00:00:00,2026-07-14 08:55:00,0,0,0,11,17471,51306,,unavailable,observed_aggregate,Do not add maintenance_cost and detail_part_price unless Jejuro confirms whether cost already includes parts.
8764,1938,23년 스타리아  9인승 4륜(경유),RV,10,2023-08-28 00:00:00,2026-04-21 00:00:00,0,0,0,9,2352,51344,,unavailable,observed_aggregate,Do not add maintenance_cost and detail_part_price unless Jejuro confirms whether cost already includes parts.
8765,1938,23년 스타리아  9인승 4륜(경유),RV,6,2024-06-11 00:00:00,2026-04-21 00:00:00,150000,0,0,6,19957,51044,,unavailable,observed_aggregate,Do not add maintenance_cost and detail_part_price unless Jejuro confirms whether cost already includes parts.
8766,1938,23년 스타리아  9인승 4륜(경유),RV,6,2024-06-11 00:00:00,2026-04-14 09:00:00,0,0,0,6,15999,43581,,unavailable,observed_aggregate,Do not add maintenance_cost and detail_part_price unless Jejuro confirms whether cost already includes parts.
8767,1938,23년 스타리아  9인승 4륜(경유),RV,10,2024-06-26 00:00:00,2026-08-06 04:13:00,0,0,0,9,11787,48285,,unavailable,observed_aggregate,Do not add maintenance_cost and detail_part_price unless Jejuro confirms whether cost already includes parts.
8768,1938,23년 스타리아  9인승 4륜(경유),RV,13,2024-06-13 00:00:00,2026-06-08 04:18:00,4339390,0,0,13,19426,42575,,unavailable,observed_aggregate,Do not add maintenance_cost and detail_part_price unless Jejuro confirms whether cost already includes parts.
8769,1938,23년 스타리아  9인승 4륜(경유),RV,8,2024-04-30 00:00:00,2026-04-09 09:00:00,0,0,0,8,14344,43980,,unavailable,observed_aggregate,Do not add maintenance_cost and detail_part_price unless Jejuro confirms whether cost already includes parts.
8770,1938,23년 스타리아  9인승 4륜(경유),RV,6,2024-06-21 00:00:00,2026-04-21 00:00:00,0,0,0,6,14408,41943,,unavailable,observed_aggregate,Do not add maintenance_cost and detail_part_price unless Jejuro confirms whether cost already includes parts.
8771,1938,23년 스타리아  9인승 4륜(경유),RV,8,2024-06-26 00:00:00,2026-04-21 00:00:00,0,0,0,7,17959,44945,,unavailable,observed_aggregate,Do not add maintenance_cost and detail_part_price unless Jejuro confirms whether cost already includes parts.
8772,1938,23년 스타리아  9인승 4륜(경유),RV,5,2024-06-21 00:00:00,2026-04-30 00:00:00,0,0,0,5,15432,44760,,unavailable,observed_aggregate,Do not add maintenance_cost and detail_part_price unless Jejuro confirms whether cost already includes parts.
8773,1938,23년 스타리아  9인승 4륜(경유),RV,2,2024-06-26 00:00:00,2024-07-09 00:00:00,0,0,0,1,12296,12296,,unavailable,observed_aggregate,Do not add maintenance_cost and detail_part_price unless Jejuro confirms whether cost already includes parts.
8774,1938,23년 스타리아  9인승 4륜(경유),RV,2,2024-01-18 00:00:00,2024-06-06 00:00:00,0,0,0,2,8101,14468,,unavailable,observed_aggregate,Do not add maintenance_cost and detail_part_price unless Jejuro confirms whether cost already includes parts.
8775,1938,23년 스타리아  9인승 4륜(경유),RV,1,2024-06-12 00:00:00,2024-06-12 00:00:00,0,0,0,1,16571,16571,,unavailable,observed_aggregate,Do not add maintenance_cost and detail_part_price unless Jejuro confirms whether cost already includes parts.
8776,1938,23년 스타리아  9인승 4륜(경유),RV,1,2024-06-12 00:00:00,2024-06-12 00:00:00,0,0,0,1,15288,15288,,unavailable,observed_aggregate,Do not add maintenance_cost and detail_part_price unless Jejuro confirms whether cost already includes parts.
8777,1938,23년 스타리아  9인승 4륜(경유),RV,2,2024-06-26 00:00:00,2024-06-28 00:00:00,0,0,0,1,18217,18217,,unavailable,observed_aggregate,Do not add maintenance_cost and detail_part_price unless Jejuro confirms whether cost already includes parts.
8778,1929,23년 머스탱컨버터블(휘),IMPORTED,13,2024-02-26 00:00:00,2026-07-30 08:14:00,1500000,0,0,13,16657,70595,,unavailable,observed_aggregate,Do not add maintenance_cost and detail_part_price unless Jejuro confirms whether cost already includes parts.
8779,1929,23년 머스탱컨버터블(휘),IMPORTED,13,2023-11-01 00:00:00,2026-05-12 06:36:00,0,0,0,13,14994,72817,,unavailable,observed_aggregate,Do not add maintenance_cost and detail_part_price unless Jejuro confirms whether cost already includes parts.
8780,1929,23년 머스탱컨버터블(휘),IMPORTED,20,2023-11-02 00:00:00,2026-05-20 03:20:00,0,0,600000,20,14485,65969,,unavailable,observed_aggregate,Do not add maintenance_cost and detail_part_price unless Jejuro confirms whether cost already includes parts.
8781,1929,23년 머스탱컨버터블(휘),IMPORTED,14,2023-10-26 00:00:00,2026-03-11 08:19:00,0,0,0,14,13700,64839,,unavailable,observed_aggregate,Do not add maintenance_cost and detail_part_price unless Jejuro confirms whether cost already includes parts.
8782,1929,23년 머스탱컨버터블(휘),IMPORTED,2,2023-10-25 00:00:00,2024-05-09 00:00:00,0,0,0,2,13883,28028,,unavailable,observed_aggregate,Do not add maintenance_cost and detail_part_price unless Jejuro confirms whether cost already includes parts.
8783,1929,23년 머스탱컨버터블(휘),IMPORTED,1,2024-02-28 00:00:00,2024-02-28 00:00:00,0,0,0,1,14614,14614,,unavailable,observed_aggregate,Do not add maintenance_cost and detail_part_price unless Jejuro confirms whether cost already includes parts.
8784,1935,23년 지프 랭글러 파워탑(휘),IMPORTED,14,2023-10-05 00:00:00,2026-07-22 07:26:00,0,0,0,14,10106,81590,,unavailable,observed_aggregate,Do not add maintenance_cost and detail_part_price unless Jejuro confirms whether cost already includes parts.
8785,1935,23년 지프 랭글러 파워탑(휘),IMPORTED,18,2023-10-12 00:00:00,2026-06-20 01:03:00,0,0,0,18,9592,75445,,unavailable,observed_aggregate,Do not add maintenance_cost and detail_part_price unless Jejuro confirms whether cost already includes parts.
8786,1935,23년 지프 랭글러 파워탑(휘),IMPORTED,16,2023-12-11 00:00:00,2026-06-20 05:43:00,0,0,0,16,12127,73941,,unavailable,observed_aggregate,Do not add maintenance_cost and detail_part_price unless Jejuro confirms whether cost already includes parts.
8787,1935,23년 지프 랭글러 파워탑(휘),IMPORTED,12,2024-01-09 00:00:00,2026-06-20 07:40:00,0,0,0,12,13078,75315,,unavailable,observed_aggregate,Do not add maintenance_cost and detail_part_price unless Jejuro confirms whether cost already includes parts.
8788,1935,23년 지프 랭글러 파워탑(휘),IMPORTED,3,2023-12-11 00:00:00,2024-06-07 00:00:00,0,0,0,3,12338,25583,,unavailable,observed_aggregate,Do not add maintenance_cost and detail_part_price unless Jejuro confirms whether cost already includes parts.
8789,1935,23년 지프 랭글러 파워탑(휘),IMPORTED,2,2023-10-05 00:00:00,2024-04-02 00:00:00,0,0,0,2,9000,21003,,unavailable,observed_aggregate,Do not add maintenance_cost and detail_part_price unless Jejuro confirms whether cost already includes parts.
8790,1935,23년 지프 랭글러 파워탑(휘),IMPORTED,2,2023-10-23 00:00:00,2024-06-21 00:00:00,0,0,0,2,9978,26718,,unavailable,observed_aggregate,Do not add maintenance_cost and detail_part_price unless Jejuro confirms whether cost already includes parts.
8791,1935,23년 지프 랭글러 파워탑(휘),IMPORTED,3,2023-09-01 00:00:00,2024-06-06 00:00:00,0,0,0,3,4040,24023,,unavailable,observed_aggregate,Do not add maintenance_cost and detail_part_price unless Jejuro confirms whether cost already includes parts.
8792,1933,23년 카니발 하이리무진 9인승(경유),RV,13,2023-11-06 00:00:00,2026-05-18 03:17:00,0,0,0,13,10615,60709,,unavailable,observed_aggregate,Do not add maintenance_cost and detail_part_price unless Jejuro confirms whether cost already includes parts.
8793,1933,23년 카니발 하이리무진 9인승(경유),RV,15,2023-11-03 00:00:00,2026-06-02 05:28:00,0,0,0,15,11170,66229,,unavailable,observed_aggregate,Do not add maintenance_cost and detail_part_price unless Jejuro confirms whether cost already includes parts.
8794,1933,23년 카니발 하이리무진 9인승(경유),RV,12,2023-10-31 00:00:00,2026-08-11 07:45:00,0,0,921250,12,11485,72206,,unavailable,observed_aggregate,Do not add maintenance_cost and detail_part_price unless Jejuro confirms whether cost already includes parts.
8795,1928,23년 투싼 하이브리드(휘),SUV,10,2024-06-10 00:00:00,2026-08-13 00:30:00,0,0,0,10,27896,79155,,unavailable,observed_aggregate,Do not add maintenance_cost and detail_part_price unless Jejuro confirms whether cost already includes parts.
8796,1928,23년 투싼 하이브리드(휘),SUV,9,2023-11-20 00:00:00,2026-06-25 01:26:00,0,0,0,9,11191,77457,,unavailable,observed_aggregate,Do not add maintenance_cost and detail_part_price unless Jejuro confirms whether cost already includes parts.
8797,1928,23년 투싼 하이브리드(휘),SUV,10,2023-11-15 00:00:00,2026-05-25 23:36:00,0,0,0,10,10004,77281,,unavailable,observed_aggregate,Do not add maintenance_cost and detail_part_price unless Jejuro confirms whether cost already includes parts.
8798,1928,23년 투싼 하이브리드(휘),SUV,13,2023-12-05 00:00:00,2026-07-01 02:10:00,0,0,0,13,11809,76661,,unavailable,observed_aggregate,Do not add maintenance_cost and detail_part_price unless Jejuro confirms whether cost already includes parts.
8799,1928,23년 투싼 하이브리드(휘),SUV,15,2023-09-27 00:00:00,2026-04-21 03:46:00,0,0,88440,15,13466,82160,,unavailable,observed_aggregate,Do not add maintenance_cost and detail_part_price unless Jejuro confirms whether cost already includes parts.
8800,1928,23년 투싼 하이브리드(휘),SUV,10,2023-10-19 00:00:00,2026-06-07 00:12:00,0,0,53476,10,14429,83323,,unavailable,observed_aggregate,Do not add maintenance_cost and detail_part_price unless Jejuro confirms whether cost already includes parts.
8801,1928,23년 투싼 하이브리드(휘),SUV,12,2023-10-30 00:00:00,2026-07-28 09:28:00,0,0,0,12,13952,88135,,unavailable,observed_aggregate,Do not add maintenance_cost and detail_part_price unless Jejuro confirms whether cost already includes parts.
8802,1927,23년 팰리세이드 4륜(8인/경유),SUV,5,2023-11-09 00:00:00,2025-09-02 09:34:00,0,0,40513,5,11468,50780,,unavailable,observed_aggregate,Do not add maintenance_cost and detail_part_price unless Jejuro confirms whether cost already includes parts.
8803,1927,23년 팰리세이드 4륜(8인/경유),SUV,6,2023-10-20 00:00:00,2025-10-25 23:54:00,0,0,0,6,11104,50001,,unavailable,observed_aggregate,Do not add maintenance_cost and detail_part_price unless Jejuro confirms whether cost already includes parts.
8804,1927,23년 팰리세이드 4륜(8인/경유),SUV,7,2023-09-12 00:00:00,2025-08-30 08:05:00,0,0,0,7,10183,51692,,unavailable,observed_aggregate,Do not add maintenance_cost and detail_part_price unless Jejuro confirms whether cost already includes parts.
8805,1927,23년 팰리세이드 4륜(8인/경유),SUV,5,2023-10-18 00:00:00,2025-08-26 09:48:00,0,0,0,5,13288,50919,,unavailable,observed_aggregate,Do not add maintenance_cost and detail_part_price unless Jejuro confirms whether cost already includes parts.
8806,1927,23년 팰리세이드 4륜(8인/경유),SUV,9,2023-09-05 00:00:00,2025-09-02 00:07:00,0,0,0,9,10479,53521,,unavailable,observed_aggregate,Do not add maintenance_cost and detail_part_price unless Jejuro confirms whether cost already includes parts.
8807,1927,23년 팰리세이드 4륜(8인/경유),SUV,7,2023-10-26 00:00:00,2025-08-25 04:12:00,0,0,0,7,13423,50862,,unavailable,observed_aggregate,Do not add maintenance_cost and detail_part_price unless Jejuro confirms whether cost already includes parts.
8808,1927,23년 팰리세이드 4륜(8인/경유),SUV,9,2023-10-20 00:00:00,2025-08-19 09:29:00,0,0,0,9,14677,53212,,unavailable,observed_aggregate,Do not add maintenance_cost and detail_part_price unless Jejuro confirms whether cost already includes parts.
8809,1927,23년 팰리세이드 4륜(8인/경유),SUV,8,2023-12-27 00:00:00,2025-09-10 04:22:00,0,0,0,8,11088,49641,,unavailable,observed_aggregate,Do not add maintenance_cost and detail_part_price unless Jejuro confirms whether cost already includes parts.
8810,1927,23년 팰리세이드 4륜(8인/경유),SUV,7,2023-11-03 00:00:00,2025-07-03 03:21:00,0,0,0,7,14236,42783,,unavailable,observed_aggregate,Do not add maintenance_cost and detail_part_price unless Jejuro confirms whether cost already includes parts.
8811,1927,23년 팰리세이드 4륜(8인/경유),SUV,5,2023-11-16 00:00:00,2025-08-19 09:35:00,0,0,0,5,11790,52460,,unavailable,observed_aggregate,Do not add maintenance_cost and detail_part_price unless Jejuro confirms whether cost already includes parts.
8812,1927,23년 팰리세이드 4륜(8인/경유),SUV,6,2023-11-06 00:00:00,2025-09-13 02:30:00,0,0,0,6,11558,51341,,unavailable,observed_aggregate,Do not add maintenance_cost and detail_part_price unless Jejuro confirms whether cost already includes parts.
8813,1927,23년 팰리세이드 4륜(8인/경유),SUV,5,2024-06-11 00:00:00,2025-08-27 08:32:00,0,0,0,5,21259,46257,,unavailable,observed_aggregate,Do not add maintenance_cost and detail_part_price unless Jejuro confirms whether cost already includes parts.
8814,1927,23년 팰리세이드 4륜(8인/경유),SUV,7,2023-10-19 00:00:00,2025-09-02 09:32:00,0,0,0,7,14426,53737,,unavailable,observed_aggregate,Do not add maintenance_cost and detail_part_price unless Jejuro confirms whether cost already includes parts.
8815,1941,23년 GV70(5인/휘),SUV,9,2024-01-09 00:00:00,2026-04-29 00:00:00,0,0,0,9,13260,64030,,unavailable,observed_aggregate,Do not add maintenance_cost and detail_part_price unless Jejuro confirms whether cost already includes parts.
8816,1941,23년 GV70(5인/휘),SUV,11,2023-12-11 00:00:00,2026-07-15 03:42:00,0,0,0,11,10830,70736,,unavailable,observed_aggregate,Do not add maintenance_cost and detail_part_price unless Jejuro confirms whether cost already includes parts.
8817,1941,23년 GV70(5인/휘),SUV,14,2024-02-06 00:00:00,2026-07-20 01:34:00,0,0,0,14,14302,69502,,unavailable,observed_aggregate,Do not add maintenance_cost and detail_part_price unless Jejuro confirms whether cost already includes parts.
8818,1941,23년 GV70(5인/휘),SUV,8,2023-11-30 00:00:00,2026-04-15 09:00:00,0,0,0,8,10857,69301,,unavailable,observed_aggregate,Do not add maintenance_cost and detail_part_price unless Jejuro confirms whether cost already includes parts.
8819,1941,23년 GV70(5인/휘),SUV,11,2023-11-20 00:00:00,2026-04-30 00:00:00,0,0,0,11,10114,68603,,unavailable,observed_aggregate,Do not add maintenance_cost and detail_part_price unless Jejuro confirms whether cost already includes parts.
8820,1936,23년 GV80 4륜(7인/휘),SUV,12,2023-11-13 00:00:00,2026-04-16 02:56:00,0,0,0,12,10215,60284,,unavailable,observed_aggregate,Do not add maintenance_cost and detail_part_price unless Jejuro confirms whether cost already includes parts.
8821,1936,23년 GV80 4륜(7인/휘),SUV,12,2024-01-09 00:00:00,2026-08-07 04:00:00,0,0,0,12,13580,67520,,unavailable,observed_aggregate,Do not add maintenance_cost and detail_part_price unless Jejuro confirms whether cost already includes parts.
8822,1936,23년 GV80 4륜(7인/휘),SUV,11,2023-12-12 00:00:00,2026-06-22 09:38:00,0,0,0,11,12919,64188,,unavailable,observed_aggregate,Do not add maintenance_cost and detail_part_price unless Jejuro confirms whether cost already includes parts.
8823,1936,23년 GV80 4륜(7인/휘),SUV,9,2023-11-13 00:00:00,2026-06-10 00:24:00,0,0,0,9,10344,66419,,unavailable,observed_aggregate,Do not add maintenance_cost and detail_part_price unless Jejuro confirms whether cost already includes parts.
8824,1923,23년 K8(LPG),LUXURY,11,2023-08-31 00:00:00,2026-04-30 08:43:00,0,0,0,11,17666,72466,,unavailable,observed_aggregate,Do not add maintenance_cost and detail_part_price unless Jejuro confirms whether cost already includes parts.
8825,1923,23년 K8(LPG),LUXURY,10,2023-07-25 00:00:00,2026-01-09 06:00:00,0,0,0,10,14470,64998,,unavailable,observed_aggregate,Do not add maintenance_cost and detail_part_price unless Jejuro confirms whether cost already includes parts.
8826,1923,23년 K8(LPG),LUXURY,11,2023-08-23 00:00:00,2026-07-14 01:38:00,0,0,0,11,16019,79423,,unavailable,observed_aggregate,Do not add maintenance_cost and detail_part_price unless Jejuro confirms whether cost already includes parts.
8827,1925,23년 4세대 카니발 리무진 7인승(경유),RV,9,2023-12-12 00:00:00,2026-06-22 09:39:00,0,0,0,9,12883,70914,,unavailable,observed_aggregate,Do not add maintenance_cost and detail_part_price unless Jejuro confirms whether cost already includes parts.
8828,1925,23년 4세대 카니발 리무진 7인승(경유),RV,9,2023-11-24 00:00:00,2026-05-12 00:44:00,0,0,0,9,11227,66189,,unavailable,observed_aggregate,Do not add maintenance_cost and detail_part_price unless Jejuro confirms whether cost already includes parts.
8829,1925,23년 4세대 카니발 리무진 7인승(경유),RV,2,2023-11-21 00:00:00,2024-07-11 00:00:00,0,0,0,2,10135,24973,,unavailable,observed_aggregate,Do not add maintenance_cost and detail_part_price unless Jejuro confirms whether cost already includes parts.
8830,1925,23년 4세대 카니발 리무진 7인승(경유),RV,2,2023-12-06 00:00:00,2024-06-28 00:00:00,0,0,0,2,10805,26205,,unavailable,observed_aggregate,Do not add maintenance_cost and detail_part_price unless Jejuro confirms whether cost already includes parts.
8831,1925,23년 4세대 카니발 리무진 7인승(경유),RV,2,2023-10-23 00:00:00,2024-04-26 00:00:00,0,0,0,2,13812,28000,,unavailable,observed_aggregate,Do not add maintenance_cost and detail_part_price unless Jejuro confirms whether cost already includes parts.
8832,1925,23년 4세대 카니발 리무진 7인승(경유),RV,2,2023-10-18 00:00:00,2024-05-02 00:00:00,0,0,0,2,15143,30393,,unavailable,observed_aggregate,Do not add maintenance_cost and detail_part_price unless Jejuro confirms whether cost already includes parts.
8833,1925,23년 4세대 카니발 리무진 7인승(경유),RV,3,2023-10-23 00:00:00,2024-06-25 00:00:00,0,0,0,3,14914,37349,,unavailable,observed_aggregate,Do not add maintenance_cost and detail_part_price unless Jejuro confirms whether cost already includes parts.
8834,1925,23년 4세대 카니발 리무진 7인승(경유),RV,3,2023-10-23 00:00:00,2024-05-24 00:00:00,0,0,0,3,14490,30021,,unavailable,observed_aggregate,Do not add maintenance_cost and detail_part_price unless Jejuro confirms whether cost already includes parts.
8835,1925,23년 4세대 카니발 리무진 7인승(경유),RV,10,2023-10-26 00:00:00,2026-06-18 06:00:00,0,0,0,10,12426,70273,,unavailable,observed_aggregate,Do not add maintenance_cost and detail_part_price unless Jejuro confirms whether cost already includes parts.
8836,1925,23년 4세대 카니발 리무진 7인승(경유),RV,15,2023-10-23 00:00:00,2026-08-13 05:26:00,0,0,0,15,18336,74726,,unavailable,observed_aggregate,Do not add maintenance_cost and detail_part_price unless Jejuro confirms whether cost already includes parts.
8837,1925,23년 4세대 카니발 리무진 7인승(경유),RV,11,2023-10-23 00:00:00,2026-05-20 05:44:00,0,0,0,11,13549,69434,,unavailable,observed_aggregate,Do not add maintenance_cost and detail_part_price unless Jejuro confirms whether cost already includes parts.
8838,1926,23년 4세대 카니발 9인승(경유),RV,9,2023-12-19 00:00:00,2026-06-18 09:18:00,0,0,0,9,10547,53856,,unavailable,observed_aggregate,Do not add maintenance_cost and detail_part_price unless Jejuro confirms whether cost already includes parts.
8839,1926,23년 4세대 카니발 9인승(경유),RV,8,2023-11-30 00:00:00,2026-05-11 01:50:00,0,0,0,8,10292,49559,,unavailable,observed_aggregate,Do not add maintenance_cost and detail_part_price unless Jejuro confirms whether cost already includes parts.
8840,1926,23년 4세대 카니발 9인승(경유),RV,8,2024-06-12 00:00:00,2026-08-10 08:58:00,0,0,0,8,18489,52408,,unavailable,observed_aggregate,Do not add maintenance_cost and detail_part_price unless Jejuro confirms whether cost already includes parts.
8841,1926,23년 4세대 카니발 9인승(경유),RV,6,2024-06-12 00:00:00,2026-05-13 03:28:00,0,0,0,6,22122,52047,,unavailable,observed_aggregate,Do not add maintenance_cost and detail_part_price unless Jejuro confirms whether cost already includes parts.
8842,1926,23년 4세대 카니발 9인승(경유),RV,5,2024-03-26 00:00:00,2026-05-12 05:52:00,0,0,0,5,19583,51628,,unavailable,observed_aggregate,Do not add maintenance_cost and detail_part_price unless Jejuro confirms whether cost already includes parts.
8843,1926,23년 4세대 카니발 9인승(경유),RV,10,2024-06-12 00:00:00,2026-06-16 03:08:00,0,0,0,10,20236,58068,,unavailable,observed_aggregate,Do not add maintenance_cost and detail_part_price unless Jejuro confirms whether cost already includes parts.
8844,1926,23년 4세대 카니발 9인승(경유),RV,8,2024-06-12 00:00:00,2026-05-20 08:13:00,0,0,0,8,21343,58200,,unavailable,observed_aggregate,Do not add maintenance_cost and detail_part_price unless Jejuro confirms whether cost already includes parts.
8845,1926,23년 4세대 카니발 9인승(경유),RV,8,2024-06-14 00:00:00,2026-07-19 02:53:00,0,0,0,8,21213,59352,,unavailable,observed_aggregate,Do not add maintenance_cost and detail_part_price unless Jejuro confirms whether cost already includes parts.
8846,1926,23년 4세대 카니발 9인승(경유),RV,9,2023-11-15 00:00:00,2026-07-11 05:19:00,0,0,0,9,7611,56878,,unavailable,observed_aggregate,Do not add maintenance_cost and detail_part_price unless Jejuro confirms whether cost already includes parts.
8847,1926,23년 4세대 카니발 9인승(경유),RV,7,2024-06-06 00:00:00,2026-04-09 01:01:00,0,0,0,7,19216,50062,,unavailable,observed_aggregate,Do not add maintenance_cost and detail_part_price unless Jejuro confirms whether cost already includes parts.
8848,1926,23년 4세대 카니발 9인승(경유),RV,9,2024-07-15 00:00:00,2026-07-29 23:50:00,0,0,0,9,17997,56082,,unavailable,observed_aggregate,Do not add maintenance_cost and detail_part_price unless Jejuro confirms whether cost already includes parts.
8849,1926,23년 4세대 카니발 9인승(경유),RV,8,2024-06-17 00:00:00,2026-08-17 07:21:00,0,0,0,8,18960,57123,,unavailable,observed_aggregate,Do not add maintenance_cost and detail_part_price unless Jejuro confirms whether cost already includes parts.
8850,1926,23년 4세대 카니발 9인승(경유),RV,8,2023-10-17 00:00:00,2026-04-29 09:50:00,0,0,0,8,11895,58278,,unavailable,observed_aggregate,Do not add maintenance_cost and detail_part_price unless Jejuro confirms whether cost already includes parts.
8851,1926,23년 4세대 카니발 9인승(경유),RV,8,2024-06-08 00:00:00,2026-07-01 08:05:00,0,0,0,8,18256,50767,,unavailable,observed_aggregate,Do not add maintenance_cost and detail_part_price unless Jejuro confirms whether cost already includes parts.
8852,1926,23년 4세대 카니발 9인승(경유),RV,6,2023-11-09 00:00:00,2026-02-09 09:23:00,0,0,0,6,11105,999999,,unavailable,observed_aggregate,Do not add maintenance_cost and detail_part_price unless Jejuro confirms whether cost already includes parts.
8853,1926,23년 4세대 카니발 9인승(경유),RV,6,2023-11-22 00:00:00,2026-03-08 06:52:00,0,0,0,6,11042,99999999,,unavailable,observed_aggregate,Do not add maintenance_cost and detail_part_price unless Jejuro confirms whether cost already includes parts.
8854,1926,23년 4세대 카니발 9인승(경유),RV,6,2023-11-07 00:00:00,2025-11-26 00:00:00,0,0,0,6,13008,47205,,unavailable,observed_aggregate,Do not add maintenance_cost and detail_part_price unless Jejuro confirms whether cost already includes parts.
8855,1926,23년 4세대 카니발 9인승(경유),RV,12,2023-11-10 00:00:00,2025-11-25 00:00:00,0,0,0,12,10467,50152,,unavailable,observed_aggregate,Do not add maintenance_cost and detail_part_price unless Jejuro confirms whether cost already includes parts.
8856,1926,23년 4세대 카니발 9인승(경유),RV,2,2023-10-30 00:00:00,2024-06-12 00:00:00,0,0,0,2,11015,22025,,unavailable,observed_aggregate,Do not add maintenance_cost and detail_part_price unless Jejuro confirms whether cost already includes parts.
8857,1926,23년 4세대 카니발 9인승(경유),RV,2,2024-02-15 00:00:00,2024-06-08 00:00:00,0,0,0,2,14012,19301,,unavailable,observed_aggregate,Do not add maintenance_cost and detail_part_price unless Jejuro confirms whether cost already includes parts.
8858,1926,23년 4세대 카니발 9인승(경유),RV,2,2023-05-03 00:00:00,2024-06-17 00:00:00,0,0,0,2,56,22492,,unavailable,observed_aggregate,Do not add maintenance_cost and detail_part_price unless Jejuro confirms whether cost already includes parts.
8859,1926,23년 4세대 카니발 9인승(경유),RV,1,2023-12-15 00:00:00,2023-12-15 00:00:00,0,0,0,1,11299,11299,,unavailable,observed_aggregate,Do not add maintenance_cost and detail_part_price unless Jejuro confirms whether cost already includes parts.
8860,1926,23년 4세대 카니발 9인승(경유),RV,2,2023-10-14 00:00:00,2024-06-13 00:00:00,0,0,0,2,10315,25587,,unavailable,observed_aggregate,Do not add maintenance_cost and detail_part_price unless Jejuro confirms whether cost already includes parts.
8861,1926,23년 4세대 카니발 9인승(경유),RV,1,2024-07-15 00:00:00,2024-07-15 00:00:00,0,0,0,1,20413,20413,,unavailable,observed_aggregate,Do not add maintenance_cost and detail_part_price unless Jejuro confirms whether cost already includes parts.
8862,1926,23년 4세대 카니발 9인승(경유),RV,1,2024-06-11 00:00:00,2024-06-11 00:00:00,0,0,0,1,16331,16331,,unavailable,observed_aggregate,Do not add maintenance_cost and detail_part_price unless Jejuro confirms whether cost already includes parts.
8863,1926,23년 4세대 카니발 9인승(경유),RV,0,,,,,0,0,,,,unavailable,observed_aggregate,Do not add maintenance_cost and detail_part_price unless Jejuro confirms whether cost already includes parts.
8864,1926,23년 4세대 카니발 9인승(경유),RV,8,2023-11-13 00:00:00,2026-01-09 03:57:00,0,0,0,8,10176,52397,,unavailable,observed_aggregate,Do not add maintenance_cost and detail_part_price unless Jejuro confirms whether cost already includes parts.
8865,1926,23년 4세대 카니발 9인승(경유),RV,5,2023-11-24 00:00:00,2025-07-22 09:16:00,0,0,0,5,11994,36616,,unavailable,observed_aggregate,Do not add maintenance_cost and detail_part_price unless Jejuro confirms whether cost already includes parts.
8866,1926,23년 4세대 카니발 9인승(경유),RV,9,2023-10-26 00:00:00,2026-02-03 08:07:00,0,0,0,9,11826,99999999,,unavailable,observed_aggregate,Do not add maintenance_cost and detail_part_price unless Jejuro confirms whether cost already includes parts.
8867,1924,23년 4세대 카니발 9인승(휘),RV,11,2023-04-26 00:00:00,2026-06-07 06:02:00,0,0,0,11,11734,77084,,unavailable,observed_aggregate,Do not add maintenance_cost and detail_part_price unless Jejuro confirms whether cost already includes parts.
8868,1924,23년 4세대 카니발 9인승(휘),RV,9,2023-04-25 00:00:00,2026-05-26 23:45:00,0,0,0,9,10305,75046,,unavailable,observed_aggregate,Do not add maintenance_cost and detail_part_price unless Jejuro confirms whether cost already includes parts.
8869,1924,23년 4세대 카니발 9인승(휘),RV,12,2023-07-06 00:00:00,2026-05-03 06:49:00,0,0,0,12,13881,74762,,unavailable,observed_aggregate,Do not add maintenance_cost and detail_part_price unless Jejuro confirms whether cost already includes parts.
8870,1924,23년 4세대 카니발 9인승(휘),RV,9,2023-06-29 00:00:00,2026-03-24 08:01:00,0,0,0,9,13814,73445,,unavailable,observed_aggregate,Do not add maintenance_cost and detail_part_price unless Jejuro confirms whether cost already includes parts.
8871,1924,23년 4세대 카니발 9인승(휘),RV,10,2023-06-16 00:00:00,2026-05-21 09:17:00,0,0,0,10,13249,67204,,unavailable,observed_aggregate,Do not add maintenance_cost and detail_part_price unless Jejuro confirms whether cost already includes parts.
8872,1924,23년 4세대 카니발 9인승(휘),RV,8,2023-05-02 00:00:00,2026-06-29 03:20:00,0,0,0,8,10173,74236,,unavailable,observed_aggregate,Do not add maintenance_cost and detail_part_price unless Jejuro confirms whether cost already includes parts.
8873,1924,23년 4세대 카니발 9인승(휘),RV,11,2023-05-03 00:00:00,2026-05-26 04:14:00,0,0,0,11,10717,73560,,unavailable,observed_aggregate,Do not add maintenance_cost and detail_part_price unless Jejuro confirms whether cost already includes parts.
8874,1922,23년 쏠라티(15인/경유),RV,5,2023-04-20 00:00:00,2024-03-01 00:00:00,0,0,0,5,4968,18888,,unavailable,observed_aggregate,Do not add maintenance_cost and detail_part_price unless Jejuro confirms whether cost already includes parts.
8875,1922,23년 쏠라티(15인/경유),RV,4,2024-02-13 00:00:00,2024-08-29 00:00:00,0,0,0,4,5931,14744,,unavailable,observed_aggregate,Do not add maintenance_cost and detail_part_price unless Jejuro confirms whether cost already includes parts.
8876,1922,23년 쏠라티(15인/경유),RV,15,2024-02-13 00:00:00,2026-07-28 00:00:00,74690,0,350900,14,5743,33563,,unavailable,observed_aggregate,Do not add maintenance_cost and detail_part_price unless Jejuro confirms whether cost already includes parts.
8877,1922,23년 쏠라티(15인/경유),RV,9,2024-02-12 00:00:00,2026-07-28 01:03:00,0,0,127000,8,2825,30783,,unavailable,observed_aggregate,Do not add maintenance_cost and detail_part_price unless Jejuro confirms whether cost already includes parts.
8878,1922,23년 쏠라티(15인/경유),RV,13,2023-10-23 00:00:00,2025-11-20 23:54:00,0,0,0,13,17434,44844,,unavailable,observed_aggregate,Do not add maintenance_cost and detail_part_price unless Jejuro confirms whether cost already includes parts.
8879,1922,23년 쏠라티(15인/경유),RV,14,2023-10-11 00:00:00,2026-07-18 05:30:00,0,0,0,14,14236,48193,,unavailable,observed_aggregate,Do not add maintenance_cost and detail_part_price unless Jejuro confirms whether cost already includes parts.
8880,1939,24년 레이(휘),URBAN,13,2023-11-24 00:00:00,2026-04-28 00:00:00,0,0,0,13,10961,78079,,unavailable,observed_aggregate,Do not add maintenance_cost and detail_part_price unless Jejuro confirms whether cost already includes parts.
8881,1939,24년 레이(휘),URBAN,14,2023-12-01 00:00:00,2026-07-31 09:16:00,0,0,0,14,10510,81707,,unavailable,observed_aggregate,Do not add maintenance_cost and detail_part_price unless Jejuro confirms whether cost already includes parts.
8882,1939,24년 레이(휘),URBAN,11,2023-11-23 00:00:00,2026-06-11 06:23:00,0,0,0,11,10165,77039,,unavailable,observed_aggregate,Do not add maintenance_cost and detail_part_price unless Jejuro confirms whether cost already includes parts.
8883,1939,24년 레이(휘),URBAN,13,2023-11-20 00:00:00,2026-04-09 09:00:00,0,0,0,13,10109,77718,,unavailable,observed_aggregate,Do not add maintenance_cost and detail_part_price unless Jejuro confirms whether cost already includes parts.
8884,1939,24년 레이(휘),URBAN,15,2023-11-16 00:00:00,2026-05-10 03:57:00,0,0,0,15,10824,76392,,unavailable,observed_aggregate,Do not add maintenance_cost and detail_part_price unless Jejuro confirms whether cost already includes parts.
8885,1951,24년 더 뉴 쏘렌토 하이브리드(7인/휘),SUV,1,2024-06-26 00:00:00,2024-06-26 00:00:00,0,0,0,1,11144,11144,,unavailable,observed_aggregate,Do not add maintenance_cost and detail_part_price unless Jejuro confirms whether cost already includes parts.
8886,1951,24년 더 뉴 쏘렌토 하이브리드(7인/휘),SUV,1,2024-06-26 00:00:00,2024-06-26 00:00:00,0,0,0,0,,,,unavailable,observed_aggregate,Do not add maintenance_cost and detail_part_price unless Jejuro confirms whether cost already includes parts.
8887,1951,24년 더 뉴 쏘렌토 하이브리드(7인/휘),SUV,2,2024-06-26 00:00:00,2024-07-05 00:00:00,0,0,0,1,11540,11540,,unavailable,observed_aggregate,Do not add maintenance_cost and detail_part_price unless Jejuro confirms whether cost already includes parts.
8888,1951,24년 더 뉴 쏘렌토 하이브리드(7인/휘),SUV,2,2024-06-26 00:00:00,2024-07-05 00:00:00,0,0,0,1,10570,10570,,unavailable,observed_aggregate,Do not add maintenance_cost and detail_part_price unless Jejuro confirms whether cost already includes parts.
8889,1951,24년 더 뉴 쏘렌토 하이브리드(7인/휘),SUV,2,2024-06-26 00:00:00,2024-07-03 00:00:00,0,0,0,1,10474,10474,,unavailable,observed_aggregate,Do not add maintenance_cost and detail_part_price unless Jejuro confirms whether cost already includes parts.
8890,1951,24년 더 뉴 쏘렌토 하이브리드(7인/휘),SUV,7,2024-09-12 00:00:00,2026-06-30 00:00:00,0,0,0,5,14191,45207,,unavailable,observed_aggregate,Do not add maintenance_cost and detail_part_price unless Jejuro confirms whether cost already includes parts.
8891,1951,24년 더 뉴 쏘렌토 하이브리드(7인/휘),SUV,8,2024-09-12 00:00:00,2026-06-17 00:00:00,0,0,0,6,13269,43412,,unavailable,observed_aggregate,Do not add maintenance_cost and detail_part_price unless Jejuro confirms whether cost already includes parts.
8892,1951,24년 더 뉴 쏘렌토 하이브리드(7인/휘),SUV,7,2024-09-12 00:00:00,2026-07-06 00:00:00,0,0,0,5,13393,44913,,unavailable,observed_aggregate,Do not add maintenance_cost and detail_part_price unless Jejuro confirms whether cost already includes parts.
8893,1951,24년 더 뉴 쏘렌토 하이브리드(7인/휘),SUV,8,2024-09-12 00:00:00,2026-06-30 00:00:00,0,0,0,6,10643,44335,,unavailable,observed_aggregate,Do not add maintenance_cost and detail_part_price unless Jejuro confirms whether cost already includes parts.
8894,1951,24년 더 뉴 쏘렌토 하이브리드(7인/휘),SUV,8,2024-09-12 00:00:00,2026-06-18 00:00:00,0,0,0,6,13520,43277,,unavailable,observed_aggregate,Do not add maintenance_cost and detail_part_price unless Jejuro confirms whether cost already includes parts.
8895,1951,24년 더 뉴 쏘렌토 하이브리드(7인/휘),SUV,1,2024-06-26 00:00:00,2024-06-26 00:00:00,0,0,0,0,,,,unavailable,observed_aggregate,Do not add maintenance_cost and detail_part_price unless Jejuro confirms whether cost already includes parts.
8896,1951,24년 더 뉴 쏘렌토 하이브리드(7인/휘),SUV,1,2024-06-26 00:00:00,2024-06-26 00:00:00,0,0,0,0,,,,unavailable,observed_aggregate,Do not add maintenance_cost and detail_part_price unless Jejuro confirms whether cost already includes parts.
8897,1951,24년 더 뉴 쏘렌토 하이브리드(7인/휘),SUV,1,2024-06-26 00:00:00,2024-06-26 00:00:00,0,0,0,0,,,,unavailable,observed_aggregate,Do not add maintenance_cost and detail_part_price unless Jejuro confirms whether cost already includes parts.
8898,1951,24년 더 뉴 쏘렌토 하이브리드(7인/휘),SUV,1,2024-06-26 00:00:00,2024-06-26 00:00:00,0,0,0,0,,,,unavailable,observed_aggregate,Do not add maintenance_cost and detail_part_price unless Jejuro confirms whether cost already includes parts.
8899,1951,24년 더 뉴 쏘렌토 하이브리드(7인/휘),SUV,1,2024-06-26 00:00:00,2024-06-26 00:00:00,0,0,0,0,,,,unavailable,observed_aggregate,Do not add maintenance_cost and detail_part_price unless Jejuro confirms whether cost already includes parts.
8900,1951,24년 더 뉴 쏘렌토 하이브리드(7인/휘),SUV,1,2024-06-26 00:00:00,2024-06-26 00:00:00,0,0,0,0,,,,unavailable,observed_aggregate,Do not add maintenance_cost and detail_part_price unless Jejuro confirms whether cost already includes parts.
8901,1958,24년 더 뉴 카니발 하이브리드 9인승(휘),RV,5,2024-06-26 00:00:00,2026-03-03 00:00:00,0,0,0,4,15414,39682,,unavailable,observed_aggregate,Do not add maintenance_cost and detail_part_price unless Jejuro confirms whether cost already includes parts.
8902,1958,24년 더 뉴 카니발 하이브리드 9인승(휘),RV,8,2024-06-26 00:00:00,2026-08-11 07:44:00,0,0,0,7,14615,47170,,unavailable,observed_aggregate,Do not add maintenance_cost and detail_part_price unless Jejuro confirms whether cost already includes parts.
8903,1976,24년 더 뉴 카니발 9인승(휘),RV,6,2025-01-16 04:10:00,2026-08-13 09:17:00,0,0,0,6,4131,31358,,unavailable,observed_aggregate,Do not add maintenance_cost and detail_part_price unless Jejuro confirms whether cost already includes parts.
8904,1976,24년 더 뉴 카니발 9인승(휘),RV,8,2025-01-16 04:11:00,2026-06-02 00:09:00,0,0,0,8,3001,27602,,unavailable,observed_aggregate,Do not add maintenance_cost and detail_part_price unless Jejuro confirms whether cost already includes parts.
8905,1976,24년 더 뉴 카니발 9인승(휘),RV,6,2025-01-16 04:11:00,2026-04-20 06:14:00,0,0,0,6,3903,25534,,unavailable,observed_aggregate,Do not add maintenance_cost and detail_part_price unless Jejuro confirms whether cost already includes parts.
8906,1976,24년 더 뉴 카니발 9인승(휘),RV,6,2025-01-16 04:11:00,2026-08-05 00:53:00,0,0,0,6,1749,26235,,unavailable,observed_aggregate,Do not add maintenance_cost and detail_part_price unless Jejuro confirms whether cost already includes parts.
8907,1976,24년 더 뉴 카니발 9인승(휘),RV,3,2025-01-16 04:11:00,2026-04-20 05:05:00,0,0,0,3,4084,28400,,unavailable,observed_aggregate,Do not add maintenance_cost and detail_part_price unless Jejuro confirms whether cost already includes parts.
8908,1969,24년 더 뉴 카니발 9인승(경유),RV,6,2024-07-18 00:00:00,2026-06-17 09:23:00,0,0,0,5,13062,36781,,unavailable,observed_aggregate,Do not add maintenance_cost and detail_part_price unless Jejuro confirms whether cost already includes parts.
8909,1969,24년 더 뉴 카니발 9인승(경유),RV,6,2024-07-18 00:00:00,2026-07-28 06:39:00,0,0,0,5,12752,36730,,unavailable,observed_aggregate,Do not add maintenance_cost and detail_part_price unless Jejuro confirms whether cost already includes parts.
8910,1969,24년 더 뉴 카니발 9인승(경유),RV,6,2024-07-07 00:00:00,2026-06-19 09:20:00,0,0,0,5,12690,37327,,unavailable,observed_aggregate,Do not add maintenance_cost and detail_part_price unless Jejuro confirms whether cost already includes parts.
8911,1969,24년 더 뉴 카니발 9인승(경유),RV,7,2024-07-07 00:00:00,2026-05-25 01:25:00,0,0,0,6,147,37201,,unavailable,observed_aggregate,Do not add maintenance_cost and detail_part_price unless Jejuro confirms whether cost already includes parts.
8912,1969,24년 더 뉴 카니발 9인승(경유),RV,6,2025-01-16 04:12:00,2026-06-19 03:46:00,0,0,0,6,10093,35900,,unavailable,observed_aggregate,Do not add maintenance_cost and detail_part_price unless Jejuro confirms whether cost already includes parts.
8913,1973,24년 더 뉴 카니발리무진 7인(경유),RV,7,2024-09-12 00:00:00,2026-06-26 00:00:00,0,0,0,6,13396,41015,,unavailable,observed_aggregate,Do not add maintenance_cost and detail_part_price unless Jejuro confirms whether cost already includes parts.
8914,1973,24년 더 뉴 카니발리무진 7인(경유),RV,8,2024-09-12 00:00:00,2026-06-18 00:00:00,0,0,0,7,13532,38349,,unavailable,observed_aggregate,Do not add maintenance_cost and detail_part_price unless Jejuro confirms whether cost already includes parts.
8915,1973,24년 더 뉴 카니발리무진 7인(경유),RV,11,2024-09-12 00:00:00,2026-07-01 00:00:00,0,0,0,10,7039,44318,,unavailable,observed_aggregate,Do not add maintenance_cost and detail_part_price unless Jejuro confirms whether cost already includes parts.
8916,1973,24년 더 뉴 카니발리무진 7인(경유),RV,8,2024-09-22 09:47:00,2026-07-06 00:00:00,0,0,0,7,13577,40793,,unavailable,observed_aggregate,Do not add maintenance_cost and detail_part_price unless Jejuro confirms whether cost already includes parts.
8917,1975,24년 더 뉴 투싼 4륜(휘),SUV,4,2025-01-11 08:03:00,2026-07-13 00:00:00,0,0,0,4,6887,40137,,unavailable,observed_aggregate,Do not add maintenance_cost and detail_part_price unless Jejuro confirms whether cost already includes parts.
8918,1975,24년 더 뉴 투싼 4륜(휘),SUV,7,2025-01-11 08:03:00,2026-07-13 00:00:00,0,0,0,7,7001,40655,,unavailable,observed_aggregate,Do not add maintenance_cost and detail_part_price unless Jejuro confirms whether cost already includes parts.
8919,1975,24년 더 뉴 투싼 4륜(휘),SUV,9,2025-01-11 08:03:00,2026-07-02 00:00:00,0,0,1129150,9,7293,39053,,unavailable,observed_aggregate,Do not add maintenance_cost and detail_part_price unless Jejuro confirms whether cost already includes parts.
8920,1975,24년 더 뉴 투싼 4륜(휘),SUV,3,2025-01-11 08:04:00,2026-01-18 01:34:00,0,0,0,3,7818,32138,,unavailable,observed_aggregate,Do not add maintenance_cost and detail_part_price unless Jejuro confirms whether cost already includes parts.
8921,1975,24년 더 뉴 투싼 4륜(휘),SUV,5,2025-01-11 08:04:00,2026-06-06 02:30:00,0,0,0,5,6788,37780,,unavailable,observed_aggregate,Do not add maintenance_cost and detail_part_price unless Jejuro confirms whether cost already includes parts.
8922,1970,24년 더 뉴 K3(휘),COMPACT,0,,,,,0,0,,,,unavailable,observed_aggregate,Do not add maintenance_cost and detail_part_price unless Jejuro confirms whether cost already includes parts.
8923,1970,24년 더 뉴 K3(휘),COMPACT,0,,,,,0,0,,,,unavailable,observed_aggregate,Do not add maintenance_cost and detail_part_price unless Jejuro confirms whether cost already includes parts.
8924,1970,24년 더 뉴 K3(휘),COMPACT,0,,,,,0,0,,,,unavailable,observed_aggregate,Do not add maintenance_cost and detail_part_price unless Jejuro confirms whether cost already includes parts.
8925,1970,24년 더 뉴 K3(휘),COMPACT,0,,,,,0,0,,,,unavailable,observed_aggregate,Do not add maintenance_cost and detail_part_price unless Jejuro confirms whether cost already includes parts.
8926,1970,24년 더 뉴 K3(휘),COMPACT,0,,,,,0,0,,,,unavailable,observed_aggregate,Do not add maintenance_cost and detail_part_price unless Jejuro confirms whether cost already includes parts.
8927,1970,24년 더 뉴 K3(휘),COMPACT,0,,,,,0,0,,,,unavailable,observed_aggregate,Do not add maintenance_cost and detail_part_price unless Jejuro confirms whether cost already includes parts.
8928,1970,24년 더 뉴 K3(휘),COMPACT,0,,,,,0,0,,,,unavailable,observed_aggregate,Do not add maintenance_cost and detail_part_price unless Jejuro confirms whether cost already includes parts.
8929,1970,24년 더 뉴 K3(휘),COMPACT,5,2024-07-07 00:00:00,2026-04-21 00:00:00,0,0,0,4,13728,41515,,unavailable,observed_aggregate,Do not add maintenance_cost and detail_part_price unless Jejuro confirms whether cost already includes parts.
8930,1970,24년 더 뉴 K3(휘),COMPACT,3,2024-07-07 00:00:00,2025-07-24 00:08:00,0,0,0,2,14335,24882,,unavailable,observed_aggregate,Do not add maintenance_cost and detail_part_price unless Jejuro confirms whether cost already includes parts.
8931,1970,24년 더 뉴 K3(휘),COMPACT,7,2024-07-07 00:00:00,2026-08-17 06:32:00,0,0,0,6,13218,50106,,unavailable,observed_aggregate,Do not add maintenance_cost and detail_part_price unless Jejuro confirms whether cost already includes parts.
8932,1970,24년 더 뉴 K3(휘),COMPACT,7,2024-07-07 00:00:00,2026-04-17 00:00:00,0,0,0,6,5510,44466,,unavailable,observed_aggregate,Do not add maintenance_cost and detail_part_price unless Jejuro confirms whether cost already includes parts.
8933,1970,24년 더 뉴 K3(휘),COMPACT,7,2024-07-07 00:00:00,2026-05-22 00:26:00,0,0,0,6,13240,44582,,unavailable,observed_aggregate,Do not add maintenance_cost and detail_part_price unless Jejuro confirms whether cost already includes parts.
8934,1970,24년 더 뉴 K3(휘),COMPACT,5,2024-07-07 00:00:00,2026-04-29 00:00:00,0,0,0,4,12940,42928,,unavailable,observed_aggregate,Do not add maintenance_cost and detail_part_price unless Jejuro confirms whether cost already includes parts.
8935,1970,24년 더 뉴 K3(휘),COMPACT,7,2024-07-08 00:03:00,2026-06-06 03:14:00,0,0,0,6,13166,44343,,unavailable,observed_aggregate,Do not add maintenance_cost and detail_part_price unless Jejuro confirms whether cost already includes parts.
8936,1970,24년 더 뉴 K3(휘),COMPACT,5,2024-07-08 00:03:00,2026-04-15 09:00:00,0,0,0,4,13591,40439,,unavailable,observed_aggregate,Do not add maintenance_cost and detail_part_price unless Jejuro confirms whether cost already includes parts.
8937,1970,24년 더 뉴 K3(휘),COMPACT,7,2024-07-08 00:02:00,2026-07-05 00:25:00,0,0,0,6,13310,49580,,unavailable,observed_aggregate,Do not add maintenance_cost and detail_part_price unless Jejuro confirms whether cost already includes parts.
8938,1970,24년 더 뉴 K3(휘),COMPACT,6,2024-07-08 00:00:00,2026-04-21 00:00:00,0,0,0,5,13392,43429,,unavailable,observed_aggregate,Do not add maintenance_cost and detail_part_price unless Jejuro confirms whether cost already includes parts.
8939,1946,24년 더 뉴 K5 하이브리드(휘),MIDSIZE,9,2024-06-26 00:00:00,2026-08-05 01:16:00,0,0,0,8,11024,63786,,unavailable,observed_aggregate,Do not add maintenance_cost and detail_part_price unless Jejuro confirms whether cost already includes parts.
8940,1946,24년 더 뉴 K5 하이브리드(휘),MIDSIZE,8,2024-06-26 00:00:00,2026-05-09 01:50:00,0,0,0,7,17085,53543,,unavailable,observed_aggregate,Do not add maintenance_cost and detail_part_price unless Jejuro confirms whether cost already includes parts.
8941,1946,24년 더 뉴 K5 하이브리드(휘),MIDSIZE,1,2024-06-25 00:00:00,2024-06-25 00:00:00,0,0,0,1,11507,11507,,unavailable,observed_aggregate,Do not add maintenance_cost and detail_part_price unless Jejuro confirms whether cost already includes parts.
8942,1946,24년 더 뉴 K5 하이브리드(휘),MIDSIZE,1,2024-06-12 00:00:00,2024-06-12 00:00:00,0,0,0,1,10435,10435,,unavailable,observed_aggregate,Do not add maintenance_cost and detail_part_price unless Jejuro confirms whether cost already includes parts.
8943,1946,24년 더 뉴 K5 하이브리드(휘),MIDSIZE,2,2024-06-26 00:00:00,2024-07-11 00:00:00,0,0,0,1,12370,12370,,unavailable,observed_aggregate,Do not add maintenance_cost and detail_part_price unless Jejuro confirms whether cost already includes parts.
8944,1946,24년 더 뉴 K5 하이브리드(휘),MIDSIZE,3,2024-01-31 00:00:00,2024-07-02 00:00:00,473000,0,0,2,1058,12429,,unavailable,observed_aggregate,Do not add maintenance_cost and detail_part_price unless Jejuro confirms whether cost already includes parts.
8945,1946,24년 더 뉴 K5 하이브리드(휘),MIDSIZE,2,2024-06-26 00:00:00,2024-07-16 00:00:00,0,0,0,1,12611,12611,,unavailable,observed_aggregate,Do not add maintenance_cost and detail_part_price unless Jejuro confirms whether cost already includes parts.
8946,1946,24년 더 뉴 K5 하이브리드(휘),MIDSIZE,9,2024-06-06 00:00:00,2026-07-02 02:49:00,0,0,0,9,9465,59775,,unavailable,observed_aggregate,Do not add maintenance_cost and detail_part_price unless Jejuro confirms whether cost already includes parts.
8947,1946,24년 더 뉴 K5 하이브리드(휘),MIDSIZE,9,2024-06-26 00:00:00,2026-04-28 04:40:00,0,0,0,8,15157,53165,,unavailable,observed_aggregate,Do not add maintenance_cost and detail_part_price unless Jejuro confirms whether cost already includes parts.
8948,1946,24년 더 뉴 K5 하이브리드(휘),MIDSIZE,9,2024-06-26 00:00:00,2026-07-01 08:58:00,0,0,0,8,16486,56439,,unavailable,observed_aggregate,Do not add maintenance_cost and detail_part_price unless Jejuro confirms whether cost already includes parts.
8949,1946,24년 더 뉴 K5 하이브리드(휘),MIDSIZE,8,2024-06-26 00:00:00,2026-04-21 00:00:00,0,0,0,7,5624,42438,,unavailable,observed_aggregate,Do not add maintenance_cost and detail_part_price unless Jejuro confirms whether cost already includes parts.
8950,1946,24년 더 뉴 K5 하이브리드(휘),MIDSIZE,8,2024-06-26 00:00:00,2026-07-19 06:43:00,0,0,0,7,13295,50488,,unavailable,observed_aggregate,Do not add maintenance_cost and detail_part_price unless Jejuro confirms whether cost already includes parts.
8951,1946,24년 더 뉴 K5 하이브리드(휘),MIDSIZE,7,2024-06-26 00:00:00,2026-08-05 01:35:00,0,0,0,6,14141,50914,,unavailable,observed_aggregate,Do not add maintenance_cost and detail_part_price unless Jejuro confirms whether cost already includes parts.
8952,1946,24년 더 뉴 K5 하이브리드(휘),MIDSIZE,7,2024-06-26 00:00:00,2026-04-06 00:00:00,0,0,0,6,13206,42399,,unavailable,observed_aggregate,Do not add maintenance_cost and detail_part_price unless Jejuro confirms whether cost already includes parts.
8953,1946,24년 더 뉴 K5 하이브리드(휘),MIDSIZE,7,2024-06-26 00:00:00,2026-08-10 04:12:00,0,0,0,6,13564,51969,,unavailable,observed_aggregate,Do not add maintenance_cost and detail_part_price unless Jejuro confirms whether cost already includes parts.
8954,1953,24년 더 올뉴머스탱컨버터블2.3 (휘),IMPORTED,19,2024-06-26 00:00:00,2026-06-26 08:40:00,0,0,0,18,11389,52744,,unavailable,observed_aggregate,Do not add maintenance_cost and detail_part_price unless Jejuro confirms whether cost already includes parts.
8955,1953,24년 더 올뉴머스탱컨버터블2.3 (휘),IMPORTED,13,2024-06-26 00:00:00,2026-06-08 08:35:00,0,0,0,11,11085,60415,,unavailable,observed_aggregate,Do not add maintenance_cost and detail_part_price unless Jejuro confirms whether cost already includes parts.
8956,1953,24년 더 올뉴머스탱컨버터블2.3 (휘),IMPORTED,13,2024-06-26 00:00:00,2026-06-16 06:03:00,0,0,0,12,17402,57849,,unavailable,observed_aggregate,Do not add maintenance_cost and detail_part_price unless Jejuro confirms whether cost already includes parts.
8957,1953,24년 더 올뉴머스탱컨버터블2.3 (휘),IMPORTED,17,2024-06-26 00:00:00,2026-07-15 09:41:00,0,0,0,16,4274,48949,,unavailable,observed_aggregate,Do not add maintenance_cost and detail_part_price unless Jejuro confirms whether cost already includes parts.
8958,1953,24년 더 올뉴머스탱컨버터블2.3 (휘),IMPORTED,12,2024-06-26 00:00:00,2026-07-20 07:01:00,0,0,540000,11,19771,62231,,unavailable,observed_aggregate,Do not add maintenance_cost and detail_part_price unless Jejuro confirms whether cost already includes parts.
8959,1953,24년 더 올뉴머스탱컨버터블2.3 (휘),IMPORTED,11,2024-06-26 00:00:00,2026-06-11 00:42:00,0,0,281500,10,16931,61092,,unavailable,observed_aggregate,Do not add maintenance_cost and detail_part_price unless Jejuro confirms whether cost already includes parts.
8960,1953,24년 더 올뉴머스탱컨버터블2.3 (휘),IMPORTED,18,2024-06-26 00:00:00,2026-08-12 06:33:00,0,0,165000,17,12962,59115,,unavailable,observed_aggregate,Do not add maintenance_cost and detail_part_price unless Jejuro confirms whether cost already includes parts.
8961,1953,24년 더 올뉴머스탱컨버터블2.3 (휘),IMPORTED,11,2024-06-26 00:00:00,2026-06-16 05:50:00,0,0,0,10,16890,54662,,unavailable,observed_aggregate,Do not add maintenance_cost and detail_part_price unless Jejuro confirms whether cost already includes parts.
8962,1957,24년 더 뉴 쏘렌토 하이브리드 4륜(5인/휘),SUV,7,2024-07-31 00:00:00,2026-06-18 07:21:00,0,0,0,6,13817,51023,,unavailable,observed_aggregate,Do not add maintenance_cost and detail_part_price unless Jejuro confirms whether cost already includes parts.
8963,1957,24년 더 뉴 쏘렌토 하이브리드 4륜(5인/휘),SUV,8,2024-06-26 00:00:00,2026-04-09 04:27:00,0,0,0,7,16080,53339,,unavailable,observed_aggregate,Do not add maintenance_cost and detail_part_price unless Jejuro confirms whether cost already includes parts.
8964,1957,24년 더 뉴 쏘렌토 하이브리드 4륜(5인/휘),SUV,7,2024-06-26 00:00:00,2026-03-24 04:24:00,0,0,0,6,16402,52954,,unavailable,observed_aggregate,Do not add maintenance_cost and detail_part_price unless Jejuro confirms whether cost already includes parts.
8965,1957,24년 더 뉴 쏘렌토 하이브리드 4륜(5인/휘),SUV,8,2024-06-26 00:00:00,2026-05-10 03:52:00,0,0,0,7,16201,52322,,unavailable,observed_aggregate,Do not add maintenance_cost and detail_part_price unless Jejuro confirms whether cost already includes parts.
8966,1947,24년 더뉴그랜저 하이브리드(휘),LUXURY,1,2024-06-12 00:00:00,2024-06-12 00:00:00,0,0,0,1,10801,10801,,unavailable,observed_aggregate,Do not add maintenance_cost and detail_part_price unless Jejuro confirms whether cost already includes parts.
8967,1947,24년 더뉴그랜저 하이브리드(휘),LUXURY,2,2024-06-04 00:00:00,2024-06-27 00:00:00,0,0,0,2,11520,12985,,unavailable,observed_aggregate,Do not add maintenance_cost and detail_part_price unless Jejuro confirms whether cost already includes parts.
8968,1947,24년 더뉴그랜저 하이브리드(휘),LUXURY,1,2024-06-18 00:00:00,2024-06-18 00:00:00,0,0,0,1,11362,11362,,unavailable,observed_aggregate,Do not add maintenance_cost and detail_part_price unless Jejuro confirms whether cost already includes parts.
8969,1947,24년 더뉴그랜저 하이브리드(휘),LUXURY,5,2025-01-11 08:13:00,2026-06-15 00:00:00,0,0,0,5,7393,44512,,unavailable,observed_aggregate,Do not add maintenance_cost and detail_part_price unless Jejuro confirms whether cost already includes parts.
8970,1947,24년 더뉴그랜저 하이브리드(휘),LUXURY,8,2025-01-11 08:13:00,2026-06-17 00:00:00,0,0,0,8,10051,47159,,unavailable,observed_aggregate,Do not add maintenance_cost and detail_part_price unless Jejuro confirms whether cost already includes parts.
8971,1947,24년 더뉴그랜저 하이브리드(휘),LUXURY,6,2025-01-11 08:14:00,2026-06-28 01:05:00,0,0,0,6,9222,47164,,unavailable,observed_aggregate,Do not add maintenance_cost and detail_part_price unless Jejuro confirms whether cost already includes parts.
8972,1952,24년 더 뉴 K5(휘),MIDSIZE,12,2024-06-27 00:00:00,2026-06-23 05:09:00,0,0,0,10,14602,53771,,unavailable,observed_aggregate,Do not add maintenance_cost and detail_part_price unless Jejuro confirms whether cost already includes parts.
8973,1952,24년 더 뉴 K5(휘),MIDSIZE,9,2024-06-19 00:00:00,2026-01-15 23:28:00,0,0,0,9,9915,49182,,unavailable,observed_aggregate,Do not add maintenance_cost and detail_part_price unless Jejuro confirms whether cost already includes parts.
8974,1952,24년 더 뉴 K5(휘),MIDSIZE,11,2024-06-27 00:00:00,2026-04-23 06:12:00,0,0,0,10,9999,51861,,unavailable,observed_aggregate,Do not add maintenance_cost and detail_part_price unless Jejuro confirms whether cost already includes parts.
8975,1952,24년 더 뉴 K5(휘),MIDSIZE,11,2024-06-27 00:00:00,2026-06-09 00:57:00,0,0,0,10,15386,53683,,unavailable,observed_aggregate,Do not add maintenance_cost and detail_part_price unless Jejuro confirms whether cost already includes parts.
8976,1952,24년 더 뉴 K5(휘),MIDSIZE,10,2024-06-27 00:00:00,2026-05-12 00:51:00,0,0,0,9,16219,51551,,unavailable,observed_aggregate,Do not add maintenance_cost and detail_part_price unless Jejuro confirms whether cost already includes parts.
8977,1952,24년 더 뉴 K5(휘),MIDSIZE,9,2024-06-27 00:00:00,2026-06-01 00:32:00,0,0,0,8,14657,45748,,unavailable,observed_aggregate,Do not add maintenance_cost and detail_part_price unless Jejuro confirms whether cost already includes parts.
8978,1952,24년 더 뉴 K5(휘),MIDSIZE,11,2024-06-27 00:00:00,2026-08-02 03:44:00,180000,0,0,10,13127,57351,,unavailable,observed_aggregate,Do not add maintenance_cost and detail_part_price unless Jejuro confirms whether cost already includes parts.
8979,1952,24년 더 뉴 K5(휘),MIDSIZE,9,2024-06-27 00:00:00,2026-08-05 05:40:00,0,0,0,8,15579,53142,,unavailable,observed_aggregate,Do not add maintenance_cost and detail_part_price unless Jejuro confirms whether cost already includes parts.
8980,1955,24년 마이바흐 S580(휘),IMPORTED,1,2024-07-05 00:00:00,2024-07-05 00:00:00,0,0,0,1,2516,2516,,unavailable,observed_aggregate,Do not add maintenance_cost and detail_part_price unless Jejuro confirms whether cost already includes parts.
8981,1968,24년 벤츠 CLE 컨버터블(휘),IMPORTED,14,2024-09-12 00:00:00,2026-06-23 00:54:00,0,0,0,13,10263,50199,,unavailable,observed_aggregate,Do not add maintenance_cost and detail_part_price unless Jejuro confirms whether cost already includes parts.
8982,1968,24년 벤츠 CLE 컨버터블(휘),IMPORTED,4,2024-07-01 23:26:00,2024-12-11 09:02:00,0,0,0,4,7537,15920,,unavailable,observed_aggregate,Do not add maintenance_cost and detail_part_price unless Jejuro confirms whether cost already includes parts.
8983,1968,24년 벤츠 CLE 컨버터블(휘),IMPORTED,15,2024-07-01 23:52:00,2026-07-10 09:11:00,0,0,2505000,14,11353,43906,,unavailable,observed_aggregate,Do not add maintenance_cost and detail_part_price unless Jejuro confirms whether cost already includes parts.
8984,1968,24년 벤츠 CLE 컨버터블(휘),IMPORTED,12,2024-07-22 23:51:00,2026-05-14 00:00:00,330000,0,0,11,1836,50748,,unavailable,observed_aggregate,Do not add maintenance_cost and detail_part_price unless Jejuro confirms whether cost already includes parts.
8985,1968,24년 벤츠 CLE 컨버터블(휘),IMPORTED,10,2024-07-22 23:50:00,2026-08-15 04:21:00,0,0,494700,8,17597,49359,,unavailable,observed_aggregate,Do not add maintenance_cost and detail_part_price unless Jejuro confirms whether cost already includes parts.
8986,1954,24년 벤츠 S500 (휘),IMPORTED,1,2024-04-11 00:00:00,2024-04-11 00:00:00,0,0,0,1,43,43,,unavailable,observed_aggregate,Do not add maintenance_cost and detail_part_price unless Jejuro confirms whether cost already includes parts.
8987,1937,24년 쏘나타 디엣지(휘),MIDSIZE,9,2023-11-22 00:00:00,2026-04-29 00:00:00,0,0,0,9,11372,77178,,unavailable,observed_aggregate,Do not add maintenance_cost and detail_part_price unless Jejuro confirms whether cost already includes parts.
8988,1937,24년 쏘나타 디엣지(휘),MIDSIZE,14,2023-11-15 00:00:00,2026-04-15 03:52:00,0,0,0,14,9801,565049,,unavailable,observed_aggregate,Do not add maintenance_cost and detail_part_price unless Jejuro confirms whether cost already includes parts.
8989,1937,24년 쏘나타 디엣지(휘),MIDSIZE,10,2023-12-06 00:00:00,2026-04-08 09:00:00,0,0,0,10,13227,75742,,unavailable,observed_aggregate,Do not add maintenance_cost and detail_part_price unless Jejuro confirms whether cost already includes parts.
8990,1937,24년 쏘나타 디엣지(휘),MIDSIZE,9,2023-11-15 00:00:00,2026-04-17 00:00:00,0,0,0,9,10297,74894,,unavailable,observed_aggregate,Do not add maintenance_cost and detail_part_price unless Jejuro confirms whether cost already includes parts.
8991,1937,24년 쏘나타 디엣지(휘),MIDSIZE,10,2023-11-10 00:00:00,2026-04-16 03:33:00,0,0,0,10,10254,75593,,unavailable,observed_aggregate,Do not add maintenance_cost and detail_part_price unless Jejuro confirms whether cost already includes parts.
8992,1937,24년 쏘나타 디엣지(휘),MIDSIZE,13,2023-11-13 00:00:00,2026-04-30 00:00:00,0,0,0,13,10890,79514,,unavailable,observed_aggregate,Do not add maintenance_cost and detail_part_price unless Jejuro confirms whether cost already includes parts.
8993,1937,24년 쏘나타 디엣지(휘),MIDSIZE,18,2023-11-23 00:00:00,2026-06-04 00:32:00,0,0,0,18,11618,79255,,unavailable,observed_aggregate,Do not add maintenance_cost and detail_part_price unless Jejuro confirms whether cost already includes parts.
8994,1937,24년 쏘나타 디엣지(휘),MIDSIZE,15,2023-11-10 00:00:00,2026-04-29 00:00:00,0,0,0,15,10167,70405,,unavailable,observed_aggregate,Do not add maintenance_cost and detail_part_price unless Jejuro confirms whether cost already includes parts.
8995,1937,24년 쏘나타 디엣지(휘),MIDSIZE,11,2023-11-07 00:00:00,2026-06-25 08:22:00,0,0,0,11,10302,79112,,unavailable,observed_aggregate,Do not add maintenance_cost and detail_part_price unless Jejuro confirms whether cost already includes parts.
8996,1937,24년 쏘나타 디엣지(휘),MIDSIZE,16,2023-11-03 00:00:00,2026-06-27 06:48:00,0,0,0,16,10960,78234,,unavailable,observed_aggregate,Do not add maintenance_cost and detail_part_price unless Jejuro confirms whether cost already includes parts.
8997,1937,24년 쏘나타 디엣지(휘),MIDSIZE,7,2024-06-26 00:00:00,2026-06-07 23:31:00,0,0,0,6,13476,47237,,unavailable,observed_aggregate,Do not add maintenance_cost and detail_part_price unless Jejuro confirms whether cost already includes parts.
8998,1937,24년 쏘나타 디엣지(휘),MIDSIZE,8,2024-06-26 00:00:00,2026-08-13 07:33:00,0,0,0,7,11978,50905,,unavailable,observed_aggregate,Do not add maintenance_cost and detail_part_price unless Jejuro confirms whether cost already includes parts.
8999,1937,24년 쏘나타 디엣지(휘),MIDSIZE,6,2024-06-26 00:00:00,2026-06-06 09:46:00,0,0,0,5,13432,49888,,unavailable,observed_aggregate,Do not add maintenance_cost and detail_part_price unless Jejuro confirms whether cost already includes parts.
9000,1937,24년 쏘나타 디엣지(휘),MIDSIZE,7,2024-06-26 00:00:00,2026-07-28 01:31:00,0,0,0,6,13628,49844,,unavailable,observed_aggregate,Do not add maintenance_cost and detail_part_price unless Jejuro confirms whether cost already includes parts.
9001,1937,24년 쏘나타 디엣지(휘),MIDSIZE,9,2024-06-26 00:00:00,2026-06-28 00:45:00,0,0,0,8,13779,52346,,unavailable,observed_aggregate,Do not add maintenance_cost and detail_part_price unless Jejuro confirms whether cost already includes parts.
9002,1948,24년 스타리아  11인승(경유),RV,1,2024-06-26 00:00:00,2024-06-26 00:00:00,0,0,0,0,,,,unavailable,observed_aggregate,Do not add maintenance_cost and detail_part_price unless Jejuro confirms whether cost already includes parts.
9003,1948,24년 스타리아  11인승(경유),RV,1,2024-06-26 00:00:00,2024-06-26 00:00:00,0,0,0,0,,,,unavailable,observed_aggregate,Do not add maintenance_cost and detail_part_price unless Jejuro confirms whether cost already includes parts.
9004,1948,24년 스타리아  11인승(경유),RV,7,2024-06-26 00:00:00,2026-06-28 02:29:00,0,0,0,5,11538,37928,,unavailable,observed_aggregate,Do not add maintenance_cost and detail_part_price unless Jejuro confirms whether cost already includes parts.
9005,1948,24년 스타리아  11인승(경유),RV,8,2024-06-26 00:00:00,2026-06-08 04:06:00,0,0,0,7,13151,36730,,unavailable,observed_aggregate,Do not add maintenance_cost and detail_part_price unless Jejuro confirms whether cost already includes parts.
9006,1948,24년 스타리아  11인승(경유),RV,7,2024-06-26 00:00:00,2025-12-20 06:10:00,0,0,0,6,9211,25794,,unavailable,observed_aggregate,Do not add maintenance_cost and detail_part_price unless Jejuro confirms whether cost already includes parts.
9007,1948,24년 스타리아  11인승(경유),RV,9,2024-06-26 00:00:00,2026-07-27 04:25:00,0,0,0,8,12730,37193,,unavailable,observed_aggregate,Do not add maintenance_cost and detail_part_price unless Jejuro confirms whether cost already includes parts.
9008,1948,24년 스타리아  11인승(경유),RV,6,2024-06-26 00:00:00,2026-07-12 01:28:00,0,0,0,5,13182,36614,,unavailable,observed_aggregate,Do not add maintenance_cost and detail_part_price unless Jejuro confirms whether cost already includes parts.
9009,1948,24년 스타리아  11인승(경유),RV,7,2024-06-26 00:00:00,2026-05-12 04:25:00,0,0,0,6,13208,35269,,unavailable,observed_aggregate,Do not add maintenance_cost and detail_part_price unless Jejuro confirms whether cost already includes parts.
9010,1948,24년 스타리아  11인승(경유),RV,8,2024-06-26 00:00:00,2026-04-19 08:32:00,0,0,0,7,13605,39056,,unavailable,observed_aggregate,Do not add maintenance_cost and detail_part_price unless Jejuro confirms whether cost already includes parts.
9011,1948,24년 스타리아  11인승(경유),RV,6,2024-06-26 00:00:00,2026-05-12 07:34:00,0,0,0,5,10553,33464,,unavailable,observed_aggregate,Do not add maintenance_cost and detail_part_price unless Jejuro confirms whether cost already includes parts.
9012,1945,24년 스타리아 11인승 4륜(경유),RV,9,2024-06-26 00:00:00,2026-06-08 07:29:00,0,0,0,8,11537,48195,,unavailable,observed_aggregate,Do not add maintenance_cost and detail_part_price unless Jejuro confirms whether cost already includes parts.
9013,1945,24년 스타리아 11인승 4륜(경유),RV,10,2024-06-26 00:00:00,2026-05-10 23:48:00,0,0,0,9,10833,46429,,unavailable,observed_aggregate,Do not add maintenance_cost and detail_part_price unless Jejuro confirms whether cost already includes parts.
9014,1950,24년 스타리아라운지 4륜 7인승(경유),RV,7,2024-06-26 00:00:00,2026-08-12 06:39:00,0,0,0,6,15043,44640,,unavailable,observed_aggregate,Do not add maintenance_cost and detail_part_price unless Jejuro confirms whether cost already includes parts.
9015,1950,24년 스타리아라운지 4륜 7인승(경유),RV,9,2024-06-26 00:00:00,2026-04-06 03:30:00,0,0,0,8,14934,68230,,unavailable,observed_aggregate,Do not add maintenance_cost and detail_part_price unless Jejuro confirms whether cost already includes parts.
9016,1950,24년 스타리아라운지 4륜 7인승(경유),RV,7,2024-06-26 00:00:00,2026-01-20 05:56:00,0,0,0,6,14738,39034,,unavailable,observed_aggregate,Do not add maintenance_cost and detail_part_price unless Jejuro confirms whether cost already includes parts.
9017,1950,24년 스타리아라운지 4륜 7인승(경유),RV,8,2024-06-26 00:00:00,2026-04-10 05:48:00,0,0,0,7,17090,45224,,unavailable,observed_aggregate,Do not add maintenance_cost and detail_part_price unless Jejuro confirms whether cost already includes parts.
9018,1950,24년 스타리아라운지 4륜 7인승(경유),RV,8,2024-06-26 00:00:00,2025-12-26 04:10:00,0,0,0,7,15004,321800,,unavailable,observed_aggregate,Do not add maintenance_cost and detail_part_price unless Jejuro confirms whether cost already includes parts.
9019,1971,24년 싼타페 하이브리드 4륜 (7인/휘),SUV,10,2025-01-11 07:59:00,2026-08-11 07:46:00,0,0,0,10,6745,42439,,unavailable,observed_aggregate,Do not add maintenance_cost and detail_part_price unless Jejuro confirms whether cost already includes parts.
9020,1971,24년 싼타페 하이브리드 4륜 (7인/휘),SUV,6,2025-01-11 07:59:00,2026-08-02 00:37:00,0,0,0,6,5919,42525,,unavailable,observed_aggregate,Do not add maintenance_cost and detail_part_price unless Jejuro confirms whether cost already includes parts.
9021,1971,24년 싼타페 하이브리드 4륜 (7인/휘),SUV,6,2025-01-11 07:59:00,2026-07-28 06:46:00,0,0,0,6,6122,42841,,unavailable,observed_aggregate,Do not add maintenance_cost and detail_part_price unless Jejuro confirms whether cost already includes parts.
9022,1971,24년 싼타페 하이브리드 4륜 (7인/휘),SUV,6,2025-01-11 07:59:00,2026-08-08 03:31:00,0,0,170000,6,6011,41223,,unavailable,observed_aggregate,Do not add maintenance_cost and detail_part_price unless Jejuro confirms whether cost already includes parts.
9023,1974,24년 쏘나타 디엣지 하이브리드(휘),MIDSIZE,7,2024-09-12 00:00:00,2026-07-06 06:38:00,0,0,0,6,13539,46658,,unavailable,observed_aggregate,Do not add maintenance_cost and detail_part_price unless Jejuro confirms whether cost already includes parts.
9024,1974,24년 쏘나타 디엣지 하이브리드(휘),MIDSIZE,6,2024-09-12 00:00:00,2026-08-06 06:57:00,0,0,0,5,13361,49043,,unavailable,observed_aggregate,Do not add maintenance_cost and detail_part_price unless Jejuro confirms whether cost already includes parts.
9025,1974,24년 쏘나타 디엣지 하이브리드(휘),MIDSIZE,7,2024-09-12 00:00:00,2026-07-20 08:09:00,0,0,0,6,13301,51034,,unavailable,observed_aggregate,Do not add maintenance_cost and detail_part_price unless Jejuro confirms whether cost already includes parts.
9026,1974,24년 쏘나타 디엣지 하이브리드(휘),MIDSIZE,7,2024-09-12 00:00:00,2026-06-25 00:00:00,0,0,0,6,13189,43810,,unavailable,observed_aggregate,Do not add maintenance_cost and detail_part_price unless Jejuro confirms whether cost already includes parts.
9027,1974,24년 쏘나타 디엣지 하이브리드(휘),MIDSIZE,7,2024-09-12 00:00:00,2026-08-17 04:08:00,0,0,0,6,13453,49046,,unavailable,observed_aggregate,Do not add maintenance_cost and detail_part_price unless Jejuro confirms whether cost already includes parts.
9028,1949,24년 쏠라티(15인/경유),RV,2,2024-05-28 00:00:00,2024-06-26 00:00:00,0,0,0,1,4380,4380,,unavailable,observed_aggregate,Do not add maintenance_cost and detail_part_price unless Jejuro confirms whether cost already includes parts.
9029,1949,24년 쏠라티(15인/경유),RV,2,2024-03-22 00:00:00,2024-06-26 00:00:00,0,0,0,1,1394,1394,,unavailable,observed_aggregate,Do not add maintenance_cost and detail_part_price unless Jejuro confirms whether cost already includes parts.
9030,1949,24년 쏠라티(15인/경유),RV,14,2024-03-22 00:00:00,2026-07-31 07:09:00,0,0,1053778,13,1233,31003,,unavailable,observed_aggregate,Do not add maintenance_cost and detail_part_price unless Jejuro confirms whether cost already includes parts.
9031,1949,24년 쏠라티(15인/경유),RV,2,2024-05-02 00:00:00,2024-06-26 00:00:00,0,0,0,1,1081,1081,,unavailable,observed_aggregate,Do not add maintenance_cost and detail_part_price unless Jejuro confirms whether cost already includes parts.
9032,1949,24년 쏠라티(15인/경유),RV,1,2024-06-26 00:00:00,2024-06-26 00:00:00,0,0,0,0,,,,unavailable,observed_aggregate,Do not add maintenance_cost and detail_part_price unless Jejuro confirms whether cost already includes parts.
9033,1960,24년 카니발 하이리무진 9인승(경유),RV,12,2024-06-26 00:00:00,2026-05-11 05:38:00,0,0,0,11,12597,43455,,unavailable,observed_aggregate,Do not add maintenance_cost and detail_part_price unless Jejuro confirms whether cost already includes parts.
9034,1960,24년 카니발 하이리무진 9인승(경유),RV,10,2024-06-26 00:00:00,2026-07-15 03:48:00,0,0,0,9,6000,50587,,unavailable,observed_aggregate,Do not add maintenance_cost and detail_part_price unless Jejuro confirms whether cost already includes parts.
9035,1960,24년 카니발 하이리무진 9인승(경유),RV,7,2024-06-26 00:00:00,2026-05-07 08:50:00,0,0,0,6,13601,49299,,unavailable,observed_aggregate,Do not add maintenance_cost and detail_part_price unless Jejuro confirms whether cost already includes parts.
9036,1960,24년 카니발 하이리무진 9인승(경유),RV,12,2024-06-26 00:00:00,2026-07-14 05:50:00,0,0,0,11,8120,51324,,unavailable,observed_aggregate,Do not add maintenance_cost and detail_part_price unless Jejuro confirms whether cost already includes parts.
9037,1960,24년 카니발 하이리무진 9인승(경유),RV,10,2024-06-26 00:00:00,2026-08-03 06:59:00,0,0,0,9,13612,50014,,unavailable,observed_aggregate,Do not add maintenance_cost and detail_part_price unless Jejuro confirms whether cost already includes parts.
9038,1972,24년 G80 4륜(휘),LUXURY,8,2024-09-12 00:00:00,2026-06-18 00:00:00,0,0,0,7,10510,45051,,unavailable,observed_aggregate,Do not add maintenance_cost and detail_part_price unless Jejuro confirms whether cost already includes parts.
9039,1972,24년 G80 4륜(휘),LUXURY,8,2024-09-12 00:00:00,2026-08-10 07:47:00,0,0,0,7,13430,47971,,unavailable,observed_aggregate,Do not add maintenance_cost and detail_part_price unless Jejuro confirms whether cost already includes parts.
9040,1972,24년 G80 4륜(휘),LUXURY,6,2024-09-12 00:00:00,2026-08-01 04:16:00,0,0,0,5,10273,48634,,unavailable,observed_aggregate,Do not add maintenance_cost and detail_part_price unless Jejuro confirms whether cost already includes parts.
9041,1944,24년 더 뉴 쏘렌토 4륜(7인/휘),SUV,1,2024-06-12 00:00:00,2024-06-12 00:00:00,0,0,0,1,17774,17774,,unavailable,observed_aggregate,Do not add maintenance_cost and detail_part_price unless Jejuro confirms whether cost already includes parts.
9042,1944,24년 더 뉴 쏘렌토 4륜(7인/휘),SUV,1,2024-06-04 00:00:00,2024-06-04 00:00:00,0,0,0,1,16382,16382,,unavailable,observed_aggregate,Do not add maintenance_cost and detail_part_price unless Jejuro confirms whether cost already includes parts.
9043,1944,24년 더 뉴 쏘렌토 4륜(7인/휘),SUV,1,2024-06-10 00:00:00,2024-06-10 00:00:00,0,0,0,1,18501,18501,,unavailable,observed_aggregate,Do not add maintenance_cost and detail_part_price unless Jejuro confirms whether cost already includes parts.
9044,1944,24년 더 뉴 쏘렌토 4륜(7인/휘),SUV,1,2024-06-04 00:00:00,2024-06-04 00:00:00,0,0,0,1,16673,16673,,unavailable,observed_aggregate,Do not add maintenance_cost and detail_part_price unless Jejuro confirms whether cost already includes parts.
9045,1944,24년 더 뉴 쏘렌토 4륜(7인/휘),SUV,1,2024-06-06 00:00:00,2024-06-06 00:00:00,0,0,0,1,15988,15988,,unavailable,observed_aggregate,Do not add maintenance_cost and detail_part_price unless Jejuro confirms whether cost already includes parts.
9046,1944,24년 더 뉴 쏘렌토 4륜(7인/휘),SUV,10,2024-03-09 00:00:00,2026-07-21 00:00:00,0,0,48200,10,10248,55934,,unavailable,observed_aggregate,Do not add maintenance_cost and detail_part_price unless Jejuro confirms whether cost already includes parts.
9047,1944,24년 더 뉴 쏘렌토 4륜(7인/휘),SUV,6,2024-06-04 00:00:00,2026-08-03 03:04:00,0,0,0,6,18563,56314,,unavailable,observed_aggregate,Do not add maintenance_cost and detail_part_price unless Jejuro confirms whether cost already includes parts.
9048,1944,24년 더 뉴 쏘렌토 4륜(7인/휘),SUV,8,2024-06-10 00:00:00,2026-07-22 00:00:00,0,0,0,8,17192,58700,,unavailable,observed_aggregate,Do not add maintenance_cost and detail_part_price unless Jejuro confirms whether cost already includes parts.
9049,1944,24년 더 뉴 쏘렌토 4륜(7인/휘),SUV,10,2024-06-10 00:00:00,2026-07-21 00:00:00,0,0,0,10,16793,54826,,unavailable,observed_aggregate,Do not add maintenance_cost and detail_part_price unless Jejuro confirms whether cost already includes parts.
9050,1944,24년 더 뉴 쏘렌토 4륜(7인/휘),SUV,10,2024-01-16 00:00:00,2026-07-24 00:00:00,0,0,0,10,5589,51763,,unavailable,observed_aggregate,Do not add maintenance_cost and detail_part_price unless Jejuro confirms whether cost already includes parts.
9051,1944,24년 더 뉴 쏘렌토 4륜(7인/휘),SUV,8,2024-06-11 00:00:00,2026-07-21 00:00:00,0,0,0,8,16442,59176,,unavailable,observed_aggregate,Do not add maintenance_cost and detail_part_price unless Jejuro confirms whether cost already includes parts.
9052,1944,24년 더 뉴 쏘렌토 4륜(7인/휘),SUV,12,2024-02-02 00:00:00,2026-05-22 05:53:00,0,0,0,12,7550,51667,,unavailable,observed_aggregate,Do not add maintenance_cost and detail_part_price unless Jejuro confirms whether cost already includes parts.
9053,1944,24년 더 뉴 쏘렌토 4륜(7인/휘),SUV,7,2024-06-10 00:00:00,2026-06-22 05:28:00,0,0,0,7,4100,41478,,unavailable,observed_aggregate,Do not add maintenance_cost and detail_part_price unless Jejuro confirms whether cost already includes parts.
9054,1942,24년 더 뉴 아반떼(휘),COMPACT,10,2024-06-07 00:00:00,2026-05-11 09:00:00,0,0,0,10,24248,74690,,unavailable,observed_aggregate,Do not add maintenance_cost and detail_part_price unless Jejuro confirms whether cost already includes parts.
9055,1942,24년 더 뉴 아반떼(휘),COMPACT,12,2024-06-07 00:00:00,2026-08-04 09:53:00,0,0,47000,12,22408,75069,,unavailable,observed_aggregate,Do not add maintenance_cost and detail_part_price unless Jejuro confirms whether cost already includes parts.
9056,1942,24년 더 뉴 아반떼(휘),COMPACT,11,2023-12-11 00:00:00,2026-06-09 00:20:00,0,0,0,11,10533,74867,,unavailable,observed_aggregate,Do not add maintenance_cost and detail_part_price unless Jejuro confirms whether cost already includes parts.
9057,1942,24년 더 뉴 아반떼(휘),COMPACT,10,2023-12-08 00:00:00,2026-05-24 23:40:00,0,0,0,10,10464,76244,,unavailable,observed_aggregate,Do not add maintenance_cost and detail_part_price unless Jejuro confirms whether cost already includes parts.
9058,1942,24년 더 뉴 아반떼(휘),COMPACT,11,2024-06-04 00:00:00,2026-08-11 07:43:00,0,0,0,11,23088,75739,,unavailable,observed_aggregate,Do not add maintenance_cost and detail_part_price unless Jejuro confirms whether cost already includes parts.
9059,1942,24년 더 뉴 아반떼(휘),COMPACT,9,2023-12-19 00:00:00,2026-05-26 00:00:00,0,0,0,9,10165,77268,,unavailable,observed_aggregate,Do not add maintenance_cost and detail_part_price unless Jejuro confirms whether cost already includes parts.
9060,1942,24년 더 뉴 아반떼(휘),COMPACT,7,2024-07-07 00:00:00,2026-08-13 07:35:00,0,0,0,6,13083,49718,,unavailable,observed_aggregate,Do not add maintenance_cost and detail_part_price unless Jejuro confirms whether cost already includes parts.
9061,1942,24년 더 뉴 아반떼(휘),COMPACT,9,2024-07-07 00:00:00,2026-06-25 08:18:00,0,0,0,8,13713,50685,,unavailable,observed_aggregate,Do not add maintenance_cost and detail_part_price unless Jejuro confirms whether cost already includes parts.
9062,1942,24년 더 뉴 아반떼(휘),COMPACT,8,2024-07-07 00:00:00,2026-06-11 08:20:00,0,0,0,7,13376,50469,,unavailable,observed_aggregate,Do not add maintenance_cost and detail_part_price unless Jejuro confirms whether cost already includes parts.
9063,1942,24년 더 뉴 아반떼(휘),COMPACT,9,2024-07-07 00:00:00,2026-07-08 01:36:00,0,0,0,8,13214,50328,,unavailable,observed_aggregate,Do not add maintenance_cost and detail_part_price unless Jejuro confirms whether cost already includes parts.
9064,1942,24년 더 뉴 아반떼(휘),COMPACT,7,2024-07-07 00:00:00,2026-07-04 05:54:00,0,0,0,6,13354,49616,,unavailable,observed_aggregate,Do not add maintenance_cost and detail_part_price unless Jejuro confirms whether cost already includes parts.
9065,1942,24년 더 뉴 아반떼(휘),COMPACT,9,2024-07-07 00:00:00,2026-06-15 04:59:00,0,0,83600,8,13606,50214,,unavailable,observed_aggregate,Do not add maintenance_cost and detail_part_price unless Jejuro confirms whether cost already includes parts.
9066,1942,24년 더 뉴 아반떼(휘),COMPACT,8,2024-07-07 00:00:00,2026-08-09 04:04:00,0,0,0,7,13677,50930,,unavailable,observed_aggregate,Do not add maintenance_cost and detail_part_price unless Jejuro confirms whether cost already includes parts.
9067,1942,24년 더 뉴 아반떼(휘),COMPACT,8,2024-07-07 00:00:00,2026-08-13 01:31:00,0,0,0,7,14295,52388,,unavailable,observed_aggregate,Do not add maintenance_cost and detail_part_price unless Jejuro confirms whether cost already includes parts.
9068,1942,24년 더 뉴 아반떼(휘),COMPACT,8,2024-07-07 00:00:00,2026-03-25 00:00:00,0,0,0,7,9107,40597,,unavailable,observed_aggregate,Do not add maintenance_cost and detail_part_price unless Jejuro confirms whether cost already includes parts.
9069,1942,24년 더 뉴 아반떼(휘),COMPACT,7,2024-07-07 00:00:00,2026-08-08 06:59:00,0,0,0,6,13253,50326,,unavailable,observed_aggregate,Do not add maintenance_cost and detail_part_price unless Jejuro confirms whether cost already includes parts.
9070,1934,24년 BMW 미니 컨버터블(휘),IMPORTED,5,2023-12-21 00:00:00,2024-06-25 00:00:00,400000,0,0,5,15129,26572,,unavailable,observed_aggregate,Do not add maintenance_cost and detail_part_price unless Jejuro confirms whether cost already includes parts.
9071,1934,24년 BMW 미니 컨버터블(휘),IMPORTED,5,2024-01-12 00:00:00,2024-08-08 00:00:00,0,0,0,5,15410,28797,,unavailable,observed_aggregate,Do not add maintenance_cost and detail_part_price unless Jejuro confirms whether cost already includes parts.
9072,1934,24년 BMW 미니 컨버터블(휘),IMPORTED,12,2024-08-22 00:00:00,2026-07-27 08:07:00,0,0,0,12,15069,53945,,unavailable,observed_aggregate,Do not add maintenance_cost and detail_part_price unless Jejuro confirms whether cost already includes parts.
9073,1934,24년 BMW 미니 컨버터블(휘),IMPORTED,12,2024-03-22 00:00:00,2026-07-31 09:15:00,0,0,0,11,15444,53400,,unavailable,observed_aggregate,Do not add maintenance_cost and detail_part_price unless Jejuro confirms whether cost already includes parts.
9074,1934,24년 BMW 미니 컨버터블(휘),IMPORTED,13,2024-10-18 09:01:00,2026-06-11 06:28:00,0,0,0,13,16325,49297,,unavailable,observed_aggregate,Do not add maintenance_cost and detail_part_price unless Jejuro confirms whether cost already includes parts.
9075,1934,24년 BMW 미니 컨버터블(휘),IMPORTED,0,,,,,0,0,,,,unavailable,observed_aggregate,Do not add maintenance_cost and detail_part_price unless Jejuro confirms whether cost already includes parts.
9076,1934,24년 BMW 미니 컨버터블(휘),IMPORTED,10,2024-09-23 00:00:00,2026-06-10 08:26:00,0,0,0,10,17627,57216,,unavailable,observed_aggregate,Do not add maintenance_cost and detail_part_price unless Jejuro confirms whether cost already includes parts.
9077,1886,21년 벤츠G63 AMG 지바겐(휘),SUPERCAR,21,2021-04-05 00:00:00,2026-08-06 22:55:00,1210000,0,1215000,21,1239,57783,,unavailable,observed_aggregate,Do not add maintenance_cost and detail_part_price unless Jejuro confirms whether cost already includes parts.
9078,1943,24년 디올뉴 싼타페 4륜(7인/휘),SUV,15,2024-01-29 00:00:00,2026-07-29 09:04:00,0,0,0,15,9623,68691,,unavailable,observed_aggregate,Do not add maintenance_cost and detail_part_price unless Jejuro confirms whether cost already includes parts.
9079,1943,24년 디올뉴 싼타페 4륜(7인/휘),SUV,11,2024-01-13 00:00:00,2026-07-23 02:19:00,0,0,0,11,7839,66534,,unavailable,observed_aggregate,Do not add maintenance_cost and detail_part_price unless Jejuro confirms whether cost already includes parts.
9080,1943,24년 디올뉴 싼타페 4륜(7인/휘),SUV,10,2024-01-17 00:00:00,2026-06-26 00:00:00,0,0,0,10,7363,58265,,unavailable,observed_aggregate,Do not add maintenance_cost and detail_part_price unless Jejuro confirms whether cost already includes parts.
9081,1943,24년 디올뉴 싼타페 4륜(7인/휘),SUV,12,2024-01-12 00:00:00,2026-08-08 05:27:00,0,0,0,12,7927,62026,,unavailable,observed_aggregate,Do not add maintenance_cost and detail_part_price unless Jejuro confirms whether cost already includes parts.
9082,1943,24년 디올뉴 싼타페 4륜(7인/휘),SUV,14,2024-01-16 00:00:00,2026-07-13 00:00:00,0,0,0,14,7993,67276,,unavailable,observed_aggregate,Do not add maintenance_cost and detail_part_price unless Jejuro confirms whether cost already includes parts.
9083,1943,24년 디올뉴 싼타페 4륜(7인/휘),SUV,11,2024-01-18 00:00:00,2026-08-10 06:13:00,0,0,0,11,8524,67359,,unavailable,observed_aggregate,Do not add maintenance_cost and detail_part_price unless Jejuro confirms whether cost already includes parts.
9084,1943,24년 디올뉴 싼타페 4륜(7인/휘),SUV,9,2024-01-16 00:00:00,2026-07-06 00:00:00,0,0,0,9,9345,64678,,unavailable,observed_aggregate,Do not add maintenance_cost and detail_part_price unless Jejuro confirms whether cost already includes parts.
9085,1943,24년 디올뉴 싼타페 4륜(7인/휘),SUV,10,2024-01-16 00:00:00,2026-08-03 00:48:00,0,0,0,10,8359,62261,,unavailable,observed_aggregate,Do not add maintenance_cost and detail_part_price unless Jejuro confirms whether cost already includes parts.
9086,1943,24년 디올뉴 싼타페 4륜(7인/휘),SUV,10,2024-01-19 00:00:00,2026-07-02 00:00:00,0,0,0,10,7180,61838,,unavailable,observed_aggregate,Do not add maintenance_cost and detail_part_price unless Jejuro confirms whether cost already includes parts.
9087,1943,24년 디올뉴 싼타페 4륜(7인/휘),SUV,11,2023-10-18 00:00:00,2026-08-06 06:23:00,0,0,0,11,274,65183,,unavailable,observed_aggregate,Do not add maintenance_cost and detail_part_price unless Jejuro confirms whether cost already includes parts.
9088,1943,24년 디올뉴 싼타페 4륜(7인/휘),SUV,11,2024-01-17 00:00:00,2026-07-28 00:00:00,0,0,0,11,7438,65945,,unavailable,observed_aggregate,Do not add maintenance_cost and detail_part_price unless Jejuro confirms whether cost already includes parts.
9089,1969,24년 더 뉴 카니발 9인승(경유),RV,7,2025-01-16 04:13:00,2026-07-16 08:57:00,0,0,0,7,2301,34278,,unavailable,observed_aggregate,Do not add maintenance_cost and detail_part_price unless Jejuro confirms whether cost already includes parts.
9090,1969,24년 더 뉴 카니발 9인승(경유),RV,6,2025-01-16 04:13:00,2026-07-24 00:00:00,0,0,0,6,4513,36729,,unavailable,observed_aggregate,Do not add maintenance_cost and detail_part_price unless Jejuro confirms whether cost already includes parts.
9091,1969,24년 더 뉴 카니발 9인승(경유),RV,7,2024-10-17 05:31:00,2026-07-24 00:00:00,0,0,0,7,7,33632,,unavailable,observed_aggregate,Do not add maintenance_cost and detail_part_price unless Jejuro confirms whether cost already includes parts.
9092,1969,24년 더 뉴 카니발 9인승(경유),RV,5,2025-01-16 04:13:00,2026-07-28 00:00:00,0,0,0,5,4495,33350,,unavailable,observed_aggregate,Do not add maintenance_cost and detail_part_price unless Jejuro confirms whether cost already includes parts.
9093,1969,24년 더 뉴 카니발 9인승(경유),RV,5,2025-01-16 04:14:00,2026-07-24 00:00:00,0,0,0,5,3736,33704,,unavailable,observed_aggregate,Do not add maintenance_cost and detail_part_price unless Jejuro confirms whether cost already includes parts.
9094,1969,24년 더 뉴 카니발 9인승(경유),RV,5,2025-01-16 04:14:00,2026-05-14 08:31:00,0,0,0,5,3420,28145,,unavailable,observed_aggregate,Do not add maintenance_cost and detail_part_price unless Jejuro confirms whether cost already includes parts.
9095,1947,24년 더뉴그랜저 하이브리드(휘),LUXURY,6,2025-01-11 08:14:00,2026-06-19 01:41:00,0,0,0,6,3567,40141,,unavailable,observed_aggregate,Do not add maintenance_cost and detail_part_price unless Jejuro confirms whether cost already includes parts.
9096,1947,24년 더뉴그랜저 하이브리드(휘),LUXURY,6,2024-11-21 08:11:00,2026-05-30 06:34:00,0,0,176660,6,9,38556,,unavailable,observed_aggregate,Do not add maintenance_cost and detail_part_price unless Jejuro confirms whether cost already includes parts.
9097,1971,24년 싼타페 하이브리드 4륜 (7인/휘),SUV,8,2025-01-11 08:00:00,2026-08-13 08:25:00,0,0,0,8,4497,40049,,unavailable,observed_aggregate,Do not add maintenance_cost and detail_part_price unless Jejuro confirms whether cost already includes parts.
9098,1971,24년 싼타페 하이브리드 4륜 (7인/휘),SUV,5,2025-01-11 08:00:00,2026-07-23 00:00:00,0,0,0,5,4325,36541,,unavailable,observed_aggregate,Do not add maintenance_cost and detail_part_price unless Jejuro confirms whether cost already includes parts.
9099,1971,24년 싼타페 하이브리드 4륜 (7인/휘),SUV,4,2025-01-11 08:00:00,2026-06-22 06:30:00,0,0,0,4,4912,42173,,unavailable,observed_aggregate,Do not add maintenance_cost and detail_part_price unless Jejuro confirms whether cost already includes parts.
9100,1971,24년 싼타페 하이브리드 4륜 (7인/휘),SUV,6,2025-01-11 08:01:00,2026-02-21 06:50:00,0,0,0,6,5187,28845,,unavailable,observed_aggregate,Do not add maintenance_cost and detail_part_price unless Jejuro confirms whether cost already includes parts.
9101,1971,24년 싼타페 하이브리드 4륜 (7인/휘),SUV,7,2025-01-11 08:01:00,2026-08-16 01:00:00,0,0,0,7,4394,40837,,unavailable,observed_aggregate,Do not add maintenance_cost and detail_part_price unless Jejuro confirms whether cost already includes parts.
9102,1977,24년 코나(휘),SUV,6,2025-01-11 08:09:00,2026-06-11 06:21:00,0,0,0,6,4388,37901,,unavailable,observed_aggregate,Do not add maintenance_cost and detail_part_price unless Jejuro confirms whether cost already includes parts.
9103,1977,24년 코나(휘),SUV,7,2025-01-11 08:10:00,2026-07-23 04:37:00,0,0,0,7,4068,40008,,unavailable,observed_aggregate,Do not add maintenance_cost and detail_part_price unless Jejuro confirms whether cost already includes parts.
9104,1977,24년 코나(휘),SUV,5,2025-01-11 08:10:00,2026-07-20 01:50:00,0,0,0,5,4703,41247,,unavailable,observed_aggregate,Do not add maintenance_cost and detail_part_price unless Jejuro confirms whether cost already includes parts.
9105,1977,24년 코나(휘),SUV,4,2025-01-11 08:10:00,2026-02-06 03:40:00,0,0,0,4,4036,31674,,unavailable,observed_aggregate,Do not add maintenance_cost and detail_part_price unless Jejuro confirms whether cost already includes parts.
9106,1977,24년 코나(휘),SUV,6,2025-01-11 08:10:00,2026-07-24 00:00:00,0,0,0,6,4638,37439,,unavailable,observed_aggregate,Do not add maintenance_cost and detail_part_price unless Jejuro confirms whether cost already includes parts.
9107,1944,24년 더 뉴 쏘렌토 4륜(7인/휘),SUV,5,2025-01-11 08:06:00,2026-06-05 06:06:00,0,0,0,5,3956,29886,,unavailable,observed_aggregate,Do not add maintenance_cost and detail_part_price unless Jejuro confirms whether cost already includes parts.
9108,1944,24년 더 뉴 쏘렌토 4륜(7인/휘),SUV,7,2025-01-11 08:07:00,2026-04-10 09:30:00,0,0,0,7,2566,28469,,unavailable,observed_aggregate,Do not add maintenance_cost and detail_part_price unless Jejuro confirms whether cost already includes parts.
9109,1944,24년 더 뉴 쏘렌토 4륜(7인/휘),SUV,5,2025-01-11 08:07:00,2026-07-23 00:00:00,0,0,0,5,2786,30225,,unavailable,observed_aggregate,Do not add maintenance_cost and detail_part_price unless Jejuro confirms whether cost already includes parts.
9110,1944,24년 더 뉴 쏘렌토 4륜(7인/휘),SUV,5,2025-01-11 08:07:00,2026-07-28 00:00:00,0,0,0,5,3511,30909,,unavailable,observed_aggregate,Do not add maintenance_cost and detail_part_price unless Jejuro confirms whether cost already includes parts.
9111,1944,24년 더 뉴 쏘렌토 4륜(7인/휘),SUV,4,2025-01-11 08:07:00,2026-07-23 00:00:00,0,0,0,4,1672,28598,,unavailable,observed_aggregate,Do not add maintenance_cost and detail_part_price unless Jejuro confirms whether cost already includes parts.
9430,1985,18/19 더뉴K5[휘],CITY,0,,,,,0,0,,,,unavailable,observed_aggregate,Do not add maintenance_cost and detail_part_price unless Jejuro confirms whether cost already includes parts.
9431,1986,2019 더뉴K5[LPG],CITY,0,,,,,0,0,,,,unavailable,observed_aggregate,Do not add maintenance_cost and detail_part_price unless Jejuro confirms whether cost already includes parts.
9432,1986,2019 더뉴K5[LPG],CITY,0,,,,,0,0,,,,unavailable,observed_aggregate,Do not add maintenance_cost and detail_part_price unless Jejuro confirms whether cost already includes parts.
9433,1985,18/19 더뉴K5[휘],CITY,0,,,,,0,0,,,,unavailable,observed_aggregate,Do not add maintenance_cost and detail_part_price unless Jejuro confirms whether cost already includes parts.
9434,1986,2019 더뉴K5[LPG],CITY,0,,,,,0,0,,,,unavailable,observed_aggregate,Do not add maintenance_cost and detail_part_price unless Jejuro confirms whether cost already includes parts.
9435,1986,2019 더뉴K5[LPG],CITY,0,,,,,0,0,,,,unavailable,observed_aggregate,Do not add maintenance_cost and detail_part_price unless Jejuro confirms whether cost already includes parts.
9436,1986,2019 더뉴K5[LPG],CITY,0,,,,,0,0,,,,unavailable,observed_aggregate,Do not add maintenance_cost and detail_part_price unless Jejuro confirms whether cost already includes parts.
9437,1985,18/19 더뉴K5[휘],CITY,0,,,,,0,0,,,,unavailable,observed_aggregate,Do not add maintenance_cost and detail_part_price unless Jejuro confirms whether cost already includes parts.
9438,1852,18년 뉴레이(휘),URBAN,0,,,,,0,0,,,,unavailable,observed_aggregate,Do not add maintenance_cost and detail_part_price unless Jejuro confirms whether cost already includes parts.
9439,1843,16/18년 올뉴카니발9인(경유),RV,0,,,,,0,0,,,,unavailable,observed_aggregate,Do not add maintenance_cost and detail_part_price unless Jejuro confirms whether cost already includes parts.
9440,1843,16/18년 올뉴카니발9인(경유),RV,0,,,,,0,0,,,,unavailable,observed_aggregate,Do not add maintenance_cost and detail_part_price unless Jejuro confirms whether cost already includes parts.
9441,1843,16/18년 올뉴카니발9인(경유),RV,0,,,,,0,0,,,,unavailable,observed_aggregate,Do not add maintenance_cost and detail_part_price unless Jejuro confirms whether cost already includes parts.
9442,1982,2018 더뉴모하비7인(4WD)[경유],CITY,0,,,,,0,0,,,,unavailable,observed_aggregate,Do not add maintenance_cost and detail_part_price unless Jejuro confirms whether cost already includes parts.
9443,1982,2018 더뉴모하비7인(4WD)[경유],CITY,0,,,,,0,0,,,,unavailable,observed_aggregate,Do not add maintenance_cost and detail_part_price unless Jejuro confirms whether cost already includes parts.
9444,1905,22년 EV6(전기),EV,0,,,,,0,0,,,,unavailable,observed_aggregate,Do not add maintenance_cost and detail_part_price unless Jejuro confirms whether cost already includes parts.
9445,1858,19년 싼타페TM 2륜 (5인/경유),SUV,0,,,,,0,0,,,,unavailable,observed_aggregate,Do not add maintenance_cost and detail_part_price unless Jejuro confirms whether cost already includes parts.
9446,1858,19년 싼타페TM 2륜 (5인/경유),SUV,0,,,,,0,0,,,,unavailable,observed_aggregate,Do not add maintenance_cost and detail_part_price unless Jejuro confirms whether cost already includes parts.
9447,1858,19년 싼타페TM 2륜 (5인/경유),SUV,0,,,,,0,0,,,,unavailable,observed_aggregate,Do not add maintenance_cost and detail_part_price unless Jejuro confirms whether cost already includes parts.
9448,1987,19년 팰리세이드 8인승[경유],CITY,0,,,,,0,0,,,,unavailable,observed_aggregate,Do not add maintenance_cost and detail_part_price unless Jejuro confirms whether cost already includes parts.
9449,1996,19년 팰리세이드 8인승 4륜[경유],CITY,0,,,,,0,0,,,,unavailable,observed_aggregate,Do not add maintenance_cost and detail_part_price unless Jejuro confirms whether cost already includes parts.
9450,1987,19년 팰리세이드 8인승[경유],CITY,0,,,,,0,0,,,,unavailable,observed_aggregate,Do not add maintenance_cost and detail_part_price unless Jejuro confirms whether cost already includes parts.
9451,1996,19년 팰리세이드 8인승 4륜[경유],CITY,0,,,,,0,0,,,,unavailable,observed_aggregate,Do not add maintenance_cost and detail_part_price unless Jejuro confirms whether cost already includes parts.
9452,1858,19년 싼타페TM 2륜 (5인/경유),SUV,0,,,,,0,0,,,,unavailable,observed_aggregate,Do not add maintenance_cost and detail_part_price unless Jejuro confirms whether cost already includes parts.
9453,1858,19년 싼타페TM 2륜 (5인/경유),SUV,0,,,,,0,0,,,,unavailable,observed_aggregate,Do not add maintenance_cost and detail_part_price unless Jejuro confirms whether cost already includes parts.
9454,1858,19년 싼타페TM 2륜 (5인/경유),SUV,0,,,,,0,0,,,,unavailable,observed_aggregate,Do not add maintenance_cost and detail_part_price unless Jejuro confirms whether cost already includes parts.
9455,1852,18년 뉴레이(휘),URBAN,0,,,,,0,0,,,,unavailable,observed_aggregate,Do not add maintenance_cost and detail_part_price unless Jejuro confirms whether cost already includes parts.
9456,1983,18/19 쏘나타뉴라이즈[LPG],CITY,0,,,,,0,0,,,,unavailable,observed_aggregate,Do not add maintenance_cost and detail_part_price unless Jejuro confirms whether cost already includes parts.
9457,1987,19년 팰리세이드 8인승[경유],CITY,0,,,,,0,0,,,,unavailable,observed_aggregate,Do not add maintenance_cost and detail_part_price unless Jejuro confirms whether cost already includes parts.
9458,1852,18년 뉴레이(휘),URBAN,0,,,,,0,0,,,,unavailable,observed_aggregate,Do not add maintenance_cost and detail_part_price unless Jejuro confirms whether cost already includes parts.
9459,1987,19년 팰리세이드 8인승[경유],CITY,0,,,,,0,0,,,,unavailable,observed_aggregate,Do not add maintenance_cost and detail_part_price unless Jejuro confirms whether cost already includes parts.
9460,1979,17~19년 그랜져IG[LPG],CITY,0,,,,,0,0,,,,unavailable,observed_aggregate,Do not add maintenance_cost and detail_part_price unless Jejuro confirms whether cost already includes parts.
9461,1979,17~19년 그랜져IG[LPG],CITY,0,,,,,0,0,,,,unavailable,observed_aggregate,Do not add maintenance_cost and detail_part_price unless Jejuro confirms whether cost already includes parts.
9462,1979,17~19년 그랜져IG[LPG],CITY,0,,,,,0,0,,,,unavailable,observed_aggregate,Do not add maintenance_cost and detail_part_price unless Jejuro confirms whether cost already includes parts.
9463,1981,17년 올뉴스포티지[경유],CITY,0,,,,,0,0,,,,unavailable,observed_aggregate,Do not add maintenance_cost and detail_part_price unless Jejuro confirms whether cost already includes parts.
9464,1980,17년 올뉴쏘렌토5인[경유],CITY,0,,,,,0,0,,,,unavailable,observed_aggregate,Do not add maintenance_cost and detail_part_price unless Jejuro confirms whether cost already includes parts.
9465,1980,17년 올뉴쏘렌토5인[경유],CITY,0,,,,,0,0,,,,unavailable,observed_aggregate,Do not add maintenance_cost and detail_part_price unless Jejuro confirms whether cost already includes parts.
9466,1980,17년 올뉴쏘렌토5인[경유],CITY,0,,,,,0,0,,,,unavailable,observed_aggregate,Do not add maintenance_cost and detail_part_price unless Jejuro confirms whether cost already includes parts.
9467,1843,16/18년 올뉴카니발9인(경유),RV,0,,,,,0,0,,,,unavailable,observed_aggregate,Do not add maintenance_cost and detail_part_price unless Jejuro confirms whether cost already includes parts.
9468,1843,16/18년 올뉴카니발9인(경유),RV,0,,,,,0,0,,,,unavailable,observed_aggregate,Do not add maintenance_cost and detail_part_price unless Jejuro confirms whether cost already includes parts.
9469,1843,16/18년 올뉴카니발9인(경유),RV,0,,,,,0,0,,,,unavailable,observed_aggregate,Do not add maintenance_cost and detail_part_price unless Jejuro confirms whether cost already includes parts.
9470,1843,16/18년 올뉴카니발9인(경유),RV,0,,,,,0,0,,,,unavailable,observed_aggregate,Do not add maintenance_cost and detail_part_price unless Jejuro confirms whether cost already includes parts.
9471,1843,16/18년 올뉴카니발9인(경유),RV,0,,,,,0,0,,,,unavailable,observed_aggregate,Do not add maintenance_cost and detail_part_price unless Jejuro confirms whether cost already includes parts.
9472,1843,16/18년 올뉴카니발9인(경유),RV,0,,,,,0,0,,,,unavailable,observed_aggregate,Do not add maintenance_cost and detail_part_price unless Jejuro confirms whether cost already includes parts.
9473,1843,16/18년 올뉴카니발9인(경유),RV,0,,,,,0,0,,,,unavailable,observed_aggregate,Do not add maintenance_cost and detail_part_price unless Jejuro confirms whether cost already includes parts.
9474,1843,16/18년 올뉴카니발9인(경유),RV,0,,,,,0,0,,,,unavailable,observed_aggregate,Do not add maintenance_cost and detail_part_price unless Jejuro confirms whether cost already includes parts.
9475,1843,16/18년 올뉴카니발9인(경유),RV,0,,,,,0,0,,,,unavailable,observed_aggregate,Do not add maintenance_cost and detail_part_price unless Jejuro confirms whether cost already includes parts.
9476,1843,16/18년 올뉴카니발9인(경유),RV,0,,,,,0,0,,,,unavailable,observed_aggregate,Do not add maintenance_cost and detail_part_price unless Jejuro confirms whether cost already includes parts.
9477,1934,24년 BMW 미니 컨버터블(휘),IMPORTED,0,,,,,0,0,,,,unavailable,observed_aggregate,Do not add maintenance_cost and detail_part_price unless Jejuro confirms whether cost already includes parts.
9478,1915,22년 모닝(휘),URBAN,0,,,,,0,0,,,,unavailable,observed_aggregate,Do not add maintenance_cost and detail_part_price unless Jejuro confirms whether cost already includes parts.
9479,1917,22년 XM3(휘),SUV,0,,,,,0,0,,,,unavailable,observed_aggregate,Do not add maintenance_cost and detail_part_price unless Jejuro confirms whether cost already includes parts.
9480,1917,22년 XM3(휘),SUV,0,,,,,0,0,,,,unavailable,observed_aggregate,Do not add maintenance_cost and detail_part_price unless Jejuro confirms whether cost already includes parts.
9481,1915,22년 모닝(휘),URBAN,0,,,,,0,0,,,,unavailable,observed_aggregate,Do not add maintenance_cost and detail_part_price unless Jejuro confirms whether cost already includes parts.
9482,1915,22년 모닝(휘),URBAN,0,,,,,0,0,,,,unavailable,observed_aggregate,Do not add maintenance_cost and detail_part_price unless Jejuro confirms whether cost already includes parts.
9483,1915,22년 모닝(휘),URBAN,0,,,,,0,0,,,,unavailable,observed_aggregate,Do not add maintenance_cost and detail_part_price unless Jejuro confirms whether cost already includes parts.
9484,1915,22년 모닝(휘),URBAN,0,,,,,0,0,,,,unavailable,observed_aggregate,Do not add maintenance_cost and detail_part_price unless Jejuro confirms whether cost already includes parts.
9485,1915,22년 모닝(휘),URBAN,0,,,,,0,0,,,,unavailable,observed_aggregate,Do not add maintenance_cost and detail_part_price unless Jejuro confirms whether cost already includes parts.
9486,1915,22년 모닝(휘),URBAN,0,,,,,0,0,,,,unavailable,observed_aggregate,Do not add maintenance_cost and detail_part_price unless Jejuro confirms whether cost already includes parts.
9487,1915,22년 모닝(휘),URBAN,0,,,,,0,0,,,,unavailable,observed_aggregate,Do not add maintenance_cost and detail_part_price unless Jejuro confirms whether cost already includes parts.
9488,1915,22년 모닝(휘),URBAN,0,,,,,0,0,,,,unavailable,observed_aggregate,Do not add maintenance_cost and detail_part_price unless Jejuro confirms whether cost already includes parts.
9489,1915,22년 모닝(휘),URBAN,0,,,,,0,0,,,,unavailable,observed_aggregate,Do not add maintenance_cost and detail_part_price unless Jejuro confirms whether cost already includes parts.
9490,1915,22년 모닝(휘),URBAN,0,,,,,0,0,,,,unavailable,observed_aggregate,Do not add maintenance_cost and detail_part_price unless Jejuro confirms whether cost already includes parts.
9491,1917,22년 XM3(휘),SUV,0,,,,,0,0,,,,unavailable,observed_aggregate,Do not add maintenance_cost and detail_part_price unless Jejuro confirms whether cost already includes parts.
9492,1949,24년 쏠라티(15인/경유),RV,0,,,,,0,0,,,,unavailable,observed_aggregate,Do not add maintenance_cost and detail_part_price unless Jejuro confirms whether cost already includes parts.
9493,1988,19년 뉴SM3 ZE[전기],CITY,0,,,,,0,0,,,,unavailable,observed_aggregate,Do not add maintenance_cost and detail_part_price unless Jejuro confirms whether cost already includes parts.
9494,1988,19년 뉴SM3 ZE[전기],CITY,0,,,,,0,0,,,,unavailable,observed_aggregate,Do not add maintenance_cost and detail_part_price unless Jejuro confirms whether cost already includes parts.
9495,1988,19년 뉴SM3 ZE[전기],CITY,0,,,,,0,0,,,,unavailable,observed_aggregate,Do not add maintenance_cost and detail_part_price unless Jejuro confirms whether cost already includes parts.
9496,1988,19년 뉴SM3 ZE[전기],CITY,0,,,,,0,0,,,,unavailable,observed_aggregate,Do not add maintenance_cost and detail_part_price unless Jejuro confirms whether cost already includes parts.
9497,1988,19년 뉴SM3 ZE[전기],CITY,0,,,,,0,0,,,,unavailable,observed_aggregate,Do not add maintenance_cost and detail_part_price unless Jejuro confirms whether cost already includes parts.
9498,1988,19년 뉴SM3 ZE[전기],CITY,0,,,,,0,0,,,,unavailable,observed_aggregate,Do not add maintenance_cost and detail_part_price unless Jejuro confirms whether cost already includes parts.
9499,1988,19년 뉴SM3 ZE[전기],CITY,0,,,,,0,0,,,,unavailable,observed_aggregate,Do not add maintenance_cost and detail_part_price unless Jejuro confirms whether cost already includes parts.
9500,1988,19년 뉴SM3 ZE[전기],CITY,0,,,,,0,0,,,,unavailable,observed_aggregate,Do not add maintenance_cost and detail_part_price unless Jejuro confirms whether cost already includes parts.
9501,1988,19년 뉴SM3 ZE[전기],CITY,0,,,,,0,0,,,,unavailable,observed_aggregate,Do not add maintenance_cost and detail_part_price unless Jejuro confirms whether cost already includes parts.
9502,2015,24년 더 뉴 모하비 마스터즈 4WD 7인승(경유),CITY,0,,,,,0,0,,,,unavailable,observed_aggregate,Do not add maintenance_cost and detail_part_price unless Jejuro confirms whether cost already includes parts.
9503,1915,22년 모닝(휘),URBAN,0,,,,,0,0,,,,unavailable,observed_aggregate,Do not add maintenance_cost and detail_part_price unless Jejuro confirms whether cost already includes parts.
9504,1915,22년 모닝(휘),URBAN,0,,,,,0,0,,,,unavailable,observed_aggregate,Do not add maintenance_cost and detail_part_price unless Jejuro confirms whether cost already includes parts.
9505,1915,22년 모닝(휘),URBAN,0,,,,,0,0,,,,unavailable,observed_aggregate,Do not add maintenance_cost and detail_part_price unless Jejuro confirms whether cost already includes parts.
9506,1915,22년 모닝(휘),URBAN,0,,,,,0,0,,,,unavailable,observed_aggregate,Do not add maintenance_cost and detail_part_price unless Jejuro confirms whether cost already includes parts.
9507,1915,22년 모닝(휘),URBAN,0,,,,,0,0,,,,unavailable,observed_aggregate,Do not add maintenance_cost and detail_part_price unless Jejuro confirms whether cost already includes parts.
9508,1915,22년 모닝(휘),URBAN,0,,,,,0,0,,,,unavailable,observed_aggregate,Do not add maintenance_cost and detail_part_price unless Jejuro confirms whether cost already includes parts.
9509,1915,22년 모닝(휘),URBAN,0,,,,,0,0,,,,unavailable,observed_aggregate,Do not add maintenance_cost and detail_part_price unless Jejuro confirms whether cost already includes parts.
9510,1915,22년 모닝(휘),URBAN,0,,,,,0,0,,,,unavailable,observed_aggregate,Do not add maintenance_cost and detail_part_price unless Jejuro confirms whether cost already includes parts.
9511,2001,2022년  QM6(휘),CITY,0,,,,,0,0,,,,unavailable,observed_aggregate,Do not add maintenance_cost and detail_part_price unless Jejuro confirms whether cost already includes parts.
9512,2001,2022년  QM6(휘),CITY,0,,,,,0,0,,,,unavailable,observed_aggregate,Do not add maintenance_cost and detail_part_price unless Jejuro confirms whether cost already includes parts.
9513,2001,2022년  QM6(휘),CITY,0,,,,,0,0,,,,unavailable,observed_aggregate,Do not add maintenance_cost and detail_part_price unless Jejuro confirms whether cost already includes parts.
9514,2001,2022년  QM6(휘),CITY,0,,,,,0,0,,,,unavailable,observed_aggregate,Do not add maintenance_cost and detail_part_price unless Jejuro confirms whether cost already includes parts.
9515,2001,2022년  QM6(휘),CITY,0,,,,,0,0,,,,unavailable,observed_aggregate,Do not add maintenance_cost and detail_part_price unless Jejuro confirms whether cost already includes parts.
9516,2001,2022년  QM6(휘),CITY,0,,,,,0,0,,,,unavailable,observed_aggregate,Do not add maintenance_cost and detail_part_price unless Jejuro confirms whether cost already includes parts.
9517,2001,2022년  QM6(휘),CITY,0,,,,,0,0,,,,unavailable,observed_aggregate,Do not add maintenance_cost and detail_part_price unless Jejuro confirms whether cost already includes parts.
9518,2001,2022년  QM6(휘),CITY,0,,,,,0,0,,,,unavailable,observed_aggregate,Do not add maintenance_cost and detail_part_price unless Jejuro confirms whether cost already includes parts.
9519,2001,2022년  QM6(휘),CITY,0,,,,,0,0,,,,unavailable,observed_aggregate,Do not add maintenance_cost and detail_part_price unless Jejuro confirms whether cost already includes parts.
9520,2001,2022년  QM6(휘),CITY,0,,,,,0,0,,,,unavailable,observed_aggregate,Do not add maintenance_cost and detail_part_price unless Jejuro confirms whether cost already includes parts.
9521,2002,22년 아반떼 하이브리드(휘),CITY,0,,,,,0,0,,,,unavailable,observed_aggregate,Do not add maintenance_cost and detail_part_price unless Jejuro confirms whether cost already includes parts.
9522,2002,22년 아반떼 하이브리드(휘),CITY,0,,,,,0,0,,,,unavailable,observed_aggregate,Do not add maintenance_cost and detail_part_price unless Jejuro confirms whether cost already includes parts.
9523,2002,22년 아반떼 하이브리드(휘),CITY,0,,,,,0,0,,,,unavailable,observed_aggregate,Do not add maintenance_cost and detail_part_price unless Jejuro confirms whether cost already includes parts.
9524,2002,22년 아반떼 하이브리드(휘),CITY,0,,,,,0,0,,,,unavailable,observed_aggregate,Do not add maintenance_cost and detail_part_price unless Jejuro confirms whether cost already includes parts.
9525,2002,22년 아반떼 하이브리드(휘),CITY,0,,,,,0,0,,,,unavailable,observed_aggregate,Do not add maintenance_cost and detail_part_price unless Jejuro confirms whether cost already includes parts.
9526,2002,22년 아반떼 하이브리드(휘),CITY,0,,,,,0,0,,,,unavailable,observed_aggregate,Do not add maintenance_cost and detail_part_price unless Jejuro confirms whether cost already includes parts.
9527,2002,22년 아반떼 하이브리드(휘),CITY,0,,,,,0,0,,,,unavailable,observed_aggregate,Do not add maintenance_cost and detail_part_price unless Jejuro confirms whether cost already includes parts.
9528,2003,2023 스포티지 LPG(LPG),CITY,0,,,,,0,0,,,,unavailable,observed_aggregate,Do not add maintenance_cost and detail_part_price unless Jejuro confirms whether cost already includes parts.
9529,2003,2023 스포티지 LPG(LPG),CITY,0,,,,,0,0,,,,unavailable,observed_aggregate,Do not add maintenance_cost and detail_part_price unless Jejuro confirms whether cost already includes parts.
9530,2003,2023 스포티지 LPG(LPG),CITY,0,,,,,0,0,,,,unavailable,observed_aggregate,Do not add maintenance_cost and detail_part_price unless Jejuro confirms whether cost already includes parts.
9531,2003,2023 스포티지 LPG(LPG),CITY,0,,,,,0,0,,,,unavailable,observed_aggregate,Do not add maintenance_cost and detail_part_price unless Jejuro confirms whether cost already includes parts.
9532,2003,2023 스포티지 LPG(LPG),CITY,0,,,,,0,0,,,,unavailable,observed_aggregate,Do not add maintenance_cost and detail_part_price unless Jejuro confirms whether cost already includes parts.
9533,2004,2023 스포티지 하이브리드(휘),CITY,0,,,,,0,0,,,,unavailable,observed_aggregate,Do not add maintenance_cost and detail_part_price unless Jejuro confirms whether cost already includes parts.
9534,2004,2023 스포티지 하이브리드(휘),CITY,0,,,,,0,0,,,,unavailable,observed_aggregate,Do not add maintenance_cost and detail_part_price unless Jejuro confirms whether cost already includes parts.
9535,2005,2023 싼타페 하이브리드(휘),CITY,0,,,,,0,0,,,,unavailable,observed_aggregate,Do not add maintenance_cost and detail_part_price unless Jejuro confirms whether cost already includes parts.
9536,2005,2023 싼타페 하이브리드(휘),CITY,0,,,,,0,0,,,,unavailable,observed_aggregate,Do not add maintenance_cost and detail_part_price unless Jejuro confirms whether cost already includes parts.
9537,2005,2023 싼타페 하이브리드(휘),CITY,0,,,,,0,0,,,,unavailable,observed_aggregate,Do not add maintenance_cost and detail_part_price unless Jejuro confirms whether cost already includes parts.
9538,2005,2023 싼타페 하이브리드(휘),CITY,0,,,,,0,0,,,,unavailable,observed_aggregate,Do not add maintenance_cost and detail_part_price unless Jejuro confirms whether cost already includes parts.
9539,2005,2023 싼타페 하이브리드(휘),CITY,0,,,,,0,0,,,,unavailable,observed_aggregate,Do not add maintenance_cost and detail_part_price unless Jejuro confirms whether cost already includes parts.
9540,2006,23년 팰리세이드 8인승 4WD(휘),CITY,0,,,,,0,0,,,,unavailable,observed_aggregate,Do not add maintenance_cost and detail_part_price unless Jejuro confirms whether cost already includes parts.
9541,2006,23년 팰리세이드 8인승 4WD(휘),CITY,0,,,,,0,0,,,,unavailable,observed_aggregate,Do not add maintenance_cost and detail_part_price unless Jejuro confirms whether cost already includes parts.
9542,2006,23년 팰리세이드 8인승 4WD(휘),CITY,0,,,,,0,0,,,,unavailable,observed_aggregate,Do not add maintenance_cost and detail_part_price unless Jejuro confirms whether cost already includes parts.
9543,2006,23년 팰리세이드 8인승 4WD(휘),CITY,0,,,,,0,0,,,,unavailable,observed_aggregate,Do not add maintenance_cost and detail_part_price unless Jejuro confirms whether cost already includes parts.
9544,2006,23년 팰리세이드 8인승 4WD(휘),CITY,0,,,,,0,0,,,,unavailable,observed_aggregate,Do not add maintenance_cost and detail_part_price unless Jejuro confirms whether cost already includes parts.
9545,2007,23년 K5 하이브리드(휘),CITY,0,,,,,0,0,,,,unavailable,observed_aggregate,Do not add maintenance_cost and detail_part_price unless Jejuro confirms whether cost already includes parts.
9546,2007,23년 K5 하이브리드(휘),CITY,0,,,,,0,0,,,,unavailable,observed_aggregate,Do not add maintenance_cost and detail_part_price unless Jejuro confirms whether cost already includes parts.
9547,2008,23년 G80 AWD(휘),CITY,0,,,,,0,0,,,,unavailable,observed_aggregate,Do not add maintenance_cost and detail_part_price unless Jejuro confirms whether cost already includes parts.
9548,2008,23년 G80 AWD(휘),CITY,0,,,,,0,0,,,,unavailable,observed_aggregate,Do not add maintenance_cost and detail_part_price unless Jejuro confirms whether cost already includes parts.
9549,2013,24년 더 뉴 투싼 하이브리드(휘),CITY,0,,,,,0,0,,,,unavailable,observed_aggregate,Do not add maintenance_cost and detail_part_price unless Jejuro confirms whether cost already includes parts.
9550,2013,24년 더 뉴 투싼 하이브리드(휘),CITY,0,,,,,0,0,,,,unavailable,observed_aggregate,Do not add maintenance_cost and detail_part_price unless Jejuro confirms whether cost already includes parts.
9551,2013,24년 더 뉴 투싼 하이브리드(휘),CITY,0,,,,,0,0,,,,unavailable,observed_aggregate,Do not add maintenance_cost and detail_part_price unless Jejuro confirms whether cost already includes parts.
9552,2013,24년 더 뉴 투싼 하이브리드(휘),CITY,0,,,,,0,0,,,,unavailable,observed_aggregate,Do not add maintenance_cost and detail_part_price unless Jejuro confirms whether cost already includes parts.
9553,2013,24년 더 뉴 투싼 하이브리드(휘),CITY,0,,,,,0,0,,,,unavailable,observed_aggregate,Do not add maintenance_cost and detail_part_price unless Jejuro confirms whether cost already includes parts.
9554,1992,2020 베리뉴티볼리(휘발유),CITY,0,,,,,0,0,,,,unavailable,observed_aggregate,Do not add maintenance_cost and detail_part_price unless Jejuro confirms whether cost already includes parts.
9555,1971,24년 싼타페 하이브리드 4륜 (7인/휘),SUV,0,,,,,0,0,,,,unavailable,observed_aggregate,Do not add maintenance_cost and detail_part_price unless Jejuro confirms whether cost already includes parts.
9556,1870,20년 QM6(LPG),SUV,0,,,,,0,0,,,,unavailable,observed_aggregate,Do not add maintenance_cost and detail_part_price unless Jejuro confirms whether cost already includes parts.
9557,1971,24년 싼타페 하이브리드 4륜 (7인/휘),SUV,0,,,,,0,0,,,,unavailable,observed_aggregate,Do not add maintenance_cost and detail_part_price unless Jejuro confirms whether cost already includes parts.
9558,1870,20년 QM6(LPG),SUV,0,,,,,0,0,,,,unavailable,observed_aggregate,Do not add maintenance_cost and detail_part_price unless Jejuro confirms whether cost already includes parts.
9559,1971,24년 싼타페 하이브리드 4륜 (7인/휘),SUV,0,,,,,0,0,,,,unavailable,observed_aggregate,Do not add maintenance_cost and detail_part_price unless Jejuro confirms whether cost already includes parts.
9560,1870,20년 QM6(LPG),SUV,0,,,,,0,0,,,,unavailable,observed_aggregate,Do not add maintenance_cost and detail_part_price unless Jejuro confirms whether cost already includes parts.
9561,1989,2020 스포티지 더볼드(휘),CITY,0,,,,,0,0,,,,unavailable,observed_aggregate,Do not add maintenance_cost and detail_part_price unless Jejuro confirms whether cost already includes parts.
9562,1989,2020 스포티지 더볼드(휘),CITY,0,,,,,0,0,,,,unavailable,observed_aggregate,Do not add maintenance_cost and detail_part_price unless Jejuro confirms whether cost already includes parts.
9563,1989,2020 스포티지 더볼드(휘),CITY,0,,,,,0,0,,,,unavailable,observed_aggregate,Do not add maintenance_cost and detail_part_price unless Jejuro confirms whether cost already includes parts.
9564,1989,2020 스포티지 더볼드(휘),CITY,0,,,,,0,0,,,,unavailable,observed_aggregate,Do not add maintenance_cost and detail_part_price unless Jejuro confirms whether cost already includes parts.
9565,1989,2020 스포티지 더볼드(휘),CITY,0,,,,,0,0,,,,unavailable,observed_aggregate,Do not add maintenance_cost and detail_part_price unless Jejuro confirms whether cost already includes parts.
9566,1989,2020 스포티지 더볼드(휘),CITY,0,,,,,0,0,,,,unavailable,observed_aggregate,Do not add maintenance_cost and detail_part_price unless Jejuro confirms whether cost already includes parts.
9567,1992,2020 베리뉴티볼리(휘발유),CITY,0,,,,,0,0,,,,unavailable,observed_aggregate,Do not add maintenance_cost and detail_part_price unless Jejuro confirms whether cost already includes parts.
9568,1992,2020 베리뉴티볼리(휘발유),CITY,0,,,,,0,0,,,,unavailable,observed_aggregate,Do not add maintenance_cost and detail_part_price unless Jejuro confirms whether cost already includes parts.
9569,1992,2020 베리뉴티볼리(휘발유),CITY,0,,,,,0,0,,,,unavailable,observed_aggregate,Do not add maintenance_cost and detail_part_price unless Jejuro confirms whether cost already includes parts.
9570,1971,24년 싼타페 하이브리드 4륜 (7인/휘),SUV,0,,,,,0,0,,,,unavailable,observed_aggregate,Do not add maintenance_cost and detail_part_price unless Jejuro confirms whether cost already includes parts.
9571,1992,2020 베리뉴티볼리(휘발유),CITY,0,,,,,0,0,,,,unavailable,observed_aggregate,Do not add maintenance_cost and detail_part_price unless Jejuro confirms whether cost already includes parts.
9572,1971,24년 싼타페 하이브리드 4륜 (7인/휘),SUV,0,,,,,0,0,,,,unavailable,observed_aggregate,Do not add maintenance_cost and detail_part_price unless Jejuro confirms whether cost already includes parts.
9573,1992,2020 베리뉴티볼리(휘발유),CITY,0,,,,,0,0,,,,unavailable,observed_aggregate,Do not add maintenance_cost and detail_part_price unless Jejuro confirms whether cost already includes parts.
9574,2019,24년 더 뉴 K3 프레스티지(휘),CITY,0,,,,,0,0,,,,unavailable,observed_aggregate,Do not add maintenance_cost and detail_part_price unless Jejuro confirms whether cost already includes parts.
9575,1991,2020 뉴 코란도(휘발유),CITY,0,,,,,0,0,,,,unavailable,observed_aggregate,Do not add maintenance_cost and detail_part_price unless Jejuro confirms whether cost already includes parts.
9576,1991,2020 뉴 코란도(휘발유),CITY,0,,,,,0,0,,,,unavailable,observed_aggregate,Do not add maintenance_cost and detail_part_price unless Jejuro confirms whether cost already includes parts.
9577,1991,2020 뉴 코란도(휘발유),CITY,0,,,,,0,0,,,,unavailable,observed_aggregate,Do not add maintenance_cost and detail_part_price unless Jejuro confirms whether cost already includes parts.
9578,1991,2020 뉴 코란도(휘발유),CITY,0,,,,,0,0,,,,unavailable,observed_aggregate,Do not add maintenance_cost and detail_part_price unless Jejuro confirms whether cost already includes parts.
9579,1991,2020 뉴 코란도(휘발유),CITY,0,,,,,0,0,,,,unavailable,observed_aggregate,Do not add maintenance_cost and detail_part_price unless Jejuro confirms whether cost already includes parts.
9580,2004,2023 스포티지 하이브리드(휘),CITY,0,,,,,0,0,,,,unavailable,observed_aggregate,Do not add maintenance_cost and detail_part_price unless Jejuro confirms whether cost already includes parts.
9581,2004,2023 스포티지 하이브리드(휘),CITY,0,,,,,0,0,,,,unavailable,observed_aggregate,Do not add maintenance_cost and detail_part_price unless Jejuro confirms whether cost already includes parts.
9582,2004,2023 스포티지 하이브리드(휘),CITY,0,,,,,0,0,,,,unavailable,observed_aggregate,Do not add maintenance_cost and detail_part_price unless Jejuro confirms whether cost already includes parts.
9583,2004,2023 스포티지 하이브리드(휘),CITY,0,,,,,0,0,,,,unavailable,observed_aggregate,Do not add maintenance_cost and detail_part_price unless Jejuro confirms whether cost already includes parts.
9584,2017,24년 GV80 7인승 4륜(휘),CITY,0,,,,,0,0,,,,unavailable,observed_aggregate,Do not add maintenance_cost and detail_part_price unless Jejuro confirms whether cost already includes parts.
9585,1992,2020 베리뉴티볼리(휘발유),CITY,0,,,,,0,0,,,,unavailable,observed_aggregate,Do not add maintenance_cost and detail_part_price unless Jejuro confirms whether cost already includes parts.
9586,2017,24년 GV80 7인승 4륜(휘),CITY,0,,,,,0,0,,,,unavailable,observed_aggregate,Do not add maintenance_cost and detail_part_price unless Jejuro confirms whether cost already includes parts.
9587,1992,2020 베리뉴티볼리(휘발유),CITY,0,,,,,0,0,,,,unavailable,observed_aggregate,Do not add maintenance_cost and detail_part_price unless Jejuro confirms whether cost already includes parts.
9588,2009,20년  티볼리(휘)-반려동물가능,CITY,0,,,,,0,0,,,,unavailable,observed_aggregate,Do not add maintenance_cost and detail_part_price unless Jejuro confirms whether cost already includes parts.
9589,1992,2020 베리뉴티볼리(휘발유),CITY,0,,,,,0,0,,,,unavailable,observed_aggregate,Do not add maintenance_cost and detail_part_price unless Jejuro confirms whether cost already includes parts.
9590,2009,20년  티볼리(휘)-반려동물가능,CITY,0,,,,,0,0,,,,unavailable,observed_aggregate,Do not add maintenance_cost and detail_part_price unless Jejuro confirms whether cost already includes parts.
9591,1992,2020 베리뉴티볼리(휘발유),CITY,0,,,,,0,0,,,,unavailable,observed_aggregate,Do not add maintenance_cost and detail_part_price unless Jejuro confirms whether cost already includes parts.
9592,2009,20년  티볼리(휘)-반려동물가능,CITY,0,,,,,0,0,,,,unavailable,observed_aggregate,Do not add maintenance_cost and detail_part_price unless Jejuro confirms whether cost already includes parts.
9593,1993,2020 팰리세이드(휘발유),CITY,0,,,,,0,0,,,,unavailable,observed_aggregate,Do not add maintenance_cost and detail_part_price unless Jejuro confirms whether cost already includes parts.
9594,1991,2020 뉴 코란도(휘발유),CITY,0,,,,,0,0,,,,unavailable,observed_aggregate,Do not add maintenance_cost and detail_part_price unless Jejuro confirms whether cost already includes parts.
9595,2019,24년 더 뉴 K3 프레스티지(휘),CITY,0,,,,,0,0,,,,unavailable,observed_aggregate,Do not add maintenance_cost and detail_part_price unless Jejuro confirms whether cost already includes parts.
9596,1991,2020 뉴 코란도(휘발유),CITY,0,,,,,0,0,,,,unavailable,observed_aggregate,Do not add maintenance_cost and detail_part_price unless Jejuro confirms whether cost already includes parts.
9597,1991,2020 뉴 코란도(휘발유),CITY,0,,,,,0,0,,,,unavailable,observed_aggregate,Do not add maintenance_cost and detail_part_price unless Jejuro confirms whether cost already includes parts.
9598,2010,20년 뉴코란도(휘)-반려동물가능,CITY,0,,,,,0,0,,,,unavailable,observed_aggregate,Do not add maintenance_cost and detail_part_price unless Jejuro confirms whether cost already includes parts.
9599,1991,2020 뉴 코란도(휘발유),CITY,0,,,,,0,0,,,,unavailable,observed_aggregate,Do not add maintenance_cost and detail_part_price unless Jejuro confirms whether cost already includes parts.
9600,2019,24년 더 뉴 K3 프레스티지(휘),CITY,0,,,,,0,0,,,,unavailable,observed_aggregate,Do not add maintenance_cost and detail_part_price unless Jejuro confirms whether cost already includes parts.
9601,2010,20년 뉴코란도(휘)-반려동물가능,CITY,0,,,,,0,0,,,,unavailable,observed_aggregate,Do not add maintenance_cost and detail_part_price unless Jejuro confirms whether cost already includes parts.
9602,1991,2020 뉴 코란도(휘발유),CITY,0,,,,,0,0,,,,unavailable,observed_aggregate,Do not add maintenance_cost and detail_part_price unless Jejuro confirms whether cost already includes parts.
9603,2010,20년 뉴코란도(휘)-반려동물가능,CITY,0,,,,,0,0,,,,unavailable,observed_aggregate,Do not add maintenance_cost and detail_part_price unless Jejuro confirms whether cost already includes parts.
9604,1993,2020 팰리세이드(휘발유),CITY,0,,,,,0,0,,,,unavailable,observed_aggregate,Do not add maintenance_cost and detail_part_price unless Jejuro confirms whether cost already includes parts.
9605,1993,2020 팰리세이드(휘발유),CITY,0,,,,,0,0,,,,unavailable,observed_aggregate,Do not add maintenance_cost and detail_part_price unless Jejuro confirms whether cost already includes parts.
9606,1993,2020 팰리세이드(휘발유),CITY,0,,,,,0,0,,,,unavailable,observed_aggregate,Do not add maintenance_cost and detail_part_price unless Jejuro confirms whether cost already includes parts.
9607,1993,2020 팰리세이드(휘발유),CITY,0,,,,,0,0,,,,unavailable,observed_aggregate,Do not add maintenance_cost and detail_part_price unless Jejuro confirms whether cost already includes parts.
9608,1997,2021 소나타DN8(LPG),CITY,0,,,,,0,0,,,,unavailable,observed_aggregate,Do not add maintenance_cost and detail_part_price unless Jejuro confirms whether cost already includes parts.
9609,1997,2021 소나타DN8(LPG),CITY,0,,,,,0,0,,,,unavailable,observed_aggregate,Do not add maintenance_cost and detail_part_price unless Jejuro confirms whether cost already includes parts.
9610,1997,2021 소나타DN8(LPG),CITY,0,,,,,0,0,,,,unavailable,observed_aggregate,Do not add maintenance_cost and detail_part_price unless Jejuro confirms whether cost already includes parts.
9611,1997,2021 소나타DN8(LPG),CITY,0,,,,,0,0,,,,unavailable,observed_aggregate,Do not add maintenance_cost and detail_part_price unless Jejuro confirms whether cost already includes parts.
9612,1997,2021 소나타DN8(LPG),CITY,0,,,,,0,0,,,,unavailable,observed_aggregate,Do not add maintenance_cost and detail_part_price unless Jejuro confirms whether cost already includes parts.
9613,2007,23년 K5 하이브리드(휘),CITY,0,,,,,0,0,,,,unavailable,observed_aggregate,Do not add maintenance_cost and detail_part_price unless Jejuro confirms whether cost already includes parts.
9614,1998,2021 4세대 쏘렌토 하이브리드(휘),CITY,0,,,,,0,0,,,,unavailable,observed_aggregate,Do not add maintenance_cost and detail_part_price unless Jejuro confirms whether cost already includes parts.
9615,1998,2021 4세대 쏘렌토 하이브리드(휘),CITY,0,,,,,0,0,,,,unavailable,observed_aggregate,Do not add maintenance_cost and detail_part_price unless Jejuro confirms whether cost already includes parts.
9616,1998,2021 4세대 쏘렌토 하이브리드(휘),CITY,0,,,,,0,0,,,,unavailable,observed_aggregate,Do not add maintenance_cost and detail_part_price unless Jejuro confirms whether cost already includes parts.
9617,1995,2021 4세대투싼 하이브리드(휘),CITY,0,,,,,0,0,,,,unavailable,observed_aggregate,Do not add maintenance_cost and detail_part_price unless Jejuro confirms whether cost already includes parts.
9618,1991,2020 뉴 코란도(휘발유),CITY,0,,,,,0,0,,,,unavailable,observed_aggregate,Do not add maintenance_cost and detail_part_price unless Jejuro confirms whether cost already includes parts.
9619,1991,2020 뉴 코란도(휘발유),CITY,0,,,,,0,0,,,,unavailable,observed_aggregate,Do not add maintenance_cost and detail_part_price unless Jejuro confirms whether cost already includes parts.
9620,1966,18년 모닝(휘),URBAN,0,,,,,0,0,,,,unavailable,observed_aggregate,Do not add maintenance_cost and detail_part_price unless Jejuro confirms whether cost already includes parts.
9621,1966,18년 모닝(휘),URBAN,0,,,,,0,0,,,,unavailable,observed_aggregate,Do not add maintenance_cost and detail_part_price unless Jejuro confirms whether cost already includes parts.
9622,1966,18년 모닝(휘),URBAN,0,,,,,0,0,,,,unavailable,observed_aggregate,Do not add maintenance_cost and detail_part_price unless Jejuro confirms whether cost already includes parts.
9623,1966,18년 모닝(휘),URBAN,0,,,,,0,0,,,,unavailable,observed_aggregate,Do not add maintenance_cost and detail_part_price unless Jejuro confirms whether cost already includes parts.
9624,1966,18년 모닝(휘),URBAN,0,,,,,0,0,,,,unavailable,observed_aggregate,Do not add maintenance_cost and detail_part_price unless Jejuro confirms whether cost already includes parts.
9625,1852,18년 뉴레이(휘),URBAN,0,,,,,0,0,,,,unavailable,observed_aggregate,Do not add maintenance_cost and detail_part_price unless Jejuro confirms whether cost already includes parts.
9626,1852,18년 뉴레이(휘),URBAN,0,,,,,0,0,,,,unavailable,observed_aggregate,Do not add maintenance_cost and detail_part_price unless Jejuro confirms whether cost already includes parts.
9627,1852,18년 뉴레이(휘),URBAN,0,,,,,0,0,,,,unavailable,observed_aggregate,Do not add maintenance_cost and detail_part_price unless Jejuro confirms whether cost already includes parts.
9628,1852,18년 뉴레이(휘),URBAN,0,,,,,0,0,,,,unavailable,observed_aggregate,Do not add maintenance_cost and detail_part_price unless Jejuro confirms whether cost already includes parts.
9629,1852,18년 뉴레이(휘),URBAN,0,,,,,0,0,,,,unavailable,observed_aggregate,Do not add maintenance_cost and detail_part_price unless Jejuro confirms whether cost already includes parts.
9630,1852,18년 뉴레이(휘),URBAN,0,,,,,0,0,,,,unavailable,observed_aggregate,Do not add maintenance_cost and detail_part_price unless Jejuro confirms whether cost already includes parts.
9631,1852,18년 뉴레이(휘),URBAN,0,,,,,0,0,,,,unavailable,observed_aggregate,Do not add maintenance_cost and detail_part_price unless Jejuro confirms whether cost already includes parts.
9632,1960,24년 카니발 하이리무진 9인승(경유),RV,0,,,,,0,0,,,,unavailable,observed_aggregate,Do not add maintenance_cost and detail_part_price unless Jejuro confirms whether cost already includes parts.
9633,1969,24년 더 뉴 카니발 9인승(경유),RV,0,,,,,0,0,,,,unavailable,observed_aggregate,Do not add maintenance_cost and detail_part_price unless Jejuro confirms whether cost already includes parts.
9634,1968,24년 벤츠 CLE 컨버터블(휘),IMPORTED,0,,,,,0,0,,,,unavailable,observed_aggregate,Do not add maintenance_cost and detail_part_price unless Jejuro confirms whether cost already includes parts.
9635,1969,24년 더 뉴 카니발 9인승(경유),RV,0,,,,,0,0,,,,unavailable,observed_aggregate,Do not add maintenance_cost and detail_part_price unless Jejuro confirms whether cost already includes parts.
9636,1968,24년 벤츠 CLE 컨버터블(휘),IMPORTED,0,,,,,0,0,,,,unavailable,observed_aggregate,Do not add maintenance_cost and detail_part_price unless Jejuro confirms whether cost already includes parts.
9637,1951,24년 더 뉴 쏘렌토 하이브리드(7인/휘),SUV,0,,,,,0,0,,,,unavailable,observed_aggregate,Do not add maintenance_cost and detail_part_price unless Jejuro confirms whether cost already includes parts.
9638,1951,24년 더 뉴 쏘렌토 하이브리드(7인/휘),SUV,0,,,,,0,0,,,,unavailable,observed_aggregate,Do not add maintenance_cost and detail_part_price unless Jejuro confirms whether cost already includes parts.
9639,1991,2020 뉴 코란도(휘발유),CITY,0,,,,,0,0,,,,unavailable,observed_aggregate,Do not add maintenance_cost and detail_part_price unless Jejuro confirms whether cost already includes parts.
9640,1991,2020 뉴 코란도(휘발유),CITY,0,,,,,0,0,,,,unavailable,observed_aggregate,Do not add maintenance_cost and detail_part_price unless Jejuro confirms whether cost already includes parts.
9641,2015,24년 더 뉴 모하비 마스터즈 4WD 7인승(경유),CITY,0,,,,,0,0,,,,unavailable,observed_aggregate,Do not add maintenance_cost and detail_part_price unless Jejuro confirms whether cost already includes parts.
9642,2015,24년 더 뉴 모하비 마스터즈 4WD 7인승(경유),CITY,0,,,,,0,0,,,,unavailable,observed_aggregate,Do not add maintenance_cost and detail_part_price unless Jejuro confirms whether cost already includes parts.
9643,2019,24년 더 뉴 K3 프레스티지(휘),CITY,0,,,,,0,0,,,,unavailable,observed_aggregate,Do not add maintenance_cost and detail_part_price unless Jejuro confirms whether cost already includes parts.
9644,2019,24년 더 뉴 K3 프레스티지(휘),CITY,0,,,,,0,0,,,,unavailable,observed_aggregate,Do not add maintenance_cost and detail_part_price unless Jejuro confirms whether cost already includes parts.
9645,2015,24년 더 뉴 모하비 마스터즈 4WD 7인승(경유),CITY,0,,,,,0,0,,,,unavailable,observed_aggregate,Do not add maintenance_cost and detail_part_price unless Jejuro confirms whether cost already includes parts.
9646,2019,24년 더 뉴 K3 프레스티지(휘),CITY,0,,,,,0,0,,,,unavailable,observed_aggregate,Do not add maintenance_cost and detail_part_price unless Jejuro confirms whether cost already includes parts.
9647,2019,24년 더 뉴 K3 프레스티지(휘),CITY,0,,,,,0,0,,,,unavailable,observed_aggregate,Do not add maintenance_cost and detail_part_price unless Jejuro confirms whether cost already includes parts.
9648,2020,24년 더 뉴 스포티지 하이브리드 4륜(휘),CITY,0,,,,,0,0,,,,unavailable,observed_aggregate,Do not add maintenance_cost and detail_part_price unless Jejuro confirms whether cost already includes parts.
9649,2020,24년 더 뉴 스포티지 하이브리드 4륜(휘),CITY,0,,,,,0,0,,,,unavailable,observed_aggregate,Do not add maintenance_cost and detail_part_price unless Jejuro confirms whether cost already includes parts.
9650,2020,24년 더 뉴 스포티지 하이브리드 4륜(휘),CITY,0,,,,,0,0,,,,unavailable,observed_aggregate,Do not add maintenance_cost and detail_part_price unless Jejuro confirms whether cost already includes parts.
9651,2020,24년 더 뉴 스포티지 하이브리드 4륜(휘),CITY,0,,,,,0,0,,,,unavailable,observed_aggregate,Do not add maintenance_cost and detail_part_price unless Jejuro confirms whether cost already includes parts.
9652,2020,24년 더 뉴 스포티지 하이브리드 4륜(휘),CITY,0,,,,,0,0,,,,unavailable,observed_aggregate,Do not add maintenance_cost and detail_part_price unless Jejuro confirms whether cost already includes parts.
9653,1965,18년 더뉴k5(LPG),MIDSIZE,0,,,,,0,0,,,,unavailable,observed_aggregate,Do not add maintenance_cost and detail_part_price unless Jejuro confirms whether cost already includes parts.
9654,1852,18년 뉴레이(휘),URBAN,0,,,,,0,0,,,,unavailable,observed_aggregate,Do not add maintenance_cost and detail_part_price unless Jejuro confirms whether cost already includes parts.
9655,1991,2020 뉴 코란도(휘발유),CITY,0,,,,,0,0,,,,unavailable,observed_aggregate,Do not add maintenance_cost and detail_part_price unless Jejuro confirms whether cost already includes parts.
9656,2018,24년 더 뉴 카니발 리무진 7인승(휘),CITY,0,,,,,0,0,,,,unavailable,observed_aggregate,Do not add maintenance_cost and detail_part_price unless Jejuro confirms whether cost already includes parts.
9657,2018,24년 더 뉴 카니발 리무진 7인승(휘),CITY,0,,,,,0,0,,,,unavailable,observed_aggregate,Do not add maintenance_cost and detail_part_price unless Jejuro confirms whether cost already includes parts.
9658,2018,24년 더 뉴 카니발 리무진 7인승(휘),CITY,0,,,,,0,0,,,,unavailable,observed_aggregate,Do not add maintenance_cost and detail_part_price unless Jejuro confirms whether cost already includes parts.
9659,2015,24년 더 뉴 모하비 마스터즈 4WD 7인승(경유),CITY,0,,,,,0,0,,,,unavailable,observed_aggregate,Do not add maintenance_cost and detail_part_price unless Jejuro confirms whether cost already includes parts.
9660,1965,18년 더뉴k5(LPG),MIDSIZE,0,,,,,0,0,,,,unavailable,observed_aggregate,Do not add maintenance_cost and detail_part_price unless Jejuro confirms whether cost already includes parts.
9661,1992,2020 베리뉴티볼리(휘발유),CITY,0,,,,,0,0,,,,unavailable,observed_aggregate,Do not add maintenance_cost and detail_part_price unless Jejuro confirms whether cost already includes parts.
9662,1971,24년 싼타페 하이브리드 4륜 (7인/휘),SUV,0,,,,,0,0,,,,unavailable,observed_aggregate,Do not add maintenance_cost and detail_part_price unless Jejuro confirms whether cost already includes parts.
9663,1947,24년 더뉴그랜저 하이브리드(휘),LUXURY,0,,,,,0,0,,,,unavailable,observed_aggregate,Do not add maintenance_cost and detail_part_price unless Jejuro confirms whether cost already includes parts.
9664,1992,2020 베리뉴티볼리(휘발유),CITY,0,,,,,0,0,,,,unavailable,observed_aggregate,Do not add maintenance_cost and detail_part_price unless Jejuro confirms whether cost already includes parts.
9665,1984,2018 싼타페TM (2WD)[경유],CITY,0,,,,,0,0,,,,unavailable,observed_aggregate,Do not add maintenance_cost and detail_part_price unless Jejuro confirms whether cost already includes parts.
9666,1984,2018 싼타페TM (2WD)[경유],CITY,0,,,,,0,0,,,,unavailable,observed_aggregate,Do not add maintenance_cost and detail_part_price unless Jejuro confirms whether cost already includes parts.
9667,1984,2018 싼타페TM (2WD)[경유],CITY,0,,,,,0,0,,,,unavailable,observed_aggregate,Do not add maintenance_cost and detail_part_price unless Jejuro confirms whether cost already includes parts.
9668,1879,20년 코나(전기),EV,0,,,,,0,0,,,,unavailable,observed_aggregate,Do not add maintenance_cost and detail_part_price unless Jejuro confirms whether cost already includes parts.
9669,1879,20년 코나(전기),EV,0,,,,,0,0,,,,unavailable,observed_aggregate,Do not add maintenance_cost and detail_part_price unless Jejuro confirms whether cost already includes parts.
9670,1879,20년 코나(전기),EV,0,,,,,0,0,,,,unavailable,observed_aggregate,Do not add maintenance_cost and detail_part_price unless Jejuro confirms whether cost already includes parts.
9671,1879,20년 코나(전기),EV,0,,,,,0,0,,,,unavailable,observed_aggregate,Do not add maintenance_cost and detail_part_price unless Jejuro confirms whether cost already includes parts.
9672,1879,20년 코나(전기),EV,0,,,,,0,0,,,,unavailable,observed_aggregate,Do not add maintenance_cost and detail_part_price unless Jejuro confirms whether cost already includes parts.
9673,1879,20년 코나(전기),EV,0,,,,,0,0,,,,unavailable,observed_aggregate,Do not add maintenance_cost and detail_part_price unless Jejuro confirms whether cost already includes parts.
9674,1879,20년 코나(전기),EV,0,,,,,0,0,,,,unavailable,observed_aggregate,Do not add maintenance_cost and detail_part_price unless Jejuro confirms whether cost already includes parts.
9675,1879,20년 코나(전기),EV,0,,,,,0,0,,,,unavailable,observed_aggregate,Do not add maintenance_cost and detail_part_price unless Jejuro confirms whether cost already includes parts.
9676,1879,20년 코나(전기),EV,0,,,,,0,0,,,,unavailable,observed_aggregate,Do not add maintenance_cost and detail_part_price unless Jejuro confirms whether cost already includes parts.
9677,2011,코나 EV(장기),CITY,0,,,,,0,0,,,,unavailable,observed_aggregate,Do not add maintenance_cost and detail_part_price unless Jejuro confirms whether cost already includes parts.
9678,1879,20년 코나(전기),EV,0,,,,,0,0,,,,unavailable,observed_aggregate,Do not add maintenance_cost and detail_part_price unless Jejuro confirms whether cost already includes parts.
9679,1879,20년 코나(전기),EV,0,,,,,0,0,,,,unavailable,observed_aggregate,Do not add maintenance_cost and detail_part_price unless Jejuro confirms whether cost already includes parts.
9680,2011,코나 EV(장기),CITY,0,,,,,0,0,,,,unavailable,observed_aggregate,Do not add maintenance_cost and detail_part_price unless Jejuro confirms whether cost already includes parts.
9681,2011,코나 EV(장기),CITY,0,,,,,0,0,,,,unavailable,observed_aggregate,Do not add maintenance_cost and detail_part_price unless Jejuro confirms whether cost already includes parts.
9682,2012,24년 스타리아 11인승(장기),CITY,0,,,,,0,0,,,,unavailable,observed_aggregate,Do not add maintenance_cost and detail_part_price unless Jejuro confirms whether cost already includes parts.
9683,1922,23년 쏠라티(15인/경유),RV,0,,,,,0,0,,,,unavailable,observed_aggregate,Do not add maintenance_cost and detail_part_price unless Jejuro confirms whether cost already includes parts.
9684,1994,2021 BMW 미니쿠퍼 컨버터블(휘),CITY,0,,,,,0,0,,,,unavailable,observed_aggregate,Do not add maintenance_cost and detail_part_price unless Jejuro confirms whether cost already includes parts.
9685,1994,2021 BMW 미니쿠퍼 컨버터블(휘),CITY,0,,,,,0,0,,,,unavailable,observed_aggregate,Do not add maintenance_cost and detail_part_price unless Jejuro confirms whether cost already includes parts.
9686,1995,2021 4세대투싼 하이브리드(휘),CITY,0,,,,,0,0,,,,unavailable,observed_aggregate,Do not add maintenance_cost and detail_part_price unless Jejuro confirms whether cost already includes parts.
9687,1995,2021 4세대투싼 하이브리드(휘),CITY,0,,,,,0,0,,,,unavailable,observed_aggregate,Do not add maintenance_cost and detail_part_price unless Jejuro confirms whether cost already includes parts.
9688,1995,2021 4세대투싼 하이브리드(휘),CITY,0,,,,,0,0,,,,unavailable,observed_aggregate,Do not add maintenance_cost and detail_part_price unless Jejuro confirms whether cost already includes parts.
9689,2007,23년 K5 하이브리드(휘),CITY,0,,,,,0,0,,,,unavailable,observed_aggregate,Do not add maintenance_cost and detail_part_price unless Jejuro confirms whether cost already includes parts.
9690,2016,24년 제네시스 G90 3.5T AWD 48V e-SC,CITY,0,,,,,0,0,,,,unavailable,observed_aggregate,Do not add maintenance_cost and detail_part_price unless Jejuro confirms whether cost already includes parts.
9691,1882,21년 올뉴아반떼CN7(휘),COMPACT,0,,,,,0,0,,,,unavailable,observed_aggregate,Do not add maintenance_cost and detail_part_price unless Jejuro confirms whether cost already includes parts.
9692,1929,23년 머스탱컨버터블(휘),IMPORTED,0,,,,,0,0,,,,unavailable,observed_aggregate,Do not add maintenance_cost and detail_part_price unless Jejuro confirms whether cost already includes parts.
9693,1996,19년 팰리세이드 8인승 4륜[경유],CITY,0,,,,,0,0,,,,unavailable,observed_aggregate,Do not add maintenance_cost and detail_part_price unless Jejuro confirms whether cost already includes parts.
9694,1996,19년 팰리세이드 8인승 4륜[경유],CITY,0,,,,,0,0,,,,unavailable,observed_aggregate,Do not add maintenance_cost and detail_part_price unless Jejuro confirms whether cost already includes parts.
9695,1979,17~19년 그랜져IG[LPG],CITY,0,,,,,0,0,,,,unavailable,observed_aggregate,Do not add maintenance_cost and detail_part_price unless Jejuro confirms whether cost already includes parts.
9696,1985,18/19 더뉴K5[휘],CITY,0,,,,,0,0,,,,unavailable,observed_aggregate,Do not add maintenance_cost and detail_part_price unless Jejuro confirms whether cost already includes parts.
9697,1985,18/19 더뉴K5[휘],CITY,0,,,,,0,0,,,,unavailable,observed_aggregate,Do not add maintenance_cost and detail_part_price unless Jejuro confirms whether cost already includes parts.
9698,1985,18/19 더뉴K5[휘],CITY,0,,,,,0,0,,,,unavailable,observed_aggregate,Do not add maintenance_cost and detail_part_price unless Jejuro confirms whether cost already includes parts.
9699,1990,2020 뉴SM3 ZE RE(최고급형),CITY,0,,,,,0,0,,,,unavailable,observed_aggregate,Do not add maintenance_cost and detail_part_price unless Jejuro confirms whether cost already includes parts.
9700,1855,18/19년 올뉴 K3(휘),COMPACT,0,,,,,0,0,,,,unavailable,observed_aggregate,Do not add maintenance_cost and detail_part_price unless Jejuro confirms whether cost already includes parts.
9701,1979,17~19년 그랜져IG[LPG],CITY,0,,,,,0,0,,,,unavailable,observed_aggregate,Do not add maintenance_cost and detail_part_price unless Jejuro confirms whether cost already includes parts.
9702,1987,19년 팰리세이드 8인승[경유],CITY,0,,,,,0,0,,,,unavailable,observed_aggregate,Do not add maintenance_cost and detail_part_price unless Jejuro confirms whether cost already includes parts.
9703,1987,19년 팰리세이드 8인승[경유],CITY,0,,,,,0,0,,,,unavailable,observed_aggregate,Do not add maintenance_cost and detail_part_price unless Jejuro confirms whether cost already includes parts.
9704,1878,20/21년 BMW Z4 로드스터(휘),IMPORTED,0,,,,,0,0,,,,unavailable,observed_aggregate,Do not add maintenance_cost and detail_part_price unless Jejuro confirms whether cost already includes parts.
9705,1978,17년 올뉴투싼[경유],CITY,0,,,,,0,0,,,,unavailable,observed_aggregate,Do not add maintenance_cost and detail_part_price unless Jejuro confirms whether cost already includes parts.
9706,1978,17년 올뉴투싼[경유],CITY,0,,,,,0,0,,,,unavailable,observed_aggregate,Do not add maintenance_cost and detail_part_price unless Jejuro confirms whether cost already includes parts.
9707,1978,17년 올뉴투싼[경유],CITY,0,,,,,0,0,,,,unavailable,observed_aggregate,Do not add maintenance_cost and detail_part_price unless Jejuro confirms whether cost already includes parts.
9708,1990,2020 뉴SM3 ZE RE(최고급형),CITY,0,,,,,0,0,,,,unavailable,observed_aggregate,Do not add maintenance_cost and detail_part_price unless Jejuro confirms whether cost already includes parts.
9709,1990,2020 뉴SM3 ZE RE(최고급형),CITY,0,,,,,0,0,,,,unavailable,observed_aggregate,Do not add maintenance_cost and detail_part_price unless Jejuro confirms whether cost already includes parts.
9710,1990,2020 뉴SM3 ZE RE(최고급형),CITY,0,,,,,0,0,,,,unavailable,observed_aggregate,Do not add maintenance_cost and detail_part_price unless Jejuro confirms whether cost already includes parts.
9711,1990,2020 뉴SM3 ZE RE(최고급형),CITY,0,,,,,0,0,,,,unavailable,observed_aggregate,Do not add maintenance_cost and detail_part_price unless Jejuro confirms whether cost already includes parts.
9712,1990,2020 뉴SM3 ZE RE(최고급형),CITY,0,,,,,0,0,,,,unavailable,observed_aggregate,Do not add maintenance_cost and detail_part_price unless Jejuro confirms whether cost already includes parts.
9713,1990,2020 뉴SM3 ZE RE(최고급형),CITY,0,,,,,0,0,,,,unavailable,observed_aggregate,Do not add maintenance_cost and detail_part_price unless Jejuro confirms whether cost already includes parts.
9714,1990,2020 뉴SM3 ZE RE(최고급형),CITY,0,,,,,0,0,,,,unavailable,observed_aggregate,Do not add maintenance_cost and detail_part_price unless Jejuro confirms whether cost already includes parts.
9715,1990,2020 뉴SM3 ZE RE(최고급형),CITY,0,,,,,0,0,,,,unavailable,observed_aggregate,Do not add maintenance_cost and detail_part_price unless Jejuro confirms whether cost already includes parts.
9716,1990,2020 뉴SM3 ZE RE(최고급형),CITY,0,,,,,0,0,,,,unavailable,observed_aggregate,Do not add maintenance_cost and detail_part_price unless Jejuro confirms whether cost already includes parts.
9717,1990,2020 뉴SM3 ZE RE(최고급형),CITY,0,,,,,0,0,,,,unavailable,observed_aggregate,Do not add maintenance_cost and detail_part_price unless Jejuro confirms whether cost already includes parts.
9718,1990,2020 뉴SM3 ZE RE(최고급형),CITY,0,,,,,0,0,,,,unavailable,observed_aggregate,Do not add maintenance_cost and detail_part_price unless Jejuro confirms whether cost already includes parts.
9719,1990,2020 뉴SM3 ZE RE(최고급형),CITY,0,,,,,0,0,,,,unavailable,observed_aggregate,Do not add maintenance_cost and detail_part_price unless Jejuro confirms whether cost already includes parts.
9720,1990,2020 뉴SM3 ZE RE(최고급형),CITY,0,,,,,0,0,,,,unavailable,observed_aggregate,Do not add maintenance_cost and detail_part_price unless Jejuro confirms whether cost already includes parts.
9721,1990,2020 뉴SM3 ZE RE(최고급형),CITY,0,,,,,0,0,,,,unavailable,observed_aggregate,Do not add maintenance_cost and detail_part_price unless Jejuro confirms whether cost already includes parts.
9722,1990,2020 뉴SM3 ZE RE(최고급형),CITY,0,,,,,0,0,,,,unavailable,observed_aggregate,Do not add maintenance_cost and detail_part_price unless Jejuro confirms whether cost already includes parts.
9723,1990,2020 뉴SM3 ZE RE(최고급형),CITY,0,,,,,0,0,,,,unavailable,observed_aggregate,Do not add maintenance_cost and detail_part_price unless Jejuro confirms whether cost already includes parts.
9724,1990,2020 뉴SM3 ZE RE(최고급형),CITY,0,,,,,0,0,,,,unavailable,observed_aggregate,Do not add maintenance_cost and detail_part_price unless Jejuro confirms whether cost already includes parts.
9725,1990,2020 뉴SM3 ZE RE(최고급형),CITY,0,,,,,0,0,,,,unavailable,observed_aggregate,Do not add maintenance_cost and detail_part_price unless Jejuro confirms whether cost already includes parts.
9726,2014,24년 GV80 쿠페 3.5 4륜(휘),CITY,0,,,,,0,0,,,,unavailable,observed_aggregate,Do not add maintenance_cost and detail_part_price unless Jejuro confirms whether cost already includes parts.
9727,2014,24년 GV80 쿠페 3.5 4륜(휘),CITY,0,,,,,0,0,,,,unavailable,observed_aggregate,Do not add maintenance_cost and detail_part_price unless Jejuro confirms whether cost already includes parts.
9728,2006,23년 팰리세이드 8인승 4WD(휘),CITY,0,,,,,0,0,,,,unavailable,observed_aggregate,Do not add maintenance_cost and detail_part_price unless Jejuro confirms whether cost already includes parts.
9729,1844,16/18년 올뉴그랜드카니발11인(경유),RV,0,,,,,0,0,,,,unavailable,observed_aggregate,Do not add maintenance_cost and detail_part_price unless Jejuro confirms whether cost already includes parts.
9730,1995,2021 4세대투싼 하이브리드(휘),CITY,0,,,,,0,0,,,,unavailable,observed_aggregate,Do not add maintenance_cost and detail_part_price unless Jejuro confirms whether cost already includes parts.
9731,1999,2022 뉴레이(풀옵션)(휘),CITY,0,,,,,0,0,,,,unavailable,observed_aggregate,Do not add maintenance_cost and detail_part_price unless Jejuro confirms whether cost already includes parts.
9732,1999,2022 뉴레이(풀옵션)(휘),CITY,0,,,,,0,0,,,,unavailable,observed_aggregate,Do not add maintenance_cost and detail_part_price unless Jejuro confirms whether cost already includes parts.
9733,1999,2022 뉴레이(풀옵션)(휘),CITY,0,,,,,0,0,,,,unavailable,observed_aggregate,Do not add maintenance_cost and detail_part_price unless Jejuro confirms whether cost already includes parts.
9734,1999,2022 뉴레이(풀옵션)(휘),CITY,0,,,,,0,0,,,,unavailable,observed_aggregate,Do not add maintenance_cost and detail_part_price unless Jejuro confirms whether cost already includes parts.
9735,1999,2022 뉴레이(풀옵션)(휘),CITY,0,,,,,0,0,,,,unavailable,observed_aggregate,Do not add maintenance_cost and detail_part_price unless Jejuro confirms whether cost already includes parts.
9736,2000,22년 아반떼(휘),CITY,0,,,,,0,0,,,,unavailable,observed_aggregate,Do not add maintenance_cost and detail_part_price unless Jejuro confirms whether cost already includes parts.
9737,2000,22년 아반떼(휘),CITY,0,,,,,0,0,,,,unavailable,observed_aggregate,Do not add maintenance_cost and detail_part_price unless Jejuro confirms whether cost already includes parts.
9738,2000,22년 아반떼(휘),CITY,0,,,,,0,0,,,,unavailable,observed_aggregate,Do not add maintenance_cost and detail_part_price unless Jejuro confirms whether cost already includes parts.
9739,2000,22년 아반떼(휘),CITY,0,,,,,0,0,,,,unavailable,observed_aggregate,Do not add maintenance_cost and detail_part_price unless Jejuro confirms whether cost already includes parts.
9740,2000,22년 아반떼(휘),CITY,0,,,,,0,0,,,,unavailable,observed_aggregate,Do not add maintenance_cost and detail_part_price unless Jejuro confirms whether cost already includes parts.
9741,1999,2022 뉴레이(풀옵션)(휘),CITY,0,,,,,0,0,,,,unavailable,observed_aggregate,Do not add maintenance_cost and detail_part_price unless Jejuro confirms whether cost already includes parts.
9742,1999,2022 뉴레이(풀옵션)(휘),CITY,0,,,,,0,0,,,,unavailable,observed_aggregate,Do not add maintenance_cost and detail_part_price unless Jejuro confirms whether cost already includes parts.
9743,1999,2022 뉴레이(풀옵션)(휘),CITY,0,,,,,0,0,,,,unavailable,observed_aggregate,Do not add maintenance_cost and detail_part_price unless Jejuro confirms whether cost already includes parts.
9744,1999,2022 뉴레이(풀옵션)(휘),CITY,0,,,,,0,0,,,,unavailable,observed_aggregate,Do not add maintenance_cost and detail_part_price unless Jejuro confirms whether cost already includes parts.
9745,1999,2022 뉴레이(풀옵션)(휘),CITY,0,,,,,0,0,,,,unavailable,observed_aggregate,Do not add maintenance_cost and detail_part_price unless Jejuro confirms whether cost already includes parts.
9746,2015,24년 더 뉴 모하비 마스터즈 4WD 7인승(경유),CITY,0,,,,,0,0,,,,unavailable,observed_aggregate,Do not add maintenance_cost and detail_part_price unless Jejuro confirms whether cost already includes parts.
9747,1915,22년 모닝(휘),URBAN,0,,,,,0,0,,,,unavailable,observed_aggregate,Do not add maintenance_cost and detail_part_price unless Jejuro confirms whether cost already includes parts.
9748,2022,16년 올뉴K5[LPG],CITY,0,,,,,0,0,,,,unavailable,observed_aggregate,Do not add maintenance_cost and detail_part_price unless Jejuro confirms whether cost already includes parts.
9749,1867,19년 베뉴(휘),SUV,0,,,,,0,0,,,,unavailable,observed_aggregate,Do not add maintenance_cost and detail_part_price unless Jejuro confirms whether cost already includes parts.
9750,1867,19년 베뉴(휘),SUV,0,,,,,0,0,,,,unavailable,observed_aggregate,Do not add maintenance_cost and detail_part_price unless Jejuro confirms whether cost already includes parts.
9751,2028,2021 지프 랭글러 루비콘 파워탑(휘),CITY,0,,,,,0,0,,,,unavailable,observed_aggregate,Do not add maintenance_cost and detail_part_price unless Jejuro confirms whether cost already includes parts.
9752,2032,21년 포르쉐 카이엔 쿠페 하이브리드(휘),CITY,0,,,,,0,0,,,,unavailable,observed_aggregate,Do not add maintenance_cost and detail_part_price unless Jejuro confirms whether cost already includes parts.
9753,1867,19년 베뉴(휘),SUV,0,,,,,0,0,,,,unavailable,observed_aggregate,Do not add maintenance_cost and detail_part_price unless Jejuro confirms whether cost already includes parts.
9754,1988,19년 뉴SM3 ZE[전기],CITY,0,,,,,0,0,,,,unavailable,observed_aggregate,Do not add maintenance_cost and detail_part_price unless Jejuro confirms whether cost already includes parts.
9755,1988,19년 뉴SM3 ZE[전기],CITY,0,,,,,0,0,,,,unavailable,observed_aggregate,Do not add maintenance_cost and detail_part_price unless Jejuro confirms whether cost already includes parts.
9756,1988,19년 뉴SM3 ZE[전기],CITY,0,,,,,0,0,,,,unavailable,observed_aggregate,Do not add maintenance_cost and detail_part_price unless Jejuro confirms whether cost already includes parts.
9757,1988,19년 뉴SM3 ZE[전기],CITY,0,,,,,0,0,,,,unavailable,observed_aggregate,Do not add maintenance_cost and detail_part_price unless Jejuro confirms whether cost already includes parts.
9758,1988,19년 뉴SM3 ZE[전기],CITY,0,,,,,0,0,,,,unavailable,observed_aggregate,Do not add maintenance_cost and detail_part_price unless Jejuro confirms whether cost already includes parts.
9759,1988,19년 뉴SM3 ZE[전기],CITY,0,,,,,0,0,,,,unavailable,observed_aggregate,Do not add maintenance_cost and detail_part_price unless Jejuro confirms whether cost already includes parts.
9760,2028,2021 지프 랭글러 루비콘 파워탑(휘),CITY,0,,,,,0,0,,,,unavailable,observed_aggregate,Do not add maintenance_cost and detail_part_price unless Jejuro confirms whether cost already includes parts.
9761,2030,2021 포르쉐 파나메라(휘),CITY,0,,,,,0,0,,,,unavailable,observed_aggregate,Do not add maintenance_cost and detail_part_price unless Jejuro confirms whether cost already includes parts.
9762,2027,2021 아우디A6(휘발유),CITY,0,,,,,0,0,,,,unavailable,observed_aggregate,Do not add maintenance_cost and detail_part_price unless Jejuro confirms whether cost already includes parts.
9763,2026,2021 BMW 520i M스포츠(휘발유),CITY,0,,,,,0,0,,,,unavailable,observed_aggregate,Do not add maintenance_cost and detail_part_price unless Jejuro confirms whether cost already includes parts.
9764,2026,2021 BMW 520i M스포츠(휘발유),CITY,0,,,,,0,0,,,,unavailable,observed_aggregate,Do not add maintenance_cost and detail_part_price unless Jejuro confirms whether cost already includes parts.
9765,2028,2021 지프 랭글러 루비콘 파워탑(휘),CITY,0,,,,,0,0,,,,unavailable,observed_aggregate,Do not add maintenance_cost and detail_part_price unless Jejuro confirms whether cost already includes parts.
9766,2026,2021 BMW 520i M스포츠(휘발유),CITY,0,,,,,0,0,,,,unavailable,observed_aggregate,Do not add maintenance_cost and detail_part_price unless Jejuro confirms whether cost already includes parts.
9767,2026,2021 BMW 520i M스포츠(휘발유),CITY,0,,,,,0,0,,,,unavailable,observed_aggregate,Do not add maintenance_cost and detail_part_price unless Jejuro confirms whether cost already includes parts.
9768,2027,2021 아우디A6(휘발유),CITY,0,,,,,0,0,,,,unavailable,observed_aggregate,Do not add maintenance_cost and detail_part_price unless Jejuro confirms whether cost already includes parts.
9769,2028,2021 지프 랭글러 루비콘 파워탑(휘),CITY,0,,,,,0,0,,,,unavailable,observed_aggregate,Do not add maintenance_cost and detail_part_price unless Jejuro confirms whether cost already includes parts.
9770,2022,16년 올뉴K5[LPG],CITY,0,,,,,0,0,,,,unavailable,observed_aggregate,Do not add maintenance_cost and detail_part_price unless Jejuro confirms whether cost already includes parts.
9771,1927,23년 팰리세이드 4륜(8인/경유),SUV,0,,,,,0,0,,,,unavailable,observed_aggregate,Do not add maintenance_cost and detail_part_price unless Jejuro confirms whether cost already includes parts.
9772,2030,2021 포르쉐 파나메라(휘),CITY,0,,,,,0,0,,,,unavailable,observed_aggregate,Do not add maintenance_cost and detail_part_price unless Jejuro confirms whether cost already includes parts.
9773,1886,21년 벤츠G63 AMG 지바겐(휘),SUPERCAR,0,,,,,0,0,,,,unavailable,observed_aggregate,Do not add maintenance_cost and detail_part_price unless Jejuro confirms whether cost already includes parts.
9774,2034,2021 베뉴(휘),CITY,0,,,,,0,0,,,,unavailable,observed_aggregate,Do not add maintenance_cost and detail_part_price unless Jejuro confirms whether cost already includes parts.
9775,2028,2021 지프 랭글러 루비콘 파워탑(휘),CITY,0,,,,,0,0,,,,unavailable,observed_aggregate,Do not add maintenance_cost and detail_part_price unless Jejuro confirms whether cost already includes parts.
9776,2033,2021 포르쉐 카이엔(휘),CITY,0,,,,,0,0,,,,unavailable,observed_aggregate,Do not add maintenance_cost and detail_part_price unless Jejuro confirms whether cost already includes parts.
9777,2028,2021 지프 랭글러 루비콘 파워탑(휘),CITY,0,,,,,0,0,,,,unavailable,observed_aggregate,Do not add maintenance_cost and detail_part_price unless Jejuro confirms whether cost already includes parts.
9778,2034,2021 베뉴(휘),CITY,0,,,,,0,0,,,,unavailable,observed_aggregate,Do not add maintenance_cost and detail_part_price unless Jejuro confirms whether cost already includes parts.
9779,2034,2021 베뉴(휘),CITY,0,,,,,0,0,,,,unavailable,observed_aggregate,Do not add maintenance_cost and detail_part_price unless Jejuro confirms whether cost already includes parts.
9780,2034,2021 베뉴(휘),CITY,0,,,,,0,0,,,,unavailable,observed_aggregate,Do not add maintenance_cost and detail_part_price unless Jejuro confirms whether cost already includes parts.
9781,2034,2021 베뉴(휘),CITY,0,,,,,0,0,,,,unavailable,observed_aggregate,Do not add maintenance_cost and detail_part_price unless Jejuro confirms whether cost already includes parts.
9782,2034,2021 베뉴(휘),CITY,0,,,,,0,0,,,,unavailable,observed_aggregate,Do not add maintenance_cost and detail_part_price unless Jejuro confirms whether cost already includes parts.
9783,2033,2021 포르쉐 카이엔(휘),CITY,0,,,,,0,0,,,,unavailable,observed_aggregate,Do not add maintenance_cost and detail_part_price unless Jejuro confirms whether cost already includes parts.
9784,1867,19년 베뉴(휘),SUV,0,,,,,0,0,,,,unavailable,observed_aggregate,Do not add maintenance_cost and detail_part_price unless Jejuro confirms whether cost already includes parts.
9785,1867,19년 베뉴(휘),SUV,0,,,,,0,0,,,,unavailable,observed_aggregate,Do not add maintenance_cost and detail_part_price unless Jejuro confirms whether cost already includes parts.
9786,2028,2021 지프 랭글러 루비콘 파워탑(휘),CITY,0,,,,,0,0,,,,unavailable,observed_aggregate,Do not add maintenance_cost and detail_part_price unless Jejuro confirms whether cost already includes parts.
9787,1940,23년 디올뉴 그랜저(휘),LUXURY,0,,,,,0,0,,,,unavailable,observed_aggregate,Do not add maintenance_cost and detail_part_price unless Jejuro confirms whether cost already includes parts.
9788,2032,21년 포르쉐 카이엔 쿠페 하이브리드(휘),CITY,0,,,,,0,0,,,,unavailable,observed_aggregate,Do not add maintenance_cost and detail_part_price unless Jejuro confirms whether cost already includes parts.
9789,1915,22년 모닝(휘),URBAN,0,,,,,0,0,,,,unavailable,observed_aggregate,Do not add maintenance_cost and detail_part_price unless Jejuro confirms whether cost already includes parts.
9790,1867,19년 베뉴(휘),SUV,0,,,,,0,0,,,,unavailable,observed_aggregate,Do not add maintenance_cost and detail_part_price unless Jejuro confirms whether cost already includes parts.
9791,2036,2022 프리우스 하이브리드(휘),CITY,0,,,,,0,0,,,,unavailable,observed_aggregate,Do not add maintenance_cost and detail_part_price unless Jejuro confirms whether cost already includes parts.
9792,2036,2022 프리우스 하이브리드(휘),CITY,0,,,,,0,0,,,,unavailable,observed_aggregate,Do not add maintenance_cost and detail_part_price unless Jejuro confirms whether cost already includes parts.
9793,2036,2022 프리우스 하이브리드(휘),CITY,0,,,,,0,0,,,,unavailable,observed_aggregate,Do not add maintenance_cost and detail_part_price unless Jejuro confirms whether cost already includes parts.
9794,2036,2022 프리우스 하이브리드(휘),CITY,0,,,,,0,0,,,,unavailable,observed_aggregate,Do not add maintenance_cost and detail_part_price unless Jejuro confirms whether cost already includes parts.
9795,2036,2022 프리우스 하이브리드(휘),CITY,0,,,,,0,0,,,,unavailable,observed_aggregate,Do not add maintenance_cost and detail_part_price unless Jejuro confirms whether cost already includes parts.
9796,1929,23년 머스탱컨버터블(휘),IMPORTED,0,,,,,0,0,,,,unavailable,observed_aggregate,Do not add maintenance_cost and detail_part_price unless Jejuro confirms whether cost already includes parts.
9797,1929,23년 머스탱컨버터블(휘),IMPORTED,0,,,,,0,0,,,,unavailable,observed_aggregate,Do not add maintenance_cost and detail_part_price unless Jejuro confirms whether cost already includes parts.
9798,1927,23년 팰리세이드 4륜(8인/경유),SUV,0,,,,,0,0,,,,unavailable,observed_aggregate,Do not add maintenance_cost and detail_part_price unless Jejuro confirms whether cost already includes parts.
9799,1922,23년 쏠라티(15인/경유),RV,0,,,,,0,0,,,,unavailable,observed_aggregate,Do not add maintenance_cost and detail_part_price unless Jejuro confirms whether cost already includes parts.
9800,2025,17/18 쏘나타뉴라이즈[휘],CITY,0,,,,,0,0,,,,unavailable,observed_aggregate,Do not add maintenance_cost and detail_part_price unless Jejuro confirms whether cost already includes parts.
9801,2025,17/18 쏘나타뉴라이즈[휘],CITY,0,,,,,0,0,,,,unavailable,observed_aggregate,Do not add maintenance_cost and detail_part_price unless Jejuro confirms whether cost already includes parts.
9802,2025,17/18 쏘나타뉴라이즈[휘],CITY,0,,,,,0,0,,,,unavailable,observed_aggregate,Do not add maintenance_cost and detail_part_price unless Jejuro confirms whether cost already includes parts.
9803,2025,17/18 쏘나타뉴라이즈[휘],CITY,0,,,,,0,0,,,,unavailable,observed_aggregate,Do not add maintenance_cost and detail_part_price unless Jejuro confirms whether cost already includes parts.
9804,1983,18/19 쏘나타뉴라이즈[LPG],CITY,0,,,,,0,0,,,,unavailable,observed_aggregate,Do not add maintenance_cost and detail_part_price unless Jejuro confirms whether cost already includes parts.
9805,1983,18/19 쏘나타뉴라이즈[LPG],CITY,0,,,,,0,0,,,,unavailable,observed_aggregate,Do not add maintenance_cost and detail_part_price unless Jejuro confirms whether cost already includes parts.
9806,1983,18/19 쏘나타뉴라이즈[LPG],CITY,0,,,,,0,0,,,,unavailable,observed_aggregate,Do not add maintenance_cost and detail_part_price unless Jejuro confirms whether cost already includes parts.
9807,1983,18/19 쏘나타뉴라이즈[LPG],CITY,0,,,,,0,0,,,,unavailable,observed_aggregate,Do not add maintenance_cost and detail_part_price unless Jejuro confirms whether cost already includes parts.
9808,1983,18/19 쏘나타뉴라이즈[LPG],CITY,0,,,,,0,0,,,,unavailable,observed_aggregate,Do not add maintenance_cost and detail_part_price unless Jejuro confirms whether cost already includes parts.
9809,1983,18/19 쏘나타뉴라이즈[LPG],CITY,0,,,,,0,0,,,,unavailable,observed_aggregate,Do not add maintenance_cost and detail_part_price unless Jejuro confirms whether cost already includes parts.
9810,1983,18/19 쏘나타뉴라이즈[LPG],CITY,0,,,,,0,0,,,,unavailable,observed_aggregate,Do not add maintenance_cost and detail_part_price unless Jejuro confirms whether cost already includes parts.
9811,1983,18/19 쏘나타뉴라이즈[LPG],CITY,0,,,,,0,0,,,,unavailable,observed_aggregate,Do not add maintenance_cost and detail_part_price unless Jejuro confirms whether cost already includes parts.
9812,1983,18/19 쏘나타뉴라이즈[LPG],CITY,0,,,,,0,0,,,,unavailable,observed_aggregate,Do not add maintenance_cost and detail_part_price unless Jejuro confirms whether cost already includes parts.
9813,1983,18/19 쏘나타뉴라이즈[LPG],CITY,0,,,,,0,0,,,,unavailable,observed_aggregate,Do not add maintenance_cost and detail_part_price unless Jejuro confirms whether cost already includes parts.
9814,1983,18/19 쏘나타뉴라이즈[LPG],CITY,0,,,,,0,0,,,,unavailable,observed_aggregate,Do not add maintenance_cost and detail_part_price unless Jejuro confirms whether cost already includes parts.
9815,1983,18/19 쏘나타뉴라이즈[LPG],CITY,0,,,,,0,0,,,,unavailable,observed_aggregate,Do not add maintenance_cost and detail_part_price unless Jejuro confirms whether cost already includes parts.
9816,1983,18/19 쏘나타뉴라이즈[LPG],CITY,0,,,,,0,0,,,,unavailable,observed_aggregate,Do not add maintenance_cost and detail_part_price unless Jejuro confirms whether cost already includes parts.
9817,1983,18/19 쏘나타뉴라이즈[LPG],CITY,0,,,,,0,0,,,,unavailable,observed_aggregate,Do not add maintenance_cost and detail_part_price unless Jejuro confirms whether cost already includes parts.
9818,1867,19년 베뉴(휘),SUV,0,,,,,0,0,,,,unavailable,observed_aggregate,Do not add maintenance_cost and detail_part_price unless Jejuro confirms whether cost already includes parts.
9819,1867,19년 베뉴(휘),SUV,0,,,,,0,0,,,,unavailable,observed_aggregate,Do not add maintenance_cost and detail_part_price unless Jejuro confirms whether cost already includes parts.
9820,1877,20년 테슬라 모델3(전기),IMPORTED,0,,,,,0,0,,,,unavailable,observed_aggregate,Do not add maintenance_cost and detail_part_price unless Jejuro confirms whether cost already includes parts.
9821,1877,20년 테슬라 모델3(전기),IMPORTED,0,,,,,0,0,,,,unavailable,observed_aggregate,Do not add maintenance_cost and detail_part_price unless Jejuro confirms whether cost already includes parts.
9822,1877,20년 테슬라 모델3(전기),IMPORTED,0,,,,,0,0,,,,unavailable,observed_aggregate,Do not add maintenance_cost and detail_part_price unless Jejuro confirms whether cost already includes parts.
9823,1877,20년 테슬라 모델3(전기),IMPORTED,0,,,,,0,0,,,,unavailable,observed_aggregate,Do not add maintenance_cost and detail_part_price unless Jejuro confirms whether cost already includes parts.
9824,1990,2020 뉴SM3 ZE RE(최고급형),CITY,0,,,,,0,0,,,,unavailable,observed_aggregate,Do not add maintenance_cost and detail_part_price unless Jejuro confirms whether cost already includes parts.
9825,1990,2020 뉴SM3 ZE RE(최고급형),CITY,0,,,,,0,0,,,,unavailable,observed_aggregate,Do not add maintenance_cost and detail_part_price unless Jejuro confirms whether cost already includes parts.
9826,1990,2020 뉴SM3 ZE RE(최고급형),CITY,0,,,,,0,0,,,,unavailable,observed_aggregate,Do not add maintenance_cost and detail_part_price unless Jejuro confirms whether cost already includes parts.
9827,1990,2020 뉴SM3 ZE RE(최고급형),CITY,0,,,,,0,0,,,,unavailable,observed_aggregate,Do not add maintenance_cost and detail_part_price unless Jejuro confirms whether cost already includes parts.
9828,1990,2020 뉴SM3 ZE RE(최고급형),CITY,0,,,,,0,0,,,,unavailable,observed_aggregate,Do not add maintenance_cost and detail_part_price unless Jejuro confirms whether cost already includes parts.
9829,1990,2020 뉴SM3 ZE RE(최고급형),CITY,0,,,,,0,0,,,,unavailable,observed_aggregate,Do not add maintenance_cost and detail_part_price unless Jejuro confirms whether cost already includes parts.
9830,1879,20년 코나(전기),EV,0,,,,,0,0,,,,unavailable,observed_aggregate,Do not add maintenance_cost and detail_part_price unless Jejuro confirms whether cost already includes parts.
9831,1879,20년 코나(전기),EV,0,,,,,0,0,,,,unavailable,observed_aggregate,Do not add maintenance_cost and detail_part_price unless Jejuro confirms whether cost already includes parts.
9832,1879,20년 코나(전기),EV,0,,,,,0,0,,,,unavailable,observed_aggregate,Do not add maintenance_cost and detail_part_price unless Jejuro confirms whether cost already includes parts.
9833,2031,2021 포르쉐 타이칸(전기),CITY,0,,,,,0,0,,,,unavailable,observed_aggregate,Do not add maintenance_cost and detail_part_price unless Jejuro confirms whether cost already includes parts.
9834,1873,20년 K5(LPG),MIDSIZE,0,,,,,0,0,,,,unavailable,observed_aggregate,Do not add maintenance_cost and detail_part_price unless Jejuro confirms whether cost already includes parts.
9835,1873,20년 K5(LPG),MIDSIZE,0,,,,,0,0,,,,unavailable,observed_aggregate,Do not add maintenance_cost and detail_part_price unless Jejuro confirms whether cost already includes parts.
9836,1873,20년 K5(LPG),MIDSIZE,0,,,,,0,0,,,,unavailable,observed_aggregate,Do not add maintenance_cost and detail_part_price unless Jejuro confirms whether cost already includes parts.
9837,1873,20년 K5(LPG),MIDSIZE,0,,,,,0,0,,,,unavailable,observed_aggregate,Do not add maintenance_cost and detail_part_price unless Jejuro confirms whether cost already includes parts.
9838,1873,20년 K5(LPG),MIDSIZE,0,,,,,0,0,,,,unavailable,observed_aggregate,Do not add maintenance_cost and detail_part_price unless Jejuro confirms whether cost already includes parts.
9839,2027,2021 아우디A6(휘발유),CITY,0,,,,,0,0,,,,unavailable,observed_aggregate,Do not add maintenance_cost and detail_part_price unless Jejuro confirms whether cost already includes parts.
9840,2035,장기AD,CITY,0,,,,,0,0,,,,unavailable,observed_aggregate,Do not add maintenance_cost and detail_part_price unless Jejuro confirms whether cost already includes parts.
9841,2029,장기 뉴5,CITY,0,,,,,0,0,,,,unavailable,observed_aggregate,Do not add maintenance_cost and detail_part_price unless Jejuro confirms whether cost already includes parts.
9842,2029,장기 뉴5,CITY,0,,,,,0,0,,,,unavailable,observed_aggregate,Do not add maintenance_cost and detail_part_price unless Jejuro confirms whether cost already includes parts.
9843,2029,장기 뉴5,CITY,0,,,,,0,0,,,,unavailable,observed_aggregate,Do not add maintenance_cost and detail_part_price unless Jejuro confirms whether cost already includes parts.
9844,1843,16/18년 올뉴카니발9인(경유),RV,0,,,,,0,0,,,,unavailable,observed_aggregate,Do not add maintenance_cost and detail_part_price unless Jejuro confirms whether cost already includes parts.
9845,2023,2017 더뉴K3[휘],CITY,0,,,,,0,0,,,,unavailable,observed_aggregate,Do not add maintenance_cost and detail_part_price unless Jejuro confirms whether cost already includes parts.
9846,2023,2017 더뉴K3[휘],CITY,0,,,,,0,0,,,,unavailable,observed_aggregate,Do not add maintenance_cost and detail_part_price unless Jejuro confirms whether cost already includes parts.
9847,2023,2017 더뉴K3[휘],CITY,0,,,,,0,0,,,,unavailable,observed_aggregate,Do not add maintenance_cost and detail_part_price unless Jejuro confirms whether cost already includes parts.
9848,2023,2017 더뉴K3[휘],CITY,0,,,,,0,0,,,,unavailable,observed_aggregate,Do not add maintenance_cost and detail_part_price unless Jejuro confirms whether cost already includes parts.
9849,2023,2017 더뉴K3[휘],CITY,0,,,,,0,0,,,,unavailable,observed_aggregate,Do not add maintenance_cost and detail_part_price unless Jejuro confirms whether cost already includes parts.
9850,2031,2021 포르쉐 타이칸(전기),CITY,0,,,,,0,0,,,,unavailable,observed_aggregate,Do not add maintenance_cost and detail_part_price unless Jejuro confirms whether cost already includes parts.
9851,1843,16/18년 올뉴카니발9인(경유),RV,0,,,,,0,0,,,,unavailable,observed_aggregate,Do not add maintenance_cost and detail_part_price unless Jejuro confirms whether cost already includes parts.
9852,1843,16/18년 올뉴카니발9인(경유),RV,0,,,,,0,0,,,,unavailable,observed_aggregate,Do not add maintenance_cost and detail_part_price unless Jejuro confirms whether cost already includes parts.
9853,2022,16년 올뉴K5[LPG],CITY,0,,,,,0,0,,,,unavailable,observed_aggregate,Do not add maintenance_cost and detail_part_price unless Jejuro confirms whether cost already includes parts.
9854,2022,16년 올뉴K5[LPG],CITY,0,,,,,0,0,,,,unavailable,observed_aggregate,Do not add maintenance_cost and detail_part_price unless Jejuro confirms whether cost already includes parts.
9855,2022,16년 올뉴K5[LPG],CITY,0,,,,,0,0,,,,unavailable,observed_aggregate,Do not add maintenance_cost and detail_part_price unless Jejuro confirms whether cost already includes parts.
9856,2022,16년 올뉴K5[LPG],CITY,0,,,,,0,0,,,,unavailable,observed_aggregate,Do not add maintenance_cost and detail_part_price unless Jejuro confirms whether cost already includes parts.
9857,1983,18/19 쏘나타뉴라이즈[LPG],CITY,0,,,,,0,0,,,,unavailable,observed_aggregate,Do not add maintenance_cost and detail_part_price unless Jejuro confirms whether cost already includes parts.
9858,1983,18/19 쏘나타뉴라이즈[LPG],CITY,0,,,,,0,0,,,,unavailable,observed_aggregate,Do not add maintenance_cost and detail_part_price unless Jejuro confirms whether cost already includes parts.
9859,1983,18/19 쏘나타뉴라이즈[LPG],CITY,0,,,,,0,0,,,,unavailable,observed_aggregate,Do not add maintenance_cost and detail_part_price unless Jejuro confirms whether cost already includes parts.
9860,2025,17/18 쏘나타뉴라이즈[휘],CITY,0,,,,,0,0,,,,unavailable,observed_aggregate,Do not add maintenance_cost and detail_part_price unless Jejuro confirms whether cost already includes parts.
9861,2025,17/18 쏘나타뉴라이즈[휘],CITY,0,,,,,0,0,,,,unavailable,observed_aggregate,Do not add maintenance_cost and detail_part_price unless Jejuro confirms whether cost already includes parts.
9862,2025,17/18 쏘나타뉴라이즈[휘],CITY,0,,,,,0,0,,,,unavailable,observed_aggregate,Do not add maintenance_cost and detail_part_price unless Jejuro confirms whether cost already includes parts.
9863,1905,22년 EV6(전기),EV,0,,,,,0,0,,,,unavailable,observed_aggregate,Do not add maintenance_cost and detail_part_price unless Jejuro confirms whether cost already includes parts.
9864,2037,장기 액센트,CITY,0,,,,,0,0,,,,unavailable,observed_aggregate,Do not add maintenance_cost and detail_part_price unless Jejuro confirms whether cost already includes parts.
9865,1851,19년 엑센트(휘),URBAN,0,,,,,0,0,,,,unavailable,observed_aggregate,Do not add maintenance_cost and detail_part_price unless Jejuro confirms whether cost already includes parts.
9866,1990,2020 뉴SM3 ZE RE(최고급형),CITY,0,,,,,0,0,,,,unavailable,observed_aggregate,Do not add maintenance_cost and detail_part_price unless Jejuro confirms whether cost already includes parts.
9867,1990,2020 뉴SM3 ZE RE(최고급형),CITY,0,,,,,0,0,,,,unavailable,observed_aggregate,Do not add maintenance_cost and detail_part_price unless Jejuro confirms whether cost already includes parts.
9868,1990,2020 뉴SM3 ZE RE(최고급형),CITY,0,,,,,0,0,,,,unavailable,observed_aggregate,Do not add maintenance_cost and detail_part_price unless Jejuro confirms whether cost already includes parts.
9869,1990,2020 뉴SM3 ZE RE(최고급형),CITY,0,,,,,0,0,,,,unavailable,observed_aggregate,Do not add maintenance_cost and detail_part_price unless Jejuro confirms whether cost already includes parts.
9870,1981,17년 올뉴스포티지[경유],CITY,0,,,,,0,0,,,,unavailable,observed_aggregate,Do not add maintenance_cost and detail_part_price unless Jejuro confirms whether cost already includes parts.
9871,1981,17년 올뉴스포티지[경유],CITY,0,,,,,0,0,,,,unavailable,observed_aggregate,Do not add maintenance_cost and detail_part_price unless Jejuro confirms whether cost already includes parts.
9872,1981,17년 올뉴스포티지[경유],CITY,0,,,,,0,0,,,,unavailable,observed_aggregate,Do not add maintenance_cost and detail_part_price unless Jejuro confirms whether cost already includes parts.
9873,1980,17년 올뉴쏘렌토5인[경유],CITY,0,,,,,0,0,,,,unavailable,observed_aggregate,Do not add maintenance_cost and detail_part_price unless Jejuro confirms whether cost already includes parts.
9874,1980,17년 올뉴쏘렌토5인[경유],CITY,0,,,,,0,0,,,,unavailable,observed_aggregate,Do not add maintenance_cost and detail_part_price unless Jejuro confirms whether cost already includes parts.
9875,1980,17년 올뉴쏘렌토5인[경유],CITY,0,,,,,0,0,,,,unavailable,observed_aggregate,Do not add maintenance_cost and detail_part_price unless Jejuro confirms whether cost already includes parts.
9876,2024,16년 싼타페DM5인[경유],CITY,0,,,,,0,0,,,,unavailable,observed_aggregate,Do not add maintenance_cost and detail_part_price unless Jejuro confirms whether cost already includes parts.
9877,2024,16년 싼타페DM5인[경유],CITY,0,,,,,0,0,,,,unavailable,observed_aggregate,Do not add maintenance_cost and detail_part_price unless Jejuro confirms whether cost already includes parts.
9878,2024,16년 싼타페DM5인[경유],CITY,0,,,,,0,0,,,,unavailable,observed_aggregate,Do not add maintenance_cost and detail_part_price unless Jejuro confirms whether cost already includes parts.
9879,1990,2020 뉴SM3 ZE RE(최고급형),CITY,0,,,,,0,0,,,,unavailable,observed_aggregate,Do not add maintenance_cost and detail_part_price unless Jejuro confirms whether cost already includes parts.
9880,1990,2020 뉴SM3 ZE RE(최고급형),CITY,0,,,,,0,0,,,,unavailable,observed_aggregate,Do not add maintenance_cost and detail_part_price unless Jejuro confirms whether cost already includes parts.
9881,1990,2020 뉴SM3 ZE RE(최고급형),CITY,0,,,,,0,0,,,,unavailable,observed_aggregate,Do not add maintenance_cost and detail_part_price unless Jejuro confirms whether cost already includes parts.
9882,1990,2020 뉴SM3 ZE RE(최고급형),CITY,0,,,,,0,0,,,,unavailable,observed_aggregate,Do not add maintenance_cost and detail_part_price unless Jejuro confirms whether cost already includes parts.
9883,1945,24년 스타리아 11인승 4륜(경유),RV,0,,,,,0,0,,,,unavailable,observed_aggregate,Do not add maintenance_cost and detail_part_price unless Jejuro confirms whether cost already includes parts.
9884,1945,24년 스타리아 11인승 4륜(경유),RV,0,,,,,0,0,,,,unavailable,observed_aggregate,Do not add maintenance_cost and detail_part_price unless Jejuro confirms whether cost already includes parts.
9885,1844,16/18년 올뉴그랜드카니발11인(경유),RV,0,,,,,0,0,,,,unavailable,observed_aggregate,Do not add maintenance_cost and detail_part_price unless Jejuro confirms whether cost already includes parts.
9886,1844,16/18년 올뉴그랜드카니발11인(경유),RV,0,,,,,0,0,,,,unavailable,observed_aggregate,Do not add maintenance_cost and detail_part_price unless Jejuro confirms whether cost already includes parts.
9887,2022,16년 올뉴K5[LPG],CITY,0,,,,,0,0,,,,unavailable,observed_aggregate,Do not add maintenance_cost and detail_part_price unless Jejuro confirms whether cost already includes parts.
9888,1848,18년 코나(휘),SUV,0,,,,,0,0,,,,unavailable,observed_aggregate,Do not add maintenance_cost and detail_part_price unless Jejuro confirms whether cost already includes parts.
9889,2022,16년 올뉴K5[LPG],CITY,0,,,,,0,0,,,,unavailable,observed_aggregate,Do not add maintenance_cost and detail_part_price unless Jejuro confirms whether cost already includes parts.
9890,2025,17/18 쏘나타뉴라이즈[휘],CITY,0,,,,,0,0,,,,unavailable,observed_aggregate,Do not add maintenance_cost and detail_part_price unless Jejuro confirms whether cost already includes parts.
9891,2022,16년 올뉴K5[LPG],CITY,0,,,,,0,0,,,,unavailable,observed_aggregate,Do not add maintenance_cost and detail_part_price unless Jejuro confirms whether cost already includes parts.
9892,1906,22년 k3(휘),COMPACT,0,,,,,0,0,,,,unavailable,observed_aggregate,Do not add maintenance_cost and detail_part_price unless Jejuro confirms whether cost already includes parts.
9893,1990,2020 뉴SM3 ZE RE(최고급형),CITY,0,,,,,0,0,,,,unavailable,observed_aggregate,Do not add maintenance_cost and detail_part_price unless Jejuro confirms whether cost already includes parts.
9894,2022,16년 올뉴K5[LPG],CITY,0,,,,,0,0,,,,unavailable,observed_aggregate,Do not add maintenance_cost and detail_part_price unless Jejuro confirms whether cost already includes parts.
9895,2029,장기 뉴5,CITY,0,,,,,0,0,,,,unavailable,observed_aggregate,Do not add maintenance_cost and detail_part_price unless Jejuro confirms whether cost already includes parts.
9896,2029,장기 뉴5,CITY,0,,,,,0,0,,,,unavailable,observed_aggregate,Do not add maintenance_cost and detail_part_price unless Jejuro confirms whether cost already includes parts.
9897,2025,17/18 쏘나타뉴라이즈[휘],CITY,0,,,,,0,0,,,,unavailable,observed_aggregate,Do not add maintenance_cost and detail_part_price unless Jejuro confirms whether cost already includes parts.
9898,1867,19년 베뉴(휘),SUV,0,,,,,0,0,,,,unavailable,observed_aggregate,Do not add maintenance_cost and detail_part_price unless Jejuro confirms whether cost already includes parts.
9899,1990,2020 뉴SM3 ZE RE(최고급형),CITY,0,,,,,0,0,,,,unavailable,observed_aggregate,Do not add maintenance_cost and detail_part_price unless Jejuro confirms whether cost already includes parts.
9900,2048,2020 BMW 430 i컨버터블(휘),CITY,0,,,,,0,0,,,,unavailable,observed_aggregate,Do not add maintenance_cost and detail_part_price unless Jejuro confirms whether cost already includes parts.
9901,2048,2020 BMW 430 i컨버터블(휘),CITY,0,,,,,0,0,,,,unavailable,observed_aggregate,Do not add maintenance_cost and detail_part_price unless Jejuro confirms whether cost already includes parts.
9902,2048,2020 BMW 430 i컨버터블(휘),CITY,0,,,,,0,0,,,,unavailable,observed_aggregate,Do not add maintenance_cost and detail_part_price unless Jejuro confirms whether cost already includes parts.
9903,2048,2020 BMW 430 i컨버터블(휘),CITY,0,,,,,0,0,,,,unavailable,observed_aggregate,Do not add maintenance_cost and detail_part_price unless Jejuro confirms whether cost already includes parts.
9904,1843,16/18년 올뉴카니발9인(경유),RV,0,,,,,0,0,,,,unavailable,observed_aggregate,Do not add maintenance_cost and detail_part_price unless Jejuro confirms whether cost already includes parts.
9905,1844,16/18년 올뉴그랜드카니발11인(경유),RV,0,,,,,0,0,,,,unavailable,observed_aggregate,Do not add maintenance_cost and detail_part_price unless Jejuro confirms whether cost already includes parts.
9906,1843,16/18년 올뉴카니발9인(경유),RV,0,,,,,0,0,,,,unavailable,observed_aggregate,Do not add maintenance_cost and detail_part_price unless Jejuro confirms whether cost already includes parts.
9907,1851,19년 엑센트(휘),URBAN,0,,,,,0,0,,,,unavailable,observed_aggregate,Do not add maintenance_cost and detail_part_price unless Jejuro confirms whether cost already includes parts.
9908,1851,19년 엑센트(휘),URBAN,0,,,,,0,0,,,,unavailable,observed_aggregate,Do not add maintenance_cost and detail_part_price unless Jejuro confirms whether cost already includes parts.
9909,1843,16/18년 올뉴카니발9인(경유),RV,0,,,,,0,0,,,,unavailable,observed_aggregate,Do not add maintenance_cost and detail_part_price unless Jejuro confirms whether cost already includes parts.
9910,1844,16/18년 올뉴그랜드카니발11인(경유),RV,0,,,,,0,0,,,,unavailable,observed_aggregate,Do not add maintenance_cost and detail_part_price unless Jejuro confirms whether cost already includes parts.
9911,1848,18년 코나(휘),SUV,0,,,,,0,0,,,,unavailable,observed_aggregate,Do not add maintenance_cost and detail_part_price unless Jejuro confirms whether cost already includes parts.
9912,1851,19년 엑센트(휘),URBAN,0,,,,,0,0,,,,unavailable,observed_aggregate,Do not add maintenance_cost and detail_part_price unless Jejuro confirms whether cost already includes parts.
9913,2029,장기 뉴5,CITY,0,,,,,0,0,,,,unavailable,observed_aggregate,Do not add maintenance_cost and detail_part_price unless Jejuro confirms whether cost already includes parts.
9914,1851,19년 엑센트(휘),URBAN,0,,,,,0,0,,,,unavailable,observed_aggregate,Do not add maintenance_cost and detail_part_price unless Jejuro confirms whether cost already includes parts.
9915,2022,16년 올뉴K5[LPG],CITY,0,,,,,0,0,,,,unavailable,observed_aggregate,Do not add maintenance_cost and detail_part_price unless Jejuro confirms whether cost already includes parts.
9916,2022,16년 올뉴K5[LPG],CITY,0,,,,,0,0,,,,unavailable,observed_aggregate,Do not add maintenance_cost and detail_part_price unless Jejuro confirms whether cost already includes parts.
9917,1979,17~19년 그랜져IG[LPG],CITY,0,,,,,0,0,,,,unavailable,observed_aggregate,Do not add maintenance_cost and detail_part_price unless Jejuro confirms whether cost already includes parts.
9918,1851,19년 엑센트(휘),URBAN,0,,,,,0,0,,,,unavailable,observed_aggregate,Do not add maintenance_cost and detail_part_price unless Jejuro confirms whether cost already includes parts.
9919,2022,16년 올뉴K5[LPG],CITY,0,,,,,0,0,,,,unavailable,observed_aggregate,Do not add maintenance_cost and detail_part_price unless Jejuro confirms whether cost already includes parts.
9920,1979,17~19년 그랜져IG[LPG],CITY,0,,,,,0,0,,,,unavailable,observed_aggregate,Do not add maintenance_cost and detail_part_price unless Jejuro confirms whether cost already includes parts.
9921,1848,18년 코나(휘),SUV,0,,,,,0,0,,,,unavailable,observed_aggregate,Do not add maintenance_cost and detail_part_price unless Jejuro confirms whether cost already includes parts.
9922,1979,17~19년 그랜져IG[LPG],CITY,0,,,,,0,0,,,,unavailable,observed_aggregate,Do not add maintenance_cost and detail_part_price unless Jejuro confirms whether cost already includes parts.
9923,2022,16년 올뉴K5[LPG],CITY,0,,,,,0,0,,,,unavailable,observed_aggregate,Do not add maintenance_cost and detail_part_price unless Jejuro confirms whether cost already includes parts.
9924,1848,18년 코나(휘),SUV,0,,,,,0,0,,,,unavailable,observed_aggregate,Do not add maintenance_cost and detail_part_price unless Jejuro confirms whether cost already includes parts.
9925,1848,18년 코나(휘),SUV,0,,,,,0,0,,,,unavailable,observed_aggregate,Do not add maintenance_cost and detail_part_price unless Jejuro confirms whether cost already includes parts.
9926,2043,16년 올뉴K7[휘],CITY,0,,,,,0,0,,,,unavailable,observed_aggregate,Do not add maintenance_cost and detail_part_price unless Jejuro confirms whether cost already includes parts.
9927,1990,2020 뉴SM3 ZE RE(최고급형),CITY,0,,,,,0,0,,,,unavailable,observed_aggregate,Do not add maintenance_cost and detail_part_price unless Jejuro confirms whether cost already includes parts.
9928,1990,2020 뉴SM3 ZE RE(최고급형),CITY,0,,,,,0,0,,,,unavailable,observed_aggregate,Do not add maintenance_cost and detail_part_price unless Jejuro confirms whether cost already includes parts.
9929,2043,16년 올뉴K7[휘],CITY,0,,,,,0,0,,,,unavailable,observed_aggregate,Do not add maintenance_cost and detail_part_price unless Jejuro confirms whether cost already includes parts.
9930,1990,2020 뉴SM3 ZE RE(최고급형),CITY,0,,,,,0,0,,,,unavailable,observed_aggregate,Do not add maintenance_cost and detail_part_price unless Jejuro confirms whether cost already includes parts.
9931,1990,2020 뉴SM3 ZE RE(최고급형),CITY,0,,,,,0,0,,,,unavailable,observed_aggregate,Do not add maintenance_cost and detail_part_price unless Jejuro confirms whether cost already includes parts.
9932,1990,2020 뉴SM3 ZE RE(최고급형),CITY,0,,,,,0,0,,,,unavailable,observed_aggregate,Do not add maintenance_cost and detail_part_price unless Jejuro confirms whether cost already includes parts.
9933,1843,16/18년 올뉴카니발9인(경유),RV,0,,,,,0,0,,,,unavailable,observed_aggregate,Do not add maintenance_cost and detail_part_price unless Jejuro confirms whether cost already includes parts.
9934,1843,16/18년 올뉴카니발9인(경유),RV,0,,,,,0,0,,,,unavailable,observed_aggregate,Do not add maintenance_cost and detail_part_price unless Jejuro confirms whether cost already includes parts.
9935,2043,16년 올뉴K7[휘],CITY,0,,,,,0,0,,,,unavailable,observed_aggregate,Do not add maintenance_cost and detail_part_price unless Jejuro confirms whether cost already includes parts.
9936,1851,19년 엑센트(휘),URBAN,0,,,,,0,0,,,,unavailable,observed_aggregate,Do not add maintenance_cost and detail_part_price unless Jejuro confirms whether cost already includes parts.
9937,1843,16/18년 올뉴카니발9인(경유),RV,0,,,,,0,0,,,,unavailable,observed_aggregate,Do not add maintenance_cost and detail_part_price unless Jejuro confirms whether cost already includes parts.
9938,1907,22년 캐스퍼(휘),URBAN,0,,,,,0,0,,,,unavailable,observed_aggregate,Do not add maintenance_cost and detail_part_price unless Jejuro confirms whether cost already includes parts.
9939,2022,16년 올뉴K5[LPG],CITY,0,,,,,0,0,,,,unavailable,observed_aggregate,Do not add maintenance_cost and detail_part_price unless Jejuro confirms whether cost already includes parts.
9940,2022,16년 올뉴K5[LPG],CITY,0,,,,,0,0,,,,unavailable,observed_aggregate,Do not add maintenance_cost and detail_part_price unless Jejuro confirms whether cost already includes parts.
9941,2022,16년 올뉴K5[LPG],CITY,0,,,,,0,0,,,,unavailable,observed_aggregate,Do not add maintenance_cost and detail_part_price unless Jejuro confirms whether cost already includes parts.
9942,2022,16년 올뉴K5[LPG],CITY,0,,,,,0,0,,,,unavailable,observed_aggregate,Do not add maintenance_cost and detail_part_price unless Jejuro confirms whether cost already includes parts.
9943,1912,22년 스포티지 하이브리드(휘),SUV,0,,,,,0,0,,,,unavailable,observed_aggregate,Do not add maintenance_cost and detail_part_price unless Jejuro confirms whether cost already includes parts.
9944,2047,2018년 뉴모닝[휘],CITY,0,,,,,0,0,,,,unavailable,observed_aggregate,Do not add maintenance_cost and detail_part_price unless Jejuro confirms whether cost already includes parts.
9945,2022,16년 올뉴K5[LPG],CITY,0,,,,,0,0,,,,unavailable,observed_aggregate,Do not add maintenance_cost and detail_part_price unless Jejuro confirms whether cost already includes parts.
9946,2022,16년 올뉴K5[LPG],CITY,0,,,,,0,0,,,,unavailable,observed_aggregate,Do not add maintenance_cost and detail_part_price unless Jejuro confirms whether cost already includes parts.
9947,2047,2018년 뉴모닝[휘],CITY,0,,,,,0,0,,,,unavailable,observed_aggregate,Do not add maintenance_cost and detail_part_price unless Jejuro confirms whether cost already includes parts.
9948,2047,2018년 뉴모닝[휘],CITY,0,,,,,0,0,,,,unavailable,observed_aggregate,Do not add maintenance_cost and detail_part_price unless Jejuro confirms whether cost already includes parts.
9949,2022,16년 올뉴K5[LPG],CITY,0,,,,,0,0,,,,unavailable,observed_aggregate,Do not add maintenance_cost and detail_part_price unless Jejuro confirms whether cost already includes parts.
9950,2038,LF소나타[LPG],CITY,0,,,,,0,0,,,,unavailable,observed_aggregate,Do not add maintenance_cost and detail_part_price unless Jejuro confirms whether cost already includes parts.
9951,2022,16년 올뉴K5[LPG],CITY,0,,,,,0,0,,,,unavailable,observed_aggregate,Do not add maintenance_cost and detail_part_price unless Jejuro confirms whether cost already includes parts.
9952,2038,LF소나타[LPG],CITY,0,,,,,0,0,,,,unavailable,observed_aggregate,Do not add maintenance_cost and detail_part_price unless Jejuro confirms whether cost already includes parts.
9953,2039,그랜드카니발11인[경유],CITY,0,,,,,0,0,,,,unavailable,observed_aggregate,Do not add maintenance_cost and detail_part_price unless Jejuro confirms whether cost already includes parts.
9954,2038,LF소나타[LPG],CITY,0,,,,,0,0,,,,unavailable,observed_aggregate,Do not add maintenance_cost and detail_part_price unless Jejuro confirms whether cost already includes parts.
9955,2039,그랜드카니발11인[경유],CITY,0,,,,,0,0,,,,unavailable,observed_aggregate,Do not add maintenance_cost and detail_part_price unless Jejuro confirms whether cost already includes parts.
9956,2022,16년 올뉴K5[LPG],CITY,0,,,,,0,0,,,,unavailable,observed_aggregate,Do not add maintenance_cost and detail_part_price unless Jejuro confirms whether cost already includes parts.
9957,1844,16/18년 올뉴그랜드카니발11인(경유),RV,0,,,,,0,0,,,,unavailable,observed_aggregate,Do not add maintenance_cost and detail_part_price unless Jejuro confirms whether cost already includes parts.
9958,2022,16년 올뉴K5[LPG],CITY,0,,,,,0,0,,,,unavailable,observed_aggregate,Do not add maintenance_cost and detail_part_price unless Jejuro confirms whether cost already includes parts.
9959,2047,2018년 뉴모닝[휘],CITY,0,,,,,0,0,,,,unavailable,observed_aggregate,Do not add maintenance_cost and detail_part_price unless Jejuro confirms whether cost already includes parts.
9960,2047,2018년 뉴모닝[휘],CITY,0,,,,,0,0,,,,unavailable,observed_aggregate,Do not add maintenance_cost and detail_part_price unless Jejuro confirms whether cost already includes parts.
9961,2039,그랜드카니발11인[경유],CITY,0,,,,,0,0,,,,unavailable,observed_aggregate,Do not add maintenance_cost and detail_part_price unless Jejuro confirms whether cost already includes parts.
9962,2038,LF소나타[LPG],CITY,0,,,,,0,0,,,,unavailable,observed_aggregate,Do not add maintenance_cost and detail_part_price unless Jejuro confirms whether cost already includes parts.
9963,2022,16년 올뉴K5[LPG],CITY,0,,,,,0,0,,,,unavailable,observed_aggregate,Do not add maintenance_cost and detail_part_price unless Jejuro confirms whether cost already includes parts.
9964,2022,16년 올뉴K5[LPG],CITY,0,,,,,0,0,,,,unavailable,observed_aggregate,Do not add maintenance_cost and detail_part_price unless Jejuro confirms whether cost already includes parts.
9965,1844,16/18년 올뉴그랜드카니발11인(경유),RV,0,,,,,0,0,,,,unavailable,observed_aggregate,Do not add maintenance_cost and detail_part_price unless Jejuro confirms whether cost already includes parts.
9966,2046,2016 올뉴모닝[휘],CITY,0,,,,,0,0,,,,unavailable,observed_aggregate,Do not add maintenance_cost and detail_part_price unless Jejuro confirms whether cost already includes parts.
9967,2046,2016 올뉴모닝[휘],CITY,0,,,,,0,0,,,,unavailable,observed_aggregate,Do not add maintenance_cost and detail_part_price unless Jejuro confirms whether cost already includes parts.
9968,2046,2016 올뉴모닝[휘],CITY,0,,,,,0,0,,,,unavailable,observed_aggregate,Do not add maintenance_cost and detail_part_price unless Jejuro confirms whether cost already includes parts.
9969,2046,2016 올뉴모닝[휘],CITY,0,,,,,0,0,,,,unavailable,observed_aggregate,Do not add maintenance_cost and detail_part_price unless Jejuro confirms whether cost already includes parts.
9970,2046,2016 올뉴모닝[휘],CITY,0,,,,,0,0,,,,unavailable,observed_aggregate,Do not add maintenance_cost and detail_part_price unless Jejuro confirms whether cost already includes parts.
9971,2039,그랜드카니발11인[경유],CITY,0,,,,,0,0,,,,unavailable,observed_aggregate,Do not add maintenance_cost and detail_part_price unless Jejuro confirms whether cost already includes parts.
9972,2044,더넥스트스파크[휘],CITY,0,,,,,0,0,,,,unavailable,observed_aggregate,Do not add maintenance_cost and detail_part_price unless Jejuro confirms whether cost already includes parts.
9973,2029,장기 뉴5,CITY,0,,,,,0,0,,,,unavailable,observed_aggregate,Do not add maintenance_cost and detail_part_price unless Jejuro confirms whether cost already includes parts.
9974,2044,더넥스트스파크[휘],CITY,0,,,,,0,0,,,,unavailable,observed_aggregate,Do not add maintenance_cost and detail_part_price unless Jejuro confirms whether cost already includes parts.
9975,2044,더넥스트스파크[휘],CITY,0,,,,,0,0,,,,unavailable,observed_aggregate,Do not add maintenance_cost and detail_part_price unless Jejuro confirms whether cost already includes parts.
9976,1908,22년 BMW 미니 컨버터블(휘),IMPORTED,0,,,,,0,0,,,,unavailable,observed_aggregate,Do not add maintenance_cost and detail_part_price unless Jejuro confirms whether cost already includes parts.
9977,2000,22년 아반떼(휘),CITY,0,,,,,0,0,,,,unavailable,observed_aggregate,Do not add maintenance_cost and detail_part_price unless Jejuro confirms whether cost already includes parts.
9978,1913,22년 쏘렌토 하이브리드(7인/휘),SUV,0,,,,,0,0,,,,unavailable,observed_aggregate,Do not add maintenance_cost and detail_part_price unless Jejuro confirms whether cost already includes parts.
9979,1914,22년 니로 하이브리드(휘),SUV,0,,,,,0,0,,,,unavailable,observed_aggregate,Do not add maintenance_cost and detail_part_price unless Jejuro confirms whether cost already includes parts.
9980,1886,21년 벤츠G63 AMG 지바겐(휘),SUPERCAR,0,,,,,0,0,,,,unavailable,observed_aggregate,Do not add maintenance_cost and detail_part_price unless Jejuro confirms whether cost already includes parts.
9981,2027,2021 아우디A6(휘발유),CITY,0,,,,,0,0,,,,unavailable,observed_aggregate,Do not add maintenance_cost and detail_part_price unless Jejuro confirms whether cost already includes parts.
9982,1906,22년 k3(휘),COMPACT,0,,,,,0,0,,,,unavailable,observed_aggregate,Do not add maintenance_cost and detail_part_price unless Jejuro confirms whether cost already includes parts.
9983,1906,22년 k3(휘),COMPACT,0,,,,,0,0,,,,unavailable,observed_aggregate,Do not add maintenance_cost and detail_part_price unless Jejuro confirms whether cost already includes parts.
9984,1910,22년 스포티지(휘),SUV,0,,,,,0,0,,,,unavailable,observed_aggregate,Do not add maintenance_cost and detail_part_price unless Jejuro confirms whether cost already includes parts.
9985,2035,장기AD,CITY,0,,,,,0,0,,,,unavailable,observed_aggregate,Do not add maintenance_cost and detail_part_price unless Jejuro confirms whether cost already includes parts.
9986,2035,장기AD,CITY,0,,,,,0,0,,,,unavailable,observed_aggregate,Do not add maintenance_cost and detail_part_price unless Jejuro confirms whether cost already includes parts.
9987,2049,장기 2018 모닝,CITY,0,,,,,0,0,,,,unavailable,observed_aggregate,Do not add maintenance_cost and detail_part_price unless Jejuro confirms whether cost already includes parts.
9988,2029,장기 뉴5,CITY,0,,,,,0,0,,,,unavailable,observed_aggregate,Do not add maintenance_cost and detail_part_price unless Jejuro confirms whether cost already includes parts.
9989,2035,장기AD,CITY,0,,,,,0,0,,,,unavailable,observed_aggregate,Do not add maintenance_cost and detail_part_price unless Jejuro confirms whether cost already includes parts.
9990,2049,장기 2018 모닝,CITY,0,,,,,0,0,,,,unavailable,observed_aggregate,Do not add maintenance_cost and detail_part_price unless Jejuro confirms whether cost already includes parts.
9991,1885,21년 GV70(5인/휘),SUV,0,,,,,0,0,,,,unavailable,observed_aggregate,Do not add maintenance_cost and detail_part_price unless Jejuro confirms whether cost already includes parts.
9992,1879,20년 코나(전기),EV,0,,,,,0,0,,,,unavailable,observed_aggregate,Do not add maintenance_cost and detail_part_price unless Jejuro confirms whether cost already includes parts.
9993,2040,아반떼AD[휘],CITY,0,,,,,0,0,,,,unavailable,observed_aggregate,Do not add maintenance_cost and detail_part_price unless Jejuro confirms whether cost already includes parts.
9994,2040,아반떼AD[휘],CITY,0,,,,,0,0,,,,unavailable,observed_aggregate,Do not add maintenance_cost and detail_part_price unless Jejuro confirms whether cost already includes parts.
9995,2041,티볼리[휘],CITY,0,,,,,0,0,,,,unavailable,observed_aggregate,Do not add maintenance_cost and detail_part_price unless Jejuro confirms whether cost already includes parts.
9996,2040,아반떼AD[휘],CITY,0,,,,,0,0,,,,unavailable,observed_aggregate,Do not add maintenance_cost and detail_part_price unless Jejuro confirms whether cost already includes parts.
9997,2040,아반떼AD[휘],CITY,0,,,,,0,0,,,,unavailable,observed_aggregate,Do not add maintenance_cost and detail_part_price unless Jejuro confirms whether cost already includes parts.
9998,2022,16년 올뉴K5[LPG],CITY,0,,,,,0,0,,,,unavailable,observed_aggregate,Do not add maintenance_cost and detail_part_price unless Jejuro confirms whether cost already includes parts.
9999,2038,LF소나타[LPG],CITY,0,,,,,0,0,,,,unavailable,observed_aggregate,Do not add maintenance_cost and detail_part_price unless Jejuro confirms whether cost already includes parts.
10000,2040,아반떼AD[휘],CITY,0,,,,,0,0,,,,unavailable,observed_aggregate,Do not add maintenance_cost and detail_part_price unless Jejuro confirms whether cost already includes parts.
10001,2042,올뉴말리부[휘],CITY,0,,,,,0,0,,,,unavailable,observed_aggregate,Do not add maintenance_cost and detail_part_price unless Jejuro confirms whether cost already includes parts.
10002,2040,아반떼AD[휘],CITY,0,,,,,0,0,,,,unavailable,observed_aggregate,Do not add maintenance_cost and detail_part_price unless Jejuro confirms whether cost already includes parts.
10003,2040,아반떼AD[휘],CITY,0,,,,,0,0,,,,unavailable,observed_aggregate,Do not add maintenance_cost and detail_part_price unless Jejuro confirms whether cost already includes parts.
10004,2041,티볼리[휘],CITY,0,,,,,0,0,,,,unavailable,observed_aggregate,Do not add maintenance_cost and detail_part_price unless Jejuro confirms whether cost already includes parts.
10005,2040,아반떼AD[휘],CITY,0,,,,,0,0,,,,unavailable,observed_aggregate,Do not add maintenance_cost and detail_part_price unless Jejuro confirms whether cost already includes parts.
10006,2022,16년 올뉴K5[LPG],CITY,0,,,,,0,0,,,,unavailable,observed_aggregate,Do not add maintenance_cost and detail_part_price unless Jejuro confirms whether cost already includes parts.
10007,2040,아반떼AD[휘],CITY,0,,,,,0,0,,,,unavailable,observed_aggregate,Do not add maintenance_cost and detail_part_price unless Jejuro confirms whether cost already includes parts.
10008,2040,아반떼AD[휘],CITY,0,,,,,0,0,,,,unavailable,observed_aggregate,Do not add maintenance_cost and detail_part_price unless Jejuro confirms whether cost already includes parts.
10009,2041,티볼리[휘],CITY,0,,,,,0,0,,,,unavailable,observed_aggregate,Do not add maintenance_cost and detail_part_price unless Jejuro confirms whether cost already includes parts.
10010,2040,아반떼AD[휘],CITY,0,,,,,0,0,,,,unavailable,observed_aggregate,Do not add maintenance_cost and detail_part_price unless Jejuro confirms whether cost already includes parts.
10011,2045,17/18 i30[휘],CITY,0,,,,,0,0,,,,unavailable,observed_aggregate,Do not add maintenance_cost and detail_part_price unless Jejuro confirms whether cost already includes parts.
10012,2040,아반떼AD[휘],CITY,0,,,,,0,0,,,,unavailable,observed_aggregate,Do not add maintenance_cost and detail_part_price unless Jejuro confirms whether cost already includes parts.
10013,2040,아반떼AD[휘],CITY,0,,,,,0,0,,,,unavailable,observed_aggregate,Do not add maintenance_cost and detail_part_price unless Jejuro confirms whether cost already includes parts.
10014,2045,17/18 i30[휘],CITY,0,,,,,0,0,,,,unavailable,observed_aggregate,Do not add maintenance_cost and detail_part_price unless Jejuro confirms whether cost already includes parts.
10015,2045,17/18 i30[휘],CITY,0,,,,,0,0,,,,unavailable,observed_aggregate,Do not add maintenance_cost and detail_part_price unless Jejuro confirms whether cost already includes parts.
10016,2040,아반떼AD[휘],CITY,0,,,,,0,0,,,,unavailable,observed_aggregate,Do not add maintenance_cost and detail_part_price unless Jejuro confirms whether cost already includes parts.
10017,2040,아반떼AD[휘],CITY,0,,,,,0,0,,,,unavailable,observed_aggregate,Do not add maintenance_cost and detail_part_price unless Jejuro confirms whether cost already includes parts.
10018,2040,아반떼AD[휘],CITY,0,,,,,0,0,,,,unavailable,observed_aggregate,Do not add maintenance_cost and detail_part_price unless Jejuro confirms whether cost already includes parts.
10019,2045,17/18 i30[휘],CITY,0,,,,,0,0,,,,unavailable,observed_aggregate,Do not add maintenance_cost and detail_part_price unless Jejuro confirms whether cost already includes parts.
10020,2045,17/18 i30[휘],CITY,0,,,,,0,0,,,,unavailable,observed_aggregate,Do not add maintenance_cost and detail_part_price unless Jejuro confirms whether cost already includes parts.
10021,1978,17년 올뉴투싼[경유],CITY,0,,,,,0,0,,,,unavailable,observed_aggregate,Do not add maintenance_cost and detail_part_price unless Jejuro confirms whether cost already includes parts.
10022,2065,"2021 제네시스 GV80 AWD (7인승, 휘발유)",CITY,0,,,,,0,0,,,,unavailable,observed_aggregate,Do not add maintenance_cost and detail_part_price unless Jejuro confirms whether cost already includes parts.
10023,2065,"2021 제네시스 GV80 AWD (7인승, 휘발유)",CITY,0,,,,,0,0,,,,unavailable,observed_aggregate,Do not add maintenance_cost and detail_part_price unless Jejuro confirms whether cost already includes parts.
10024,2064,2020 더 뉴K9(AWD),CITY,0,,,,,0,0,,,,unavailable,observed_aggregate,Do not add maintenance_cost and detail_part_price unless Jejuro confirms whether cost already includes parts.
10025,2027,2021 아우디A6(휘발유),CITY,0,,,,,0,0,,,,unavailable,observed_aggregate,Do not add maintenance_cost and detail_part_price unless Jejuro confirms whether cost already includes parts.
10026,1879,20년 코나(전기),EV,0,,,,,0,0,,,,unavailable,observed_aggregate,Do not add maintenance_cost and detail_part_price unless Jejuro confirms whether cost already includes parts.
10027,1879,20년 코나(전기),EV,0,,,,,0,0,,,,unavailable,observed_aggregate,Do not add maintenance_cost and detail_part_price unless Jejuro confirms whether cost already includes parts.
10028,1879,20년 코나(전기),EV,0,,,,,0,0,,,,unavailable,observed_aggregate,Do not add maintenance_cost and detail_part_price unless Jejuro confirms whether cost already includes parts.
10029,1876,20년 올뉴k3(휘),COMPACT,0,,,,,0,0,,,,unavailable,observed_aggregate,Do not add maintenance_cost and detail_part_price unless Jejuro confirms whether cost already includes parts.
10030,1896,21년 K3(휘),COMPACT,0,,,,,0,0,,,,unavailable,observed_aggregate,Do not add maintenance_cost and detail_part_price unless Jejuro confirms whether cost already includes parts.
10031,1862,19/20년 머스탱 컨버터블(휘),IMPORTED,0,,,,,0,0,,,,unavailable,observed_aggregate,Do not add maintenance_cost and detail_part_price unless Jejuro confirms whether cost already includes parts.
10032,2067,2021 제네시스 G80 4륜(휘),CITY,0,,,,,0,0,,,,unavailable,observed_aggregate,Do not add maintenance_cost and detail_part_price unless Jejuro confirms whether cost already includes parts.
10033,2067,2021 제네시스 G80 4륜(휘),CITY,0,,,,,0,0,,,,unavailable,observed_aggregate,Do not add maintenance_cost and detail_part_price unless Jejuro confirms whether cost already includes parts.
10034,1901,21/22년 BMW 420i 컨버터블(휘),IMPORTED,0,,,,,0,0,,,,unavailable,observed_aggregate,Do not add maintenance_cost and detail_part_price unless Jejuro confirms whether cost already includes parts.
10035,2069,2021 4세대 카니발 6인승(경유),CITY,0,,,,,0,0,,,,unavailable,observed_aggregate,Do not add maintenance_cost and detail_part_price unless Jejuro confirms whether cost already includes parts.
10036,2069,2021 4세대 카니발 6인승(경유),CITY,0,,,,,0,0,,,,unavailable,observed_aggregate,Do not add maintenance_cost and detail_part_price unless Jejuro confirms whether cost already includes parts.
10037,2069,2021 4세대 카니발 6인승(경유),CITY,0,,,,,0,0,,,,unavailable,observed_aggregate,Do not add maintenance_cost and detail_part_price unless Jejuro confirms whether cost already includes parts.
10038,2069,2021 4세대 카니발 6인승(경유),CITY,0,,,,,0,0,,,,unavailable,observed_aggregate,Do not add maintenance_cost and detail_part_price unless Jejuro confirms whether cost already includes parts.
10039,2069,2021 4세대 카니발 6인승(경유),CITY,0,,,,,0,0,,,,unavailable,observed_aggregate,Do not add maintenance_cost and detail_part_price unless Jejuro confirms whether cost already includes parts.
10040,2030,2021 포르쉐 파나메라(휘),CITY,0,,,,,0,0,,,,unavailable,observed_aggregate,Do not add maintenance_cost and detail_part_price unless Jejuro confirms whether cost already includes parts.
10041,2040,아반떼AD[휘],CITY,0,,,,,0,0,,,,unavailable,observed_aggregate,Do not add maintenance_cost and detail_part_price unless Jejuro confirms whether cost already includes parts.
10042,1872,20년 베리뉴티볼리(경유),SUV,0,,,,,0,0,,,,unavailable,observed_aggregate,Do not add maintenance_cost and detail_part_price unless Jejuro confirms whether cost already includes parts.
10043,1881,21년 4세대카니발 9인승(경유),RV,0,,,,,0,0,,,,unavailable,observed_aggregate,Do not add maintenance_cost and detail_part_price unless Jejuro confirms whether cost already includes parts.
10044,1881,21년 4세대카니발 9인승(경유),RV,0,,,,,0,0,,,,unavailable,observed_aggregate,Do not add maintenance_cost and detail_part_price unless Jejuro confirms whether cost already includes parts.
10045,1990,2020 뉴SM3 ZE RE(최고급형),CITY,0,,,,,0,0,,,,unavailable,observed_aggregate,Do not add maintenance_cost and detail_part_price unless Jejuro confirms whether cost already includes parts.
10046,2038,LF소나타[LPG],CITY,0,,,,,0,0,,,,unavailable,observed_aggregate,Do not add maintenance_cost and detail_part_price unless Jejuro confirms whether cost already includes parts.
10047,1869,20년 K5(휘),MIDSIZE,0,,,,,0,0,,,,unavailable,observed_aggregate,Do not add maintenance_cost and detail_part_price unless Jejuro confirms whether cost already includes parts.
10048,1874,20년 올뉴아반떼CN7(휘),COMPACT,0,,,,,0,0,,,,unavailable,observed_aggregate,Do not add maintenance_cost and detail_part_price unless Jejuro confirms whether cost already includes parts.
10049,1992,2020 베리뉴티볼리(휘발유),CITY,0,,,,,0,0,,,,unavailable,observed_aggregate,Do not add maintenance_cost and detail_part_price unless Jejuro confirms whether cost already includes parts.
10050,1872,20년 베리뉴티볼리(경유),SUV,0,,,,,0,0,,,,unavailable,observed_aggregate,Do not add maintenance_cost and detail_part_price unless Jejuro confirms whether cost already includes parts.
10051,1872,20년 베리뉴티볼리(경유),SUV,0,,,,,0,0,,,,unavailable,observed_aggregate,Do not add maintenance_cost and detail_part_price unless Jejuro confirms whether cost already includes parts.
10052,1868,20년 더 뉴 그랜저(휘),LUXURY,0,,,,,0,0,,,,unavailable,observed_aggregate,Do not add maintenance_cost and detail_part_price unless Jejuro confirms whether cost already includes parts.
10053,1845,20년 SM6(휘),MIDSIZE,0,,,,,0,0,,,,unavailable,observed_aggregate,Do not add maintenance_cost and detail_part_price unless Jejuro confirms whether cost already includes parts.
10054,1849,18/19년 그랜져IG(휘),LUXURY,0,,,,,0,0,,,,unavailable,observed_aggregate,Do not add maintenance_cost and detail_part_price unless Jejuro confirms whether cost already includes parts.
10055,1849,18/19년 그랜져IG(휘),LUXURY,0,,,,,0,0,,,,unavailable,observed_aggregate,Do not add maintenance_cost and detail_part_price unless Jejuro confirms whether cost already includes parts.
10056,1983,18/19 쏘나타뉴라이즈[LPG],CITY,0,,,,,0,0,,,,unavailable,observed_aggregate,Do not add maintenance_cost and detail_part_price unless Jejuro confirms whether cost already includes parts.
10057,1983,18/19 쏘나타뉴라이즈[LPG],CITY,0,,,,,0,0,,,,unavailable,observed_aggregate,Do not add maintenance_cost and detail_part_price unless Jejuro confirms whether cost already includes parts.
10058,2025,17/18 쏘나타뉴라이즈[휘],CITY,0,,,,,0,0,,,,unavailable,observed_aggregate,Do not add maintenance_cost and detail_part_price unless Jejuro confirms whether cost already includes parts.
10059,2025,17/18 쏘나타뉴라이즈[휘],CITY,0,,,,,0,0,,,,unavailable,observed_aggregate,Do not add maintenance_cost and detail_part_price unless Jejuro confirms whether cost already includes parts.
10060,2025,17/18 쏘나타뉴라이즈[휘],CITY,0,,,,,0,0,,,,unavailable,observed_aggregate,Do not add maintenance_cost and detail_part_price unless Jejuro confirms whether cost already includes parts.
10061,1982,2018 더뉴모하비7인(4WD)[경유],CITY,0,,,,,0,0,,,,unavailable,observed_aggregate,Do not add maintenance_cost and detail_part_price unless Jejuro confirms whether cost already includes parts.
10062,1982,2018 더뉴모하비7인(4WD)[경유],CITY,0,,,,,0,0,,,,unavailable,observed_aggregate,Do not add maintenance_cost and detail_part_price unless Jejuro confirms whether cost already includes parts.
10063,1981,17년 올뉴스포티지[경유],CITY,0,,,,,0,0,,,,unavailable,observed_aggregate,Do not add maintenance_cost and detail_part_price unless Jejuro confirms whether cost already includes parts.
10064,1981,17년 올뉴스포티지[경유],CITY,0,,,,,0,0,,,,unavailable,observed_aggregate,Do not add maintenance_cost and detail_part_price unless Jejuro confirms whether cost already includes parts.
10065,1981,17년 올뉴스포티지[경유],CITY,0,,,,,0,0,,,,unavailable,observed_aggregate,Do not add maintenance_cost and detail_part_price unless Jejuro confirms whether cost already includes parts.
10066,2047,2018년 뉴모닝[휘],CITY,0,,,,,0,0,,,,unavailable,observed_aggregate,Do not add maintenance_cost and detail_part_price unless Jejuro confirms whether cost already includes parts.
10067,1875,20년 벤츠 C클래스 카브리올레(휘),IMPORTED,0,,,,,0,0,,,,unavailable,observed_aggregate,Do not add maintenance_cost and detail_part_price unless Jejuro confirms whether cost already includes parts.
10068,1850,18년 아이오닉(전기),EV,0,,,,,0,0,,,,unavailable,observed_aggregate,Do not add maintenance_cost and detail_part_price unless Jejuro confirms whether cost already includes parts.
10069,1850,18년 아이오닉(전기),EV,0,,,,,0,0,,,,unavailable,observed_aggregate,Do not add maintenance_cost and detail_part_price unless Jejuro confirms whether cost already includes parts.
10070,1868,20년 더 뉴 그랜저(휘),LUXURY,0,,,,,0,0,,,,unavailable,observed_aggregate,Do not add maintenance_cost and detail_part_price unless Jejuro confirms whether cost already includes parts.
10071,1850,18년 아이오닉(전기),EV,0,,,,,0,0,,,,unavailable,observed_aggregate,Do not add maintenance_cost and detail_part_price unless Jejuro confirms whether cost already includes parts.
10072,1850,18년 아이오닉(전기),EV,0,,,,,0,0,,,,unavailable,observed_aggregate,Do not add maintenance_cost and detail_part_price unless Jejuro confirms whether cost already includes parts.
10073,1992,2020 베리뉴티볼리(휘발유),CITY,0,,,,,0,0,,,,unavailable,observed_aggregate,Do not add maintenance_cost and detail_part_price unless Jejuro confirms whether cost already includes parts.
10074,1850,18년 아이오닉(전기),EV,0,,,,,0,0,,,,unavailable,observed_aggregate,Do not add maintenance_cost and detail_part_price unless Jejuro confirms whether cost already includes parts.
10075,1850,18년 아이오닉(전기),EV,0,,,,,0,0,,,,unavailable,observed_aggregate,Do not add maintenance_cost and detail_part_price unless Jejuro confirms whether cost already includes parts.
10076,1992,2020 베리뉴티볼리(휘발유),CITY,0,,,,,0,0,,,,unavailable,observed_aggregate,Do not add maintenance_cost and detail_part_price unless Jejuro confirms whether cost already includes parts.
10077,1850,18년 아이오닉(전기),EV,0,,,,,0,0,,,,unavailable,observed_aggregate,Do not add maintenance_cost and detail_part_price unless Jejuro confirms whether cost already includes parts.
10078,1992,2020 베리뉴티볼리(휘발유),CITY,0,,,,,0,0,,,,unavailable,observed_aggregate,Do not add maintenance_cost and detail_part_price unless Jejuro confirms whether cost already includes parts.
10079,1850,18년 아이오닉(전기),EV,0,,,,,0,0,,,,unavailable,observed_aggregate,Do not add maintenance_cost and detail_part_price unless Jejuro confirms whether cost already includes parts.
10080,1992,2020 베리뉴티볼리(휘발유),CITY,0,,,,,0,0,,,,unavailable,observed_aggregate,Do not add maintenance_cost and detail_part_price unless Jejuro confirms whether cost already includes parts.
10081,1850,18년 아이오닉(전기),EV,0,,,,,0,0,,,,unavailable,observed_aggregate,Do not add maintenance_cost and detail_part_price unless Jejuro confirms whether cost already includes parts.
10082,1992,2020 베리뉴티볼리(휘발유),CITY,0,,,,,0,0,,,,unavailable,observed_aggregate,Do not add maintenance_cost and detail_part_price unless Jejuro confirms whether cost already includes parts.
10083,1850,18년 아이오닉(전기),EV,0,,,,,0,0,,,,unavailable,observed_aggregate,Do not add maintenance_cost and detail_part_price unless Jejuro confirms whether cost already includes parts.
10084,1850,18년 아이오닉(전기),EV,0,,,,,0,0,,,,unavailable,observed_aggregate,Do not add maintenance_cost and detail_part_price unless Jejuro confirms whether cost already includes parts.
10085,1850,18년 아이오닉(전기),EV,0,,,,,0,0,,,,unavailable,observed_aggregate,Do not add maintenance_cost and detail_part_price unless Jejuro confirms whether cost already includes parts.
10086,1868,20년 더 뉴 그랜저(휘),LUXURY,0,,,,,0,0,,,,unavailable,observed_aggregate,Do not add maintenance_cost and detail_part_price unless Jejuro confirms whether cost already includes parts.
10087,1850,18년 아이오닉(전기),EV,0,,,,,0,0,,,,unavailable,observed_aggregate,Do not add maintenance_cost and detail_part_price unless Jejuro confirms whether cost already includes parts.
10088,1850,18년 아이오닉(전기),EV,0,,,,,0,0,,,,unavailable,observed_aggregate,Do not add maintenance_cost and detail_part_price unless Jejuro confirms whether cost already includes parts.
10089,1869,20년 K5(휘),MIDSIZE,0,,,,,0,0,,,,unavailable,observed_aggregate,Do not add maintenance_cost and detail_part_price unless Jejuro confirms whether cost already includes parts.
10090,1850,18년 아이오닉(전기),EV,0,,,,,0,0,,,,unavailable,observed_aggregate,Do not add maintenance_cost and detail_part_price unless Jejuro confirms whether cost already includes parts.
10091,1850,18년 아이오닉(전기),EV,0,,,,,0,0,,,,unavailable,observed_aggregate,Do not add maintenance_cost and detail_part_price unless Jejuro confirms whether cost already includes parts.
10092,1850,18년 아이오닉(전기),EV,0,,,,,0,0,,,,unavailable,observed_aggregate,Do not add maintenance_cost and detail_part_price unless Jejuro confirms whether cost already includes parts.
10093,1869,20년 K5(휘),MIDSIZE,0,,,,,0,0,,,,unavailable,observed_aggregate,Do not add maintenance_cost and detail_part_price unless Jejuro confirms whether cost already includes parts.
10094,1850,18년 아이오닉(전기),EV,0,,,,,0,0,,,,unavailable,observed_aggregate,Do not add maintenance_cost and detail_part_price unless Jejuro confirms whether cost already includes parts.
10095,1850,18년 아이오닉(전기),EV,0,,,,,0,0,,,,unavailable,observed_aggregate,Do not add maintenance_cost and detail_part_price unless Jejuro confirms whether cost already includes parts.
10096,1869,20년 K5(휘),MIDSIZE,0,,,,,0,0,,,,unavailable,observed_aggregate,Do not add maintenance_cost and detail_part_price unless Jejuro confirms whether cost already includes parts.
10097,1850,18년 아이오닉(전기),EV,0,,,,,0,0,,,,unavailable,observed_aggregate,Do not add maintenance_cost and detail_part_price unless Jejuro confirms whether cost already includes parts.
10098,1850,18년 아이오닉(전기),EV,0,,,,,0,0,,,,unavailable,observed_aggregate,Do not add maintenance_cost and detail_part_price unless Jejuro confirms whether cost already includes parts.
10099,1850,18년 아이오닉(전기),EV,0,,,,,0,0,,,,unavailable,observed_aggregate,Do not add maintenance_cost and detail_part_price unless Jejuro confirms whether cost already includes parts.
10100,1874,20년 올뉴아반떼CN7(휘),COMPACT,0,,,,,0,0,,,,unavailable,observed_aggregate,Do not add maintenance_cost and detail_part_price unless Jejuro confirms whether cost already includes parts.
10101,1850,18년 아이오닉(전기),EV,0,,,,,0,0,,,,unavailable,observed_aggregate,Do not add maintenance_cost and detail_part_price unless Jejuro confirms whether cost already includes parts.
10102,1874,20년 올뉴아반떼CN7(휘),COMPACT,0,,,,,0,0,,,,unavailable,observed_aggregate,Do not add maintenance_cost and detail_part_price unless Jejuro confirms whether cost already includes parts.
10103,1850,18년 아이오닉(전기),EV,0,,,,,0,0,,,,unavailable,observed_aggregate,Do not add maintenance_cost and detail_part_price unless Jejuro confirms whether cost already includes parts.
10104,1874,20년 올뉴아반떼CN7(휘),COMPACT,0,,,,,0,0,,,,unavailable,observed_aggregate,Do not add maintenance_cost and detail_part_price unless Jejuro confirms whether cost already includes parts.
10105,1850,18년 아이오닉(전기),EV,0,,,,,0,0,,,,unavailable,observed_aggregate,Do not add maintenance_cost and detail_part_price unless Jejuro confirms whether cost already includes parts.
10106,1874,20년 올뉴아반떼CN7(휘),COMPACT,0,,,,,0,0,,,,unavailable,observed_aggregate,Do not add maintenance_cost and detail_part_price unless Jejuro confirms whether cost already includes parts.
10107,1850,18년 아이오닉(전기),EV,0,,,,,0,0,,,,unavailable,observed_aggregate,Do not add maintenance_cost and detail_part_price unless Jejuro confirms whether cost already includes parts.
10108,1850,18년 아이오닉(전기),EV,0,,,,,0,0,,,,unavailable,observed_aggregate,Do not add maintenance_cost and detail_part_price unless Jejuro confirms whether cost already includes parts.
10109,1874,20년 올뉴아반떼CN7(휘),COMPACT,0,,,,,0,0,,,,unavailable,observed_aggregate,Do not add maintenance_cost and detail_part_price unless Jejuro confirms whether cost already includes parts.
10110,1850,18년 아이오닉(전기),EV,0,,,,,0,0,,,,unavailable,observed_aggregate,Do not add maintenance_cost and detail_part_price unless Jejuro confirms whether cost already includes parts.
10111,1869,20년 K5(휘),MIDSIZE,0,,,,,0,0,,,,unavailable,observed_aggregate,Do not add maintenance_cost and detail_part_price unless Jejuro confirms whether cost already includes parts.
10112,1850,18년 아이오닉(전기),EV,0,,,,,0,0,,,,unavailable,observed_aggregate,Do not add maintenance_cost and detail_part_price unless Jejuro confirms whether cost already includes parts.
10113,1869,20년 K5(휘),MIDSIZE,0,,,,,0,0,,,,unavailable,observed_aggregate,Do not add maintenance_cost and detail_part_price unless Jejuro confirms whether cost already includes parts.
10114,1850,18년 아이오닉(전기),EV,0,,,,,0,0,,,,unavailable,observed_aggregate,Do not add maintenance_cost and detail_part_price unless Jejuro confirms whether cost already includes parts.
10115,1874,20년 올뉴아반떼CN7(휘),COMPACT,0,,,,,0,0,,,,unavailable,observed_aggregate,Do not add maintenance_cost and detail_part_price unless Jejuro confirms whether cost already includes parts.
10116,1874,20년 올뉴아반떼CN7(휘),COMPACT,0,,,,,0,0,,,,unavailable,observed_aggregate,Do not add maintenance_cost and detail_part_price unless Jejuro confirms whether cost already includes parts.
10117,1874,20년 올뉴아반떼CN7(휘),COMPACT,0,,,,,0,0,,,,unavailable,observed_aggregate,Do not add maintenance_cost and detail_part_price unless Jejuro confirms whether cost already includes parts.
10118,1874,20년 올뉴아반떼CN7(휘),COMPACT,0,,,,,0,0,,,,unavailable,observed_aggregate,Do not add maintenance_cost and detail_part_price unless Jejuro confirms whether cost already includes parts.
10119,1874,20년 올뉴아반떼CN7(휘),COMPACT,0,,,,,0,0,,,,unavailable,observed_aggregate,Do not add maintenance_cost and detail_part_price unless Jejuro confirms whether cost already includes parts.
10120,2080,제네시스EQ900[휘],CITY,0,,,,,0,0,,,,unavailable,observed_aggregate,Do not add maintenance_cost and detail_part_price unless Jejuro confirms whether cost already includes parts.
10121,2049,장기 2018 모닝,CITY,0,,,,,0,0,,,,unavailable,observed_aggregate,Do not add maintenance_cost and detail_part_price unless Jejuro confirms whether cost already includes parts.
10122,2047,2018년 뉴모닝[휘],CITY,0,,,,,0,0,,,,unavailable,observed_aggregate,Do not add maintenance_cost and detail_part_price unless Jejuro confirms whether cost already includes parts.
10123,2047,2018년 뉴모닝[휘],CITY,0,,,,,0,0,,,,unavailable,observed_aggregate,Do not add maintenance_cost and detail_part_price unless Jejuro confirms whether cost already includes parts.
10124,2047,2018년 뉴모닝[휘],CITY,0,,,,,0,0,,,,unavailable,observed_aggregate,Do not add maintenance_cost and detail_part_price unless Jejuro confirms whether cost already includes parts.
10125,2047,2018년 뉴모닝[휘],CITY,0,,,,,0,0,,,,unavailable,observed_aggregate,Do not add maintenance_cost and detail_part_price unless Jejuro confirms whether cost already includes parts.
10126,2047,2018년 뉴모닝[휘],CITY,0,,,,,0,0,,,,unavailable,observed_aggregate,Do not add maintenance_cost and detail_part_price unless Jejuro confirms whether cost already includes parts.
10127,2047,2018년 뉴모닝[휘],CITY,0,,,,,0,0,,,,unavailable,observed_aggregate,Do not add maintenance_cost and detail_part_price unless Jejuro confirms whether cost already includes parts.
10128,2047,2018년 뉴모닝[휘],CITY,0,,,,,0,0,,,,unavailable,observed_aggregate,Do not add maintenance_cost and detail_part_price unless Jejuro confirms whether cost already includes parts.
10129,2060,2018 스토닉[휘],CITY,0,,,,,0,0,,,,unavailable,observed_aggregate,Do not add maintenance_cost and detail_part_price unless Jejuro confirms whether cost already includes parts.
10130,2060,2018 스토닉[휘],CITY,0,,,,,0,0,,,,unavailable,observed_aggregate,Do not add maintenance_cost and detail_part_price unless Jejuro confirms whether cost already includes parts.
10131,1850,18년 아이오닉(전기),EV,0,,,,,0,0,,,,unavailable,observed_aggregate,Do not add maintenance_cost and detail_part_price unless Jejuro confirms whether cost already includes parts.
10132,1850,18년 아이오닉(전기),EV,0,,,,,0,0,,,,unavailable,observed_aggregate,Do not add maintenance_cost and detail_part_price unless Jejuro confirms whether cost already includes parts.
10133,1850,18년 아이오닉(전기),EV,0,,,,,0,0,,,,unavailable,observed_aggregate,Do not add maintenance_cost and detail_part_price unless Jejuro confirms whether cost already includes parts.
10134,1850,18년 아이오닉(전기),EV,0,,,,,0,0,,,,unavailable,observed_aggregate,Do not add maintenance_cost and detail_part_price unless Jejuro confirms whether cost already includes parts.
10135,1850,18년 아이오닉(전기),EV,0,,,,,0,0,,,,unavailable,observed_aggregate,Do not add maintenance_cost and detail_part_price unless Jejuro confirms whether cost already includes parts.
10136,1850,18년 아이오닉(전기),EV,0,,,,,0,0,,,,unavailable,observed_aggregate,Do not add maintenance_cost and detail_part_price unless Jejuro confirms whether cost already includes parts.
10137,1850,18년 아이오닉(전기),EV,0,,,,,0,0,,,,unavailable,observed_aggregate,Do not add maintenance_cost and detail_part_price unless Jejuro confirms whether cost already includes parts.
10138,1850,18년 아이오닉(전기),EV,0,,,,,0,0,,,,unavailable,observed_aggregate,Do not add maintenance_cost and detail_part_price unless Jejuro confirms whether cost already includes parts.
10139,1850,18년 아이오닉(전기),EV,0,,,,,0,0,,,,unavailable,observed_aggregate,Do not add maintenance_cost and detail_part_price unless Jejuro confirms whether cost already includes parts.
10140,1850,18년 아이오닉(전기),EV,0,,,,,0,0,,,,unavailable,observed_aggregate,Do not add maintenance_cost and detail_part_price unless Jejuro confirms whether cost already includes parts.
10141,1850,18년 아이오닉(전기),EV,0,,,,,0,0,,,,unavailable,observed_aggregate,Do not add maintenance_cost and detail_part_price unless Jejuro confirms whether cost already includes parts.
10142,1850,18년 아이오닉(전기),EV,0,,,,,0,0,,,,unavailable,observed_aggregate,Do not add maintenance_cost and detail_part_price unless Jejuro confirms whether cost already includes parts.
10143,2089,매각[아이오닉],CITY,0,,,,,0,0,,,,unavailable,observed_aggregate,Do not add maintenance_cost and detail_part_price unless Jejuro confirms whether cost already includes parts.
10144,1850,18년 아이오닉(전기),EV,0,,,,,0,0,,,,unavailable,observed_aggregate,Do not add maintenance_cost and detail_part_price unless Jejuro confirms whether cost already includes parts.
10145,1850,18년 아이오닉(전기),EV,0,,,,,0,0,,,,unavailable,observed_aggregate,Do not add maintenance_cost and detail_part_price unless Jejuro confirms whether cost already includes parts.
10146,1850,18년 아이오닉(전기),EV,0,,,,,0,0,,,,unavailable,observed_aggregate,Do not add maintenance_cost and detail_part_price unless Jejuro confirms whether cost already includes parts.
10147,1850,18년 아이오닉(전기),EV,0,,,,,0,0,,,,unavailable,observed_aggregate,Do not add maintenance_cost and detail_part_price unless Jejuro confirms whether cost already includes parts.
10148,1850,18년 아이오닉(전기),EV,0,,,,,0,0,,,,unavailable,observed_aggregate,Do not add maintenance_cost and detail_part_price unless Jejuro confirms whether cost already includes parts.
10149,1850,18년 아이오닉(전기),EV,0,,,,,0,0,,,,unavailable,observed_aggregate,Do not add maintenance_cost and detail_part_price unless Jejuro confirms whether cost already includes parts.
10150,1850,18년 아이오닉(전기),EV,0,,,,,0,0,,,,unavailable,observed_aggregate,Do not add maintenance_cost and detail_part_price unless Jejuro confirms whether cost already includes parts.
10151,2089,매각[아이오닉],CITY,0,,,,,0,0,,,,unavailable,observed_aggregate,Do not add maintenance_cost and detail_part_price unless Jejuro confirms whether cost already includes parts.
10152,1850,18년 아이오닉(전기),EV,0,,,,,0,0,,,,unavailable,observed_aggregate,Do not add maintenance_cost and detail_part_price unless Jejuro confirms whether cost already includes parts.
10153,1850,18년 아이오닉(전기),EV,0,,,,,0,0,,,,unavailable,observed_aggregate,Do not add maintenance_cost and detail_part_price unless Jejuro confirms whether cost already includes parts.
10154,1850,18년 아이오닉(전기),EV,0,,,,,0,0,,,,unavailable,observed_aggregate,Do not add maintenance_cost and detail_part_price unless Jejuro confirms whether cost already includes parts.
10155,1850,18년 아이오닉(전기),EV,0,,,,,0,0,,,,unavailable,observed_aggregate,Do not add maintenance_cost and detail_part_price unless Jejuro confirms whether cost already includes parts.
10156,1850,18년 아이오닉(전기),EV,0,,,,,0,0,,,,unavailable,observed_aggregate,Do not add maintenance_cost and detail_part_price unless Jejuro confirms whether cost already includes parts.
10157,1850,18년 아이오닉(전기),EV,0,,,,,0,0,,,,unavailable,observed_aggregate,Do not add maintenance_cost and detail_part_price unless Jejuro confirms whether cost already includes parts.
10158,1850,18년 아이오닉(전기),EV,0,,,,,0,0,,,,unavailable,observed_aggregate,Do not add maintenance_cost and detail_part_price unless Jejuro confirms whether cost already includes parts.
10159,1850,18년 아이오닉(전기),EV,0,,,,,0,0,,,,unavailable,observed_aggregate,Do not add maintenance_cost and detail_part_price unless Jejuro confirms whether cost already includes parts.
10160,1850,18년 아이오닉(전기),EV,0,,,,,0,0,,,,unavailable,observed_aggregate,Do not add maintenance_cost and detail_part_price unless Jejuro confirms whether cost already includes parts.
10161,1988,19년 뉴SM3 ZE[전기],CITY,0,,,,,0,0,,,,unavailable,observed_aggregate,Do not add maintenance_cost and detail_part_price unless Jejuro confirms whether cost already includes parts.
10162,1864,20년 쏘나타DN8(LPG),MIDSIZE,0,,,,,0,0,,,,unavailable,observed_aggregate,Do not add maintenance_cost and detail_part_price unless Jejuro confirms whether cost already includes parts.
10163,2026,2021 BMW 520i M스포츠(휘발유),CITY,0,,,,,0,0,,,,unavailable,observed_aggregate,Do not add maintenance_cost and detail_part_price unless Jejuro confirms whether cost already includes parts.
10164,2071,그랜져HG3.0[LPG],CITY,0,,,,,0,0,,,,unavailable,observed_aggregate,Do not add maintenance_cost and detail_part_price unless Jejuro confirms whether cost already includes parts.
10165,2071,그랜져HG3.0[LPG],CITY,0,,,,,0,0,,,,unavailable,observed_aggregate,Do not add maintenance_cost and detail_part_price unless Jejuro confirms whether cost already includes parts.
10166,2071,그랜져HG3.0[LPG],CITY,0,,,,,0,0,,,,unavailable,observed_aggregate,Do not add maintenance_cost and detail_part_price unless Jejuro confirms whether cost already includes parts.
10167,2038,LF소나타[LPG],CITY,0,,,,,0,0,,,,unavailable,observed_aggregate,Do not add maintenance_cost and detail_part_price unless Jejuro confirms whether cost already includes parts.
10168,2094,매각[LF소나타],CITY,0,,,,,0,0,,,,unavailable,observed_aggregate,Do not add maintenance_cost and detail_part_price unless Jejuro confirms whether cost already includes parts.
10169,2098,2019 뉴엑센트[휘],CITY,0,,,,,0,0,,,,unavailable,observed_aggregate,Do not add maintenance_cost and detail_part_price unless Jejuro confirms whether cost already includes parts.
10170,2038,LF소나타[LPG],CITY,0,,,,,0,0,,,,unavailable,observed_aggregate,Do not add maintenance_cost and detail_part_price unless Jejuro confirms whether cost already includes parts.
10171,2094,매각[LF소나타],CITY,0,,,,,0,0,,,,unavailable,observed_aggregate,Do not add maintenance_cost and detail_part_price unless Jejuro confirms whether cost already includes parts.
10172,2098,2019 뉴엑센트[휘],CITY,0,,,,,0,0,,,,unavailable,observed_aggregate,Do not add maintenance_cost and detail_part_price unless Jejuro confirms whether cost already includes parts.
10173,2038,LF소나타[LPG],CITY,0,,,,,0,0,,,,unavailable,observed_aggregate,Do not add maintenance_cost and detail_part_price unless Jejuro confirms whether cost already includes parts.
10174,2094,매각[LF소나타],CITY,0,,,,,0,0,,,,unavailable,observed_aggregate,Do not add maintenance_cost and detail_part_price unless Jejuro confirms whether cost already includes parts.
10175,2098,2019 뉴엑센트[휘],CITY,0,,,,,0,0,,,,unavailable,observed_aggregate,Do not add maintenance_cost and detail_part_price unless Jejuro confirms whether cost already includes parts.
10176,2038,LF소나타[LPG],CITY,0,,,,,0,0,,,,unavailable,observed_aggregate,Do not add maintenance_cost and detail_part_price unless Jejuro confirms whether cost already includes parts.
10177,2094,매각[LF소나타],CITY,0,,,,,0,0,,,,unavailable,observed_aggregate,Do not add maintenance_cost and detail_part_price unless Jejuro confirms whether cost already includes parts.
10178,2038,LF소나타[LPG],CITY,0,,,,,0,0,,,,unavailable,observed_aggregate,Do not add maintenance_cost and detail_part_price unless Jejuro confirms whether cost already includes parts.
10179,2094,매각[LF소나타],CITY,0,,,,,0,0,,,,unavailable,observed_aggregate,Do not add maintenance_cost and detail_part_price unless Jejuro confirms whether cost already includes parts.
10180,2038,LF소나타[LPG],CITY,0,,,,,0,0,,,,unavailable,observed_aggregate,Do not add maintenance_cost and detail_part_price unless Jejuro confirms whether cost already includes parts.
10181,2094,매각[LF소나타],CITY,0,,,,,0,0,,,,unavailable,observed_aggregate,Do not add maintenance_cost and detail_part_price unless Jejuro confirms whether cost already includes parts.
10182,2038,LF소나타[LPG],CITY,0,,,,,0,0,,,,unavailable,observed_aggregate,Do not add maintenance_cost and detail_part_price unless Jejuro confirms whether cost already includes parts.
10183,2094,매각[LF소나타],CITY,0,,,,,0,0,,,,unavailable,observed_aggregate,Do not add maintenance_cost and detail_part_price unless Jejuro confirms whether cost already includes parts.
10184,2038,LF소나타[LPG],CITY,0,,,,,0,0,,,,unavailable,observed_aggregate,Do not add maintenance_cost and detail_part_price unless Jejuro confirms whether cost already includes parts.
10185,2094,매각[LF소나타],CITY,0,,,,,0,0,,,,unavailable,observed_aggregate,Do not add maintenance_cost and detail_part_price unless Jejuro confirms whether cost already includes parts.
10186,2038,LF소나타[LPG],CITY,0,,,,,0,0,,,,unavailable,observed_aggregate,Do not add maintenance_cost and detail_part_price unless Jejuro confirms whether cost already includes parts.
10187,2094,매각[LF소나타],CITY,0,,,,,0,0,,,,unavailable,observed_aggregate,Do not add maintenance_cost and detail_part_price unless Jejuro confirms whether cost already includes parts.
10188,2038,LF소나타[LPG],CITY,0,,,,,0,0,,,,unavailable,observed_aggregate,Do not add maintenance_cost and detail_part_price unless Jejuro confirms whether cost already includes parts.
10189,2094,매각[LF소나타],CITY,0,,,,,0,0,,,,unavailable,observed_aggregate,Do not add maintenance_cost and detail_part_price unless Jejuro confirms whether cost already includes parts.
10190,2082,K5[LPG],CITY,0,,,,,0,0,,,,unavailable,observed_aggregate,Do not add maintenance_cost and detail_part_price unless Jejuro confirms whether cost already includes parts.
10191,2092,매각[K5],CITY,0,,,,,0,0,,,,unavailable,observed_aggregate,Do not add maintenance_cost and detail_part_price unless Jejuro confirms whether cost already includes parts.
10192,2052,뉴K5[LPG],CITY,0,,,,,0,0,,,,unavailable,observed_aggregate,Do not add maintenance_cost and detail_part_price unless Jejuro confirms whether cost already includes parts.
10193,2093,매각[뉴K5],CITY,0,,,,,0,0,,,,unavailable,observed_aggregate,Do not add maintenance_cost and detail_part_price unless Jejuro confirms whether cost already includes parts.
10194,2052,뉴K5[LPG],CITY,0,,,,,0,0,,,,unavailable,observed_aggregate,Do not add maintenance_cost and detail_part_price unless Jejuro confirms whether cost already includes parts.
10195,2093,매각[뉴K5],CITY,0,,,,,0,0,,,,unavailable,observed_aggregate,Do not add maintenance_cost and detail_part_price unless Jejuro confirms whether cost already includes parts.
10196,2052,뉴K5[LPG],CITY,0,,,,,0,0,,,,unavailable,observed_aggregate,Do not add maintenance_cost and detail_part_price unless Jejuro confirms whether cost already includes parts.
10197,2093,매각[뉴K5],CITY,0,,,,,0,0,,,,unavailable,observed_aggregate,Do not add maintenance_cost and detail_part_price unless Jejuro confirms whether cost already includes parts.
10198,2082,K5[LPG],CITY,0,,,,,0,0,,,,unavailable,observed_aggregate,Do not add maintenance_cost and detail_part_price unless Jejuro confirms whether cost already includes parts.
10199,2092,매각[K5],CITY,0,,,,,0,0,,,,unavailable,observed_aggregate,Do not add maintenance_cost and detail_part_price unless Jejuro confirms whether cost already includes parts.
10200,2052,뉴K5[LPG],CITY,0,,,,,0,0,,,,unavailable,observed_aggregate,Do not add maintenance_cost and detail_part_price unless Jejuro confirms whether cost already includes parts.
10201,2093,매각[뉴K5],CITY,0,,,,,0,0,,,,unavailable,observed_aggregate,Do not add maintenance_cost and detail_part_price unless Jejuro confirms whether cost already includes parts.
10202,2052,뉴K5[LPG],CITY,0,,,,,0,0,,,,unavailable,observed_aggregate,Do not add maintenance_cost and detail_part_price unless Jejuro confirms whether cost already includes parts.
10203,2052,뉴K5[LPG],CITY,0,,,,,0,0,,,,unavailable,observed_aggregate,Do not add maintenance_cost and detail_part_price unless Jejuro confirms whether cost already includes parts.
10204,2052,뉴K5[LPG],CITY,0,,,,,0,0,,,,unavailable,observed_aggregate,Do not add maintenance_cost and detail_part_price unless Jejuro confirms whether cost already includes parts.
10205,2082,K5[LPG],CITY,0,,,,,0,0,,,,unavailable,observed_aggregate,Do not add maintenance_cost and detail_part_price unless Jejuro confirms whether cost already includes parts.
10206,2052,뉴K5[LPG],CITY,0,,,,,0,0,,,,unavailable,observed_aggregate,Do not add maintenance_cost and detail_part_price unless Jejuro confirms whether cost already includes parts.
10207,2052,뉴K5[LPG],CITY,0,,,,,0,0,,,,unavailable,observed_aggregate,Do not add maintenance_cost and detail_part_price unless Jejuro confirms whether cost already includes parts.
10208,2093,매각[뉴K5],CITY,0,,,,,0,0,,,,unavailable,observed_aggregate,Do not add maintenance_cost and detail_part_price unless Jejuro confirms whether cost already includes parts.
10209,2052,뉴K5[LPG],CITY,0,,,,,0,0,,,,unavailable,observed_aggregate,Do not add maintenance_cost and detail_part_price unless Jejuro confirms whether cost already includes parts.
10210,2093,매각[뉴K5],CITY,0,,,,,0,0,,,,unavailable,observed_aggregate,Do not add maintenance_cost and detail_part_price unless Jejuro confirms whether cost already includes parts.
10211,2082,K5[LPG],CITY,0,,,,,0,0,,,,unavailable,observed_aggregate,Do not add maintenance_cost and detail_part_price unless Jejuro confirms whether cost already includes parts.
10212,2092,매각[K5],CITY,0,,,,,0,0,,,,unavailable,observed_aggregate,Do not add maintenance_cost and detail_part_price unless Jejuro confirms whether cost already includes parts.
10213,2082,K5[LPG],CITY,0,,,,,0,0,,,,unavailable,observed_aggregate,Do not add maintenance_cost and detail_part_price unless Jejuro confirms whether cost already includes parts.
10214,2092,매각[K5],CITY,0,,,,,0,0,,,,unavailable,observed_aggregate,Do not add maintenance_cost and detail_part_price unless Jejuro confirms whether cost already includes parts.
10215,2052,뉴K5[LPG],CITY,0,,,,,0,0,,,,unavailable,observed_aggregate,Do not add maintenance_cost and detail_part_price unless Jejuro confirms whether cost already includes parts.
10216,2082,K5[LPG],CITY,0,,,,,0,0,,,,unavailable,observed_aggregate,Do not add maintenance_cost and detail_part_price unless Jejuro confirms whether cost already includes parts.
10217,2092,매각[K5],CITY,0,,,,,0,0,,,,unavailable,observed_aggregate,Do not add maintenance_cost and detail_part_price unless Jejuro confirms whether cost already includes parts.
10218,2051,K3[휘],CITY,0,,,,,0,0,,,,unavailable,observed_aggregate,Do not add maintenance_cost and detail_part_price unless Jejuro confirms whether cost already includes parts.
10219,2051,K3[휘],CITY,0,,,,,0,0,,,,unavailable,observed_aggregate,Do not add maintenance_cost and detail_part_price unless Jejuro confirms whether cost already includes parts.
10220,2051,K3[휘],CITY,0,,,,,0,0,,,,unavailable,observed_aggregate,Do not add maintenance_cost and detail_part_price unless Jejuro confirms whether cost already includes parts.
10221,2051,K3[휘],CITY,0,,,,,0,0,,,,unavailable,observed_aggregate,Do not add maintenance_cost and detail_part_price unless Jejuro confirms whether cost already includes parts.
10222,2051,K3[휘],CITY,0,,,,,0,0,,,,unavailable,observed_aggregate,Do not add maintenance_cost and detail_part_price unless Jejuro confirms whether cost already includes parts.
10223,2051,K3[휘],CITY,0,,,,,0,0,,,,unavailable,observed_aggregate,Do not add maintenance_cost and detail_part_price unless Jejuro confirms whether cost already includes parts.
10224,2051,K3[휘],CITY,0,,,,,0,0,,,,unavailable,observed_aggregate,Do not add maintenance_cost and detail_part_price unless Jejuro confirms whether cost already includes parts.
10225,1987,19년 팰리세이드 8인승[경유],CITY,0,,,,,0,0,,,,unavailable,observed_aggregate,Do not add maintenance_cost and detail_part_price unless Jejuro confirms whether cost already includes parts.
10226,2083,"2019 팰리세이드 8인(4WD,썬루프)[경유]",CITY,0,,,,,0,0,,,,unavailable,observed_aggregate,Do not add maintenance_cost and detail_part_price unless Jejuro confirms whether cost already includes parts.
10227,2051,K3[휘],CITY,0,,,,,0,0,,,,unavailable,observed_aggregate,Do not add maintenance_cost and detail_part_price unless Jejuro confirms whether cost already includes parts.
10228,1987,19년 팰리세이드 8인승[경유],CITY,0,,,,,0,0,,,,unavailable,observed_aggregate,Do not add maintenance_cost and detail_part_price unless Jejuro confirms whether cost already includes parts.
10229,2083,"2019 팰리세이드 8인(4WD,썬루프)[경유]",CITY,0,,,,,0,0,,,,unavailable,observed_aggregate,Do not add maintenance_cost and detail_part_price unless Jejuro confirms whether cost already includes parts.
10230,2051,K3[휘],CITY,0,,,,,0,0,,,,unavailable,observed_aggregate,Do not add maintenance_cost and detail_part_price unless Jejuro confirms whether cost already includes parts.
10231,2051,K3[휘],CITY,0,,,,,0,0,,,,unavailable,observed_aggregate,Do not add maintenance_cost and detail_part_price unless Jejuro confirms whether cost already includes parts.
10232,2055,아반떼MD[LPG],CITY,0,,,,,0,0,,,,unavailable,observed_aggregate,Do not add maintenance_cost and detail_part_price unless Jejuro confirms whether cost already includes parts.
10233,2055,아반떼MD[LPG],CITY,0,,,,,0,0,,,,unavailable,observed_aggregate,Do not add maintenance_cost and detail_part_price unless Jejuro confirms whether cost already includes parts.
10234,2055,아반떼MD[LPG],CITY,0,,,,,0,0,,,,unavailable,observed_aggregate,Do not add maintenance_cost and detail_part_price unless Jejuro confirms whether cost already includes parts.
10235,2055,아반떼MD[LPG],CITY,0,,,,,0,0,,,,unavailable,observed_aggregate,Do not add maintenance_cost and detail_part_price unless Jejuro confirms whether cost already includes parts.
10236,2078,뉴SM3 네오[휘],CITY,0,,,,,0,0,,,,unavailable,observed_aggregate,Do not add maintenance_cost and detail_part_price unless Jejuro confirms whether cost already includes parts.
10237,2078,뉴SM3 네오[휘],CITY,0,,,,,0,0,,,,unavailable,observed_aggregate,Do not add maintenance_cost and detail_part_price unless Jejuro confirms whether cost already includes parts.
10238,2078,뉴SM3 네오[휘],CITY,0,,,,,0,0,,,,unavailable,observed_aggregate,Do not add maintenance_cost and detail_part_price unless Jejuro confirms whether cost already includes parts.
10239,2078,뉴SM3 네오[휘],CITY,0,,,,,0,0,,,,unavailable,observed_aggregate,Do not add maintenance_cost and detail_part_price unless Jejuro confirms whether cost already includes parts.
10240,2057,엑센트[휘],CITY,0,,,,,0,0,,,,unavailable,observed_aggregate,Do not add maintenance_cost and detail_part_price unless Jejuro confirms whether cost already includes parts.
10241,1855,18/19년 올뉴 K3(휘),COMPACT,0,,,,,0,0,,,,unavailable,observed_aggregate,Do not add maintenance_cost and detail_part_price unless Jejuro confirms whether cost already includes parts.
10242,2057,엑센트[휘],CITY,0,,,,,0,0,,,,unavailable,observed_aggregate,Do not add maintenance_cost and detail_part_price unless Jejuro confirms whether cost already includes parts.
10243,2057,엑센트[휘],CITY,0,,,,,0,0,,,,unavailable,observed_aggregate,Do not add maintenance_cost and detail_part_price unless Jejuro confirms whether cost already includes parts.
10244,2059,아반떼MD[휘],CITY,0,,,,,0,0,,,,unavailable,observed_aggregate,Do not add maintenance_cost and detail_part_price unless Jejuro confirms whether cost already includes parts.
10245,2070,스파크[휘],CITY,0,,,,,0,0,,,,unavailable,observed_aggregate,Do not add maintenance_cost and detail_part_price unless Jejuro confirms whether cost already includes parts.
10246,2070,스파크[휘],CITY,0,,,,,0,0,,,,unavailable,observed_aggregate,Do not add maintenance_cost and detail_part_price unless Jejuro confirms whether cost already includes parts.
10247,2070,스파크[휘],CITY,0,,,,,0,0,,,,unavailable,observed_aggregate,Do not add maintenance_cost and detail_part_price unless Jejuro confirms whether cost already includes parts.
10248,2070,스파크[휘],CITY,0,,,,,0,0,,,,unavailable,observed_aggregate,Do not add maintenance_cost and detail_part_price unless Jejuro confirms whether cost already includes parts.
10249,2070,스파크[휘],CITY,0,,,,,0,0,,,,unavailable,observed_aggregate,Do not add maintenance_cost and detail_part_price unless Jejuro confirms whether cost already includes parts.
10250,2070,스파크[휘],CITY,0,,,,,0,0,,,,unavailable,observed_aggregate,Do not add maintenance_cost and detail_part_price unless Jejuro confirms whether cost already includes parts.
10251,2050,올뉴모닝[휘],CITY,0,,,,,0,0,,,,unavailable,observed_aggregate,Do not add maintenance_cost and detail_part_price unless Jejuro confirms whether cost already includes parts.
10252,2050,올뉴모닝[휘],CITY,0,,,,,0,0,,,,unavailable,observed_aggregate,Do not add maintenance_cost and detail_part_price unless Jejuro confirms whether cost already includes parts.
10253,1979,17~19년 그랜져IG[LPG],CITY,0,,,,,0,0,,,,unavailable,observed_aggregate,Do not add maintenance_cost and detail_part_price unless Jejuro confirms whether cost already includes parts.
10254,2050,올뉴모닝[휘],CITY,0,,,,,0,0,,,,unavailable,observed_aggregate,Do not add maintenance_cost and detail_part_price unless Jejuro confirms whether cost already includes parts.
10255,2050,올뉴모닝[휘],CITY,0,,,,,0,0,,,,unavailable,observed_aggregate,Do not add maintenance_cost and detail_part_price unless Jejuro confirms whether cost already includes parts.
10256,2050,올뉴모닝[휘],CITY,0,,,,,0,0,,,,unavailable,observed_aggregate,Do not add maintenance_cost and detail_part_price unless Jejuro confirms whether cost already includes parts.
10257,2050,올뉴모닝[휘],CITY,0,,,,,0,0,,,,unavailable,observed_aggregate,Do not add maintenance_cost and detail_part_price unless Jejuro confirms whether cost already includes parts.
10258,2050,올뉴모닝[휘],CITY,0,,,,,0,0,,,,unavailable,observed_aggregate,Do not add maintenance_cost and detail_part_price unless Jejuro confirms whether cost already includes parts.
10259,2058,올란도7인[경유],CITY,0,,,,,0,0,,,,unavailable,observed_aggregate,Do not add maintenance_cost and detail_part_price unless Jejuro confirms whether cost already includes parts.
10260,2058,올란도7인[경유],CITY,0,,,,,0,0,,,,unavailable,observed_aggregate,Do not add maintenance_cost and detail_part_price unless Jejuro confirms whether cost already includes parts.
10261,2058,올란도7인[경유],CITY,0,,,,,0,0,,,,unavailable,observed_aggregate,Do not add maintenance_cost and detail_part_price unless Jejuro confirms whether cost already includes parts.
10262,2072,뉴싼타페DM7인[경유],CITY,0,,,,,0,0,,,,unavailable,observed_aggregate,Do not add maintenance_cost and detail_part_price unless Jejuro confirms whether cost already includes parts.
10263,2072,뉴싼타페DM7인[경유],CITY,0,,,,,0,0,,,,unavailable,observed_aggregate,Do not add maintenance_cost and detail_part_price unless Jejuro confirms whether cost already includes parts.
10264,2072,뉴싼타페DM7인[경유],CITY,0,,,,,0,0,,,,unavailable,observed_aggregate,Do not add maintenance_cost and detail_part_price unless Jejuro confirms whether cost already includes parts.
10265,1855,18/19년 올뉴 K3(휘),COMPACT,0,,,,,0,0,,,,unavailable,observed_aggregate,Do not add maintenance_cost and detail_part_price unless Jejuro confirms whether cost already includes parts.
10266,2054,코란도투리스모9인[경유],CITY,0,,,,,0,0,,,,unavailable,observed_aggregate,Do not add maintenance_cost and detail_part_price unless Jejuro confirms whether cost already includes parts.
10267,1855,18/19년 올뉴 K3(휘),COMPACT,0,,,,,0,0,,,,unavailable,observed_aggregate,Do not add maintenance_cost and detail_part_price unless Jejuro confirms whether cost already includes parts.
10268,2054,코란도투리스모9인[경유],CITY,0,,,,,0,0,,,,unavailable,observed_aggregate,Do not add maintenance_cost and detail_part_price unless Jejuro confirms whether cost already includes parts.
10269,1855,18/19년 올뉴 K3(휘),COMPACT,0,,,,,0,0,,,,unavailable,observed_aggregate,Do not add maintenance_cost and detail_part_price unless Jejuro confirms whether cost already includes parts.
10270,2054,코란도투리스모9인[경유],CITY,0,,,,,0,0,,,,unavailable,observed_aggregate,Do not add maintenance_cost and detail_part_price unless Jejuro confirms whether cost already includes parts.
10271,2054,코란도투리스모9인[경유],CITY,0,,,,,0,0,,,,unavailable,observed_aggregate,Do not add maintenance_cost and detail_part_price unless Jejuro confirms whether cost already includes parts.
10272,1855,18/19년 올뉴 K3(휘),COMPACT,0,,,,,0,0,,,,unavailable,observed_aggregate,Do not add maintenance_cost and detail_part_price unless Jejuro confirms whether cost already includes parts.
10273,2061,YF소나타[LPG],CITY,0,,,,,0,0,,,,unavailable,observed_aggregate,Do not add maintenance_cost and detail_part_price unless Jejuro confirms whether cost already includes parts.
10274,2061,YF소나타[LPG],CITY,0,,,,,0,0,,,,unavailable,observed_aggregate,Do not add maintenance_cost and detail_part_price unless Jejuro confirms whether cost already includes parts.
10275,2061,YF소나타[LPG],CITY,0,,,,,0,0,,,,unavailable,observed_aggregate,Do not add maintenance_cost and detail_part_price unless Jejuro confirms whether cost already includes parts.
10276,2061,YF소나타[LPG],CITY,0,,,,,0,0,,,,unavailable,observed_aggregate,Do not add maintenance_cost and detail_part_price unless Jejuro confirms whether cost already includes parts.
10277,2061,YF소나타[LPG],CITY,0,,,,,0,0,,,,unavailable,observed_aggregate,Do not add maintenance_cost and detail_part_price unless Jejuro confirms whether cost already includes parts.
10278,2074,레이[휘],CITY,0,,,,,0,0,,,,unavailable,observed_aggregate,Do not add maintenance_cost and detail_part_price unless Jejuro confirms whether cost already includes parts.
10279,2087,매각[레이],CITY,0,,,,,0,0,,,,unavailable,observed_aggregate,Do not add maintenance_cost and detail_part_price unless Jejuro confirms whether cost already includes parts.
10280,1861,19년 벤츠 E클래스 카브리올레[경유],IMPORTED,0,,,,,0,0,,,,unavailable,observed_aggregate,Do not add maintenance_cost and detail_part_price unless Jejuro confirms whether cost already includes parts.
10281,2074,레이[휘],CITY,0,,,,,0,0,,,,unavailable,observed_aggregate,Do not add maintenance_cost and detail_part_price unless Jejuro confirms whether cost already includes parts.
10282,2074,레이[휘],CITY,0,,,,,0,0,,,,unavailable,observed_aggregate,Do not add maintenance_cost and detail_part_price unless Jejuro confirms whether cost already includes parts.
10283,2074,레이[휘],CITY,0,,,,,0,0,,,,unavailable,observed_aggregate,Do not add maintenance_cost and detail_part_price unless Jejuro confirms whether cost already includes parts.
10284,2074,레이[휘],CITY,0,,,,,0,0,,,,unavailable,observed_aggregate,Do not add maintenance_cost and detail_part_price unless Jejuro confirms whether cost already includes parts.
10285,2087,매각[레이],CITY,0,,,,,0,0,,,,unavailable,observed_aggregate,Do not add maintenance_cost and detail_part_price unless Jejuro confirms whether cost already includes parts.
10286,2056,올뉴쏘울[휘],CITY,0,,,,,0,0,,,,unavailable,observed_aggregate,Do not add maintenance_cost and detail_part_price unless Jejuro confirms whether cost already includes parts.
10287,2056,올뉴쏘울[휘],CITY,0,,,,,0,0,,,,unavailable,observed_aggregate,Do not add maintenance_cost and detail_part_price unless Jejuro confirms whether cost already includes parts.
10288,2059,아반떼MD[휘],CITY,0,,,,,0,0,,,,unavailable,observed_aggregate,Do not add maintenance_cost and detail_part_price unless Jejuro confirms whether cost already includes parts.
10289,2059,아반떼MD[휘],CITY,0,,,,,0,0,,,,unavailable,observed_aggregate,Do not add maintenance_cost and detail_part_price unless Jejuro confirms whether cost already includes parts.
10290,2055,아반떼MD[LPG],CITY,0,,,,,0,0,,,,unavailable,observed_aggregate,Do not add maintenance_cost and detail_part_price unless Jejuro confirms whether cost already includes parts.
10291,2053,그랜져HG2.4[휘],CITY,0,,,,,0,0,,,,unavailable,observed_aggregate,Do not add maintenance_cost and detail_part_price unless Jejuro confirms whether cost already includes parts.
10292,2053,그랜져HG2.4[휘],CITY,0,,,,,0,0,,,,unavailable,observed_aggregate,Do not add maintenance_cost and detail_part_price unless Jejuro confirms whether cost already includes parts.
10293,1843,16/18년 올뉴카니발9인(경유),RV,0,,,,,0,0,,,,unavailable,observed_aggregate,Do not add maintenance_cost and detail_part_price unless Jejuro confirms whether cost already includes parts.
10294,1843,16/18년 올뉴카니발9인(경유),RV,0,,,,,0,0,,,,unavailable,observed_aggregate,Do not add maintenance_cost and detail_part_price unless Jejuro confirms whether cost already includes parts.
10295,1843,16/18년 올뉴카니발9인(경유),RV,0,,,,,0,0,,,,unavailable,observed_aggregate,Do not add maintenance_cost and detail_part_price unless Jejuro confirms whether cost already includes parts.
10296,2052,뉴K5[LPG],CITY,0,,,,,0,0,,,,unavailable,observed_aggregate,Do not add maintenance_cost and detail_part_price unless Jejuro confirms whether cost already includes parts.
10297,2052,뉴K5[LPG],CITY,0,,,,,0,0,,,,unavailable,observed_aggregate,Do not add maintenance_cost and detail_part_price unless Jejuro confirms whether cost already includes parts.
10298,2052,뉴K5[LPG],CITY,0,,,,,0,0,,,,unavailable,observed_aggregate,Do not add maintenance_cost and detail_part_price unless Jejuro confirms whether cost already includes parts.
10299,2082,K5[LPG],CITY,0,,,,,0,0,,,,unavailable,observed_aggregate,Do not add maintenance_cost and detail_part_price unless Jejuro confirms whether cost already includes parts.
10300,2052,뉴K5[LPG],CITY,0,,,,,0,0,,,,unavailable,observed_aggregate,Do not add maintenance_cost and detail_part_price unless Jejuro confirms whether cost already includes parts.
10301,2050,올뉴모닝[휘],CITY,0,,,,,0,0,,,,unavailable,observed_aggregate,Do not add maintenance_cost and detail_part_price unless Jejuro confirms whether cost already includes parts.
10302,2050,올뉴모닝[휘],CITY,0,,,,,0,0,,,,unavailable,observed_aggregate,Do not add maintenance_cost and detail_part_price unless Jejuro confirms whether cost already includes parts.
10303,2059,아반떼MD[휘],CITY,0,,,,,0,0,,,,unavailable,observed_aggregate,Do not add maintenance_cost and detail_part_price unless Jejuro confirms whether cost already includes parts.
10304,2059,아반떼MD[휘],CITY,0,,,,,0,0,,,,unavailable,observed_aggregate,Do not add maintenance_cost and detail_part_price unless Jejuro confirms whether cost already includes parts.
10305,2059,아반떼MD[휘],CITY,0,,,,,0,0,,,,unavailable,observed_aggregate,Do not add maintenance_cost and detail_part_price unless Jejuro confirms whether cost already includes parts.
10306,2059,아반떼MD[휘],CITY,0,,,,,0,0,,,,unavailable,observed_aggregate,Do not add maintenance_cost and detail_part_price unless Jejuro confirms whether cost already includes parts.
10307,2029,장기 뉴5,CITY,0,,,,,0,0,,,,unavailable,observed_aggregate,Do not add maintenance_cost and detail_part_price unless Jejuro confirms whether cost already includes parts.
10308,2052,뉴K5[LPG],CITY,0,,,,,0,0,,,,unavailable,observed_aggregate,Do not add maintenance_cost and detail_part_price unless Jejuro confirms whether cost already includes parts.
10309,2082,K5[LPG],CITY,0,,,,,0,0,,,,unavailable,observed_aggregate,Do not add maintenance_cost and detail_part_price unless Jejuro confirms whether cost already includes parts.
10310,2029,장기 뉴5,CITY,0,,,,,0,0,,,,unavailable,observed_aggregate,Do not add maintenance_cost and detail_part_price unless Jejuro confirms whether cost already includes parts.
10311,2052,뉴K5[LPG],CITY,0,,,,,0,0,,,,unavailable,observed_aggregate,Do not add maintenance_cost and detail_part_price unless Jejuro confirms whether cost already includes parts.
10312,2052,뉴K5[LPG],CITY,0,,,,,0,0,,,,unavailable,observed_aggregate,Do not add maintenance_cost and detail_part_price unless Jejuro confirms whether cost already includes parts.
10313,2082,K5[LPG],CITY,0,,,,,0,0,,,,unavailable,observed_aggregate,Do not add maintenance_cost and detail_part_price unless Jejuro confirms whether cost already includes parts.
10314,2029,장기 뉴5,CITY,0,,,,,0,0,,,,unavailable,observed_aggregate,Do not add maintenance_cost and detail_part_price unless Jejuro confirms whether cost already includes parts.
10315,2052,뉴K5[LPG],CITY,0,,,,,0,0,,,,unavailable,observed_aggregate,Do not add maintenance_cost and detail_part_price unless Jejuro confirms whether cost already includes parts.
10316,2082,K5[LPG],CITY,0,,,,,0,0,,,,unavailable,observed_aggregate,Do not add maintenance_cost and detail_part_price unless Jejuro confirms whether cost already includes parts.
10317,2029,장기 뉴5,CITY,0,,,,,0,0,,,,unavailable,observed_aggregate,Do not add maintenance_cost and detail_part_price unless Jejuro confirms whether cost already includes parts.
10318,2052,뉴K5[LPG],CITY,0,,,,,0,0,,,,unavailable,observed_aggregate,Do not add maintenance_cost and detail_part_price unless Jejuro confirms whether cost already includes parts.
10319,2082,K5[LPG],CITY,0,,,,,0,0,,,,unavailable,observed_aggregate,Do not add maintenance_cost and detail_part_price unless Jejuro confirms whether cost already includes parts.
10320,2058,올란도7인[경유],CITY,0,,,,,0,0,,,,unavailable,observed_aggregate,Do not add maintenance_cost and detail_part_price unless Jejuro confirms whether cost already includes parts.
10321,1843,16/18년 올뉴카니발9인(경유),RV,0,,,,,0,0,,,,unavailable,observed_aggregate,Do not add maintenance_cost and detail_part_price unless Jejuro confirms whether cost already includes parts.
10322,1843,16/18년 올뉴카니발9인(경유),RV,0,,,,,0,0,,,,unavailable,observed_aggregate,Do not add maintenance_cost and detail_part_price unless Jejuro confirms whether cost already includes parts.
10323,1984,2018 싼타페TM (2WD)[경유],CITY,0,,,,,0,0,,,,unavailable,observed_aggregate,Do not add maintenance_cost and detail_part_price unless Jejuro confirms whether cost already includes parts.
10324,2074,레이[휘],CITY,0,,,,,0,0,,,,unavailable,observed_aggregate,Do not add maintenance_cost and detail_part_price unless Jejuro confirms whether cost already includes parts.
10325,2087,매각[레이],CITY,0,,,,,0,0,,,,unavailable,observed_aggregate,Do not add maintenance_cost and detail_part_price unless Jejuro confirms whether cost already includes parts.
10326,2074,레이[휘],CITY,0,,,,,0,0,,,,unavailable,observed_aggregate,Do not add maintenance_cost and detail_part_price unless Jejuro confirms whether cost already includes parts.
10327,2062,안전보건공단 장기 올뉴카니발9인[경유],CITY,0,,,,,0,0,,,,unavailable,observed_aggregate,Do not add maintenance_cost and detail_part_price unless Jejuro confirms whether cost already includes parts.
10328,2058,올란도7인[경유],CITY,0,,,,,0,0,,,,unavailable,observed_aggregate,Do not add maintenance_cost and detail_part_price unless Jejuro confirms whether cost already includes parts.
10329,2058,올란도7인[경유],CITY,0,,,,,0,0,,,,unavailable,observed_aggregate,Do not add maintenance_cost and detail_part_price unless Jejuro confirms whether cost already includes parts.
10330,2053,그랜져HG2.4[휘],CITY,0,,,,,0,0,,,,unavailable,observed_aggregate,Do not add maintenance_cost and detail_part_price unless Jejuro confirms whether cost already includes parts.
10331,2053,그랜져HG2.4[휘],CITY,0,,,,,0,0,,,,unavailable,observed_aggregate,Do not add maintenance_cost and detail_part_price unless Jejuro confirms whether cost already includes parts.
10332,1984,2018 싼타페TM (2WD)[경유],CITY,0,,,,,0,0,,,,unavailable,observed_aggregate,Do not add maintenance_cost and detail_part_price unless Jejuro confirms whether cost already includes parts.
10333,2074,레이[휘],CITY,0,,,,,0,0,,,,unavailable,observed_aggregate,Do not add maintenance_cost and detail_part_price unless Jejuro confirms whether cost already includes parts.
10334,2087,매각[레이],CITY,0,,,,,0,0,,,,unavailable,observed_aggregate,Do not add maintenance_cost and detail_part_price unless Jejuro confirms whether cost already includes parts.
10335,2062,안전보건공단 장기 올뉴카니발9인[경유],CITY,0,,,,,0,0,,,,unavailable,observed_aggregate,Do not add maintenance_cost and detail_part_price unless Jejuro confirms whether cost already includes parts.
10336,2074,레이[휘],CITY,0,,,,,0,0,,,,unavailable,observed_aggregate,Do not add maintenance_cost and detail_part_price unless Jejuro confirms whether cost already includes parts.
10337,2057,엑센트[휘],CITY,0,,,,,0,0,,,,unavailable,observed_aggregate,Do not add maintenance_cost and detail_part_price unless Jejuro confirms whether cost already includes parts.
10338,2041,티볼리[휘],CITY,0,,,,,0,0,,,,unavailable,observed_aggregate,Do not add maintenance_cost and detail_part_price unless Jejuro confirms whether cost already includes parts.
10339,2041,티볼리[휘],CITY,0,,,,,0,0,,,,unavailable,observed_aggregate,Do not add maintenance_cost and detail_part_price unless Jejuro confirms whether cost already includes parts.
10340,2041,티볼리[휘],CITY,0,,,,,0,0,,,,unavailable,observed_aggregate,Do not add maintenance_cost and detail_part_price unless Jejuro confirms whether cost already includes parts.
10341,2041,티볼리[휘],CITY,0,,,,,0,0,,,,unavailable,observed_aggregate,Do not add maintenance_cost and detail_part_price unless Jejuro confirms whether cost already includes parts.
10342,2038,LF소나타[LPG],CITY,0,,,,,0,0,,,,unavailable,observed_aggregate,Do not add maintenance_cost and detail_part_price unless Jejuro confirms whether cost already includes parts.
10343,2038,LF소나타[LPG],CITY,0,,,,,0,0,,,,unavailable,observed_aggregate,Do not add maintenance_cost and detail_part_price unless Jejuro confirms whether cost already includes parts.
10344,2038,LF소나타[LPG],CITY,0,,,,,0,0,,,,unavailable,observed_aggregate,Do not add maintenance_cost and detail_part_price unless Jejuro confirms whether cost already includes parts.
10345,2038,LF소나타[LPG],CITY,0,,,,,0,0,,,,unavailable,observed_aggregate,Do not add maintenance_cost and detail_part_price unless Jejuro confirms whether cost already includes parts.
10346,2038,LF소나타[LPG],CITY,0,,,,,0,0,,,,unavailable,observed_aggregate,Do not add maintenance_cost and detail_part_price unless Jejuro confirms whether cost already includes parts.
10347,2022,16년 올뉴K5[LPG],CITY,0,,,,,0,0,,,,unavailable,observed_aggregate,Do not add maintenance_cost and detail_part_price unless Jejuro confirms whether cost already includes parts.
10348,2022,16년 올뉴K5[LPG],CITY,0,,,,,0,0,,,,unavailable,observed_aggregate,Do not add maintenance_cost and detail_part_price unless Jejuro confirms whether cost already includes parts.
10349,2022,16년 올뉴K5[LPG],CITY,0,,,,,0,0,,,,unavailable,observed_aggregate,Do not add maintenance_cost and detail_part_price unless Jejuro confirms whether cost already includes parts.
10350,2022,16년 올뉴K5[LPG],CITY,0,,,,,0,0,,,,unavailable,observed_aggregate,Do not add maintenance_cost and detail_part_price unless Jejuro confirms whether cost already includes parts.
10351,1843,16/18년 올뉴카니발9인(경유),RV,0,,,,,0,0,,,,unavailable,observed_aggregate,Do not add maintenance_cost and detail_part_price unless Jejuro confirms whether cost already includes parts.
10352,1843,16/18년 올뉴카니발9인(경유),RV,0,,,,,0,0,,,,unavailable,observed_aggregate,Do not add maintenance_cost and detail_part_price unless Jejuro confirms whether cost already includes parts.
10353,2040,아반떼AD[휘],CITY,0,,,,,0,0,,,,unavailable,observed_aggregate,Do not add maintenance_cost and detail_part_price unless Jejuro confirms whether cost already includes parts.
10354,2040,아반떼AD[휘],CITY,0,,,,,0,0,,,,unavailable,observed_aggregate,Do not add maintenance_cost and detail_part_price unless Jejuro confirms whether cost already includes parts.
10355,2044,더넥스트스파크[휘],CITY,0,,,,,0,0,,,,unavailable,observed_aggregate,Do not add maintenance_cost and detail_part_price unless Jejuro confirms whether cost already includes parts.
10356,2044,더넥스트스파크[휘],CITY,0,,,,,0,0,,,,unavailable,observed_aggregate,Do not add maintenance_cost and detail_part_price unless Jejuro confirms whether cost already includes parts.
10357,2044,더넥스트스파크[휘],CITY,0,,,,,0,0,,,,unavailable,observed_aggregate,Do not add maintenance_cost and detail_part_price unless Jejuro confirms whether cost already includes parts.
10358,2050,올뉴모닝[휘],CITY,0,,,,,0,0,,,,unavailable,observed_aggregate,Do not add maintenance_cost and detail_part_price unless Jejuro confirms whether cost already includes parts.
10359,1849,18/19년 그랜져IG(휘),LUXURY,0,,,,,0,0,,,,unavailable,observed_aggregate,Do not add maintenance_cost and detail_part_price unless Jejuro confirms whether cost already includes parts.
10360,1849,18/19년 그랜져IG(휘),LUXURY,0,,,,,0,0,,,,unavailable,observed_aggregate,Do not add maintenance_cost and detail_part_price unless Jejuro confirms whether cost already includes parts.
10361,1849,18/19년 그랜져IG(휘),LUXURY,0,,,,,0,0,,,,unavailable,observed_aggregate,Do not add maintenance_cost and detail_part_price unless Jejuro confirms whether cost already includes parts.
10362,2071,그랜져HG3.0[LPG],CITY,0,,,,,0,0,,,,unavailable,observed_aggregate,Do not add maintenance_cost and detail_part_price unless Jejuro confirms whether cost already includes parts.
10363,1905,22년 EV6(전기),EV,0,,,,,0,0,,,,unavailable,observed_aggregate,Do not add maintenance_cost and detail_part_price unless Jejuro confirms whether cost already includes parts.
10364,1905,22년 EV6(전기),EV,0,,,,,0,0,,,,unavailable,observed_aggregate,Do not add maintenance_cost and detail_part_price unless Jejuro confirms whether cost already includes parts.
10365,2085,SM6 [LPG],CITY,0,,,,,0,0,,,,unavailable,observed_aggregate,Do not add maintenance_cost and detail_part_price unless Jejuro confirms whether cost already includes parts.
10366,2053,그랜져HG2.4[휘],CITY,0,,,,,0,0,,,,unavailable,observed_aggregate,Do not add maintenance_cost and detail_part_price unless Jejuro confirms whether cost already includes parts.
10367,2053,그랜져HG2.4[휘],CITY,0,,,,,0,0,,,,unavailable,observed_aggregate,Do not add maintenance_cost and detail_part_price unless Jejuro confirms whether cost already includes parts.
10368,2071,그랜져HG3.0[LPG],CITY,0,,,,,0,0,,,,unavailable,observed_aggregate,Do not add maintenance_cost and detail_part_price unless Jejuro confirms whether cost already includes parts.
10369,2071,그랜져HG3.0[LPG],CITY,0,,,,,0,0,,,,unavailable,observed_aggregate,Do not add maintenance_cost and detail_part_price unless Jejuro confirms whether cost already includes parts.
10370,2071,그랜져HG3.0[LPG],CITY,0,,,,,0,0,,,,unavailable,observed_aggregate,Do not add maintenance_cost and detail_part_price unless Jejuro confirms whether cost already includes parts.
10371,2071,그랜져HG3.0[LPG],CITY,0,,,,,0,0,,,,unavailable,observed_aggregate,Do not add maintenance_cost and detail_part_price unless Jejuro confirms whether cost already includes parts.
10372,2071,그랜져HG3.0[LPG],CITY,0,,,,,0,0,,,,unavailable,observed_aggregate,Do not add maintenance_cost and detail_part_price unless Jejuro confirms whether cost already includes parts.
10373,2038,LF소나타[LPG],CITY,0,,,,,0,0,,,,unavailable,observed_aggregate,Do not add maintenance_cost and detail_part_price unless Jejuro confirms whether cost already includes parts.
10374,2038,LF소나타[LPG],CITY,0,,,,,0,0,,,,unavailable,observed_aggregate,Do not add maintenance_cost and detail_part_price unless Jejuro confirms whether cost already includes parts.
10375,2061,YF소나타[LPG],CITY,0,,,,,0,0,,,,unavailable,observed_aggregate,Do not add maintenance_cost and detail_part_price unless Jejuro confirms whether cost already includes parts.
10376,2026,2021 BMW 520i M스포츠(휘발유),CITY,0,,,,,0,0,,,,unavailable,observed_aggregate,Do not add maintenance_cost and detail_part_price unless Jejuro confirms whether cost already includes parts.
10377,2038,LF소나타[LPG],CITY,0,,,,,0,0,,,,unavailable,observed_aggregate,Do not add maintenance_cost and detail_part_price unless Jejuro confirms whether cost already includes parts.
10378,2061,YF소나타[LPG],CITY,0,,,,,0,0,,,,unavailable,observed_aggregate,Do not add maintenance_cost and detail_part_price unless Jejuro confirms whether cost already includes parts.
10379,2038,LF소나타[LPG],CITY,0,,,,,0,0,,,,unavailable,observed_aggregate,Do not add maintenance_cost and detail_part_price unless Jejuro confirms whether cost already includes parts.
10380,2038,LF소나타[LPG],CITY,0,,,,,0,0,,,,unavailable,observed_aggregate,Do not add maintenance_cost and detail_part_price unless Jejuro confirms whether cost already includes parts.
10381,2038,LF소나타[LPG],CITY,0,,,,,0,0,,,,unavailable,observed_aggregate,Do not add maintenance_cost and detail_part_price unless Jejuro confirms whether cost already includes parts.
10382,2038,LF소나타[LPG],CITY,0,,,,,0,0,,,,unavailable,observed_aggregate,Do not add maintenance_cost and detail_part_price unless Jejuro confirms whether cost already includes parts.
10383,2061,YF소나타[LPG],CITY,0,,,,,0,0,,,,unavailable,observed_aggregate,Do not add maintenance_cost and detail_part_price unless Jejuro confirms whether cost already includes parts.
10384,2038,LF소나타[LPG],CITY,0,,,,,0,0,,,,unavailable,observed_aggregate,Do not add maintenance_cost and detail_part_price unless Jejuro confirms whether cost already includes parts.
10385,2038,LF소나타[LPG],CITY,0,,,,,0,0,,,,unavailable,observed_aggregate,Do not add maintenance_cost and detail_part_price unless Jejuro confirms whether cost already includes parts.
10386,2038,LF소나타[LPG],CITY,0,,,,,0,0,,,,unavailable,observed_aggregate,Do not add maintenance_cost and detail_part_price unless Jejuro confirms whether cost already includes parts.
10387,2061,YF소나타[LPG],CITY,0,,,,,0,0,,,,unavailable,observed_aggregate,Do not add maintenance_cost and detail_part_price unless Jejuro confirms whether cost already includes parts.
10388,2038,LF소나타[LPG],CITY,0,,,,,0,0,,,,unavailable,observed_aggregate,Do not add maintenance_cost and detail_part_price unless Jejuro confirms whether cost already includes parts.
10389,2038,LF소나타[LPG],CITY,0,,,,,0,0,,,,unavailable,observed_aggregate,Do not add maintenance_cost and detail_part_price unless Jejuro confirms whether cost already includes parts.
10390,2061,YF소나타[LPG],CITY,0,,,,,0,0,,,,unavailable,observed_aggregate,Do not add maintenance_cost and detail_part_price unless Jejuro confirms whether cost already includes parts.
10391,2038,LF소나타[LPG],CITY,0,,,,,0,0,,,,unavailable,observed_aggregate,Do not add maintenance_cost and detail_part_price unless Jejuro confirms whether cost already includes parts.
10392,2061,YF소나타[LPG],CITY,0,,,,,0,0,,,,unavailable,observed_aggregate,Do not add maintenance_cost and detail_part_price unless Jejuro confirms whether cost already includes parts.
10393,2038,LF소나타[LPG],CITY,0,,,,,0,0,,,,unavailable,observed_aggregate,Do not add maintenance_cost and detail_part_price unless Jejuro confirms whether cost already includes parts.
10394,2061,YF소나타[LPG],CITY,0,,,,,0,0,,,,unavailable,observed_aggregate,Do not add maintenance_cost and detail_part_price unless Jejuro confirms whether cost already includes parts.
10395,2038,LF소나타[LPG],CITY,0,,,,,0,0,,,,unavailable,observed_aggregate,Do not add maintenance_cost and detail_part_price unless Jejuro confirms whether cost already includes parts.
10396,2061,YF소나타[LPG],CITY,0,,,,,0,0,,,,unavailable,observed_aggregate,Do not add maintenance_cost and detail_part_price unless Jejuro confirms whether cost already includes parts.
10397,2038,LF소나타[LPG],CITY,0,,,,,0,0,,,,unavailable,observed_aggregate,Do not add maintenance_cost and detail_part_price unless Jejuro confirms whether cost already includes parts.
10398,2038,LF소나타[LPG],CITY,0,,,,,0,0,,,,unavailable,observed_aggregate,Do not add maintenance_cost and detail_part_price unless Jejuro confirms whether cost already includes parts.
10399,2038,LF소나타[LPG],CITY,0,,,,,0,0,,,,unavailable,observed_aggregate,Do not add maintenance_cost and detail_part_price unless Jejuro confirms whether cost already includes parts.
10400,2038,LF소나타[LPG],CITY,0,,,,,0,0,,,,unavailable,observed_aggregate,Do not add maintenance_cost and detail_part_price unless Jejuro confirms whether cost already includes parts.
10401,2038,LF소나타[LPG],CITY,0,,,,,0,0,,,,unavailable,observed_aggregate,Do not add maintenance_cost and detail_part_price unless Jejuro confirms whether cost already includes parts.
10402,2052,뉴K5[LPG],CITY,0,,,,,0,0,,,,unavailable,observed_aggregate,Do not add maintenance_cost and detail_part_price unless Jejuro confirms whether cost already includes parts.
10403,2093,매각[뉴K5],CITY,0,,,,,0,0,,,,unavailable,observed_aggregate,Do not add maintenance_cost and detail_part_price unless Jejuro confirms whether cost already includes parts.
10404,2052,뉴K5[LPG],CITY,0,,,,,0,0,,,,unavailable,observed_aggregate,Do not add maintenance_cost and detail_part_price unless Jejuro confirms whether cost already includes parts.
10405,2093,매각[뉴K5],CITY,0,,,,,0,0,,,,unavailable,observed_aggregate,Do not add maintenance_cost and detail_part_price unless Jejuro confirms whether cost already includes parts.
10406,2052,뉴K5[LPG],CITY,0,,,,,0,0,,,,unavailable,observed_aggregate,Do not add maintenance_cost and detail_part_price unless Jejuro confirms whether cost already includes parts.
10407,2093,매각[뉴K5],CITY,0,,,,,0,0,,,,unavailable,observed_aggregate,Do not add maintenance_cost and detail_part_price unless Jejuro confirms whether cost already includes parts.
10408,2052,뉴K5[LPG],CITY,0,,,,,0,0,,,,unavailable,observed_aggregate,Do not add maintenance_cost and detail_part_price unless Jejuro confirms whether cost already includes parts.
10409,2093,매각[뉴K5],CITY,0,,,,,0,0,,,,unavailable,observed_aggregate,Do not add maintenance_cost and detail_part_price unless Jejuro confirms whether cost already includes parts.
10410,2052,뉴K5[LPG],CITY,0,,,,,0,0,,,,unavailable,observed_aggregate,Do not add maintenance_cost and detail_part_price unless Jejuro confirms whether cost already includes parts.
10411,2093,매각[뉴K5],CITY,0,,,,,0,0,,,,unavailable,observed_aggregate,Do not add maintenance_cost and detail_part_price unless Jejuro confirms whether cost already includes parts.
10412,2052,뉴K5[LPG],CITY,0,,,,,0,0,,,,unavailable,observed_aggregate,Do not add maintenance_cost and detail_part_price unless Jejuro confirms whether cost already includes parts.
10413,2093,매각[뉴K5],CITY,0,,,,,0,0,,,,unavailable,observed_aggregate,Do not add maintenance_cost and detail_part_price unless Jejuro confirms whether cost already includes parts.
10414,2052,뉴K5[LPG],CITY,0,,,,,0,0,,,,unavailable,observed_aggregate,Do not add maintenance_cost and detail_part_price unless Jejuro confirms whether cost already includes parts.
10415,2093,매각[뉴K5],CITY,0,,,,,0,0,,,,unavailable,observed_aggregate,Do not add maintenance_cost and detail_part_price unless Jejuro confirms whether cost already includes parts.
10416,2052,뉴K5[LPG],CITY,0,,,,,0,0,,,,unavailable,observed_aggregate,Do not add maintenance_cost and detail_part_price unless Jejuro confirms whether cost already includes parts.
10417,2093,매각[뉴K5],CITY,0,,,,,0,0,,,,unavailable,observed_aggregate,Do not add maintenance_cost and detail_part_price unless Jejuro confirms whether cost already includes parts.
10418,2052,뉴K5[LPG],CITY,0,,,,,0,0,,,,unavailable,observed_aggregate,Do not add maintenance_cost and detail_part_price unless Jejuro confirms whether cost already includes parts.
10419,2093,매각[뉴K5],CITY,0,,,,,0,0,,,,unavailable,observed_aggregate,Do not add maintenance_cost and detail_part_price unless Jejuro confirms whether cost already includes parts.
10420,2052,뉴K5[LPG],CITY,0,,,,,0,0,,,,unavailable,observed_aggregate,Do not add maintenance_cost and detail_part_price unless Jejuro confirms whether cost already includes parts.
10421,2093,매각[뉴K5],CITY,0,,,,,0,0,,,,unavailable,observed_aggregate,Do not add maintenance_cost and detail_part_price unless Jejuro confirms whether cost already includes parts.
10422,2052,뉴K5[LPG],CITY,0,,,,,0,0,,,,unavailable,observed_aggregate,Do not add maintenance_cost and detail_part_price unless Jejuro confirms whether cost already includes parts.
10423,2093,매각[뉴K5],CITY,0,,,,,0,0,,,,unavailable,observed_aggregate,Do not add maintenance_cost and detail_part_price unless Jejuro confirms whether cost already includes parts.
10424,2052,뉴K5[LPG],CITY,0,,,,,0,0,,,,unavailable,observed_aggregate,Do not add maintenance_cost and detail_part_price unless Jejuro confirms whether cost already includes parts.
10425,2093,매각[뉴K5],CITY,0,,,,,0,0,,,,unavailable,observed_aggregate,Do not add maintenance_cost and detail_part_price unless Jejuro confirms whether cost already includes parts.
10426,2052,뉴K5[LPG],CITY,0,,,,,0,0,,,,unavailable,observed_aggregate,Do not add maintenance_cost and detail_part_price unless Jejuro confirms whether cost already includes parts.
10427,2093,매각[뉴K5],CITY,0,,,,,0,0,,,,unavailable,observed_aggregate,Do not add maintenance_cost and detail_part_price unless Jejuro confirms whether cost already includes parts.
10428,2052,뉴K5[LPG],CITY,0,,,,,0,0,,,,unavailable,observed_aggregate,Do not add maintenance_cost and detail_part_price unless Jejuro confirms whether cost already includes parts.
10429,2093,매각[뉴K5],CITY,0,,,,,0,0,,,,unavailable,observed_aggregate,Do not add maintenance_cost and detail_part_price unless Jejuro confirms whether cost already includes parts.
10430,2052,뉴K5[LPG],CITY,0,,,,,0,0,,,,unavailable,observed_aggregate,Do not add maintenance_cost and detail_part_price unless Jejuro confirms whether cost already includes parts.
10431,2093,매각[뉴K5],CITY,0,,,,,0,0,,,,unavailable,observed_aggregate,Do not add maintenance_cost and detail_part_price unless Jejuro confirms whether cost already includes parts.
10432,2052,뉴K5[LPG],CITY,0,,,,,0,0,,,,unavailable,observed_aggregate,Do not add maintenance_cost and detail_part_price unless Jejuro confirms whether cost already includes parts.
10433,2052,뉴K5[LPG],CITY,0,,,,,0,0,,,,unavailable,observed_aggregate,Do not add maintenance_cost and detail_part_price unless Jejuro confirms whether cost already includes parts.
10434,2093,매각[뉴K5],CITY,0,,,,,0,0,,,,unavailable,observed_aggregate,Do not add maintenance_cost and detail_part_price unless Jejuro confirms whether cost already includes parts.
10435,2052,뉴K5[LPG],CITY,0,,,,,0,0,,,,unavailable,observed_aggregate,Do not add maintenance_cost and detail_part_price unless Jejuro confirms whether cost already includes parts.
10436,2052,뉴K5[LPG],CITY,0,,,,,0,0,,,,unavailable,observed_aggregate,Do not add maintenance_cost and detail_part_price unless Jejuro confirms whether cost already includes parts.
10437,2052,뉴K5[LPG],CITY,0,,,,,0,0,,,,unavailable,observed_aggregate,Do not add maintenance_cost and detail_part_price unless Jejuro confirms whether cost already includes parts.
10438,2051,K3[휘],CITY,0,,,,,0,0,,,,unavailable,observed_aggregate,Do not add maintenance_cost and detail_part_price unless Jejuro confirms whether cost already includes parts.
10439,2090,매각[K3],CITY,0,,,,,0,0,,,,unavailable,observed_aggregate,Do not add maintenance_cost and detail_part_price unless Jejuro confirms whether cost already includes parts.
10440,2051,K3[휘],CITY,0,,,,,0,0,,,,unavailable,observed_aggregate,Do not add maintenance_cost and detail_part_price unless Jejuro confirms whether cost already includes parts.
10441,2090,매각[K3],CITY,0,,,,,0,0,,,,unavailable,observed_aggregate,Do not add maintenance_cost and detail_part_price unless Jejuro confirms whether cost already includes parts.
10442,2090,매각[K3],CITY,0,,,,,0,0,,,,unavailable,observed_aggregate,Do not add maintenance_cost and detail_part_price unless Jejuro confirms whether cost already includes parts.
10443,2051,K3[휘],CITY,0,,,,,0,0,,,,unavailable,observed_aggregate,Do not add maintenance_cost and detail_part_price unless Jejuro confirms whether cost already includes parts.
10444,2090,매각[K3],CITY,0,,,,,0,0,,,,unavailable,observed_aggregate,Do not add maintenance_cost and detail_part_price unless Jejuro confirms whether cost already includes parts.
10445,2051,K3[휘],CITY,0,,,,,0,0,,,,unavailable,observed_aggregate,Do not add maintenance_cost and detail_part_price unless Jejuro confirms whether cost already includes parts.
10446,2051,K3[휘],CITY,0,,,,,0,0,,,,unavailable,observed_aggregate,Do not add maintenance_cost and detail_part_price unless Jejuro confirms whether cost already includes parts.
10447,2090,매각[K3],CITY,0,,,,,0,0,,,,unavailable,observed_aggregate,Do not add maintenance_cost and detail_part_price unless Jejuro confirms whether cost already includes parts.
10448,2051,K3[휘],CITY,0,,,,,0,0,,,,unavailable,observed_aggregate,Do not add maintenance_cost and detail_part_price unless Jejuro confirms whether cost already includes parts.
10449,2090,매각[K3],CITY,0,,,,,0,0,,,,unavailable,observed_aggregate,Do not add maintenance_cost and detail_part_price unless Jejuro confirms whether cost already includes parts.
10450,2051,K3[휘],CITY,0,,,,,0,0,,,,unavailable,observed_aggregate,Do not add maintenance_cost and detail_part_price unless Jejuro confirms whether cost already includes parts.
10451,2090,매각[K3],CITY,0,,,,,0,0,,,,unavailable,observed_aggregate,Do not add maintenance_cost and detail_part_price unless Jejuro confirms whether cost already includes parts.
10452,2051,K3[휘],CITY,0,,,,,0,0,,,,unavailable,observed_aggregate,Do not add maintenance_cost and detail_part_price unless Jejuro confirms whether cost already includes parts.
10453,2090,매각[K3],CITY,0,,,,,0,0,,,,unavailable,observed_aggregate,Do not add maintenance_cost and detail_part_price unless Jejuro confirms whether cost already includes parts.
10454,2051,K3[휘],CITY,0,,,,,0,0,,,,unavailable,observed_aggregate,Do not add maintenance_cost and detail_part_price unless Jejuro confirms whether cost already includes parts.
10455,2090,매각[K3],CITY,0,,,,,0,0,,,,unavailable,observed_aggregate,Do not add maintenance_cost and detail_part_price unless Jejuro confirms whether cost already includes parts.
10456,2051,K3[휘],CITY,0,,,,,0,0,,,,unavailable,observed_aggregate,Do not add maintenance_cost and detail_part_price unless Jejuro confirms whether cost already includes parts.
10457,2090,매각[K3],CITY,0,,,,,0,0,,,,unavailable,observed_aggregate,Do not add maintenance_cost and detail_part_price unless Jejuro confirms whether cost already includes parts.
10458,2051,K3[휘],CITY,0,,,,,0,0,,,,unavailable,observed_aggregate,Do not add maintenance_cost and detail_part_price unless Jejuro confirms whether cost already includes parts.
10459,2090,매각[K3],CITY,0,,,,,0,0,,,,unavailable,observed_aggregate,Do not add maintenance_cost and detail_part_price unless Jejuro confirms whether cost already includes parts.
10460,2051,K3[휘],CITY,0,,,,,0,0,,,,unavailable,observed_aggregate,Do not add maintenance_cost and detail_part_price unless Jejuro confirms whether cost already includes parts.
10461,2090,매각[K3],CITY,0,,,,,0,0,,,,unavailable,observed_aggregate,Do not add maintenance_cost and detail_part_price unless Jejuro confirms whether cost already includes parts.
10462,2051,K3[휘],CITY,0,,,,,0,0,,,,unavailable,observed_aggregate,Do not add maintenance_cost and detail_part_price unless Jejuro confirms whether cost already includes parts.
10463,2090,매각[K3],CITY,0,,,,,0,0,,,,unavailable,observed_aggregate,Do not add maintenance_cost and detail_part_price unless Jejuro confirms whether cost already includes parts.
10464,2051,K3[휘],CITY,0,,,,,0,0,,,,unavailable,observed_aggregate,Do not add maintenance_cost and detail_part_price unless Jejuro confirms whether cost already includes parts.
10465,2090,매각[K3],CITY,0,,,,,0,0,,,,unavailable,observed_aggregate,Do not add maintenance_cost and detail_part_price unless Jejuro confirms whether cost already includes parts.
10466,2051,K3[휘],CITY,0,,,,,0,0,,,,unavailable,observed_aggregate,Do not add maintenance_cost and detail_part_price unless Jejuro confirms whether cost already includes parts.
10467,2090,매각[K3],CITY,0,,,,,0,0,,,,unavailable,observed_aggregate,Do not add maintenance_cost and detail_part_price unless Jejuro confirms whether cost already includes parts.
10468,2051,K3[휘],CITY,0,,,,,0,0,,,,unavailable,observed_aggregate,Do not add maintenance_cost and detail_part_price unless Jejuro confirms whether cost already includes parts.
10469,2090,매각[K3],CITY,0,,,,,0,0,,,,unavailable,observed_aggregate,Do not add maintenance_cost and detail_part_price unless Jejuro confirms whether cost already includes parts.
10470,2051,K3[휘],CITY,0,,,,,0,0,,,,unavailable,observed_aggregate,Do not add maintenance_cost and detail_part_price unless Jejuro confirms whether cost already includes parts.
10471,2090,매각[K3],CITY,0,,,,,0,0,,,,unavailable,observed_aggregate,Do not add maintenance_cost and detail_part_price unless Jejuro confirms whether cost already includes parts.
10472,2051,K3[휘],CITY,0,,,,,0,0,,,,unavailable,observed_aggregate,Do not add maintenance_cost and detail_part_price unless Jejuro confirms whether cost already includes parts.
10473,2090,매각[K3],CITY,0,,,,,0,0,,,,unavailable,observed_aggregate,Do not add maintenance_cost and detail_part_price unless Jejuro confirms whether cost already includes parts.
10474,2051,K3[휘],CITY,0,,,,,0,0,,,,unavailable,observed_aggregate,Do not add maintenance_cost and detail_part_price unless Jejuro confirms whether cost already includes parts.
10475,2090,매각[K3],CITY,0,,,,,0,0,,,,unavailable,observed_aggregate,Do not add maintenance_cost and detail_part_price unless Jejuro confirms whether cost already includes parts.
10476,2050,올뉴모닝[휘],CITY,0,,,,,0,0,,,,unavailable,observed_aggregate,Do not add maintenance_cost and detail_part_price unless Jejuro confirms whether cost already includes parts.
10477,2086,매각[올뉴모닝],CITY,0,,,,,0,0,,,,unavailable,observed_aggregate,Do not add maintenance_cost and detail_part_price unless Jejuro confirms whether cost already includes parts.
10478,2050,올뉴모닝[휘],CITY,0,,,,,0,0,,,,unavailable,observed_aggregate,Do not add maintenance_cost and detail_part_price unless Jejuro confirms whether cost already includes parts.
10479,2086,매각[올뉴모닝],CITY,0,,,,,0,0,,,,unavailable,observed_aggregate,Do not add maintenance_cost and detail_part_price unless Jejuro confirms whether cost already includes parts.
10480,2050,올뉴모닝[휘],CITY,0,,,,,0,0,,,,unavailable,observed_aggregate,Do not add maintenance_cost and detail_part_price unless Jejuro confirms whether cost already includes parts.
10481,2086,매각[올뉴모닝],CITY,0,,,,,0,0,,,,unavailable,observed_aggregate,Do not add maintenance_cost and detail_part_price unless Jejuro confirms whether cost already includes parts.
10482,2050,올뉴모닝[휘],CITY,0,,,,,0,0,,,,unavailable,observed_aggregate,Do not add maintenance_cost and detail_part_price unless Jejuro confirms whether cost already includes parts.
10483,2086,매각[올뉴모닝],CITY,0,,,,,0,0,,,,unavailable,observed_aggregate,Do not add maintenance_cost and detail_part_price unless Jejuro confirms whether cost already includes parts.
10484,2050,올뉴모닝[휘],CITY,0,,,,,0,0,,,,unavailable,observed_aggregate,Do not add maintenance_cost and detail_part_price unless Jejuro confirms whether cost already includes parts.
10485,2086,매각[올뉴모닝],CITY,0,,,,,0,0,,,,unavailable,observed_aggregate,Do not add maintenance_cost and detail_part_price unless Jejuro confirms whether cost already includes parts.
10486,2050,올뉴모닝[휘],CITY,0,,,,,0,0,,,,unavailable,observed_aggregate,Do not add maintenance_cost and detail_part_price unless Jejuro confirms whether cost already includes parts.
10487,2086,매각[올뉴모닝],CITY,0,,,,,0,0,,,,unavailable,observed_aggregate,Do not add maintenance_cost and detail_part_price unless Jejuro confirms whether cost already includes parts.
10488,2050,올뉴모닝[휘],CITY,0,,,,,0,0,,,,unavailable,observed_aggregate,Do not add maintenance_cost and detail_part_price unless Jejuro confirms whether cost already includes parts.
10489,2086,매각[올뉴모닝],CITY,0,,,,,0,0,,,,unavailable,observed_aggregate,Do not add maintenance_cost and detail_part_price unless Jejuro confirms whether cost already includes parts.
10490,2074,레이[휘],CITY,0,,,,,0,0,,,,unavailable,observed_aggregate,Do not add maintenance_cost and detail_part_price unless Jejuro confirms whether cost already includes parts.
10491,2074,레이[휘],CITY,0,,,,,0,0,,,,unavailable,observed_aggregate,Do not add maintenance_cost and detail_part_price unless Jejuro confirms whether cost already includes parts.
10492,2074,레이[휘],CITY,0,,,,,0,0,,,,unavailable,observed_aggregate,Do not add maintenance_cost and detail_part_price unless Jejuro confirms whether cost already includes parts.
10493,2074,레이[휘],CITY,0,,,,,0,0,,,,unavailable,observed_aggregate,Do not add maintenance_cost and detail_part_price unless Jejuro confirms whether cost already includes parts.
10494,2057,엑센트[휘],CITY,0,,,,,0,0,,,,unavailable,observed_aggregate,Do not add maintenance_cost and detail_part_price unless Jejuro confirms whether cost already includes parts.
10495,2072,뉴싼타페DM7인[경유],CITY,0,,,,,0,0,,,,unavailable,observed_aggregate,Do not add maintenance_cost and detail_part_price unless Jejuro confirms whether cost already includes parts.
10496,2072,뉴싼타페DM7인[경유],CITY,0,,,,,0,0,,,,unavailable,observed_aggregate,Do not add maintenance_cost and detail_part_price unless Jejuro confirms whether cost already includes parts.
10497,2072,뉴싼타페DM7인[경유],CITY,0,,,,,0,0,,,,unavailable,observed_aggregate,Do not add maintenance_cost and detail_part_price unless Jejuro confirms whether cost already includes parts.
10498,2072,뉴싼타페DM7인[경유],CITY,0,,,,,0,0,,,,unavailable,observed_aggregate,Do not add maintenance_cost and detail_part_price unless Jejuro confirms whether cost already includes parts.
10499,2072,뉴싼타페DM7인[경유],CITY,0,,,,,0,0,,,,unavailable,observed_aggregate,Do not add maintenance_cost and detail_part_price unless Jejuro confirms whether cost already includes parts.
10500,2058,올란도7인[경유],CITY,0,,,,,0,0,,,,unavailable,observed_aggregate,Do not add maintenance_cost and detail_part_price unless Jejuro confirms whether cost already includes parts.
10501,2058,올란도7인[경유],CITY,0,,,,,0,0,,,,unavailable,observed_aggregate,Do not add maintenance_cost and detail_part_price unless Jejuro confirms whether cost already includes parts.
10502,2058,올란도7인[경유],CITY,0,,,,,0,0,,,,unavailable,observed_aggregate,Do not add maintenance_cost and detail_part_price unless Jejuro confirms whether cost already includes parts.
10503,2054,코란도투리스모9인[경유],CITY,0,,,,,0,0,,,,unavailable,observed_aggregate,Do not add maintenance_cost and detail_part_price unless Jejuro confirms whether cost already includes parts.
10504,2054,코란도투리스모9인[경유],CITY,0,,,,,0,0,,,,unavailable,observed_aggregate,Do not add maintenance_cost and detail_part_price unless Jejuro confirms whether cost already includes parts.
10505,2054,코란도투리스모9인[경유],CITY,0,,,,,0,0,,,,unavailable,observed_aggregate,Do not add maintenance_cost and detail_part_price unless Jejuro confirms whether cost already includes parts.
10506,2042,올뉴말리부[휘],CITY,0,,,,,0,0,,,,unavailable,observed_aggregate,Do not add maintenance_cost and detail_part_price unless Jejuro confirms whether cost already includes parts.
10507,2042,올뉴말리부[휘],CITY,0,,,,,0,0,,,,unavailable,observed_aggregate,Do not add maintenance_cost and detail_part_price unless Jejuro confirms whether cost already includes parts.
10508,2042,올뉴말리부[휘],CITY,0,,,,,0,0,,,,unavailable,observed_aggregate,Do not add maintenance_cost and detail_part_price unless Jejuro confirms whether cost already includes parts.
10509,2042,올뉴말리부[휘],CITY,0,,,,,0,0,,,,unavailable,observed_aggregate,Do not add maintenance_cost and detail_part_price unless Jejuro confirms whether cost already includes parts.
10510,1843,16/18년 올뉴카니발9인(경유),RV,0,,,,,0,0,,,,unavailable,observed_aggregate,Do not add maintenance_cost and detail_part_price unless Jejuro confirms whether cost already includes parts.
10511,2022,16년 올뉴K5[LPG],CITY,0,,,,,0,0,,,,unavailable,observed_aggregate,Do not add maintenance_cost and detail_part_price unless Jejuro confirms whether cost already includes parts.
10512,2022,16년 올뉴K5[LPG],CITY,0,,,,,0,0,,,,unavailable,observed_aggregate,Do not add maintenance_cost and detail_part_price unless Jejuro confirms whether cost already includes parts.
10513,2022,16년 올뉴K5[LPG],CITY,0,,,,,0,0,,,,unavailable,observed_aggregate,Do not add maintenance_cost and detail_part_price unless Jejuro confirms whether cost already includes parts.
10514,2040,아반떼AD[휘],CITY,0,,,,,0,0,,,,unavailable,observed_aggregate,Do not add maintenance_cost and detail_part_price unless Jejuro confirms whether cost already includes parts.
10515,2040,아반떼AD[휘],CITY,0,,,,,0,0,,,,unavailable,observed_aggregate,Do not add maintenance_cost and detail_part_price unless Jejuro confirms whether cost already includes parts.
10516,2040,아반떼AD[휘],CITY,0,,,,,0,0,,,,unavailable,observed_aggregate,Do not add maintenance_cost and detail_part_price unless Jejuro confirms whether cost already includes parts.
10517,2040,아반떼AD[휘],CITY,0,,,,,0,0,,,,unavailable,observed_aggregate,Do not add maintenance_cost and detail_part_price unless Jejuro confirms whether cost already includes parts.
10518,2040,아반떼AD[휘],CITY,0,,,,,0,0,,,,unavailable,observed_aggregate,Do not add maintenance_cost and detail_part_price unless Jejuro confirms whether cost already includes parts.
10519,2040,아반떼AD[휘],CITY,0,,,,,0,0,,,,unavailable,observed_aggregate,Do not add maintenance_cost and detail_part_price unless Jejuro confirms whether cost already includes parts.
10520,2040,아반떼AD[휘],CITY,0,,,,,0,0,,,,unavailable,observed_aggregate,Do not add maintenance_cost and detail_part_price unless Jejuro confirms whether cost already includes parts.
10521,2040,아반떼AD[휘],CITY,0,,,,,0,0,,,,unavailable,observed_aggregate,Do not add maintenance_cost and detail_part_price unless Jejuro confirms whether cost already includes parts.
10522,2040,아반떼AD[휘],CITY,0,,,,,0,0,,,,unavailable,observed_aggregate,Do not add maintenance_cost and detail_part_price unless Jejuro confirms whether cost already includes parts.
10523,2075,말리부[휘],CITY,0,,,,,0,0,,,,unavailable,observed_aggregate,Do not add maintenance_cost and detail_part_price unless Jejuro confirms whether cost already includes parts.
10524,2075,말리부[휘],CITY,0,,,,,0,0,,,,unavailable,observed_aggregate,Do not add maintenance_cost and detail_part_price unless Jejuro confirms whether cost already includes parts.
10525,2075,말리부[휘],CITY,0,,,,,0,0,,,,unavailable,observed_aggregate,Do not add maintenance_cost and detail_part_price unless Jejuro confirms whether cost already includes parts.
10526,2055,아반떼MD[LPG],CITY,0,,,,,0,0,,,,unavailable,observed_aggregate,Do not add maintenance_cost and detail_part_price unless Jejuro confirms whether cost already includes parts.
10527,2055,아반떼MD[LPG],CITY,0,,,,,0,0,,,,unavailable,observed_aggregate,Do not add maintenance_cost and detail_part_price unless Jejuro confirms whether cost already includes parts.
10528,2055,아반떼MD[LPG],CITY,0,,,,,0,0,,,,unavailable,observed_aggregate,Do not add maintenance_cost and detail_part_price unless Jejuro confirms whether cost already includes parts.
10529,2055,아반떼MD[LPG],CITY,0,,,,,0,0,,,,unavailable,observed_aggregate,Do not add maintenance_cost and detail_part_price unless Jejuro confirms whether cost already includes parts.
10530,2055,아반떼MD[LPG],CITY,0,,,,,0,0,,,,unavailable,observed_aggregate,Do not add maintenance_cost and detail_part_price unless Jejuro confirms whether cost already includes parts.
10531,2040,아반떼AD[휘],CITY,0,,,,,0,0,,,,unavailable,observed_aggregate,Do not add maintenance_cost and detail_part_price unless Jejuro confirms whether cost already includes parts.
10532,2040,아반떼AD[휘],CITY,0,,,,,0,0,,,,unavailable,observed_aggregate,Do not add maintenance_cost and detail_part_price unless Jejuro confirms whether cost already includes parts.
10533,2040,아반떼AD[휘],CITY,0,,,,,0,0,,,,unavailable,observed_aggregate,Do not add maintenance_cost and detail_part_price unless Jejuro confirms whether cost already includes parts.
10534,2040,아반떼AD[휘],CITY,0,,,,,0,0,,,,unavailable,observed_aggregate,Do not add maintenance_cost and detail_part_price unless Jejuro confirms whether cost already includes parts.
10535,2056,올뉴쏘울[휘],CITY,0,,,,,0,0,,,,unavailable,observed_aggregate,Do not add maintenance_cost and detail_part_price unless Jejuro confirms whether cost already includes parts.
10536,2056,올뉴쏘울[휘],CITY,0,,,,,0,0,,,,unavailable,observed_aggregate,Do not add maintenance_cost and detail_part_price unless Jejuro confirms whether cost already includes parts.
10537,2056,올뉴쏘울[휘],CITY,0,,,,,0,0,,,,unavailable,observed_aggregate,Do not add maintenance_cost and detail_part_price unless Jejuro confirms whether cost already includes parts.
10538,2056,올뉴쏘울[휘],CITY,0,,,,,0,0,,,,unavailable,observed_aggregate,Do not add maintenance_cost and detail_part_price unless Jejuro confirms whether cost already includes parts.
10539,2060,2018 스토닉[휘],CITY,0,,,,,0,0,,,,unavailable,observed_aggregate,Do not add maintenance_cost and detail_part_price unless Jejuro confirms whether cost already includes parts.
10540,2060,2018 스토닉[휘],CITY,0,,,,,0,0,,,,unavailable,observed_aggregate,Do not add maintenance_cost and detail_part_price unless Jejuro confirms whether cost already includes parts.
10541,2070,스파크[휘],CITY,0,,,,,0,0,,,,unavailable,observed_aggregate,Do not add maintenance_cost and detail_part_price unless Jejuro confirms whether cost already includes parts.
10542,2070,스파크[휘],CITY,0,,,,,0,0,,,,unavailable,observed_aggregate,Do not add maintenance_cost and detail_part_price unless Jejuro confirms whether cost already includes parts.
10543,2070,스파크[휘],CITY,0,,,,,0,0,,,,unavailable,observed_aggregate,Do not add maintenance_cost and detail_part_price unless Jejuro confirms whether cost already includes parts.
10544,2070,스파크[휘],CITY,0,,,,,0,0,,,,unavailable,observed_aggregate,Do not add maintenance_cost and detail_part_price unless Jejuro confirms whether cost already includes parts.
10545,2070,스파크[휘],CITY,0,,,,,0,0,,,,unavailable,observed_aggregate,Do not add maintenance_cost and detail_part_price unless Jejuro confirms whether cost already includes parts.
10546,2052,뉴K5[LPG],CITY,0,,,,,0,0,,,,unavailable,observed_aggregate,Do not add maintenance_cost and detail_part_price unless Jejuro confirms whether cost already includes parts.
10547,1869,20년 K5(휘),MIDSIZE,0,,,,,0,0,,,,unavailable,observed_aggregate,Do not add maintenance_cost and detail_part_price unless Jejuro confirms whether cost already includes parts.
10548,2052,뉴K5[LPG],CITY,0,,,,,0,0,,,,unavailable,observed_aggregate,Do not add maintenance_cost and detail_part_price unless Jejuro confirms whether cost already includes parts.
10549,2052,뉴K5[LPG],CITY,0,,,,,0,0,,,,unavailable,observed_aggregate,Do not add maintenance_cost and detail_part_price unless Jejuro confirms whether cost already includes parts.
10550,2052,뉴K5[LPG],CITY,0,,,,,0,0,,,,unavailable,observed_aggregate,Do not add maintenance_cost and detail_part_price unless Jejuro confirms whether cost already includes parts.
10551,2052,뉴K5[LPG],CITY,0,,,,,0,0,,,,unavailable,observed_aggregate,Do not add maintenance_cost and detail_part_price unless Jejuro confirms whether cost already includes parts.
10552,1843,16/18년 올뉴카니발9인(경유),RV,0,,,,,0,0,,,,unavailable,observed_aggregate,Do not add maintenance_cost and detail_part_price unless Jejuro confirms whether cost already includes parts.
10553,1843,16/18년 올뉴카니발9인(경유),RV,0,,,,,0,0,,,,unavailable,observed_aggregate,Do not add maintenance_cost and detail_part_price unless Jejuro confirms whether cost already includes parts.
10554,1843,16/18년 올뉴카니발9인(경유),RV,0,,,,,0,0,,,,unavailable,observed_aggregate,Do not add maintenance_cost and detail_part_price unless Jejuro confirms whether cost already includes parts.
10555,2050,올뉴모닝[휘],CITY,0,,,,,0,0,,,,unavailable,observed_aggregate,Do not add maintenance_cost and detail_part_price unless Jejuro confirms whether cost already includes parts.
10556,2050,올뉴모닝[휘],CITY,0,,,,,0,0,,,,unavailable,observed_aggregate,Do not add maintenance_cost and detail_part_price unless Jejuro confirms whether cost already includes parts.
10557,2050,올뉴모닝[휘],CITY,0,,,,,0,0,,,,unavailable,observed_aggregate,Do not add maintenance_cost and detail_part_price unless Jejuro confirms whether cost already includes parts.
10558,2041,티볼리[휘],CITY,0,,,,,0,0,,,,unavailable,observed_aggregate,Do not add maintenance_cost and detail_part_price unless Jejuro confirms whether cost already includes parts.
10559,2041,티볼리[휘],CITY,0,,,,,0,0,,,,unavailable,observed_aggregate,Do not add maintenance_cost and detail_part_price unless Jejuro confirms whether cost already includes parts.
10560,2041,티볼리[휘],CITY,0,,,,,0,0,,,,unavailable,observed_aggregate,Do not add maintenance_cost and detail_part_price unless Jejuro confirms whether cost already includes parts.
10561,2059,아반떼MD[휘],CITY,0,,,,,0,0,,,,unavailable,observed_aggregate,Do not add maintenance_cost and detail_part_price unless Jejuro confirms whether cost already includes parts.
10562,2059,아반떼MD[휘],CITY,0,,,,,0,0,,,,unavailable,observed_aggregate,Do not add maintenance_cost and detail_part_price unless Jejuro confirms whether cost already includes parts.
10563,2059,아반떼MD[휘],CITY,0,,,,,0,0,,,,unavailable,observed_aggregate,Do not add maintenance_cost and detail_part_price unless Jejuro confirms whether cost already includes parts.
10564,2059,아반떼MD[휘],CITY,0,,,,,0,0,,,,unavailable,observed_aggregate,Do not add maintenance_cost and detail_part_price unless Jejuro confirms whether cost already includes parts.
10565,2052,뉴K5[LPG],CITY,0,,,,,0,0,,,,unavailable,observed_aggregate,Do not add maintenance_cost and detail_part_price unless Jejuro confirms whether cost already includes parts.
10566,2052,뉴K5[LPG],CITY,0,,,,,0,0,,,,unavailable,observed_aggregate,Do not add maintenance_cost and detail_part_price unless Jejuro confirms whether cost already includes parts.
10567,2052,뉴K5[LPG],CITY,0,,,,,0,0,,,,unavailable,observed_aggregate,Do not add maintenance_cost and detail_part_price unless Jejuro confirms whether cost already includes parts.
10568,2052,뉴K5[LPG],CITY,0,,,,,0,0,,,,unavailable,observed_aggregate,Do not add maintenance_cost and detail_part_price unless Jejuro confirms whether cost already includes parts.
10569,2052,뉴K5[LPG],CITY,0,,,,,0,0,,,,unavailable,observed_aggregate,Do not add maintenance_cost and detail_part_price unless Jejuro confirms whether cost already includes parts.
10570,1843,16/18년 올뉴카니발9인(경유),RV,0,,,,,0,0,,,,unavailable,observed_aggregate,Do not add maintenance_cost and detail_part_price unless Jejuro confirms whether cost already includes parts.
10571,1843,16/18년 올뉴카니발9인(경유),RV,0,,,,,0,0,,,,unavailable,observed_aggregate,Do not add maintenance_cost and detail_part_price unless Jejuro confirms whether cost already includes parts.
10572,2074,레이[휘],CITY,0,,,,,0,0,,,,unavailable,observed_aggregate,Do not add maintenance_cost and detail_part_price unless Jejuro confirms whether cost already includes parts.
10573,2074,레이[휘],CITY,0,,,,,0,0,,,,unavailable,observed_aggregate,Do not add maintenance_cost and detail_part_price unless Jejuro confirms whether cost already includes parts.
10574,2074,레이[휘],CITY,0,,,,,0,0,,,,unavailable,observed_aggregate,Do not add maintenance_cost and detail_part_price unless Jejuro confirms whether cost already includes parts.
10575,2074,레이[휘],CITY,0,,,,,0,0,,,,unavailable,observed_aggregate,Do not add maintenance_cost and detail_part_price unless Jejuro confirms whether cost already includes parts.
10576,2074,레이[휘],CITY,0,,,,,0,0,,,,unavailable,observed_aggregate,Do not add maintenance_cost and detail_part_price unless Jejuro confirms whether cost already includes parts.
10577,2022,16년 올뉴K5[LPG],CITY,0,,,,,0,0,,,,unavailable,observed_aggregate,Do not add maintenance_cost and detail_part_price unless Jejuro confirms whether cost already includes parts.
10578,1862,19/20년 머스탱 컨버터블(휘),IMPORTED,0,,,,,0,0,,,,unavailable,observed_aggregate,Do not add maintenance_cost and detail_part_price unless Jejuro confirms whether cost already includes parts.
10579,2022,16년 올뉴K5[LPG],CITY,0,,,,,0,0,,,,unavailable,observed_aggregate,Do not add maintenance_cost and detail_part_price unless Jejuro confirms whether cost already includes parts.
10580,2022,16년 올뉴K5[LPG],CITY,0,,,,,0,0,,,,unavailable,observed_aggregate,Do not add maintenance_cost and detail_part_price unless Jejuro confirms whether cost already includes parts.
10581,2022,16년 올뉴K5[LPG],CITY,0,,,,,0,0,,,,unavailable,observed_aggregate,Do not add maintenance_cost and detail_part_price unless Jejuro confirms whether cost already includes parts.
10582,2022,16년 올뉴K5[LPG],CITY,0,,,,,0,0,,,,unavailable,observed_aggregate,Do not add maintenance_cost and detail_part_price unless Jejuro confirms whether cost already includes parts.
10583,2022,16년 올뉴K5[LPG],CITY,0,,,,,0,0,,,,unavailable,observed_aggregate,Do not add maintenance_cost and detail_part_price unless Jejuro confirms whether cost already includes parts.
10584,2022,16년 올뉴K5[LPG],CITY,0,,,,,0,0,,,,unavailable,observed_aggregate,Do not add maintenance_cost and detail_part_price unless Jejuro confirms whether cost already includes parts.
10585,2022,16년 올뉴K5[LPG],CITY,0,,,,,0,0,,,,unavailable,observed_aggregate,Do not add maintenance_cost and detail_part_price unless Jejuro confirms whether cost already includes parts.
10586,2022,16년 올뉴K5[LPG],CITY,0,,,,,0,0,,,,unavailable,observed_aggregate,Do not add maintenance_cost and detail_part_price unless Jejuro confirms whether cost already includes parts.
10587,2040,아반떼AD[휘],CITY,0,,,,,0,0,,,,unavailable,observed_aggregate,Do not add maintenance_cost and detail_part_price unless Jejuro confirms whether cost already includes parts.
10588,2040,아반떼AD[휘],CITY,0,,,,,0,0,,,,unavailable,observed_aggregate,Do not add maintenance_cost and detail_part_price unless Jejuro confirms whether cost already includes parts.
10589,2040,아반떼AD[휘],CITY,0,,,,,0,0,,,,unavailable,observed_aggregate,Do not add maintenance_cost and detail_part_price unless Jejuro confirms whether cost already includes parts.
10590,2040,아반떼AD[휘],CITY,0,,,,,0,0,,,,unavailable,observed_aggregate,Do not add maintenance_cost and detail_part_price unless Jejuro confirms whether cost already includes parts.
10591,2040,아반떼AD[휘],CITY,0,,,,,0,0,,,,unavailable,observed_aggregate,Do not add maintenance_cost and detail_part_price unless Jejuro confirms whether cost already includes parts.
10592,2040,아반떼AD[휘],CITY,0,,,,,0,0,,,,unavailable,observed_aggregate,Do not add maintenance_cost and detail_part_price unless Jejuro confirms whether cost already includes parts.
10593,2040,아반떼AD[휘],CITY,0,,,,,0,0,,,,unavailable,observed_aggregate,Do not add maintenance_cost and detail_part_price unless Jejuro confirms whether cost already includes parts.
10594,2040,아반떼AD[휘],CITY,0,,,,,0,0,,,,unavailable,observed_aggregate,Do not add maintenance_cost and detail_part_price unless Jejuro confirms whether cost already includes parts.
10595,2040,아반떼AD[휘],CITY,0,,,,,0,0,,,,unavailable,observed_aggregate,Do not add maintenance_cost and detail_part_price unless Jejuro confirms whether cost already includes parts.
10596,1984,2018 싼타페TM (2WD)[경유],CITY,0,,,,,0,0,,,,unavailable,observed_aggregate,Do not add maintenance_cost and detail_part_price unless Jejuro confirms whether cost already includes parts.
10597,2038,LF소나타[LPG],CITY,0,,,,,0,0,,,,unavailable,observed_aggregate,Do not add maintenance_cost and detail_part_price unless Jejuro confirms whether cost already includes parts.
10598,2038,LF소나타[LPG],CITY,0,,,,,0,0,,,,unavailable,observed_aggregate,Do not add maintenance_cost and detail_part_price unless Jejuro confirms whether cost already includes parts.
10599,2022,16년 올뉴K5[LPG],CITY,0,,,,,0,0,,,,unavailable,observed_aggregate,Do not add maintenance_cost and detail_part_price unless Jejuro confirms whether cost already includes parts.
10600,2022,16년 올뉴K5[LPG],CITY,0,,,,,0,0,,,,unavailable,observed_aggregate,Do not add maintenance_cost and detail_part_price unless Jejuro confirms whether cost already includes parts.
10601,2022,16년 올뉴K5[LPG],CITY,0,,,,,0,0,,,,unavailable,observed_aggregate,Do not add maintenance_cost and detail_part_price unless Jejuro confirms whether cost already includes parts.
10602,2022,16년 올뉴K5[LPG],CITY,0,,,,,0,0,,,,unavailable,observed_aggregate,Do not add maintenance_cost and detail_part_price unless Jejuro confirms whether cost already includes parts.
10603,2022,16년 올뉴K5[LPG],CITY,0,,,,,0,0,,,,unavailable,observed_aggregate,Do not add maintenance_cost and detail_part_price unless Jejuro confirms whether cost already includes parts.
10604,2022,16년 올뉴K5[LPG],CITY,0,,,,,0,0,,,,unavailable,observed_aggregate,Do not add maintenance_cost and detail_part_price unless Jejuro confirms whether cost already includes parts.
10605,2022,16년 올뉴K5[LPG],CITY,0,,,,,0,0,,,,unavailable,observed_aggregate,Do not add maintenance_cost and detail_part_price unless Jejuro confirms whether cost already includes parts.
10606,2022,16년 올뉴K5[LPG],CITY,0,,,,,0,0,,,,unavailable,observed_aggregate,Do not add maintenance_cost and detail_part_price unless Jejuro confirms whether cost already includes parts.
10607,2023,2017 더뉴K3[휘],CITY,0,,,,,0,0,,,,unavailable,observed_aggregate,Do not add maintenance_cost and detail_part_price unless Jejuro confirms whether cost already includes parts.
10608,2023,2017 더뉴K3[휘],CITY,0,,,,,0,0,,,,unavailable,observed_aggregate,Do not add maintenance_cost and detail_part_price unless Jejuro confirms whether cost already includes parts.
10609,2023,2017 더뉴K3[휘],CITY,0,,,,,0,0,,,,unavailable,observed_aggregate,Do not add maintenance_cost and detail_part_price unless Jejuro confirms whether cost already includes parts.
10610,2023,2017 더뉴K3[휘],CITY,0,,,,,0,0,,,,unavailable,observed_aggregate,Do not add maintenance_cost and detail_part_price unless Jejuro confirms whether cost already includes parts.
10611,2023,2017 더뉴K3[휘],CITY,0,,,,,0,0,,,,unavailable,observed_aggregate,Do not add maintenance_cost and detail_part_price unless Jejuro confirms whether cost already includes parts.
10612,2038,LF소나타[LPG],CITY,0,,,,,0,0,,,,unavailable,observed_aggregate,Do not add maintenance_cost and detail_part_price unless Jejuro confirms whether cost already includes parts.
10613,2038,LF소나타[LPG],CITY,0,,,,,0,0,,,,unavailable,observed_aggregate,Do not add maintenance_cost and detail_part_price unless Jejuro confirms whether cost already includes parts.
10614,2061,YF소나타[LPG],CITY,0,,,,,0,0,,,,unavailable,observed_aggregate,Do not add maintenance_cost and detail_part_price unless Jejuro confirms whether cost already includes parts.
10615,2038,LF소나타[LPG],CITY,0,,,,,0,0,,,,unavailable,observed_aggregate,Do not add maintenance_cost and detail_part_price unless Jejuro confirms whether cost already includes parts.
10616,2061,YF소나타[LPG],CITY,0,,,,,0,0,,,,unavailable,observed_aggregate,Do not add maintenance_cost and detail_part_price unless Jejuro confirms whether cost already includes parts.
10617,2038,LF소나타[LPG],CITY,0,,,,,0,0,,,,unavailable,observed_aggregate,Do not add maintenance_cost and detail_part_price unless Jejuro confirms whether cost already includes parts.
10618,2038,LF소나타[LPG],CITY,0,,,,,0,0,,,,unavailable,observed_aggregate,Do not add maintenance_cost and detail_part_price unless Jejuro confirms whether cost already includes parts.
10619,1984,2018 싼타페TM (2WD)[경유],CITY,0,,,,,0,0,,,,unavailable,observed_aggregate,Do not add maintenance_cost and detail_part_price unless Jejuro confirms whether cost already includes parts.
10620,1984,2018 싼타페TM (2WD)[경유],CITY,0,,,,,0,0,,,,unavailable,observed_aggregate,Do not add maintenance_cost and detail_part_price unless Jejuro confirms whether cost already includes parts.
10621,1852,18년 뉴레이(휘),URBAN,0,,,,,0,0,,,,unavailable,observed_aggregate,Do not add maintenance_cost and detail_part_price unless Jejuro confirms whether cost already includes parts.
10622,1988,19년 뉴SM3 ZE[전기],CITY,0,,,,,0,0,,,,unavailable,observed_aggregate,Do not add maintenance_cost and detail_part_price unless Jejuro confirms whether cost already includes parts.
10623,2077,SM3 ZE[전기],CITY,0,,,,,0,0,,,,unavailable,observed_aggregate,Do not add maintenance_cost and detail_part_price unless Jejuro confirms whether cost already includes parts.
10624,1988,19년 뉴SM3 ZE[전기],CITY,0,,,,,0,0,,,,unavailable,observed_aggregate,Do not add maintenance_cost and detail_part_price unless Jejuro confirms whether cost already includes parts.
10625,2077,SM3 ZE[전기],CITY,0,,,,,0,0,,,,unavailable,observed_aggregate,Do not add maintenance_cost and detail_part_price unless Jejuro confirms whether cost already includes parts.
10626,1988,19년 뉴SM3 ZE[전기],CITY,0,,,,,0,0,,,,unavailable,observed_aggregate,Do not add maintenance_cost and detail_part_price unless Jejuro confirms whether cost already includes parts.
10627,2077,SM3 ZE[전기],CITY,0,,,,,0,0,,,,unavailable,observed_aggregate,Do not add maintenance_cost and detail_part_price unless Jejuro confirms whether cost already includes parts.
10628,1988,19년 뉴SM3 ZE[전기],CITY,0,,,,,0,0,,,,unavailable,observed_aggregate,Do not add maintenance_cost and detail_part_price unless Jejuro confirms whether cost already includes parts.
10629,2077,SM3 ZE[전기],CITY,0,,,,,0,0,,,,unavailable,observed_aggregate,Do not add maintenance_cost and detail_part_price unless Jejuro confirms whether cost already includes parts.
10630,1988,19년 뉴SM3 ZE[전기],CITY,0,,,,,0,0,,,,unavailable,observed_aggregate,Do not add maintenance_cost and detail_part_price unless Jejuro confirms whether cost already includes parts.
10631,2077,SM3 ZE[전기],CITY,0,,,,,0,0,,,,unavailable,observed_aggregate,Do not add maintenance_cost and detail_part_price unless Jejuro confirms whether cost already includes parts.
10632,1988,19년 뉴SM3 ZE[전기],CITY,0,,,,,0,0,,,,unavailable,observed_aggregate,Do not add maintenance_cost and detail_part_price unless Jejuro confirms whether cost already includes parts.
10633,2077,SM3 ZE[전기],CITY,0,,,,,0,0,,,,unavailable,observed_aggregate,Do not add maintenance_cost and detail_part_price unless Jejuro confirms whether cost already includes parts.
10634,1869,20년 K5(휘),MIDSIZE,0,,,,,0,0,,,,unavailable,observed_aggregate,Do not add maintenance_cost and detail_part_price unless Jejuro confirms whether cost already includes parts.
10635,2077,SM3 ZE[전기],CITY,0,,,,,0,0,,,,unavailable,observed_aggregate,Do not add maintenance_cost and detail_part_price unless Jejuro confirms whether cost already includes parts.
10636,2075,말리부[휘],CITY,0,,,,,0,0,,,,unavailable,observed_aggregate,Do not add maintenance_cost and detail_part_price unless Jejuro confirms whether cost already includes parts.
10637,2075,말리부[휘],CITY,0,,,,,0,0,,,,unavailable,observed_aggregate,Do not add maintenance_cost and detail_part_price unless Jejuro confirms whether cost already includes parts.
10638,2075,말리부[휘],CITY,0,,,,,0,0,,,,unavailable,observed_aggregate,Do not add maintenance_cost and detail_part_price unless Jejuro confirms whether cost already includes parts.
10639,1843,16/18년 올뉴카니발9인(경유),RV,0,,,,,0,0,,,,unavailable,observed_aggregate,Do not add maintenance_cost and detail_part_price unless Jejuro confirms whether cost already includes parts.
10640,1843,16/18년 올뉴카니발9인(경유),RV,0,,,,,0,0,,,,unavailable,observed_aggregate,Do not add maintenance_cost and detail_part_price unless Jejuro confirms whether cost already includes parts.
10641,1843,16/18년 올뉴카니발9인(경유),RV,0,,,,,0,0,,,,unavailable,observed_aggregate,Do not add maintenance_cost and detail_part_price unless Jejuro confirms whether cost already includes parts.
10642,1867,19년 베뉴(휘),SUV,0,,,,,0,0,,,,unavailable,observed_aggregate,Do not add maintenance_cost and detail_part_price unless Jejuro confirms whether cost already includes parts.
10643,2077,SM3 ZE[전기],CITY,0,,,,,0,0,,,,unavailable,observed_aggregate,Do not add maintenance_cost and detail_part_price unless Jejuro confirms whether cost already includes parts.
10644,1867,19년 베뉴(휘),SUV,0,,,,,0,0,,,,unavailable,observed_aggregate,Do not add maintenance_cost and detail_part_price unless Jejuro confirms whether cost already includes parts.
10645,2077,SM3 ZE[전기],CITY,0,,,,,0,0,,,,unavailable,observed_aggregate,Do not add maintenance_cost and detail_part_price unless Jejuro confirms whether cost already includes parts.
10646,1867,19년 베뉴(휘),SUV,0,,,,,0,0,,,,unavailable,observed_aggregate,Do not add maintenance_cost and detail_part_price unless Jejuro confirms whether cost already includes parts.
10647,2077,SM3 ZE[전기],CITY,0,,,,,0,0,,,,unavailable,observed_aggregate,Do not add maintenance_cost and detail_part_price unless Jejuro confirms whether cost already includes parts.
10648,1869,20년 K5(휘),MIDSIZE,0,,,,,0,0,,,,unavailable,observed_aggregate,Do not add maintenance_cost and detail_part_price unless Jejuro confirms whether cost already includes parts.
10649,2077,SM3 ZE[전기],CITY,0,,,,,0,0,,,,unavailable,observed_aggregate,Do not add maintenance_cost and detail_part_price unless Jejuro confirms whether cost already includes parts.
10650,2058,올란도7인[경유],CITY,0,,,,,0,0,,,,unavailable,observed_aggregate,Do not add maintenance_cost and detail_part_price unless Jejuro confirms whether cost already includes parts.
10651,2058,올란도7인[경유],CITY,0,,,,,0,0,,,,unavailable,observed_aggregate,Do not add maintenance_cost and detail_part_price unless Jejuro confirms whether cost already includes parts.
10652,1845,20년 SM6(휘),MIDSIZE,0,,,,,0,0,,,,unavailable,observed_aggregate,Do not add maintenance_cost and detail_part_price unless Jejuro confirms whether cost already includes parts.
10653,1845,20년 SM6(휘),MIDSIZE,0,,,,,0,0,,,,unavailable,observed_aggregate,Do not add maintenance_cost and detail_part_price unless Jejuro confirms whether cost already includes parts.
10654,2076,티볼리에어[경유],CITY,0,,,,,0,0,,,,unavailable,observed_aggregate,Do not add maintenance_cost and detail_part_price unless Jejuro confirms whether cost already includes parts.
10655,2076,티볼리에어[경유],CITY,0,,,,,0,0,,,,unavailable,observed_aggregate,Do not add maintenance_cost and detail_part_price unless Jejuro confirms whether cost already includes parts.
10656,2076,티볼리에어[경유],CITY,0,,,,,0,0,,,,unavailable,observed_aggregate,Do not add maintenance_cost and detail_part_price unless Jejuro confirms whether cost already includes parts.
10657,2043,16년 올뉴K7[휘],CITY,0,,,,,0,0,,,,unavailable,observed_aggregate,Do not add maintenance_cost and detail_part_price unless Jejuro confirms whether cost already includes parts.
10658,2043,16년 올뉴K7[휘],CITY,0,,,,,0,0,,,,unavailable,observed_aggregate,Do not add maintenance_cost and detail_part_price unless Jejuro confirms whether cost already includes parts.
10659,2043,16년 올뉴K7[휘],CITY,0,,,,,0,0,,,,unavailable,observed_aggregate,Do not add maintenance_cost and detail_part_price unless Jejuro confirms whether cost already includes parts.
10660,1866,20년 셀토스(휘),SUV,0,,,,,0,0,,,,unavailable,observed_aggregate,Do not add maintenance_cost and detail_part_price unless Jejuro confirms whether cost already includes parts.
10661,2053,그랜져HG2.4[휘],CITY,0,,,,,0,0,,,,unavailable,observed_aggregate,Do not add maintenance_cost and detail_part_price unless Jejuro confirms whether cost already includes parts.
10662,1987,19년 팰리세이드 8인승[경유],CITY,0,,,,,0,0,,,,unavailable,observed_aggregate,Do not add maintenance_cost and detail_part_price unless Jejuro confirms whether cost already includes parts.
10663,2053,그랜져HG2.4[휘],CITY,0,,,,,0,0,,,,unavailable,observed_aggregate,Do not add maintenance_cost and detail_part_price unless Jejuro confirms whether cost already includes parts.
10664,1987,19년 팰리세이드 8인승[경유],CITY,0,,,,,0,0,,,,unavailable,observed_aggregate,Do not add maintenance_cost and detail_part_price unless Jejuro confirms whether cost already includes parts.
10665,2053,그랜져HG2.4[휘],CITY,0,,,,,0,0,,,,unavailable,observed_aggregate,Do not add maintenance_cost and detail_part_price unless Jejuro confirms whether cost already includes parts.
10666,1868,20년 더 뉴 그랜저(휘),LUXURY,0,,,,,0,0,,,,unavailable,observed_aggregate,Do not add maintenance_cost and detail_part_price unless Jejuro confirms whether cost already includes parts.
10667,2071,그랜져HG3.0[LPG],CITY,0,,,,,0,0,,,,unavailable,observed_aggregate,Do not add maintenance_cost and detail_part_price unless Jejuro confirms whether cost already includes parts.
10668,1863,20년 쏘나타DN8(휘),MIDSIZE,0,,,,,0,0,,,,unavailable,observed_aggregate,Do not add maintenance_cost and detail_part_price unless Jejuro confirms whether cost already includes parts.
10669,2071,그랜져HG3.0[LPG],CITY,0,,,,,0,0,,,,unavailable,observed_aggregate,Do not add maintenance_cost and detail_part_price unless Jejuro confirms whether cost already includes parts.
10670,1863,20년 쏘나타DN8(휘),MIDSIZE,0,,,,,0,0,,,,unavailable,observed_aggregate,Do not add maintenance_cost and detail_part_price unless Jejuro confirms whether cost already includes parts.
10671,2071,그랜져HG3.0[LPG],CITY,0,,,,,0,0,,,,unavailable,observed_aggregate,Do not add maintenance_cost and detail_part_price unless Jejuro confirms whether cost already includes parts.
10672,1864,20년 쏘나타DN8(LPG),MIDSIZE,0,,,,,0,0,,,,unavailable,observed_aggregate,Do not add maintenance_cost and detail_part_price unless Jejuro confirms whether cost already includes parts.
10673,2038,LF소나타[LPG],CITY,0,,,,,0,0,,,,unavailable,observed_aggregate,Do not add maintenance_cost and detail_part_price unless Jejuro confirms whether cost already includes parts.
10674,2094,매각[LF소나타],CITY,0,,,,,0,0,,,,unavailable,observed_aggregate,Do not add maintenance_cost and detail_part_price unless Jejuro confirms whether cost already includes parts.
10675,1864,20년 쏘나타DN8(LPG),MIDSIZE,0,,,,,0,0,,,,unavailable,observed_aggregate,Do not add maintenance_cost and detail_part_price unless Jejuro confirms whether cost already includes parts.
10676,2038,LF소나타[LPG],CITY,0,,,,,0,0,,,,unavailable,observed_aggregate,Do not add maintenance_cost and detail_part_price unless Jejuro confirms whether cost already includes parts.
10677,2094,매각[LF소나타],CITY,0,,,,,0,0,,,,unavailable,observed_aggregate,Do not add maintenance_cost and detail_part_price unless Jejuro confirms whether cost already includes parts.
10678,1864,20년 쏘나타DN8(LPG),MIDSIZE,0,,,,,0,0,,,,unavailable,observed_aggregate,Do not add maintenance_cost and detail_part_price unless Jejuro confirms whether cost already includes parts.
10679,2038,LF소나타[LPG],CITY,0,,,,,0,0,,,,unavailable,observed_aggregate,Do not add maintenance_cost and detail_part_price unless Jejuro confirms whether cost already includes parts.
10680,2094,매각[LF소나타],CITY,0,,,,,0,0,,,,unavailable,observed_aggregate,Do not add maintenance_cost and detail_part_price unless Jejuro confirms whether cost already includes parts.
10681,2038,LF소나타[LPG],CITY,0,,,,,0,0,,,,unavailable,observed_aggregate,Do not add maintenance_cost and detail_part_price unless Jejuro confirms whether cost already includes parts.
10682,2094,매각[LF소나타],CITY,0,,,,,0,0,,,,unavailable,observed_aggregate,Do not add maintenance_cost and detail_part_price unless Jejuro confirms whether cost already includes parts.
10683,1851,19년 엑센트(휘),URBAN,0,,,,,0,0,,,,unavailable,observed_aggregate,Do not add maintenance_cost and detail_part_price unless Jejuro confirms whether cost already includes parts.
10684,2098,2019 뉴엑센트[휘],CITY,0,,,,,0,0,,,,unavailable,observed_aggregate,Do not add maintenance_cost and detail_part_price unless Jejuro confirms whether cost already includes parts.
10685,2038,LF소나타[LPG],CITY,0,,,,,0,0,,,,unavailable,observed_aggregate,Do not add maintenance_cost and detail_part_price unless Jejuro confirms whether cost already includes parts.
10686,2094,매각[LF소나타],CITY,0,,,,,0,0,,,,unavailable,observed_aggregate,Do not add maintenance_cost and detail_part_price unless Jejuro confirms whether cost already includes parts.
10687,1851,19년 엑센트(휘),URBAN,0,,,,,0,0,,,,unavailable,observed_aggregate,Do not add maintenance_cost and detail_part_price unless Jejuro confirms whether cost already includes parts.
10688,2098,2019 뉴엑센트[휘],CITY,0,,,,,0,0,,,,unavailable,observed_aggregate,Do not add maintenance_cost and detail_part_price unless Jejuro confirms whether cost already includes parts.
10689,2038,LF소나타[LPG],CITY,0,,,,,0,0,,,,unavailable,observed_aggregate,Do not add maintenance_cost and detail_part_price unless Jejuro confirms whether cost already includes parts.
10690,2094,매각[LF소나타],CITY,0,,,,,0,0,,,,unavailable,observed_aggregate,Do not add maintenance_cost and detail_part_price unless Jejuro confirms whether cost already includes parts.
10691,1851,19년 엑센트(휘),URBAN,0,,,,,0,0,,,,unavailable,observed_aggregate,Do not add maintenance_cost and detail_part_price unless Jejuro confirms whether cost already includes parts.
10692,2098,2019 뉴엑센트[휘],CITY,0,,,,,0,0,,,,unavailable,observed_aggregate,Do not add maintenance_cost and detail_part_price unless Jejuro confirms whether cost already includes parts.
10693,2038,LF소나타[LPG],CITY,0,,,,,0,0,,,,unavailable,observed_aggregate,Do not add maintenance_cost and detail_part_price unless Jejuro confirms whether cost already includes parts.
10694,2094,매각[LF소나타],CITY,0,,,,,0,0,,,,unavailable,observed_aggregate,Do not add maintenance_cost and detail_part_price unless Jejuro confirms whether cost already includes parts.
10695,2038,LF소나타[LPG],CITY,0,,,,,0,0,,,,unavailable,observed_aggregate,Do not add maintenance_cost and detail_part_price unless Jejuro confirms whether cost already includes parts.
10696,2094,매각[LF소나타],CITY,0,,,,,0,0,,,,unavailable,observed_aggregate,Do not add maintenance_cost and detail_part_price unless Jejuro confirms whether cost already includes parts.
10697,2038,LF소나타[LPG],CITY,0,,,,,0,0,,,,unavailable,observed_aggregate,Do not add maintenance_cost and detail_part_price unless Jejuro confirms whether cost already includes parts.
10698,2094,매각[LF소나타],CITY,0,,,,,0,0,,,,unavailable,observed_aggregate,Do not add maintenance_cost and detail_part_price unless Jejuro confirms whether cost already includes parts.
10699,2038,LF소나타[LPG],CITY,0,,,,,0,0,,,,unavailable,observed_aggregate,Do not add maintenance_cost and detail_part_price unless Jejuro confirms whether cost already includes parts.
10700,2094,매각[LF소나타],CITY,0,,,,,0,0,,,,unavailable,observed_aggregate,Do not add maintenance_cost and detail_part_price unless Jejuro confirms whether cost already includes parts.
10701,2038,LF소나타[LPG],CITY,0,,,,,0,0,,,,unavailable,observed_aggregate,Do not add maintenance_cost and detail_part_price unless Jejuro confirms whether cost already includes parts.
10702,2038,LF소나타[LPG],CITY,0,,,,,0,0,,,,unavailable,observed_aggregate,Do not add maintenance_cost and detail_part_price unless Jejuro confirms whether cost already includes parts.
10703,2038,LF소나타[LPG],CITY,0,,,,,0,0,,,,unavailable,observed_aggregate,Do not add maintenance_cost and detail_part_price unless Jejuro confirms whether cost already includes parts.
10704,2059,아반떼MD[휘],CITY,0,,,,,0,0,,,,unavailable,observed_aggregate,Do not add maintenance_cost and detail_part_price unless Jejuro confirms whether cost already includes parts.
10705,2059,아반떼MD[휘],CITY,0,,,,,0,0,,,,unavailable,observed_aggregate,Do not add maintenance_cost and detail_part_price unless Jejuro confirms whether cost already includes parts.
10706,2059,아반떼MD[휘],CITY,0,,,,,0,0,,,,unavailable,observed_aggregate,Do not add maintenance_cost and detail_part_price unless Jejuro confirms whether cost already includes parts.
10707,2059,아반떼MD[휘],CITY,0,,,,,0,0,,,,unavailable,observed_aggregate,Do not add maintenance_cost and detail_part_price unless Jejuro confirms whether cost already includes parts.
10708,2059,아반떼MD[휘],CITY,0,,,,,0,0,,,,unavailable,observed_aggregate,Do not add maintenance_cost and detail_part_price unless Jejuro confirms whether cost already includes parts.
10709,1845,20년 SM6(휘),MIDSIZE,0,,,,,0,0,,,,unavailable,observed_aggregate,Do not add maintenance_cost and detail_part_price unless Jejuro confirms whether cost already includes parts.
10710,2055,아반떼MD[LPG],CITY,0,,,,,0,0,,,,unavailable,observed_aggregate,Do not add maintenance_cost and detail_part_price unless Jejuro confirms whether cost already includes parts.
10711,2055,아반떼MD[LPG],CITY,0,,,,,0,0,,,,unavailable,observed_aggregate,Do not add maintenance_cost and detail_part_price unless Jejuro confirms whether cost already includes parts.
10712,2055,아반떼MD[LPG],CITY,0,,,,,0,0,,,,unavailable,observed_aggregate,Do not add maintenance_cost and detail_part_price unless Jejuro confirms whether cost already includes parts.
10713,2055,아반떼MD[LPG],CITY,0,,,,,0,0,,,,unavailable,observed_aggregate,Do not add maintenance_cost and detail_part_price unless Jejuro confirms whether cost already includes parts.
10714,2055,아반떼MD[LPG],CITY,0,,,,,0,0,,,,unavailable,observed_aggregate,Do not add maintenance_cost and detail_part_price unless Jejuro confirms whether cost already includes parts.
10715,1868,20년 더 뉴 그랜저(휘),LUXURY,0,,,,,0,0,,,,unavailable,observed_aggregate,Do not add maintenance_cost and detail_part_price unless Jejuro confirms whether cost already includes parts.
10716,2055,아반떼MD[LPG],CITY,0,,,,,0,0,,,,unavailable,observed_aggregate,Do not add maintenance_cost and detail_part_price unless Jejuro confirms whether cost already includes parts.
10717,2055,아반떼MD[LPG],CITY,0,,,,,0,0,,,,unavailable,observed_aggregate,Do not add maintenance_cost and detail_part_price unless Jejuro confirms whether cost already includes parts.
10718,2055,아반떼MD[LPG],CITY,0,,,,,0,0,,,,unavailable,observed_aggregate,Do not add maintenance_cost and detail_part_price unless Jejuro confirms whether cost already includes parts.
10719,2055,아반떼MD[LPG],CITY,0,,,,,0,0,,,,unavailable,observed_aggregate,Do not add maintenance_cost and detail_part_price unless Jejuro confirms whether cost already includes parts.
10720,2055,아반떼MD[LPG],CITY,0,,,,,0,0,,,,unavailable,observed_aggregate,Do not add maintenance_cost and detail_part_price unless Jejuro confirms whether cost already includes parts.
10721,2057,엑센트[휘],CITY,0,,,,,0,0,,,,unavailable,observed_aggregate,Do not add maintenance_cost and detail_part_price unless Jejuro confirms whether cost already includes parts.
10722,2057,엑센트[휘],CITY,0,,,,,0,0,,,,unavailable,observed_aggregate,Do not add maintenance_cost and detail_part_price unless Jejuro confirms whether cost already includes parts.
10723,2057,엑센트[휘],CITY,0,,,,,0,0,,,,unavailable,observed_aggregate,Do not add maintenance_cost and detail_part_price unless Jejuro confirms whether cost already includes parts.
10724,2057,엑센트[휘],CITY,0,,,,,0,0,,,,unavailable,observed_aggregate,Do not add maintenance_cost and detail_part_price unless Jejuro confirms whether cost already includes parts.
10725,2057,엑센트[휘],CITY,0,,,,,0,0,,,,unavailable,observed_aggregate,Do not add maintenance_cost and detail_part_price unless Jejuro confirms whether cost already includes parts.
10726,2072,뉴싼타페DM7인[경유],CITY,0,,,,,0,0,,,,unavailable,observed_aggregate,Do not add maintenance_cost and detail_part_price unless Jejuro confirms whether cost already includes parts.
10727,2072,뉴싼타페DM7인[경유],CITY,0,,,,,0,0,,,,unavailable,observed_aggregate,Do not add maintenance_cost and detail_part_price unless Jejuro confirms whether cost already includes parts.
10728,2072,뉴싼타페DM7인[경유],CITY,0,,,,,0,0,,,,unavailable,observed_aggregate,Do not add maintenance_cost and detail_part_price unless Jejuro confirms whether cost already includes parts.
10729,2052,뉴K5[LPG],CITY,0,,,,,0,0,,,,unavailable,observed_aggregate,Do not add maintenance_cost and detail_part_price unless Jejuro confirms whether cost already includes parts.
10730,2093,매각[뉴K5],CITY,0,,,,,0,0,,,,unavailable,observed_aggregate,Do not add maintenance_cost and detail_part_price unless Jejuro confirms whether cost already includes parts.
10731,1851,19년 엑센트(휘),URBAN,0,,,,,0,0,,,,unavailable,observed_aggregate,Do not add maintenance_cost and detail_part_price unless Jejuro confirms whether cost already includes parts.
10732,2052,뉴K5[LPG],CITY,0,,,,,0,0,,,,unavailable,observed_aggregate,Do not add maintenance_cost and detail_part_price unless Jejuro confirms whether cost already includes parts.
10733,2093,매각[뉴K5],CITY,0,,,,,0,0,,,,unavailable,observed_aggregate,Do not add maintenance_cost and detail_part_price unless Jejuro confirms whether cost already includes parts.
10734,1851,19년 엑센트(휘),URBAN,0,,,,,0,0,,,,unavailable,observed_aggregate,Do not add maintenance_cost and detail_part_price unless Jejuro confirms whether cost already includes parts.
10735,2052,뉴K5[LPG],CITY,0,,,,,0,0,,,,unavailable,observed_aggregate,Do not add maintenance_cost and detail_part_price unless Jejuro confirms whether cost already includes parts.
10736,2093,매각[뉴K5],CITY,0,,,,,0,0,,,,unavailable,observed_aggregate,Do not add maintenance_cost and detail_part_price unless Jejuro confirms whether cost already includes parts.
10737,1865,19년 더뉴 아반떼(휘),COMPACT,0,,,,,0,0,,,,unavailable,observed_aggregate,Do not add maintenance_cost and detail_part_price unless Jejuro confirms whether cost already includes parts.
10738,2052,뉴K5[LPG],CITY,0,,,,,0,0,,,,unavailable,observed_aggregate,Do not add maintenance_cost and detail_part_price unless Jejuro confirms whether cost already includes parts.
10739,2093,매각[뉴K5],CITY,0,,,,,0,0,,,,unavailable,observed_aggregate,Do not add maintenance_cost and detail_part_price unless Jejuro confirms whether cost already includes parts.
10740,1865,19년 더뉴 아반떼(휘),COMPACT,0,,,,,0,0,,,,unavailable,observed_aggregate,Do not add maintenance_cost and detail_part_price unless Jejuro confirms whether cost already includes parts.
10741,2052,뉴K5[LPG],CITY,0,,,,,0,0,,,,unavailable,observed_aggregate,Do not add maintenance_cost and detail_part_price unless Jejuro confirms whether cost already includes parts.
10742,2093,매각[뉴K5],CITY,0,,,,,0,0,,,,unavailable,observed_aggregate,Do not add maintenance_cost and detail_part_price unless Jejuro confirms whether cost already includes parts.
10743,1865,19년 더뉴 아반떼(휘),COMPACT,0,,,,,0,0,,,,unavailable,observed_aggregate,Do not add maintenance_cost and detail_part_price unless Jejuro confirms whether cost already includes parts.
10744,2052,뉴K5[LPG],CITY,0,,,,,0,0,,,,unavailable,observed_aggregate,Do not add maintenance_cost and detail_part_price unless Jejuro confirms whether cost already includes parts.
10745,2093,매각[뉴K5],CITY,0,,,,,0,0,,,,unavailable,observed_aggregate,Do not add maintenance_cost and detail_part_price unless Jejuro confirms whether cost already includes parts.
10746,2052,뉴K5[LPG],CITY,0,,,,,0,0,,,,unavailable,observed_aggregate,Do not add maintenance_cost and detail_part_price unless Jejuro confirms whether cost already includes parts.
10747,2093,매각[뉴K5],CITY,0,,,,,0,0,,,,unavailable,observed_aggregate,Do not add maintenance_cost and detail_part_price unless Jejuro confirms whether cost already includes parts.
10748,2052,뉴K5[LPG],CITY,0,,,,,0,0,,,,unavailable,observed_aggregate,Do not add maintenance_cost and detail_part_price unless Jejuro confirms whether cost already includes parts.
10749,2093,매각[뉴K5],CITY,0,,,,,0,0,,,,unavailable,observed_aggregate,Do not add maintenance_cost and detail_part_price unless Jejuro confirms whether cost already includes parts.
10750,2052,뉴K5[LPG],CITY,0,,,,,0,0,,,,unavailable,observed_aggregate,Do not add maintenance_cost and detail_part_price unless Jejuro confirms whether cost already includes parts.
10751,2093,매각[뉴K5],CITY,0,,,,,0,0,,,,unavailable,observed_aggregate,Do not add maintenance_cost and detail_part_price unless Jejuro confirms whether cost already includes parts.
10752,2052,뉴K5[LPG],CITY,0,,,,,0,0,,,,unavailable,observed_aggregate,Do not add maintenance_cost and detail_part_price unless Jejuro confirms whether cost already includes parts.
10753,2093,매각[뉴K5],CITY,0,,,,,0,0,,,,unavailable,observed_aggregate,Do not add maintenance_cost and detail_part_price unless Jejuro confirms whether cost already includes parts.
10754,2052,뉴K5[LPG],CITY,0,,,,,0,0,,,,unavailable,observed_aggregate,Do not add maintenance_cost and detail_part_price unless Jejuro confirms whether cost already includes parts.
10755,2052,뉴K5[LPG],CITY,0,,,,,0,0,,,,unavailable,observed_aggregate,Do not add maintenance_cost and detail_part_price unless Jejuro confirms whether cost already includes parts.
10756,2052,뉴K5[LPG],CITY,0,,,,,0,0,,,,unavailable,observed_aggregate,Do not add maintenance_cost and detail_part_price unless Jejuro confirms whether cost already includes parts.
10757,2052,뉴K5[LPG],CITY,0,,,,,0,0,,,,unavailable,observed_aggregate,Do not add maintenance_cost and detail_part_price unless Jejuro confirms whether cost already includes parts.
10758,2052,뉴K5[LPG],CITY,0,,,,,0,0,,,,unavailable,observed_aggregate,Do not add maintenance_cost and detail_part_price unless Jejuro confirms whether cost already includes parts.
10759,2052,뉴K5[LPG],CITY,0,,,,,0,0,,,,unavailable,observed_aggregate,Do not add maintenance_cost and detail_part_price unless Jejuro confirms whether cost already includes parts.
10760,2052,뉴K5[LPG],CITY,0,,,,,0,0,,,,unavailable,observed_aggregate,Do not add maintenance_cost and detail_part_price unless Jejuro confirms whether cost already includes parts.
10761,2052,뉴K5[LPG],CITY,0,,,,,0,0,,,,unavailable,observed_aggregate,Do not add maintenance_cost and detail_part_price unless Jejuro confirms whether cost already includes parts.
10762,2052,뉴K5[LPG],CITY,0,,,,,0,0,,,,unavailable,observed_aggregate,Do not add maintenance_cost and detail_part_price unless Jejuro confirms whether cost already includes parts.
10763,2052,뉴K5[LPG],CITY,0,,,,,0,0,,,,unavailable,observed_aggregate,Do not add maintenance_cost and detail_part_price unless Jejuro confirms whether cost already includes parts.
10764,2051,K3[휘],CITY,0,,,,,0,0,,,,unavailable,observed_aggregate,Do not add maintenance_cost and detail_part_price unless Jejuro confirms whether cost already includes parts.
10765,2084,2019 QM6 5인(4WD/썬루프)[경유],CITY,0,,,,,0,0,,,,unavailable,observed_aggregate,Do not add maintenance_cost and detail_part_price unless Jejuro confirms whether cost already includes parts.
10766,2051,K3[휘],CITY,0,,,,,0,0,,,,unavailable,observed_aggregate,Do not add maintenance_cost and detail_part_price unless Jejuro confirms whether cost already includes parts.
10767,2084,2019 QM6 5인(4WD/썬루프)[경유],CITY,0,,,,,0,0,,,,unavailable,observed_aggregate,Do not add maintenance_cost and detail_part_price unless Jejuro confirms whether cost already includes parts.
10768,2051,K3[휘],CITY,0,,,,,0,0,,,,unavailable,observed_aggregate,Do not add maintenance_cost and detail_part_price unless Jejuro confirms whether cost already includes parts.
10769,2084,2019 QM6 5인(4WD/썬루프)[경유],CITY,0,,,,,0,0,,,,unavailable,observed_aggregate,Do not add maintenance_cost and detail_part_price unless Jejuro confirms whether cost already includes parts.
10770,2051,K3[휘],CITY,0,,,,,0,0,,,,unavailable,observed_aggregate,Do not add maintenance_cost and detail_part_price unless Jejuro confirms whether cost already includes parts.
10771,1979,17~19년 그랜져IG[LPG],CITY,0,,,,,0,0,,,,unavailable,observed_aggregate,Do not add maintenance_cost and detail_part_price unless Jejuro confirms whether cost already includes parts.
10772,2051,K3[휘],CITY,0,,,,,0,0,,,,unavailable,observed_aggregate,Do not add maintenance_cost and detail_part_price unless Jejuro confirms whether cost already includes parts.
10773,1979,17~19년 그랜져IG[LPG],CITY,0,,,,,0,0,,,,unavailable,observed_aggregate,Do not add maintenance_cost and detail_part_price unless Jejuro confirms whether cost already includes parts.
10774,2051,K3[휘],CITY,0,,,,,0,0,,,,unavailable,observed_aggregate,Do not add maintenance_cost and detail_part_price unless Jejuro confirms whether cost already includes parts.
10775,2097,2019그랜드스타렉스하이리무진6인[경유],CITY,0,,,,,0,0,,,,unavailable,observed_aggregate,Do not add maintenance_cost and detail_part_price unless Jejuro confirms whether cost already includes parts.
10776,2051,K3[휘],CITY,0,,,,,0,0,,,,unavailable,observed_aggregate,Do not add maintenance_cost and detail_part_price unless Jejuro confirms whether cost already includes parts.
10777,2051,K3[휘],CITY,0,,,,,0,0,,,,unavailable,observed_aggregate,Do not add maintenance_cost and detail_part_price unless Jejuro confirms whether cost already includes parts.
10778,2051,K3[휘],CITY,0,,,,,0,0,,,,unavailable,observed_aggregate,Do not add maintenance_cost and detail_part_price unless Jejuro confirms whether cost already includes parts.
10779,2051,K3[휘],CITY,0,,,,,0,0,,,,unavailable,observed_aggregate,Do not add maintenance_cost and detail_part_price unless Jejuro confirms whether cost already includes parts.
10780,2074,레이[휘],CITY,0,,,,,0,0,,,,unavailable,observed_aggregate,Do not add maintenance_cost and detail_part_price unless Jejuro confirms whether cost already includes parts.
10781,2074,레이[휘],CITY,0,,,,,0,0,,,,unavailable,observed_aggregate,Do not add maintenance_cost and detail_part_price unless Jejuro confirms whether cost already includes parts.
10782,2074,레이[휘],CITY,0,,,,,0,0,,,,unavailable,observed_aggregate,Do not add maintenance_cost and detail_part_price unless Jejuro confirms whether cost already includes parts.
10783,2074,레이[휘],CITY,0,,,,,0,0,,,,unavailable,observed_aggregate,Do not add maintenance_cost and detail_part_price unless Jejuro confirms whether cost already includes parts.
10784,1986,2019 더뉴K5[LPG],CITY,0,,,,,0,0,,,,unavailable,observed_aggregate,Do not add maintenance_cost and detail_part_price unless Jejuro confirms whether cost already includes parts.
10785,2050,올뉴모닝[휘],CITY,0,,,,,0,0,,,,unavailable,observed_aggregate,Do not add maintenance_cost and detail_part_price unless Jejuro confirms whether cost already includes parts.
10786,1986,2019 더뉴K5[LPG],CITY,0,,,,,0,0,,,,unavailable,observed_aggregate,Do not add maintenance_cost and detail_part_price unless Jejuro confirms whether cost already includes parts.
10787,2050,올뉴모닝[휘],CITY,0,,,,,0,0,,,,unavailable,observed_aggregate,Do not add maintenance_cost and detail_part_price unless Jejuro confirms whether cost already includes parts.
10788,1986,2019 더뉴K5[LPG],CITY,0,,,,,0,0,,,,unavailable,observed_aggregate,Do not add maintenance_cost and detail_part_price unless Jejuro confirms whether cost already includes parts.
10789,2050,올뉴모닝[휘],CITY,0,,,,,0,0,,,,unavailable,observed_aggregate,Do not add maintenance_cost and detail_part_price unless Jejuro confirms whether cost already includes parts.
10790,1857,19년 쏘울 부스터(휘),COMPACT,0,,,,,0,0,,,,unavailable,observed_aggregate,Do not add maintenance_cost and detail_part_price unless Jejuro confirms whether cost already includes parts.
10791,2050,올뉴모닝[휘],CITY,0,,,,,0,0,,,,unavailable,observed_aggregate,Do not add maintenance_cost and detail_part_price unless Jejuro confirms whether cost already includes parts.
10792,1857,19년 쏘울 부스터(휘),COMPACT,0,,,,,0,0,,,,unavailable,observed_aggregate,Do not add maintenance_cost and detail_part_price unless Jejuro confirms whether cost already includes parts.
10793,2050,올뉴모닝[휘],CITY,0,,,,,0,0,,,,unavailable,observed_aggregate,Do not add maintenance_cost and detail_part_price unless Jejuro confirms whether cost already includes parts.
10794,1857,19년 쏘울 부스터(휘),COMPACT,0,,,,,0,0,,,,unavailable,observed_aggregate,Do not add maintenance_cost and detail_part_price unless Jejuro confirms whether cost already includes parts.
10795,2050,올뉴모닝[휘],CITY,0,,,,,0,0,,,,unavailable,observed_aggregate,Do not add maintenance_cost and detail_part_price unless Jejuro confirms whether cost already includes parts.
10796,2074,레이[휘],CITY,0,,,,,0,0,,,,unavailable,observed_aggregate,Do not add maintenance_cost and detail_part_price unless Jejuro confirms whether cost already includes parts.
10797,2078,뉴SM3 네오[휘],CITY,0,,,,,0,0,,,,unavailable,observed_aggregate,Do not add maintenance_cost and detail_part_price unless Jejuro confirms whether cost already includes parts.
10798,1845,20년 SM6(휘),MIDSIZE,0,,,,,0,0,,,,unavailable,observed_aggregate,Do not add maintenance_cost and detail_part_price unless Jejuro confirms whether cost already includes parts.
10799,2078,뉴SM3 네오[휘],CITY,0,,,,,0,0,,,,unavailable,observed_aggregate,Do not add maintenance_cost and detail_part_price unless Jejuro confirms whether cost already includes parts.
10800,1873,20년 K5(LPG),MIDSIZE,0,,,,,0,0,,,,unavailable,observed_aggregate,Do not add maintenance_cost and detail_part_price unless Jejuro confirms whether cost already includes parts.
10801,2070,스파크[휘],CITY,0,,,,,0,0,,,,unavailable,observed_aggregate,Do not add maintenance_cost and detail_part_price unless Jejuro confirms whether cost already includes parts.
10802,1873,20년 K5(LPG),MIDSIZE,0,,,,,0,0,,,,unavailable,observed_aggregate,Do not add maintenance_cost and detail_part_price unless Jejuro confirms whether cost already includes parts.
10803,2070,스파크[휘],CITY,0,,,,,0,0,,,,unavailable,observed_aggregate,Do not add maintenance_cost and detail_part_price unless Jejuro confirms whether cost already includes parts.
10804,1873,20년 K5(LPG),MIDSIZE,0,,,,,0,0,,,,unavailable,observed_aggregate,Do not add maintenance_cost and detail_part_price unless Jejuro confirms whether cost already includes parts.
10805,2070,스파크[휘],CITY,0,,,,,0,0,,,,unavailable,observed_aggregate,Do not add maintenance_cost and detail_part_price unless Jejuro confirms whether cost already includes parts.
10806,1873,20년 K5(LPG),MIDSIZE,0,,,,,0,0,,,,unavailable,observed_aggregate,Do not add maintenance_cost and detail_part_price unless Jejuro confirms whether cost already includes parts.
10807,2070,스파크[휘],CITY,0,,,,,0,0,,,,unavailable,observed_aggregate,Do not add maintenance_cost and detail_part_price unless Jejuro confirms whether cost already includes parts.
10808,1873,20년 K5(LPG),MIDSIZE,0,,,,,0,0,,,,unavailable,observed_aggregate,Do not add maintenance_cost and detail_part_price unless Jejuro confirms whether cost already includes parts.
10809,2070,스파크[휘],CITY,0,,,,,0,0,,,,unavailable,observed_aggregate,Do not add maintenance_cost and detail_part_price unless Jejuro confirms whether cost already includes parts.
10810,2058,올란도7인[경유],CITY,0,,,,,0,0,,,,unavailable,observed_aggregate,Do not add maintenance_cost and detail_part_price unless Jejuro confirms whether cost already includes parts.
10811,2058,올란도7인[경유],CITY,0,,,,,0,0,,,,unavailable,observed_aggregate,Do not add maintenance_cost and detail_part_price unless Jejuro confirms whether cost already includes parts.
10812,2058,올란도7인[경유],CITY,0,,,,,0,0,,,,unavailable,observed_aggregate,Do not add maintenance_cost and detail_part_price unless Jejuro confirms whether cost already includes parts.
10813,2054,코란도투리스모9인[경유],CITY,0,,,,,0,0,,,,unavailable,observed_aggregate,Do not add maintenance_cost and detail_part_price unless Jejuro confirms whether cost already includes parts.
10814,2054,코란도투리스모9인[경유],CITY,0,,,,,0,0,,,,unavailable,observed_aggregate,Do not add maintenance_cost and detail_part_price unless Jejuro confirms whether cost already includes parts.
10815,2054,코란도투리스모9인[경유],CITY,0,,,,,0,0,,,,unavailable,observed_aggregate,Do not add maintenance_cost and detail_part_price unless Jejuro confirms whether cost already includes parts.
10816,2054,코란도투리스모9인[경유],CITY,0,,,,,0,0,,,,unavailable,observed_aggregate,Do not add maintenance_cost and detail_part_price unless Jejuro confirms whether cost already includes parts.
10817,2054,코란도투리스모9인[경유],CITY,0,,,,,0,0,,,,unavailable,observed_aggregate,Do not add maintenance_cost and detail_part_price unless Jejuro confirms whether cost already includes parts.
10818,2053,그랜져HG2.4[휘],CITY,0,,,,,0,0,,,,unavailable,observed_aggregate,Do not add maintenance_cost and detail_part_price unless Jejuro confirms whether cost already includes parts.
10819,2053,그랜져HG2.4[휘],CITY,0,,,,,0,0,,,,unavailable,observed_aggregate,Do not add maintenance_cost and detail_part_price unless Jejuro confirms whether cost already includes parts.
10820,2053,그랜져HG2.4[휘],CITY,0,,,,,0,0,,,,unavailable,observed_aggregate,Do not add maintenance_cost and detail_part_price unless Jejuro confirms whether cost already includes parts.
10821,2050,올뉴모닝[휘],CITY,0,,,,,0,0,,,,unavailable,observed_aggregate,Do not add maintenance_cost and detail_part_price unless Jejuro confirms whether cost already includes parts.
10822,2050,올뉴모닝[휘],CITY,0,,,,,0,0,,,,unavailable,observed_aggregate,Do not add maintenance_cost and detail_part_price unless Jejuro confirms whether cost already includes parts.
10823,2050,올뉴모닝[휘],CITY,0,,,,,0,0,,,,unavailable,observed_aggregate,Do not add maintenance_cost and detail_part_price unless Jejuro confirms whether cost already includes parts.
10824,2050,올뉴모닝[휘],CITY,0,,,,,0,0,,,,unavailable,observed_aggregate,Do not add maintenance_cost and detail_part_price unless Jejuro confirms whether cost already includes parts.
10825,2050,올뉴모닝[휘],CITY,0,,,,,0,0,,,,unavailable,observed_aggregate,Do not add maintenance_cost and detail_part_price unless Jejuro confirms whether cost already includes parts.
10826,2050,올뉴모닝[휘],CITY,0,,,,,0,0,,,,unavailable,observed_aggregate,Do not add maintenance_cost and detail_part_price unless Jejuro confirms whether cost already includes parts.
10827,1988,19년 뉴SM3 ZE[전기],CITY,0,,,,,0,0,,,,unavailable,observed_aggregate,Do not add maintenance_cost and detail_part_price unless Jejuro confirms whether cost already includes parts.
10828,2074,레이[휘],CITY,0,,,,,0,0,,,,unavailable,observed_aggregate,Do not add maintenance_cost and detail_part_price unless Jejuro confirms whether cost already includes parts.
10829,2087,매각[레이],CITY,0,,,,,0,0,,,,unavailable,observed_aggregate,Do not add maintenance_cost and detail_part_price unless Jejuro confirms whether cost already includes parts.
10830,1988,19년 뉴SM3 ZE[전기],CITY,0,,,,,0,0,,,,unavailable,observed_aggregate,Do not add maintenance_cost and detail_part_price unless Jejuro confirms whether cost already includes parts.
10831,2074,레이[휘],CITY,0,,,,,0,0,,,,unavailable,observed_aggregate,Do not add maintenance_cost and detail_part_price unless Jejuro confirms whether cost already includes parts.
10832,2087,매각[레이],CITY,0,,,,,0,0,,,,unavailable,observed_aggregate,Do not add maintenance_cost and detail_part_price unless Jejuro confirms whether cost already includes parts.
10833,1988,19년 뉴SM3 ZE[전기],CITY,0,,,,,0,0,,,,unavailable,observed_aggregate,Do not add maintenance_cost and detail_part_price unless Jejuro confirms whether cost already includes parts.
10834,2074,레이[휘],CITY,0,,,,,0,0,,,,unavailable,observed_aggregate,Do not add maintenance_cost and detail_part_price unless Jejuro confirms whether cost already includes parts.
10835,1988,19년 뉴SM3 ZE[전기],CITY,0,,,,,0,0,,,,unavailable,observed_aggregate,Do not add maintenance_cost and detail_part_price unless Jejuro confirms whether cost already includes parts.
10836,2074,레이[휘],CITY,0,,,,,0,0,,,,unavailable,observed_aggregate,Do not add maintenance_cost and detail_part_price unless Jejuro confirms whether cost already includes parts.
10837,1988,19년 뉴SM3 ZE[전기],CITY,0,,,,,0,0,,,,unavailable,observed_aggregate,Do not add maintenance_cost and detail_part_price unless Jejuro confirms whether cost already includes parts.
10838,2074,레이[휘],CITY,0,,,,,0,0,,,,unavailable,observed_aggregate,Do not add maintenance_cost and detail_part_price unless Jejuro confirms whether cost already includes parts.
10839,1988,19년 뉴SM3 ZE[전기],CITY,0,,,,,0,0,,,,unavailable,observed_aggregate,Do not add maintenance_cost and detail_part_price unless Jejuro confirms whether cost already includes parts.
10840,2074,레이[휘],CITY,0,,,,,0,0,,,,unavailable,observed_aggregate,Do not add maintenance_cost and detail_part_price unless Jejuro confirms whether cost already includes parts.
10841,2057,엑센트[휘],CITY,0,,,,,0,0,,,,unavailable,observed_aggregate,Do not add maintenance_cost and detail_part_price unless Jejuro confirms whether cost already includes parts.
10842,1851,19년 엑센트(휘),URBAN,0,,,,,0,0,,,,unavailable,observed_aggregate,Do not add maintenance_cost and detail_part_price unless Jejuro confirms whether cost already includes parts.
10843,1851,19년 엑센트(휘),URBAN,0,,,,,0,0,,,,unavailable,observed_aggregate,Do not add maintenance_cost and detail_part_price unless Jejuro confirms whether cost already includes parts.
10844,1851,19년 엑센트(휘),URBAN,0,,,,,0,0,,,,unavailable,observed_aggregate,Do not add maintenance_cost and detail_part_price unless Jejuro confirms whether cost already includes parts.
10845,2057,엑센트[휘],CITY,0,,,,,0,0,,,,unavailable,observed_aggregate,Do not add maintenance_cost and detail_part_price unless Jejuro confirms whether cost already includes parts.
10846,1851,19년 엑센트(휘),URBAN,0,,,,,0,0,,,,unavailable,observed_aggregate,Do not add maintenance_cost and detail_part_price unless Jejuro confirms whether cost already includes parts.
10847,1988,19년 뉴SM3 ZE[전기],CITY,0,,,,,0,0,,,,unavailable,observed_aggregate,Do not add maintenance_cost and detail_part_price unless Jejuro confirms whether cost already includes parts.
10848,2057,엑센트[휘],CITY,0,,,,,0,0,,,,unavailable,observed_aggregate,Do not add maintenance_cost and detail_part_price unless Jejuro confirms whether cost already includes parts.
10849,2059,아반떼MD[휘],CITY,0,,,,,0,0,,,,unavailable,observed_aggregate,Do not add maintenance_cost and detail_part_price unless Jejuro confirms whether cost already includes parts.
10850,2059,아반떼MD[휘],CITY,0,,,,,0,0,,,,unavailable,observed_aggregate,Do not add maintenance_cost and detail_part_price unless Jejuro confirms whether cost already includes parts.
10851,2059,아반떼MD[휘],CITY,0,,,,,0,0,,,,unavailable,observed_aggregate,Do not add maintenance_cost and detail_part_price unless Jejuro confirms whether cost already includes parts.
10852,2059,아반떼MD[휘],CITY,0,,,,,0,0,,,,unavailable,observed_aggregate,Do not add maintenance_cost and detail_part_price unless Jejuro confirms whether cost already includes parts.
10853,2059,아반떼MD[휘],CITY,0,,,,,0,0,,,,unavailable,observed_aggregate,Do not add maintenance_cost and detail_part_price unless Jejuro confirms whether cost already includes parts.
10854,2059,아반떼MD[휘],CITY,0,,,,,0,0,,,,unavailable,observed_aggregate,Do not add maintenance_cost and detail_part_price unless Jejuro confirms whether cost already includes parts.
10855,2059,아반떼MD[휘],CITY,0,,,,,0,0,,,,unavailable,observed_aggregate,Do not add maintenance_cost and detail_part_price unless Jejuro confirms whether cost already includes parts.
10856,2059,아반떼MD[휘],CITY,0,,,,,0,0,,,,unavailable,observed_aggregate,Do not add maintenance_cost and detail_part_price unless Jejuro confirms whether cost already includes parts.
10857,2059,아반떼MD[휘],CITY,0,,,,,0,0,,,,unavailable,observed_aggregate,Do not add maintenance_cost and detail_part_price unless Jejuro confirms whether cost already includes parts.
10858,2066,장기아반떼,CITY,0,,,,,0,0,,,,unavailable,observed_aggregate,Do not add maintenance_cost and detail_part_price unless Jejuro confirms whether cost already includes parts.
10859,2059,아반떼MD[휘],CITY,0,,,,,0,0,,,,unavailable,observed_aggregate,Do not add maintenance_cost and detail_part_price unless Jejuro confirms whether cost already includes parts.
10860,2051,K3[휘],CITY,0,,,,,0,0,,,,unavailable,observed_aggregate,Do not add maintenance_cost and detail_part_price unless Jejuro confirms whether cost already includes parts.
10861,2051,K3[휘],CITY,0,,,,,0,0,,,,unavailable,observed_aggregate,Do not add maintenance_cost and detail_part_price unless Jejuro confirms whether cost already includes parts.
10862,2051,K3[휘],CITY,0,,,,,0,0,,,,unavailable,observed_aggregate,Do not add maintenance_cost and detail_part_price unless Jejuro confirms whether cost already includes parts.
10863,2051,K3[휘],CITY,0,,,,,0,0,,,,unavailable,observed_aggregate,Do not add maintenance_cost and detail_part_price unless Jejuro confirms whether cost already includes parts.
10864,2051,K3[휘],CITY,0,,,,,0,0,,,,unavailable,observed_aggregate,Do not add maintenance_cost and detail_part_price unless Jejuro confirms whether cost already includes parts.
10865,2051,K3[휘],CITY,0,,,,,0,0,,,,unavailable,observed_aggregate,Do not add maintenance_cost and detail_part_price unless Jejuro confirms whether cost already includes parts.
10866,2051,K3[휘],CITY,0,,,,,0,0,,,,unavailable,observed_aggregate,Do not add maintenance_cost and detail_part_price unless Jejuro confirms whether cost already includes parts.
10867,1988,19년 뉴SM3 ZE[전기],CITY,0,,,,,0,0,,,,unavailable,observed_aggregate,Do not add maintenance_cost and detail_part_price unless Jejuro confirms whether cost already includes parts.
10868,2051,K3[휘],CITY,0,,,,,0,0,,,,unavailable,observed_aggregate,Do not add maintenance_cost and detail_part_price unless Jejuro confirms whether cost already includes parts.
10869,2090,매각[K3],CITY,0,,,,,0,0,,,,unavailable,observed_aggregate,Do not add maintenance_cost and detail_part_price unless Jejuro confirms whether cost already includes parts.
10870,2029,장기 뉴5,CITY,0,,,,,0,0,,,,unavailable,observed_aggregate,Do not add maintenance_cost and detail_part_price unless Jejuro confirms whether cost already includes parts.
10871,2052,뉴K5[LPG],CITY,0,,,,,0,0,,,,unavailable,observed_aggregate,Do not add maintenance_cost and detail_part_price unless Jejuro confirms whether cost already includes parts.
10872,2052,뉴K5[LPG],CITY,0,,,,,0,0,,,,unavailable,observed_aggregate,Do not add maintenance_cost and detail_part_price unless Jejuro confirms whether cost already includes parts.
10873,2093,매각[뉴K5],CITY,0,,,,,0,0,,,,unavailable,observed_aggregate,Do not add maintenance_cost and detail_part_price unless Jejuro confirms whether cost already includes parts.
10874,2052,뉴K5[LPG],CITY,0,,,,,0,0,,,,unavailable,observed_aggregate,Do not add maintenance_cost and detail_part_price unless Jejuro confirms whether cost already includes parts.
10875,2093,매각[뉴K5],CITY,0,,,,,0,0,,,,unavailable,observed_aggregate,Do not add maintenance_cost and detail_part_price unless Jejuro confirms whether cost already includes parts.
10876,2052,뉴K5[LPG],CITY,0,,,,,0,0,,,,unavailable,observed_aggregate,Do not add maintenance_cost and detail_part_price unless Jejuro confirms whether cost already includes parts.
10877,2093,매각[뉴K5],CITY,0,,,,,0,0,,,,unavailable,observed_aggregate,Do not add maintenance_cost and detail_part_price unless Jejuro confirms whether cost already includes parts.
10878,2052,뉴K5[LPG],CITY,0,,,,,0,0,,,,unavailable,observed_aggregate,Do not add maintenance_cost and detail_part_price unless Jejuro confirms whether cost already includes parts.
10879,2029,장기 뉴5,CITY,0,,,,,0,0,,,,unavailable,observed_aggregate,Do not add maintenance_cost and detail_part_price unless Jejuro confirms whether cost already includes parts.
10880,2052,뉴K5[LPG],CITY,0,,,,,0,0,,,,unavailable,observed_aggregate,Do not add maintenance_cost and detail_part_price unless Jejuro confirms whether cost already includes parts.
10881,2052,뉴K5[LPG],CITY,0,,,,,0,0,,,,unavailable,observed_aggregate,Do not add maintenance_cost and detail_part_price unless Jejuro confirms whether cost already includes parts.
10882,2052,뉴K5[LPG],CITY,0,,,,,0,0,,,,unavailable,observed_aggregate,Do not add maintenance_cost and detail_part_price unless Jejuro confirms whether cost already includes parts.
10883,2052,뉴K5[LPG],CITY,0,,,,,0,0,,,,unavailable,observed_aggregate,Do not add maintenance_cost and detail_part_price unless Jejuro confirms whether cost already includes parts.
10884,2052,뉴K5[LPG],CITY,0,,,,,0,0,,,,unavailable,observed_aggregate,Do not add maintenance_cost and detail_part_price unless Jejuro confirms whether cost already includes parts.
10885,2052,뉴K5[LPG],CITY,0,,,,,0,0,,,,unavailable,observed_aggregate,Do not add maintenance_cost and detail_part_price unless Jejuro confirms whether cost already includes parts.
10886,2093,매각[뉴K5],CITY,0,,,,,0,0,,,,unavailable,observed_aggregate,Do not add maintenance_cost and detail_part_price unless Jejuro confirms whether cost already includes parts.
10887,1988,19년 뉴SM3 ZE[전기],CITY,0,,,,,0,0,,,,unavailable,observed_aggregate,Do not add maintenance_cost and detail_part_price unless Jejuro confirms whether cost already includes parts.
10888,2052,뉴K5[LPG],CITY,0,,,,,0,0,,,,unavailable,observed_aggregate,Do not add maintenance_cost and detail_part_price unless Jejuro confirms whether cost already includes parts.
10889,2052,뉴K5[LPG],CITY,0,,,,,0,0,,,,unavailable,observed_aggregate,Do not add maintenance_cost and detail_part_price unless Jejuro confirms whether cost already includes parts.
10890,2029,장기 뉴5,CITY,0,,,,,0,0,,,,unavailable,observed_aggregate,Do not add maintenance_cost and detail_part_price unless Jejuro confirms whether cost already includes parts.
10891,2052,뉴K5[LPG],CITY,0,,,,,0,0,,,,unavailable,observed_aggregate,Do not add maintenance_cost and detail_part_price unless Jejuro confirms whether cost already includes parts.
10892,2052,뉴K5[LPG],CITY,0,,,,,0,0,,,,unavailable,observed_aggregate,Do not add maintenance_cost and detail_part_price unless Jejuro confirms whether cost already includes parts.
10893,2038,LF소나타[LPG],CITY,0,,,,,0,0,,,,unavailable,observed_aggregate,Do not add maintenance_cost and detail_part_price unless Jejuro confirms whether cost already includes parts.
10894,2038,LF소나타[LPG],CITY,0,,,,,0,0,,,,unavailable,observed_aggregate,Do not add maintenance_cost and detail_part_price unless Jejuro confirms whether cost already includes parts.
10895,2038,LF소나타[LPG],CITY,0,,,,,0,0,,,,unavailable,observed_aggregate,Do not add maintenance_cost and detail_part_price unless Jejuro confirms whether cost already includes parts.
10896,2094,매각[LF소나타],CITY,0,,,,,0,0,,,,unavailable,observed_aggregate,Do not add maintenance_cost and detail_part_price unless Jejuro confirms whether cost already includes parts.
10897,2038,LF소나타[LPG],CITY,0,,,,,0,0,,,,unavailable,observed_aggregate,Do not add maintenance_cost and detail_part_price unless Jejuro confirms whether cost already includes parts.
10898,2094,매각[LF소나타],CITY,0,,,,,0,0,,,,unavailable,observed_aggregate,Do not add maintenance_cost and detail_part_price unless Jejuro confirms whether cost already includes parts.
10899,2038,LF소나타[LPG],CITY,0,,,,,0,0,,,,unavailable,observed_aggregate,Do not add maintenance_cost and detail_part_price unless Jejuro confirms whether cost already includes parts.
10900,2094,매각[LF소나타],CITY,0,,,,,0,0,,,,unavailable,observed_aggregate,Do not add maintenance_cost and detail_part_price unless Jejuro confirms whether cost already includes parts.
10901,2038,LF소나타[LPG],CITY,0,,,,,0,0,,,,unavailable,observed_aggregate,Do not add maintenance_cost and detail_part_price unless Jejuro confirms whether cost already includes parts.
10902,2094,매각[LF소나타],CITY,0,,,,,0,0,,,,unavailable,observed_aggregate,Do not add maintenance_cost and detail_part_price unless Jejuro confirms whether cost already includes parts.
10903,2038,LF소나타[LPG],CITY,0,,,,,0,0,,,,unavailable,observed_aggregate,Do not add maintenance_cost and detail_part_price unless Jejuro confirms whether cost already includes parts.
10904,2038,LF소나타[LPG],CITY,0,,,,,0,0,,,,unavailable,observed_aggregate,Do not add maintenance_cost and detail_part_price unless Jejuro confirms whether cost already includes parts.
10905,2038,LF소나타[LPG],CITY,0,,,,,0,0,,,,unavailable,observed_aggregate,Do not add maintenance_cost and detail_part_price unless Jejuro confirms whether cost already includes parts.
10906,2094,매각[LF소나타],CITY,0,,,,,0,0,,,,unavailable,observed_aggregate,Do not add maintenance_cost and detail_part_price unless Jejuro confirms whether cost already includes parts.
10907,2038,LF소나타[LPG],CITY,0,,,,,0,0,,,,unavailable,observed_aggregate,Do not add maintenance_cost and detail_part_price unless Jejuro confirms whether cost already includes parts.
10908,2038,LF소나타[LPG],CITY,0,,,,,0,0,,,,unavailable,observed_aggregate,Do not add maintenance_cost and detail_part_price unless Jejuro confirms whether cost already includes parts.
10909,2038,LF소나타[LPG],CITY,0,,,,,0,0,,,,unavailable,observed_aggregate,Do not add maintenance_cost and detail_part_price unless Jejuro confirms whether cost already includes parts.
10910,2038,LF소나타[LPG],CITY,0,,,,,0,0,,,,unavailable,observed_aggregate,Do not add maintenance_cost and detail_part_price unless Jejuro confirms whether cost already includes parts.
10911,2038,LF소나타[LPG],CITY,0,,,,,0,0,,,,unavailable,observed_aggregate,Do not add maintenance_cost and detail_part_price unless Jejuro confirms whether cost already includes parts.
10912,2038,LF소나타[LPG],CITY,0,,,,,0,0,,,,unavailable,observed_aggregate,Do not add maintenance_cost and detail_part_price unless Jejuro confirms whether cost already includes parts.
10913,2058,올란도7인[경유],CITY,0,,,,,0,0,,,,unavailable,observed_aggregate,Do not add maintenance_cost and detail_part_price unless Jejuro confirms whether cost already includes parts.
10914,2058,올란도7인[경유],CITY,0,,,,,0,0,,,,unavailable,observed_aggregate,Do not add maintenance_cost and detail_part_price unless Jejuro confirms whether cost already includes parts.
10915,2058,올란도7인[경유],CITY,0,,,,,0,0,,,,unavailable,observed_aggregate,Do not add maintenance_cost and detail_part_price unless Jejuro confirms whether cost already includes parts.
10916,2058,올란도7인[경유],CITY,0,,,,,0,0,,,,unavailable,observed_aggregate,Do not add maintenance_cost and detail_part_price unless Jejuro confirms whether cost already includes parts.
10917,2058,올란도7인[경유],CITY,0,,,,,0,0,,,,unavailable,observed_aggregate,Do not add maintenance_cost and detail_part_price unless Jejuro confirms whether cost already includes parts.
10918,1978,17년 올뉴투싼[경유],CITY,0,,,,,0,0,,,,unavailable,observed_aggregate,Do not add maintenance_cost and detail_part_price unless Jejuro confirms whether cost already includes parts.
10919,1978,17년 올뉴투싼[경유],CITY,0,,,,,0,0,,,,unavailable,observed_aggregate,Do not add maintenance_cost and detail_part_price unless Jejuro confirms whether cost already includes parts.
10920,2024,16년 싼타페DM5인[경유],CITY,0,,,,,0,0,,,,unavailable,observed_aggregate,Do not add maintenance_cost and detail_part_price unless Jejuro confirms whether cost already includes parts.
10921,2072,뉴싼타페DM7인[경유],CITY,0,,,,,0,0,,,,unavailable,observed_aggregate,Do not add maintenance_cost and detail_part_price unless Jejuro confirms whether cost already includes parts.
10922,2072,뉴싼타페DM7인[경유],CITY,0,,,,,0,0,,,,unavailable,observed_aggregate,Do not add maintenance_cost and detail_part_price unless Jejuro confirms whether cost already includes parts.
10923,2072,뉴싼타페DM7인[경유],CITY,0,,,,,0,0,,,,unavailable,observed_aggregate,Do not add maintenance_cost and detail_part_price unless Jejuro confirms whether cost already includes parts.
10924,1843,16/18년 올뉴카니발9인(경유),RV,0,,,,,0,0,,,,unavailable,observed_aggregate,Do not add maintenance_cost and detail_part_price unless Jejuro confirms whether cost already includes parts.
10925,1843,16/18년 올뉴카니발9인(경유),RV,0,,,,,0,0,,,,unavailable,observed_aggregate,Do not add maintenance_cost and detail_part_price unless Jejuro confirms whether cost already includes parts.
10926,2050,올뉴모닝[휘],CITY,0,,,,,0,0,,,,unavailable,observed_aggregate,Do not add maintenance_cost and detail_part_price unless Jejuro confirms whether cost already includes parts.
10927,2050,올뉴모닝[휘],CITY,0,,,,,0,0,,,,unavailable,observed_aggregate,Do not add maintenance_cost and detail_part_price unless Jejuro confirms whether cost already includes parts.
10928,2051,K3[휘],CITY,0,,,,,0,0,,,,unavailable,observed_aggregate,Do not add maintenance_cost and detail_part_price unless Jejuro confirms whether cost already includes parts.
10929,2090,매각[K3],CITY,0,,,,,0,0,,,,unavailable,observed_aggregate,Do not add maintenance_cost and detail_part_price unless Jejuro confirms whether cost already includes parts.
10930,2051,K3[휘],CITY,0,,,,,0,0,,,,unavailable,observed_aggregate,Do not add maintenance_cost and detail_part_price unless Jejuro confirms whether cost already includes parts.
10931,2057,엑센트[휘],CITY,0,,,,,0,0,,,,unavailable,observed_aggregate,Do not add maintenance_cost and detail_part_price unless Jejuro confirms whether cost already includes parts.
10932,1851,19년 엑센트(휘),URBAN,0,,,,,0,0,,,,unavailable,observed_aggregate,Do not add maintenance_cost and detail_part_price unless Jejuro confirms whether cost already includes parts.
10933,1988,19년 뉴SM3 ZE[전기],CITY,0,,,,,0,0,,,,unavailable,observed_aggregate,Do not add maintenance_cost and detail_part_price unless Jejuro confirms whether cost already includes parts.
10934,2074,레이[휘],CITY,0,,,,,0,0,,,,unavailable,observed_aggregate,Do not add maintenance_cost and detail_part_price unless Jejuro confirms whether cost already includes parts.
10935,1988,19년 뉴SM3 ZE[전기],CITY,0,,,,,0,0,,,,unavailable,observed_aggregate,Do not add maintenance_cost and detail_part_price unless Jejuro confirms whether cost already includes parts.
10936,2074,레이[휘],CITY,0,,,,,0,0,,,,unavailable,observed_aggregate,Do not add maintenance_cost and detail_part_price unless Jejuro confirms whether cost already includes parts.
10937,2059,아반떼MD[휘],CITY,0,,,,,0,0,,,,unavailable,observed_aggregate,Do not add maintenance_cost and detail_part_price unless Jejuro confirms whether cost already includes parts.
10938,1988,19년 뉴SM3 ZE[전기],CITY,0,,,,,0,0,,,,unavailable,observed_aggregate,Do not add maintenance_cost and detail_part_price unless Jejuro confirms whether cost already includes parts.
10939,2074,레이[휘],CITY,0,,,,,0,0,,,,unavailable,observed_aggregate,Do not add maintenance_cost and detail_part_price unless Jejuro confirms whether cost already includes parts.
10940,1988,19년 뉴SM3 ZE[전기],CITY,0,,,,,0,0,,,,unavailable,observed_aggregate,Do not add maintenance_cost and detail_part_price unless Jejuro confirms whether cost already includes parts.
10941,2074,레이[휘],CITY,0,,,,,0,0,,,,unavailable,observed_aggregate,Do not add maintenance_cost and detail_part_price unless Jejuro confirms whether cost already includes parts.
10942,1988,19년 뉴SM3 ZE[전기],CITY,0,,,,,0,0,,,,unavailable,observed_aggregate,Do not add maintenance_cost and detail_part_price unless Jejuro confirms whether cost already includes parts.
10943,2074,레이[휘],CITY,0,,,,,0,0,,,,unavailable,observed_aggregate,Do not add maintenance_cost and detail_part_price unless Jejuro confirms whether cost already includes parts.
10944,1988,19년 뉴SM3 ZE[전기],CITY,0,,,,,0,0,,,,unavailable,observed_aggregate,Do not add maintenance_cost and detail_part_price unless Jejuro confirms whether cost already includes parts.
10945,2074,레이[휘],CITY,0,,,,,0,0,,,,unavailable,observed_aggregate,Do not add maintenance_cost and detail_part_price unless Jejuro confirms whether cost already includes parts.
10946,2040,아반떼AD[휘],CITY,0,,,,,0,0,,,,unavailable,observed_aggregate,Do not add maintenance_cost and detail_part_price unless Jejuro confirms whether cost already includes parts.
10947,2040,아반떼AD[휘],CITY,0,,,,,0,0,,,,unavailable,observed_aggregate,Do not add maintenance_cost and detail_part_price unless Jejuro confirms whether cost already includes parts.
10948,2046,2016 올뉴모닝[휘],CITY,0,,,,,0,0,,,,unavailable,observed_aggregate,Do not add maintenance_cost and detail_part_price unless Jejuro confirms whether cost already includes parts.
10949,2068,장기 16모닝,CITY,0,,,,,0,0,,,,unavailable,observed_aggregate,Do not add maintenance_cost and detail_part_price unless Jejuro confirms whether cost already includes parts.
10950,2046,2016 올뉴모닝[휘],CITY,0,,,,,0,0,,,,unavailable,observed_aggregate,Do not add maintenance_cost and detail_part_price unless Jejuro confirms whether cost already includes parts.
10951,2046,2016 올뉴모닝[휘],CITY,0,,,,,0,0,,,,unavailable,observed_aggregate,Do not add maintenance_cost and detail_part_price unless Jejuro confirms whether cost already includes parts.
10952,2068,장기 16모닝,CITY,0,,,,,0,0,,,,unavailable,observed_aggregate,Do not add maintenance_cost and detail_part_price unless Jejuro confirms whether cost already includes parts.
10953,2046,2016 올뉴모닝[휘],CITY,0,,,,,0,0,,,,unavailable,observed_aggregate,Do not add maintenance_cost and detail_part_price unless Jejuro confirms whether cost already includes parts.
10954,2046,2016 올뉴모닝[휘],CITY,0,,,,,0,0,,,,unavailable,observed_aggregate,Do not add maintenance_cost and detail_part_price unless Jejuro confirms whether cost already includes parts.
10955,1851,19년 엑센트(휘),URBAN,0,,,,,0,0,,,,unavailable,observed_aggregate,Do not add maintenance_cost and detail_part_price unless Jejuro confirms whether cost already includes parts.
10956,2046,2016 올뉴모닝[휘],CITY,0,,,,,0,0,,,,unavailable,observed_aggregate,Do not add maintenance_cost and detail_part_price unless Jejuro confirms whether cost already includes parts.
10957,2046,2016 올뉴모닝[휘],CITY,0,,,,,0,0,,,,unavailable,observed_aggregate,Do not add maintenance_cost and detail_part_price unless Jejuro confirms whether cost already includes parts.
10958,2068,장기 16모닝,CITY,0,,,,,0,0,,,,unavailable,observed_aggregate,Do not add maintenance_cost and detail_part_price unless Jejuro confirms whether cost already includes parts.
10959,2046,2016 올뉴모닝[휘],CITY,0,,,,,0,0,,,,unavailable,observed_aggregate,Do not add maintenance_cost and detail_part_price unless Jejuro confirms whether cost already includes parts.
10960,2046,2016 올뉴모닝[휘],CITY,0,,,,,0,0,,,,unavailable,observed_aggregate,Do not add maintenance_cost and detail_part_price unless Jejuro confirms whether cost already includes parts.
10961,2077,SM3 ZE[전기],CITY,0,,,,,0,0,,,,unavailable,observed_aggregate,Do not add maintenance_cost and detail_part_price unless Jejuro confirms whether cost already includes parts.
10962,2077,SM3 ZE[전기],CITY,0,,,,,0,0,,,,unavailable,observed_aggregate,Do not add maintenance_cost and detail_part_price unless Jejuro confirms whether cost already includes parts.
10963,2083,"2019 팰리세이드 8인(4WD,썬루프)[경유]",CITY,0,,,,,0,0,,,,unavailable,observed_aggregate,Do not add maintenance_cost and detail_part_price unless Jejuro confirms whether cost already includes parts.
10964,2077,SM3 ZE[전기],CITY,0,,,,,0,0,,,,unavailable,observed_aggregate,Do not add maintenance_cost and detail_part_price unless Jejuro confirms whether cost already includes parts.
10965,2077,SM3 ZE[전기],CITY,0,,,,,0,0,,,,unavailable,observed_aggregate,Do not add maintenance_cost and detail_part_price unless Jejuro confirms whether cost already includes parts.
10966,2077,SM3 ZE[전기],CITY,0,,,,,0,0,,,,unavailable,observed_aggregate,Do not add maintenance_cost and detail_part_price unless Jejuro confirms whether cost already includes parts.
10967,2077,SM3 ZE[전기],CITY,0,,,,,0,0,,,,unavailable,observed_aggregate,Do not add maintenance_cost and detail_part_price unless Jejuro confirms whether cost already includes parts.
10968,2077,SM3 ZE[전기],CITY,0,,,,,0,0,,,,unavailable,observed_aggregate,Do not add maintenance_cost and detail_part_price unless Jejuro confirms whether cost already includes parts.
10969,2077,SM3 ZE[전기],CITY,0,,,,,0,0,,,,unavailable,observed_aggregate,Do not add maintenance_cost and detail_part_price unless Jejuro confirms whether cost already includes parts.
10970,2077,SM3 ZE[전기],CITY,0,,,,,0,0,,,,unavailable,observed_aggregate,Do not add maintenance_cost and detail_part_price unless Jejuro confirms whether cost already includes parts.
10971,2077,SM3 ZE[전기],CITY,0,,,,,0,0,,,,unavailable,observed_aggregate,Do not add maintenance_cost and detail_part_price unless Jejuro confirms whether cost already includes parts.
10972,2077,SM3 ZE[전기],CITY,0,,,,,0,0,,,,unavailable,observed_aggregate,Do not add maintenance_cost and detail_part_price unless Jejuro confirms whether cost already includes parts.
10973,2079,제네시스DH(2016년),CITY,0,,,,,0,0,,,,unavailable,observed_aggregate,Do not add maintenance_cost and detail_part_price unless Jejuro confirms whether cost already includes parts.
10974,2077,SM3 ZE[전기],CITY,0,,,,,0,0,,,,unavailable,observed_aggregate,Do not add maintenance_cost and detail_part_price unless Jejuro confirms whether cost already includes parts.
10975,2077,SM3 ZE[전기],CITY,0,,,,,0,0,,,,unavailable,observed_aggregate,Do not add maintenance_cost and detail_part_price unless Jejuro confirms whether cost already includes parts.
10976,2063,안전보건공단 장기 쏘나타뉴라이즈[LPG],CITY,0,,,,,0,0,,,,unavailable,observed_aggregate,Do not add maintenance_cost and detail_part_price unless Jejuro confirms whether cost already includes parts.
10977,1856,19년 G80(휘),LUXURY,0,,,,,0,0,,,,unavailable,observed_aggregate,Do not add maintenance_cost and detail_part_price unless Jejuro confirms whether cost already includes parts.
10978,2077,SM3 ZE[전기],CITY,0,,,,,0,0,,,,unavailable,observed_aggregate,Do not add maintenance_cost and detail_part_price unless Jejuro confirms whether cost already includes parts.
10979,2080,제네시스EQ900[휘],CITY,0,,,,,0,0,,,,unavailable,observed_aggregate,Do not add maintenance_cost and detail_part_price unless Jejuro confirms whether cost already includes parts.
10980,2077,SM3 ZE[전기],CITY,0,,,,,0,0,,,,unavailable,observed_aggregate,Do not add maintenance_cost and detail_part_price unless Jejuro confirms whether cost already includes parts.
10981,2077,SM3 ZE[전기],CITY,0,,,,,0,0,,,,unavailable,observed_aggregate,Do not add maintenance_cost and detail_part_price unless Jejuro confirms whether cost already includes parts.
10982,2077,SM3 ZE[전기],CITY,0,,,,,0,0,,,,unavailable,observed_aggregate,Do not add maintenance_cost and detail_part_price unless Jejuro confirms whether cost already includes parts.
10983,2079,제네시스DH(2016년),CITY,0,,,,,0,0,,,,unavailable,observed_aggregate,Do not add maintenance_cost and detail_part_price unless Jejuro confirms whether cost already includes parts.
10984,2077,SM3 ZE[전기],CITY,0,,,,,0,0,,,,unavailable,observed_aggregate,Do not add maintenance_cost and detail_part_price unless Jejuro confirms whether cost already includes parts.
10985,2083,"2019 팰리세이드 8인(4WD,썬루프)[경유]",CITY,0,,,,,0,0,,,,unavailable,observed_aggregate,Do not add maintenance_cost and detail_part_price unless Jejuro confirms whether cost already includes parts.
10986,1987,19년 팰리세이드 8인승[경유],CITY,0,,,,,0,0,,,,unavailable,observed_aggregate,Do not add maintenance_cost and detail_part_price unless Jejuro confirms whether cost already includes parts.
10987,2077,SM3 ZE[전기],CITY,0,,,,,0,0,,,,unavailable,observed_aggregate,Do not add maintenance_cost and detail_part_price unless Jejuro confirms whether cost already includes parts.
10988,2081,스포티지R[장기],CITY,0,,,,,0,0,,,,unavailable,observed_aggregate,Do not add maintenance_cost and detail_part_price unless Jejuro confirms whether cost already includes parts.
10989,2062,안전보건공단 장기 올뉴카니발9인[경유],CITY,0,,,,,0,0,,,,unavailable,observed_aggregate,Do not add maintenance_cost and detail_part_price unless Jejuro confirms whether cost already includes parts.
10990,2062,안전보건공단 장기 올뉴카니발9인[경유],CITY,0,,,,,0,0,,,,unavailable,observed_aggregate,Do not add maintenance_cost and detail_part_price unless Jejuro confirms whether cost already includes parts.
10991,2053,그랜져HG2.4[휘],CITY,0,,,,,0,0,,,,unavailable,observed_aggregate,Do not add maintenance_cost and detail_part_price unless Jejuro confirms whether cost already includes parts.
10992,2053,그랜져HG2.4[휘],CITY,0,,,,,0,0,,,,unavailable,observed_aggregate,Do not add maintenance_cost and detail_part_price unless Jejuro confirms whether cost already includes parts.
10993,2053,그랜져HG2.4[휘],CITY,0,,,,,0,0,,,,unavailable,observed_aggregate,Do not add maintenance_cost and detail_part_price unless Jejuro confirms whether cost already includes parts.
10994,2053,그랜져HG2.4[휘],CITY,0,,,,,0,0,,,,unavailable,observed_aggregate,Do not add maintenance_cost and detail_part_price unless Jejuro confirms whether cost already includes parts.
10995,2044,더넥스트스파크[휘],CITY,0,,,,,0,0,,,,unavailable,observed_aggregate,Do not add maintenance_cost and detail_part_price unless Jejuro confirms whether cost already includes parts.
10996,2044,더넥스트스파크[휘],CITY,0,,,,,0,0,,,,unavailable,observed_aggregate,Do not add maintenance_cost and detail_part_price unless Jejuro confirms whether cost already includes parts.
10997,2044,더넥스트스파크[휘],CITY,0,,,,,0,0,,,,unavailable,observed_aggregate,Do not add maintenance_cost and detail_part_price unless Jejuro confirms whether cost already includes parts.
10998,2044,더넥스트스파크[휘],CITY,0,,,,,0,0,,,,unavailable,observed_aggregate,Do not add maintenance_cost and detail_part_price unless Jejuro confirms whether cost already includes parts.
10999,2044,더넥스트스파크[휘],CITY,0,,,,,0,0,,,,unavailable,observed_aggregate,Do not add maintenance_cost and detail_part_price unless Jejuro confirms whether cost already includes parts.
11000,2046,2016 올뉴모닝[휘],CITY,0,,,,,0,0,,,,unavailable,observed_aggregate,Do not add maintenance_cost and detail_part_price unless Jejuro confirms whether cost already includes parts.
11001,2046,2016 올뉴모닝[휘],CITY,0,,,,,0,0,,,,unavailable,observed_aggregate,Do not add maintenance_cost and detail_part_price unless Jejuro confirms whether cost already includes parts.
11002,2046,2016 올뉴모닝[휘],CITY,0,,,,,0,0,,,,unavailable,observed_aggregate,Do not add maintenance_cost and detail_part_price unless Jejuro confirms whether cost already includes parts.
11003,2046,2016 올뉴모닝[휘],CITY,0,,,,,0,0,,,,unavailable,observed_aggregate,Do not add maintenance_cost and detail_part_price unless Jejuro confirms whether cost already includes parts.
11004,2046,2016 올뉴모닝[휘],CITY,0,,,,,0,0,,,,unavailable,observed_aggregate,Do not add maintenance_cost and detail_part_price unless Jejuro confirms whether cost already includes parts.
11005,2046,2016 올뉴모닝[휘],CITY,0,,,,,0,0,,,,unavailable,observed_aggregate,Do not add maintenance_cost and detail_part_price unless Jejuro confirms whether cost already includes parts.
11006,2046,2016 올뉴모닝[휘],CITY,0,,,,,0,0,,,,unavailable,observed_aggregate,Do not add maintenance_cost and detail_part_price unless Jejuro confirms whether cost already includes parts.
11007,2046,2016 올뉴모닝[휘],CITY,0,,,,,0,0,,,,unavailable,observed_aggregate,Do not add maintenance_cost and detail_part_price unless Jejuro confirms whether cost already includes parts.
11008,2074,레이[휘],CITY,0,,,,,0,0,,,,unavailable,observed_aggregate,Do not add maintenance_cost and detail_part_price unless Jejuro confirms whether cost already includes parts.
11009,2074,레이[휘],CITY,0,,,,,0,0,,,,unavailable,observed_aggregate,Do not add maintenance_cost and detail_part_price unless Jejuro confirms whether cost already includes parts.
11010,2074,레이[휘],CITY,0,,,,,0,0,,,,unavailable,observed_aggregate,Do not add maintenance_cost and detail_part_price unless Jejuro confirms whether cost already includes parts.
11011,2074,레이[휘],CITY,0,,,,,0,0,,,,unavailable,observed_aggregate,Do not add maintenance_cost and detail_part_price unless Jejuro confirms whether cost already includes parts.
11012,2074,레이[휘],CITY,0,,,,,0,0,,,,unavailable,observed_aggregate,Do not add maintenance_cost and detail_part_price unless Jejuro confirms whether cost already includes parts.
11013,2057,엑센트[휘],CITY,0,,,,,0,0,,,,unavailable,observed_aggregate,Do not add maintenance_cost and detail_part_price unless Jejuro confirms whether cost already includes parts.
11014,2088,매각[엑센트],CITY,0,,,,,0,0,,,,unavailable,observed_aggregate,Do not add maintenance_cost and detail_part_price unless Jejuro confirms whether cost already includes parts.
11015,1851,19년 엑센트(휘),URBAN,0,,,,,0,0,,,,unavailable,observed_aggregate,Do not add maintenance_cost and detail_part_price unless Jejuro confirms whether cost already includes parts.
11016,2057,엑센트[휘],CITY,0,,,,,0,0,,,,unavailable,observed_aggregate,Do not add maintenance_cost and detail_part_price unless Jejuro confirms whether cost already includes parts.
11017,2098,2019 뉴엑센트[휘],CITY,0,,,,,0,0,,,,unavailable,observed_aggregate,Do not add maintenance_cost and detail_part_price unless Jejuro confirms whether cost already includes parts.
11018,2088,매각[엑센트],CITY,0,,,,,0,0,,,,unavailable,observed_aggregate,Do not add maintenance_cost and detail_part_price unless Jejuro confirms whether cost already includes parts.
11019,1851,19년 엑센트(휘),URBAN,0,,,,,0,0,,,,unavailable,observed_aggregate,Do not add maintenance_cost and detail_part_price unless Jejuro confirms whether cost already includes parts.
11020,2098,2019 뉴엑센트[휘],CITY,0,,,,,0,0,,,,unavailable,observed_aggregate,Do not add maintenance_cost and detail_part_price unless Jejuro confirms whether cost already includes parts.
11021,2057,엑센트[휘],CITY,0,,,,,0,0,,,,unavailable,observed_aggregate,Do not add maintenance_cost and detail_part_price unless Jejuro confirms whether cost already includes parts.
11022,2088,매각[엑센트],CITY,0,,,,,0,0,,,,unavailable,observed_aggregate,Do not add maintenance_cost and detail_part_price unless Jejuro confirms whether cost already includes parts.
11023,1851,19년 엑센트(휘),URBAN,0,,,,,0,0,,,,unavailable,observed_aggregate,Do not add maintenance_cost and detail_part_price unless Jejuro confirms whether cost already includes parts.
11024,2098,2019 뉴엑센트[휘],CITY,0,,,,,0,0,,,,unavailable,observed_aggregate,Do not add maintenance_cost and detail_part_price unless Jejuro confirms whether cost already includes parts.
11025,2057,엑센트[휘],CITY,0,,,,,0,0,,,,unavailable,observed_aggregate,Do not add maintenance_cost and detail_part_price unless Jejuro confirms whether cost already includes parts.
11026,2088,매각[엑센트],CITY,0,,,,,0,0,,,,unavailable,observed_aggregate,Do not add maintenance_cost and detail_part_price unless Jejuro confirms whether cost already includes parts.
11027,2057,엑센트[휘],CITY,0,,,,,0,0,,,,unavailable,observed_aggregate,Do not add maintenance_cost and detail_part_price unless Jejuro confirms whether cost already includes parts.
11028,1851,19년 엑센트(휘),URBAN,0,,,,,0,0,,,,unavailable,observed_aggregate,Do not add maintenance_cost and detail_part_price unless Jejuro confirms whether cost already includes parts.
11029,2098,2019 뉴엑센트[휘],CITY,0,,,,,0,0,,,,unavailable,observed_aggregate,Do not add maintenance_cost and detail_part_price unless Jejuro confirms whether cost already includes parts.
11030,2057,엑센트[휘],CITY,0,,,,,0,0,,,,unavailable,observed_aggregate,Do not add maintenance_cost and detail_part_price unless Jejuro confirms whether cost already includes parts.
11031,2088,매각[엑센트],CITY,0,,,,,0,0,,,,unavailable,observed_aggregate,Do not add maintenance_cost and detail_part_price unless Jejuro confirms whether cost already includes parts.
11032,2057,엑센트[휘],CITY,0,,,,,0,0,,,,unavailable,observed_aggregate,Do not add maintenance_cost and detail_part_price unless Jejuro confirms whether cost already includes parts.
11033,2088,매각[엑센트],CITY,0,,,,,0,0,,,,unavailable,observed_aggregate,Do not add maintenance_cost and detail_part_price unless Jejuro confirms whether cost already includes parts.
11034,2040,아반떼AD[휘],CITY,0,,,,,0,0,,,,unavailable,observed_aggregate,Do not add maintenance_cost and detail_part_price unless Jejuro confirms whether cost already includes parts.
11035,2091,매각[아반떼AD],CITY,0,,,,,0,0,,,,unavailable,observed_aggregate,Do not add maintenance_cost and detail_part_price unless Jejuro confirms whether cost already includes parts.
11036,2040,아반떼AD[휘],CITY,0,,,,,0,0,,,,unavailable,observed_aggregate,Do not add maintenance_cost and detail_part_price unless Jejuro confirms whether cost already includes parts.
11037,2091,매각[아반떼AD],CITY,0,,,,,0,0,,,,unavailable,observed_aggregate,Do not add maintenance_cost and detail_part_price unless Jejuro confirms whether cost already includes parts.
11038,2040,아반떼AD[휘],CITY,0,,,,,0,0,,,,unavailable,observed_aggregate,Do not add maintenance_cost and detail_part_price unless Jejuro confirms whether cost already includes parts.
11039,2091,매각[아반떼AD],CITY,0,,,,,0,0,,,,unavailable,observed_aggregate,Do not add maintenance_cost and detail_part_price unless Jejuro confirms whether cost already includes parts.
11040,2040,아반떼AD[휘],CITY,0,,,,,0,0,,,,unavailable,observed_aggregate,Do not add maintenance_cost and detail_part_price unless Jejuro confirms whether cost already includes parts.
11041,2091,매각[아반떼AD],CITY,0,,,,,0,0,,,,unavailable,observed_aggregate,Do not add maintenance_cost and detail_part_price unless Jejuro confirms whether cost already includes parts.
11042,2040,아반떼AD[휘],CITY,0,,,,,0,0,,,,unavailable,observed_aggregate,Do not add maintenance_cost and detail_part_price unless Jejuro confirms whether cost already includes parts.
11043,2091,매각[아반떼AD],CITY,0,,,,,0,0,,,,unavailable,observed_aggregate,Do not add maintenance_cost and detail_part_price unless Jejuro confirms whether cost already includes parts.
11044,2040,아반떼AD[휘],CITY,0,,,,,0,0,,,,unavailable,observed_aggregate,Do not add maintenance_cost and detail_part_price unless Jejuro confirms whether cost already includes parts.
11045,2091,매각[아반떼AD],CITY,0,,,,,0,0,,,,unavailable,observed_aggregate,Do not add maintenance_cost and detail_part_price unless Jejuro confirms whether cost already includes parts.
11046,2040,아반떼AD[휘],CITY,0,,,,,0,0,,,,unavailable,observed_aggregate,Do not add maintenance_cost and detail_part_price unless Jejuro confirms whether cost already includes parts.
11047,2040,아반떼AD[휘],CITY,0,,,,,0,0,,,,unavailable,observed_aggregate,Do not add maintenance_cost and detail_part_price unless Jejuro confirms whether cost already includes parts.
11048,2091,매각[아반떼AD],CITY,0,,,,,0,0,,,,unavailable,observed_aggregate,Do not add maintenance_cost and detail_part_price unless Jejuro confirms whether cost already includes parts.
11049,2040,아반떼AD[휘],CITY,0,,,,,0,0,,,,unavailable,observed_aggregate,Do not add maintenance_cost and detail_part_price unless Jejuro confirms whether cost already includes parts.
11050,2091,매각[아반떼AD],CITY,0,,,,,0,0,,,,unavailable,observed_aggregate,Do not add maintenance_cost and detail_part_price unless Jejuro confirms whether cost already includes parts.
11051,2040,아반떼AD[휘],CITY,0,,,,,0,0,,,,unavailable,observed_aggregate,Do not add maintenance_cost and detail_part_price unless Jejuro confirms whether cost already includes parts.
11052,2091,매각[아반떼AD],CITY,0,,,,,0,0,,,,unavailable,observed_aggregate,Do not add maintenance_cost and detail_part_price unless Jejuro confirms whether cost already includes parts.
11053,2040,아반떼AD[휘],CITY,0,,,,,0,0,,,,unavailable,observed_aggregate,Do not add maintenance_cost and detail_part_price unless Jejuro confirms whether cost already includes parts.
11054,2091,매각[아반떼AD],CITY,0,,,,,0,0,,,,unavailable,observed_aggregate,Do not add maintenance_cost and detail_part_price unless Jejuro confirms whether cost already includes parts.
11055,2040,아반떼AD[휘],CITY,0,,,,,0,0,,,,unavailable,observed_aggregate,Do not add maintenance_cost and detail_part_price unless Jejuro confirms whether cost already includes parts.
11056,2040,아반떼AD[휘],CITY,0,,,,,0,0,,,,unavailable,observed_aggregate,Do not add maintenance_cost and detail_part_price unless Jejuro confirms whether cost already includes parts.
11057,2023,2017 더뉴K3[휘],CITY,0,,,,,0,0,,,,unavailable,observed_aggregate,Do not add maintenance_cost and detail_part_price unless Jejuro confirms whether cost already includes parts.
11058,2023,2017 더뉴K3[휘],CITY,0,,,,,0,0,,,,unavailable,observed_aggregate,Do not add maintenance_cost and detail_part_price unless Jejuro confirms whether cost already includes parts.
11059,2023,2017 더뉴K3[휘],CITY,0,,,,,0,0,,,,unavailable,observed_aggregate,Do not add maintenance_cost and detail_part_price unless Jejuro confirms whether cost already includes parts.
11060,2023,2017 더뉴K3[휘],CITY,0,,,,,0,0,,,,unavailable,observed_aggregate,Do not add maintenance_cost and detail_part_price unless Jejuro confirms whether cost already includes parts.
11061,2023,2017 더뉴K3[휘],CITY,0,,,,,0,0,,,,unavailable,observed_aggregate,Do not add maintenance_cost and detail_part_price unless Jejuro confirms whether cost already includes parts.
11062,2023,2017 더뉴K3[휘],CITY,0,,,,,0,0,,,,unavailable,observed_aggregate,Do not add maintenance_cost and detail_part_price unless Jejuro confirms whether cost already includes parts.
11063,2023,2017 더뉴K3[휘],CITY,0,,,,,0,0,,,,unavailable,observed_aggregate,Do not add maintenance_cost and detail_part_price unless Jejuro confirms whether cost already includes parts.
11064,1862,19/20년 머스탱 컨버터블(휘),IMPORTED,0,,,,,0,0,,,,unavailable,observed_aggregate,Do not add maintenance_cost and detail_part_price unless Jejuro confirms whether cost already includes parts.
11065,2038,LF소나타[LPG],CITY,0,,,,,0,0,,,,unavailable,observed_aggregate,Do not add maintenance_cost and detail_part_price unless Jejuro confirms whether cost already includes parts.
11066,2094,매각[LF소나타],CITY,0,,,,,0,0,,,,unavailable,observed_aggregate,Do not add maintenance_cost and detail_part_price unless Jejuro confirms whether cost already includes parts.
11067,1862,19/20년 머스탱 컨버터블(휘),IMPORTED,0,,,,,0,0,,,,unavailable,observed_aggregate,Do not add maintenance_cost and detail_part_price unless Jejuro confirms whether cost already includes parts.
11068,2038,LF소나타[LPG],CITY,0,,,,,0,0,,,,unavailable,observed_aggregate,Do not add maintenance_cost and detail_part_price unless Jejuro confirms whether cost already includes parts.
11069,2094,매각[LF소나타],CITY,0,,,,,0,0,,,,unavailable,observed_aggregate,Do not add maintenance_cost and detail_part_price unless Jejuro confirms whether cost already includes parts.
11070,2038,LF소나타[LPG],CITY,0,,,,,0,0,,,,unavailable,observed_aggregate,Do not add maintenance_cost and detail_part_price unless Jejuro confirms whether cost already includes parts.
11071,2094,매각[LF소나타],CITY,0,,,,,0,0,,,,unavailable,observed_aggregate,Do not add maintenance_cost and detail_part_price unless Jejuro confirms whether cost already includes parts.
11072,2038,LF소나타[LPG],CITY,0,,,,,0,0,,,,unavailable,observed_aggregate,Do not add maintenance_cost and detail_part_price unless Jejuro confirms whether cost already includes parts.
11073,2094,매각[LF소나타],CITY,0,,,,,0,0,,,,unavailable,observed_aggregate,Do not add maintenance_cost and detail_part_price unless Jejuro confirms whether cost already includes parts.
11074,2038,LF소나타[LPG],CITY,0,,,,,0,0,,,,unavailable,observed_aggregate,Do not add maintenance_cost and detail_part_price unless Jejuro confirms whether cost already includes parts.
11075,2094,매각[LF소나타],CITY,0,,,,,0,0,,,,unavailable,observed_aggregate,Do not add maintenance_cost and detail_part_price unless Jejuro confirms whether cost already includes parts.
11076,2038,LF소나타[LPG],CITY,0,,,,,0,0,,,,unavailable,observed_aggregate,Do not add maintenance_cost and detail_part_price unless Jejuro confirms whether cost already includes parts.
11077,2094,매각[LF소나타],CITY,0,,,,,0,0,,,,unavailable,observed_aggregate,Do not add maintenance_cost and detail_part_price unless Jejuro confirms whether cost already includes parts.
11078,2038,LF소나타[LPG],CITY,0,,,,,0,0,,,,unavailable,observed_aggregate,Do not add maintenance_cost and detail_part_price unless Jejuro confirms whether cost already includes parts.
11079,2094,매각[LF소나타],CITY,0,,,,,0,0,,,,unavailable,observed_aggregate,Do not add maintenance_cost and detail_part_price unless Jejuro confirms whether cost already includes parts.
11080,2038,LF소나타[LPG],CITY,0,,,,,0,0,,,,unavailable,observed_aggregate,Do not add maintenance_cost and detail_part_price unless Jejuro confirms whether cost already includes parts.
11081,2094,매각[LF소나타],CITY,0,,,,,0,0,,,,unavailable,observed_aggregate,Do not add maintenance_cost and detail_part_price unless Jejuro confirms whether cost already includes parts.
11082,2038,LF소나타[LPG],CITY,0,,,,,0,0,,,,unavailable,observed_aggregate,Do not add maintenance_cost and detail_part_price unless Jejuro confirms whether cost already includes parts.
11083,2094,매각[LF소나타],CITY,0,,,,,0,0,,,,unavailable,observed_aggregate,Do not add maintenance_cost and detail_part_price unless Jejuro confirms whether cost already includes parts.
11084,2038,LF소나타[LPG],CITY,0,,,,,0,0,,,,unavailable,observed_aggregate,Do not add maintenance_cost and detail_part_price unless Jejuro confirms whether cost already includes parts.
11085,2094,매각[LF소나타],CITY,0,,,,,0,0,,,,unavailable,observed_aggregate,Do not add maintenance_cost and detail_part_price unless Jejuro confirms whether cost already includes parts.
11086,2038,LF소나타[LPG],CITY,0,,,,,0,0,,,,unavailable,observed_aggregate,Do not add maintenance_cost and detail_part_price unless Jejuro confirms whether cost already includes parts.
11087,2094,매각[LF소나타],CITY,0,,,,,0,0,,,,unavailable,observed_aggregate,Do not add maintenance_cost and detail_part_price unless Jejuro confirms whether cost already includes parts.
11088,2038,LF소나타[LPG],CITY,0,,,,,0,0,,,,unavailable,observed_aggregate,Do not add maintenance_cost and detail_part_price unless Jejuro confirms whether cost already includes parts.
11089,2094,매각[LF소나타],CITY,0,,,,,0,0,,,,unavailable,observed_aggregate,Do not add maintenance_cost and detail_part_price unless Jejuro confirms whether cost already includes parts.
11090,2038,LF소나타[LPG],CITY,0,,,,,0,0,,,,unavailable,observed_aggregate,Do not add maintenance_cost and detail_part_price unless Jejuro confirms whether cost already includes parts.
11091,2094,매각[LF소나타],CITY,0,,,,,0,0,,,,unavailable,observed_aggregate,Do not add maintenance_cost and detail_part_price unless Jejuro confirms whether cost already includes parts.
11092,2022,16년 올뉴K5[LPG],CITY,0,,,,,0,0,,,,unavailable,observed_aggregate,Do not add maintenance_cost and detail_part_price unless Jejuro confirms whether cost already includes parts.
11093,2095,매각[올뉴K5],CITY,0,,,,,0,0,,,,unavailable,observed_aggregate,Do not add maintenance_cost and detail_part_price unless Jejuro confirms whether cost already includes parts.
11094,2022,16년 올뉴K5[LPG],CITY,0,,,,,0,0,,,,unavailable,observed_aggregate,Do not add maintenance_cost and detail_part_price unless Jejuro confirms whether cost already includes parts.
11095,2095,매각[올뉴K5],CITY,0,,,,,0,0,,,,unavailable,observed_aggregate,Do not add maintenance_cost and detail_part_price unless Jejuro confirms whether cost already includes parts.
11096,2022,16년 올뉴K5[LPG],CITY,0,,,,,0,0,,,,unavailable,observed_aggregate,Do not add maintenance_cost and detail_part_price unless Jejuro confirms whether cost already includes parts.
11097,2095,매각[올뉴K5],CITY,0,,,,,0,0,,,,unavailable,observed_aggregate,Do not add maintenance_cost and detail_part_price unless Jejuro confirms whether cost already includes parts.
11098,2022,16년 올뉴K5[LPG],CITY,0,,,,,0,0,,,,unavailable,observed_aggregate,Do not add maintenance_cost and detail_part_price unless Jejuro confirms whether cost already includes parts.
11099,2095,매각[올뉴K5],CITY,0,,,,,0,0,,,,unavailable,observed_aggregate,Do not add maintenance_cost and detail_part_price unless Jejuro confirms whether cost already includes parts.
11100,2022,16년 올뉴K5[LPG],CITY,0,,,,,0,0,,,,unavailable,observed_aggregate,Do not add maintenance_cost and detail_part_price unless Jejuro confirms whether cost already includes parts.
11101,2095,매각[올뉴K5],CITY,0,,,,,0,0,,,,unavailable,observed_aggregate,Do not add maintenance_cost and detail_part_price unless Jejuro confirms whether cost already includes parts.
11102,2022,16년 올뉴K5[LPG],CITY,0,,,,,0,0,,,,unavailable,observed_aggregate,Do not add maintenance_cost and detail_part_price unless Jejuro confirms whether cost already includes parts.
11103,2095,매각[올뉴K5],CITY,0,,,,,0,0,,,,unavailable,observed_aggregate,Do not add maintenance_cost and detail_part_price unless Jejuro confirms whether cost already includes parts.
11104,2022,16년 올뉴K5[LPG],CITY,0,,,,,0,0,,,,unavailable,observed_aggregate,Do not add maintenance_cost and detail_part_price unless Jejuro confirms whether cost already includes parts.
11105,2095,매각[올뉴K5],CITY,0,,,,,0,0,,,,unavailable,observed_aggregate,Do not add maintenance_cost and detail_part_price unless Jejuro confirms whether cost already includes parts.
11106,2022,16년 올뉴K5[LPG],CITY,0,,,,,0,0,,,,unavailable,observed_aggregate,Do not add maintenance_cost and detail_part_price unless Jejuro confirms whether cost already includes parts.
11107,2095,매각[올뉴K5],CITY,0,,,,,0,0,,,,unavailable,observed_aggregate,Do not add maintenance_cost and detail_part_price unless Jejuro confirms whether cost already includes parts.
11108,2022,16년 올뉴K5[LPG],CITY,0,,,,,0,0,,,,unavailable,observed_aggregate,Do not add maintenance_cost and detail_part_price unless Jejuro confirms whether cost already includes parts.
11109,2095,매각[올뉴K5],CITY,0,,,,,0,0,,,,unavailable,observed_aggregate,Do not add maintenance_cost and detail_part_price unless Jejuro confirms whether cost already includes parts.
11110,2022,16년 올뉴K5[LPG],CITY,0,,,,,0,0,,,,unavailable,observed_aggregate,Do not add maintenance_cost and detail_part_price unless Jejuro confirms whether cost already includes parts.
11111,2095,매각[올뉴K5],CITY,0,,,,,0,0,,,,unavailable,observed_aggregate,Do not add maintenance_cost and detail_part_price unless Jejuro confirms whether cost already includes parts.
11112,2022,16년 올뉴K5[LPG],CITY,0,,,,,0,0,,,,unavailable,observed_aggregate,Do not add maintenance_cost and detail_part_price unless Jejuro confirms whether cost already includes parts.
11113,2095,매각[올뉴K5],CITY,0,,,,,0,0,,,,unavailable,observed_aggregate,Do not add maintenance_cost and detail_part_price unless Jejuro confirms whether cost already includes parts.
11114,2022,16년 올뉴K5[LPG],CITY,0,,,,,0,0,,,,unavailable,observed_aggregate,Do not add maintenance_cost and detail_part_price unless Jejuro confirms whether cost already includes parts.
11115,2095,매각[올뉴K5],CITY,0,,,,,0,0,,,,unavailable,observed_aggregate,Do not add maintenance_cost and detail_part_price unless Jejuro confirms whether cost already includes parts.
11116,2022,16년 올뉴K5[LPG],CITY,0,,,,,0,0,,,,unavailable,observed_aggregate,Do not add maintenance_cost and detail_part_price unless Jejuro confirms whether cost already includes parts.
11117,2095,매각[올뉴K5],CITY,0,,,,,0,0,,,,unavailable,observed_aggregate,Do not add maintenance_cost and detail_part_price unless Jejuro confirms whether cost already includes parts.
11118,2022,16년 올뉴K5[LPG],CITY,0,,,,,0,0,,,,unavailable,observed_aggregate,Do not add maintenance_cost and detail_part_price unless Jejuro confirms whether cost already includes parts.
11119,2095,매각[올뉴K5],CITY,0,,,,,0,0,,,,unavailable,observed_aggregate,Do not add maintenance_cost and detail_part_price unless Jejuro confirms whether cost already includes parts.
11120,2022,16년 올뉴K5[LPG],CITY,0,,,,,0,0,,,,unavailable,observed_aggregate,Do not add maintenance_cost and detail_part_price unless Jejuro confirms whether cost already includes parts.
11121,2095,매각[올뉴K5],CITY,0,,,,,0,0,,,,unavailable,observed_aggregate,Do not add maintenance_cost and detail_part_price unless Jejuro confirms whether cost already includes parts.
11122,2022,16년 올뉴K5[LPG],CITY,0,,,,,0,0,,,,unavailable,observed_aggregate,Do not add maintenance_cost and detail_part_price unless Jejuro confirms whether cost already includes parts.
11123,2095,매각[올뉴K5],CITY,0,,,,,0,0,,,,unavailable,observed_aggregate,Do not add maintenance_cost and detail_part_price unless Jejuro confirms whether cost already includes parts.
11124,2022,16년 올뉴K5[LPG],CITY,0,,,,,0,0,,,,unavailable,observed_aggregate,Do not add maintenance_cost and detail_part_price unless Jejuro confirms whether cost already includes parts.
11125,2095,매각[올뉴K5],CITY,0,,,,,0,0,,,,unavailable,observed_aggregate,Do not add maintenance_cost and detail_part_price unless Jejuro confirms whether cost already includes parts.
11126,2022,16년 올뉴K5[LPG],CITY,0,,,,,0,0,,,,unavailable,observed_aggregate,Do not add maintenance_cost and detail_part_price unless Jejuro confirms whether cost already includes parts.
11127,2095,매각[올뉴K5],CITY,0,,,,,0,0,,,,unavailable,observed_aggregate,Do not add maintenance_cost and detail_part_price unless Jejuro confirms whether cost already includes parts.
11128,2022,16년 올뉴K5[LPG],CITY,0,,,,,0,0,,,,unavailable,observed_aggregate,Do not add maintenance_cost and detail_part_price unless Jejuro confirms whether cost already includes parts.
11129,2095,매각[올뉴K5],CITY,0,,,,,0,0,,,,unavailable,observed_aggregate,Do not add maintenance_cost and detail_part_price unless Jejuro confirms whether cost already includes parts.
11130,1978,17년 올뉴투싼[경유],CITY,0,,,,,0,0,,,,unavailable,observed_aggregate,Do not add maintenance_cost and detail_part_price unless Jejuro confirms whether cost already includes parts.
11131,1978,17년 올뉴투싼[경유],CITY,0,,,,,0,0,,,,unavailable,observed_aggregate,Do not add maintenance_cost and detail_part_price unless Jejuro confirms whether cost already includes parts.
11132,1978,17년 올뉴투싼[경유],CITY,0,,,,,0,0,,,,unavailable,observed_aggregate,Do not add maintenance_cost and detail_part_price unless Jejuro confirms whether cost already includes parts.
11133,2058,올란도7인[경유],CITY,0,,,,,0,0,,,,unavailable,observed_aggregate,Do not add maintenance_cost and detail_part_price unless Jejuro confirms whether cost already includes parts.
11134,2058,올란도7인[경유],CITY,0,,,,,0,0,,,,unavailable,observed_aggregate,Do not add maintenance_cost and detail_part_price unless Jejuro confirms whether cost already includes parts.
11135,2058,올란도7인[경유],CITY,0,,,,,0,0,,,,unavailable,observed_aggregate,Do not add maintenance_cost and detail_part_price unless Jejuro confirms whether cost already includes parts.
11136,1843,16/18년 올뉴카니발9인(경유),RV,0,,,,,0,0,,,,unavailable,observed_aggregate,Do not add maintenance_cost and detail_part_price unless Jejuro confirms whether cost already includes parts.
11137,1843,16/18년 올뉴카니발9인(경유),RV,0,,,,,0,0,,,,unavailable,observed_aggregate,Do not add maintenance_cost and detail_part_price unless Jejuro confirms whether cost already includes parts.
11138,1843,16/18년 올뉴카니발9인(경유),RV,0,,,,,0,0,,,,unavailable,observed_aggregate,Do not add maintenance_cost and detail_part_price unless Jejuro confirms whether cost already includes parts.
11139,1843,16/18년 올뉴카니발9인(경유),RV,0,,,,,0,0,,,,unavailable,observed_aggregate,Do not add maintenance_cost and detail_part_price unless Jejuro confirms whether cost already includes parts.
11140,1843,16/18년 올뉴카니발9인(경유),RV,0,,,,,0,0,,,,unavailable,observed_aggregate,Do not add maintenance_cost and detail_part_price unless Jejuro confirms whether cost already includes parts.
11141,1843,16/18년 올뉴카니발9인(경유),RV,0,,,,,0,0,,,,unavailable,observed_aggregate,Do not add maintenance_cost and detail_part_price unless Jejuro confirms whether cost already includes parts.
11142,2038,LF소나타[LPG],CITY,0,,,,,0,0,,,,unavailable,observed_aggregate,Do not add maintenance_cost and detail_part_price unless Jejuro confirms whether cost already includes parts.
11143,2094,매각[LF소나타],CITY,0,,,,,0,0,,,,unavailable,observed_aggregate,Do not add maintenance_cost and detail_part_price unless Jejuro confirms whether cost already includes parts.
11144,2038,LF소나타[LPG],CITY,0,,,,,0,0,,,,unavailable,observed_aggregate,Do not add maintenance_cost and detail_part_price unless Jejuro confirms whether cost already includes parts.
11145,2094,매각[LF소나타],CITY,0,,,,,0,0,,,,unavailable,observed_aggregate,Do not add maintenance_cost and detail_part_price unless Jejuro confirms whether cost already includes parts.
11146,2038,LF소나타[LPG],CITY,0,,,,,0,0,,,,unavailable,observed_aggregate,Do not add maintenance_cost and detail_part_price unless Jejuro confirms whether cost already includes parts.
11147,2094,매각[LF소나타],CITY,0,,,,,0,0,,,,unavailable,observed_aggregate,Do not add maintenance_cost and detail_part_price unless Jejuro confirms whether cost already includes parts.
11148,2038,LF소나타[LPG],CITY,0,,,,,0,0,,,,unavailable,observed_aggregate,Do not add maintenance_cost and detail_part_price unless Jejuro confirms whether cost already includes parts.
11149,2094,매각[LF소나타],CITY,0,,,,,0,0,,,,unavailable,observed_aggregate,Do not add maintenance_cost and detail_part_price unless Jejuro confirms whether cost already includes parts.
11150,2038,LF소나타[LPG],CITY,0,,,,,0,0,,,,unavailable,observed_aggregate,Do not add maintenance_cost and detail_part_price unless Jejuro confirms whether cost already includes parts.
11151,2094,매각[LF소나타],CITY,0,,,,,0,0,,,,unavailable,observed_aggregate,Do not add maintenance_cost and detail_part_price unless Jejuro confirms whether cost already includes parts.
11152,2038,LF소나타[LPG],CITY,0,,,,,0,0,,,,unavailable,observed_aggregate,Do not add maintenance_cost and detail_part_price unless Jejuro confirms whether cost already includes parts.
11153,2038,LF소나타[LPG],CITY,0,,,,,0,0,,,,unavailable,observed_aggregate,Do not add maintenance_cost and detail_part_price unless Jejuro confirms whether cost already includes parts.
11154,2038,LF소나타[LPG],CITY,0,,,,,0,0,,,,unavailable,observed_aggregate,Do not add maintenance_cost and detail_part_price unless Jejuro confirms whether cost already includes parts.
11155,2038,LF소나타[LPG],CITY,0,,,,,0,0,,,,unavailable,observed_aggregate,Do not add maintenance_cost and detail_part_price unless Jejuro confirms whether cost already includes parts.
11156,2038,LF소나타[LPG],CITY,0,,,,,0,0,,,,unavailable,observed_aggregate,Do not add maintenance_cost and detail_part_price unless Jejuro confirms whether cost already includes parts.
11157,2022,16년 올뉴K5[LPG],CITY,0,,,,,0,0,,,,unavailable,observed_aggregate,Do not add maintenance_cost and detail_part_price unless Jejuro confirms whether cost already includes parts.
11158,2095,매각[올뉴K5],CITY,0,,,,,0,0,,,,unavailable,observed_aggregate,Do not add maintenance_cost and detail_part_price unless Jejuro confirms whether cost already includes parts.
11159,2022,16년 올뉴K5[LPG],CITY,0,,,,,0,0,,,,unavailable,observed_aggregate,Do not add maintenance_cost and detail_part_price unless Jejuro confirms whether cost already includes parts.
11160,2022,16년 올뉴K5[LPG],CITY,0,,,,,0,0,,,,unavailable,observed_aggregate,Do not add maintenance_cost and detail_part_price unless Jejuro confirms whether cost already includes parts.
11161,2022,16년 올뉴K5[LPG],CITY,0,,,,,0,0,,,,unavailable,observed_aggregate,Do not add maintenance_cost and detail_part_price unless Jejuro confirms whether cost already includes parts.
11162,2022,16년 올뉴K5[LPG],CITY,0,,,,,0,0,,,,unavailable,observed_aggregate,Do not add maintenance_cost and detail_part_price unless Jejuro confirms whether cost already includes parts.
11163,2022,16년 올뉴K5[LPG],CITY,0,,,,,0,0,,,,unavailable,observed_aggregate,Do not add maintenance_cost and detail_part_price unless Jejuro confirms whether cost already includes parts.
11164,2022,16년 올뉴K5[LPG],CITY,0,,,,,0,0,,,,unavailable,observed_aggregate,Do not add maintenance_cost and detail_part_price unless Jejuro confirms whether cost already includes parts.
11165,2022,16년 올뉴K5[LPG],CITY,0,,,,,0,0,,,,unavailable,observed_aggregate,Do not add maintenance_cost and detail_part_price unless Jejuro confirms whether cost already includes parts.
11166,2022,16년 올뉴K5[LPG],CITY,0,,,,,0,0,,,,unavailable,observed_aggregate,Do not add maintenance_cost and detail_part_price unless Jejuro confirms whether cost already includes parts.
11167,2022,16년 올뉴K5[LPG],CITY,0,,,,,0,0,,,,unavailable,observed_aggregate,Do not add maintenance_cost and detail_part_price unless Jejuro confirms whether cost already includes parts.
11168,2022,16년 올뉴K5[LPG],CITY,0,,,,,0,0,,,,unavailable,observed_aggregate,Do not add maintenance_cost and detail_part_price unless Jejuro confirms whether cost already includes parts.
11169,2022,16년 올뉴K5[LPG],CITY,0,,,,,0,0,,,,unavailable,observed_aggregate,Do not add maintenance_cost and detail_part_price unless Jejuro confirms whether cost already includes parts.
11170,2022,16년 올뉴K5[LPG],CITY,0,,,,,0,0,,,,unavailable,observed_aggregate,Do not add maintenance_cost and detail_part_price unless Jejuro confirms whether cost already includes parts.
11171,1983,18/19 쏘나타뉴라이즈[LPG],CITY,0,,,,,0,0,,,,unavailable,observed_aggregate,Do not add maintenance_cost and detail_part_price unless Jejuro confirms whether cost already includes parts.
11172,1983,18/19 쏘나타뉴라이즈[LPG],CITY,0,,,,,0,0,,,,unavailable,observed_aggregate,Do not add maintenance_cost and detail_part_price unless Jejuro confirms whether cost already includes parts.
11173,1983,18/19 쏘나타뉴라이즈[LPG],CITY,0,,,,,0,0,,,,unavailable,observed_aggregate,Do not add maintenance_cost and detail_part_price unless Jejuro confirms whether cost already includes parts.
11174,1983,18/19 쏘나타뉴라이즈[LPG],CITY,0,,,,,0,0,,,,unavailable,observed_aggregate,Do not add maintenance_cost and detail_part_price unless Jejuro confirms whether cost already includes parts.
11175,1983,18/19 쏘나타뉴라이즈[LPG],CITY,0,,,,,0,0,,,,unavailable,observed_aggregate,Do not add maintenance_cost and detail_part_price unless Jejuro confirms whether cost already includes parts.
11176,1852,18년 뉴레이(휘),URBAN,0,,,,,0,0,,,,unavailable,observed_aggregate,Do not add maintenance_cost and detail_part_price unless Jejuro confirms whether cost already includes parts.
11177,1852,18년 뉴레이(휘),URBAN,0,,,,,0,0,,,,unavailable,observed_aggregate,Do not add maintenance_cost and detail_part_price unless Jejuro confirms whether cost already includes parts.
11178,1852,18년 뉴레이(휘),URBAN,0,,,,,0,0,,,,unavailable,observed_aggregate,Do not add maintenance_cost and detail_part_price unless Jejuro confirms whether cost already includes parts.
11179,1852,18년 뉴레이(휘),URBAN,0,,,,,0,0,,,,unavailable,observed_aggregate,Do not add maintenance_cost and detail_part_price unless Jejuro confirms whether cost already includes parts.
11180,1855,18/19년 올뉴 K3(휘),COMPACT,0,,,,,0,0,,,,unavailable,observed_aggregate,Do not add maintenance_cost and detail_part_price unless Jejuro confirms whether cost already includes parts.
11181,1855,18/19년 올뉴 K3(휘),COMPACT,0,,,,,0,0,,,,unavailable,observed_aggregate,Do not add maintenance_cost and detail_part_price unless Jejuro confirms whether cost already includes parts.
11182,1855,18/19년 올뉴 K3(휘),COMPACT,0,,,,,0,0,,,,unavailable,observed_aggregate,Do not add maintenance_cost and detail_part_price unless Jejuro confirms whether cost already includes parts.
11183,1985,18/19 더뉴K5[휘],CITY,0,,,,,0,0,,,,unavailable,observed_aggregate,Do not add maintenance_cost and detail_part_price unless Jejuro confirms whether cost already includes parts.
11184,1985,18/19 더뉴K5[휘],CITY,0,,,,,0,0,,,,unavailable,observed_aggregate,Do not add maintenance_cost and detail_part_price unless Jejuro confirms whether cost already includes parts.
11185,1985,18/19 더뉴K5[휘],CITY,0,,,,,0,0,,,,unavailable,observed_aggregate,Do not add maintenance_cost and detail_part_price unless Jejuro confirms whether cost already includes parts.
11186,2040,아반떼AD[휘],CITY,0,,,,,0,0,,,,unavailable,observed_aggregate,Do not add maintenance_cost and detail_part_price unless Jejuro confirms whether cost already includes parts.
11187,2040,아반떼AD[휘],CITY,0,,,,,0,0,,,,unavailable,observed_aggregate,Do not add maintenance_cost and detail_part_price unless Jejuro confirms whether cost already includes parts.
11188,2040,아반떼AD[휘],CITY,0,,,,,0,0,,,,unavailable,observed_aggregate,Do not add maintenance_cost and detail_part_price unless Jejuro confirms whether cost already includes parts.
11189,2040,아반떼AD[휘],CITY,0,,,,,0,0,,,,unavailable,observed_aggregate,Do not add maintenance_cost and detail_part_price unless Jejuro confirms whether cost already includes parts.
11190,2040,아반떼AD[휘],CITY,0,,,,,0,0,,,,unavailable,observed_aggregate,Do not add maintenance_cost and detail_part_price unless Jejuro confirms whether cost already includes parts.
11191,2040,아반떼AD[휘],CITY,0,,,,,0,0,,,,unavailable,observed_aggregate,Do not add maintenance_cost and detail_part_price unless Jejuro confirms whether cost already includes parts.
11192,2045,17/18 i30[휘],CITY,0,,,,,0,0,,,,unavailable,observed_aggregate,Do not add maintenance_cost and detail_part_price unless Jejuro confirms whether cost already includes parts.
11193,2045,17/18 i30[휘],CITY,0,,,,,0,0,,,,unavailable,observed_aggregate,Do not add maintenance_cost and detail_part_price unless Jejuro confirms whether cost already includes parts.
11194,2045,17/18 i30[휘],CITY,0,,,,,0,0,,,,unavailable,observed_aggregate,Do not add maintenance_cost and detail_part_price unless Jejuro confirms whether cost already includes parts.
11195,2045,17/18 i30[휘],CITY,0,,,,,0,0,,,,unavailable,observed_aggregate,Do not add maintenance_cost and detail_part_price unless Jejuro confirms whether cost already includes parts.
11196,1843,16/18년 올뉴카니발9인(경유),RV,0,,,,,0,0,,,,unavailable,observed_aggregate,Do not add maintenance_cost and detail_part_price unless Jejuro confirms whether cost already includes parts.
11197,1843,16/18년 올뉴카니발9인(경유),RV,0,,,,,0,0,,,,unavailable,observed_aggregate,Do not add maintenance_cost and detail_part_price unless Jejuro confirms whether cost already includes parts.
11198,1843,16/18년 올뉴카니발9인(경유),RV,0,,,,,0,0,,,,unavailable,observed_aggregate,Do not add maintenance_cost and detail_part_price unless Jejuro confirms whether cost already includes parts.
11199,1843,16/18년 올뉴카니발9인(경유),RV,0,,,,,0,0,,,,unavailable,observed_aggregate,Do not add maintenance_cost and detail_part_price unless Jejuro confirms whether cost already includes parts.
11200,1843,16/18년 올뉴카니발9인(경유),RV,0,,,,,0,0,,,,unavailable,observed_aggregate,Do not add maintenance_cost and detail_part_price unless Jejuro confirms whether cost already includes parts.
11201,2045,17/18 i30[휘],CITY,0,,,,,0,0,,,,unavailable,observed_aggregate,Do not add maintenance_cost and detail_part_price unless Jejuro confirms whether cost already includes parts.
11202,2047,2018년 뉴모닝[휘],CITY,0,,,,,0,0,,,,unavailable,observed_aggregate,Do not add maintenance_cost and detail_part_price unless Jejuro confirms whether cost already includes parts.
11203,2047,2018년 뉴모닝[휘],CITY,0,,,,,0,0,,,,unavailable,observed_aggregate,Do not add maintenance_cost and detail_part_price unless Jejuro confirms whether cost already includes parts.
11204,2060,2018 스토닉[휘],CITY,0,,,,,0,0,,,,unavailable,observed_aggregate,Do not add maintenance_cost and detail_part_price unless Jejuro confirms whether cost already includes parts.
11205,2096,매각[스토닉],CITY,0,,,,,0,0,,,,unavailable,observed_aggregate,Do not add maintenance_cost and detail_part_price unless Jejuro confirms whether cost already includes parts.
11206,2060,2018 스토닉[휘],CITY,0,,,,,0,0,,,,unavailable,observed_aggregate,Do not add maintenance_cost and detail_part_price unless Jejuro confirms whether cost already includes parts.
11207,2096,매각[스토닉],CITY,0,,,,,0,0,,,,unavailable,observed_aggregate,Do not add maintenance_cost and detail_part_price unless Jejuro confirms whether cost already includes parts.
11208,2025,17/18 쏘나타뉴라이즈[휘],CITY,0,,,,,0,0,,,,unavailable,observed_aggregate,Do not add maintenance_cost and detail_part_price unless Jejuro confirms whether cost already includes parts.
11209,2025,17/18 쏘나타뉴라이즈[휘],CITY,0,,,,,0,0,,,,unavailable,observed_aggregate,Do not add maintenance_cost and detail_part_price unless Jejuro confirms whether cost already includes parts.
11210,2025,17/18 쏘나타뉴라이즈[휘],CITY,0,,,,,0,0,,,,unavailable,observed_aggregate,Do not add maintenance_cost and detail_part_price unless Jejuro confirms whether cost already includes parts.
11211,1849,18/19년 그랜져IG(휘),LUXURY,0,,,,,0,0,,,,unavailable,observed_aggregate,Do not add maintenance_cost and detail_part_price unless Jejuro confirms whether cost already includes parts.
11212,1849,18/19년 그랜져IG(휘),LUXURY,0,,,,,0,0,,,,unavailable,observed_aggregate,Do not add maintenance_cost and detail_part_price unless Jejuro confirms whether cost already includes parts.
11213,1850,18년 아이오닉(전기),EV,0,,,,,0,0,,,,unavailable,observed_aggregate,Do not add maintenance_cost and detail_part_price unless Jejuro confirms whether cost already includes parts.
11214,1987,19년 팰리세이드 8인승[경유],CITY,0,,,,,0,0,,,,unavailable,observed_aggregate,Do not add maintenance_cost and detail_part_price unless Jejuro confirms whether cost already includes parts.
11215,1850,18년 아이오닉(전기),EV,0,,,,,0,0,,,,unavailable,observed_aggregate,Do not add maintenance_cost and detail_part_price unless Jejuro confirms whether cost already includes parts.
11216,1850,18년 아이오닉(전기),EV,0,,,,,0,0,,,,unavailable,observed_aggregate,Do not add maintenance_cost and detail_part_price unless Jejuro confirms whether cost already includes parts.
11217,1850,18년 아이오닉(전기),EV,0,,,,,0,0,,,,unavailable,observed_aggregate,Do not add maintenance_cost and detail_part_price unless Jejuro confirms whether cost already includes parts.
11218,1850,18년 아이오닉(전기),EV,0,,,,,0,0,,,,unavailable,observed_aggregate,Do not add maintenance_cost and detail_part_price unless Jejuro confirms whether cost already includes parts.
11219,1850,18년 아이오닉(전기),EV,0,,,,,0,0,,,,unavailable,observed_aggregate,Do not add maintenance_cost and detail_part_price unless Jejuro confirms whether cost already includes parts.
11220,1850,18년 아이오닉(전기),EV,0,,,,,0,0,,,,unavailable,observed_aggregate,Do not add maintenance_cost and detail_part_price unless Jejuro confirms whether cost already includes parts.
11221,2089,매각[아이오닉],CITY,0,,,,,0,0,,,,unavailable,observed_aggregate,Do not add maintenance_cost and detail_part_price unless Jejuro confirms whether cost already includes parts.
11222,1850,18년 아이오닉(전기),EV,0,,,,,0,0,,,,unavailable,observed_aggregate,Do not add maintenance_cost and detail_part_price unless Jejuro confirms whether cost already includes parts.
11223,1850,18년 아이오닉(전기),EV,0,,,,,0,0,,,,unavailable,observed_aggregate,Do not add maintenance_cost and detail_part_price unless Jejuro confirms whether cost already includes parts.
11224,1850,18년 아이오닉(전기),EV,0,,,,,0,0,,,,unavailable,observed_aggregate,Do not add maintenance_cost and detail_part_price unless Jejuro confirms whether cost already includes parts.
11225,1850,18년 아이오닉(전기),EV,0,,,,,0,0,,,,unavailable,observed_aggregate,Do not add maintenance_cost and detail_part_price unless Jejuro confirms whether cost already includes parts.
11226,1850,18년 아이오닉(전기),EV,0,,,,,0,0,,,,unavailable,observed_aggregate,Do not add maintenance_cost and detail_part_price unless Jejuro confirms whether cost already includes parts.
11227,2089,매각[아이오닉],CITY,0,,,,,0,0,,,,unavailable,observed_aggregate,Do not add maintenance_cost and detail_part_price unless Jejuro confirms whether cost already includes parts.
11228,1987,19년 팰리세이드 8인승[경유],CITY,0,,,,,0,0,,,,unavailable,observed_aggregate,Do not add maintenance_cost and detail_part_price unless Jejuro confirms whether cost already includes parts.
11229,1850,18년 아이오닉(전기),EV,0,,,,,0,0,,,,unavailable,observed_aggregate,Do not add maintenance_cost and detail_part_price unless Jejuro confirms whether cost already includes parts.
11230,1850,18년 아이오닉(전기),EV,0,,,,,0,0,,,,unavailable,observed_aggregate,Do not add maintenance_cost and detail_part_price unless Jejuro confirms whether cost already includes parts.
11231,1850,18년 아이오닉(전기),EV,0,,,,,0,0,,,,unavailable,observed_aggregate,Do not add maintenance_cost and detail_part_price unless Jejuro confirms whether cost already includes parts.
11232,1850,18년 아이오닉(전기),EV,0,,,,,0,0,,,,unavailable,observed_aggregate,Do not add maintenance_cost and detail_part_price unless Jejuro confirms whether cost already includes parts.
11233,1850,18년 아이오닉(전기),EV,0,,,,,0,0,,,,unavailable,observed_aggregate,Do not add maintenance_cost and detail_part_price unless Jejuro confirms whether cost already includes parts.
11234,1850,18년 아이오닉(전기),EV,0,,,,,0,0,,,,unavailable,observed_aggregate,Do not add maintenance_cost and detail_part_price unless Jejuro confirms whether cost already includes parts.
11235,1850,18년 아이오닉(전기),EV,0,,,,,0,0,,,,unavailable,observed_aggregate,Do not add maintenance_cost and detail_part_price unless Jejuro confirms whether cost already includes parts.
11236,1850,18년 아이오닉(전기),EV,0,,,,,0,0,,,,unavailable,observed_aggregate,Do not add maintenance_cost and detail_part_price unless Jejuro confirms whether cost already includes parts.
11237,2089,매각[아이오닉],CITY,0,,,,,0,0,,,,unavailable,observed_aggregate,Do not add maintenance_cost and detail_part_price unless Jejuro confirms whether cost already includes parts.
11238,1850,18년 아이오닉(전기),EV,0,,,,,0,0,,,,unavailable,observed_aggregate,Do not add maintenance_cost and detail_part_price unless Jejuro confirms whether cost already includes parts.
11239,1850,18년 아이오닉(전기),EV,0,,,,,0,0,,,,unavailable,observed_aggregate,Do not add maintenance_cost and detail_part_price unless Jejuro confirms whether cost already includes parts.
11240,1850,18년 아이오닉(전기),EV,0,,,,,0,0,,,,unavailable,observed_aggregate,Do not add maintenance_cost and detail_part_price unless Jejuro confirms whether cost already includes parts.
11241,2089,매각[아이오닉],CITY,0,,,,,0,0,,,,unavailable,observed_aggregate,Do not add maintenance_cost and detail_part_price unless Jejuro confirms whether cost already includes parts.
11242,1850,18년 아이오닉(전기),EV,0,,,,,0,0,,,,unavailable,observed_aggregate,Do not add maintenance_cost and detail_part_price unless Jejuro confirms whether cost already includes parts.
11243,1850,18년 아이오닉(전기),EV,0,,,,,0,0,,,,unavailable,observed_aggregate,Do not add maintenance_cost and detail_part_price unless Jejuro confirms whether cost already includes parts.
11244,2089,매각[아이오닉],CITY,0,,,,,0,0,,,,unavailable,observed_aggregate,Do not add maintenance_cost and detail_part_price unless Jejuro confirms whether cost already includes parts.
11245,1850,18년 아이오닉(전기),EV,0,,,,,0,0,,,,unavailable,observed_aggregate,Do not add maintenance_cost and detail_part_price unless Jejuro confirms whether cost already includes parts.
11246,1850,18년 아이오닉(전기),EV,0,,,,,0,0,,,,unavailable,observed_aggregate,Do not add maintenance_cost and detail_part_price unless Jejuro confirms whether cost already includes parts.
11247,1850,18년 아이오닉(전기),EV,0,,,,,0,0,,,,unavailable,observed_aggregate,Do not add maintenance_cost and detail_part_price unless Jejuro confirms whether cost already includes parts.
11248,2089,매각[아이오닉],CITY,0,,,,,0,0,,,,unavailable,observed_aggregate,Do not add maintenance_cost and detail_part_price unless Jejuro confirms whether cost already includes parts.
11249,1850,18년 아이오닉(전기),EV,0,,,,,0,0,,,,unavailable,observed_aggregate,Do not add maintenance_cost and detail_part_price unless Jejuro confirms whether cost already includes parts.
11250,2089,매각[아이오닉],CITY,0,,,,,0,0,,,,unavailable,observed_aggregate,Do not add maintenance_cost and detail_part_price unless Jejuro confirms whether cost already includes parts.
11251,1850,18년 아이오닉(전기),EV,0,,,,,0,0,,,,unavailable,observed_aggregate,Do not add maintenance_cost and detail_part_price unless Jejuro confirms whether cost already includes parts.
11252,1852,18년 뉴레이(휘),URBAN,0,,,,,0,0,,,,unavailable,observed_aggregate,Do not add maintenance_cost and detail_part_price unless Jejuro confirms whether cost already includes parts.
11253,1852,18년 뉴레이(휘),URBAN,0,,,,,0,0,,,,unavailable,observed_aggregate,Do not add maintenance_cost and detail_part_price unless Jejuro confirms whether cost already includes parts.
11254,1852,18년 뉴레이(휘),URBAN,0,,,,,0,0,,,,unavailable,observed_aggregate,Do not add maintenance_cost and detail_part_price unless Jejuro confirms whether cost already includes parts.
11255,1852,18년 뉴레이(휘),URBAN,0,,,,,0,0,,,,unavailable,observed_aggregate,Do not add maintenance_cost and detail_part_price unless Jejuro confirms whether cost already includes parts.
11256,1852,18년 뉴레이(휘),URBAN,0,,,,,0,0,,,,unavailable,observed_aggregate,Do not add maintenance_cost and detail_part_price unless Jejuro confirms whether cost already includes parts.
11257,1850,18년 아이오닉(전기),EV,0,,,,,0,0,,,,unavailable,observed_aggregate,Do not add maintenance_cost and detail_part_price unless Jejuro confirms whether cost already includes parts.
11258,1850,18년 아이오닉(전기),EV,0,,,,,0,0,,,,unavailable,observed_aggregate,Do not add maintenance_cost and detail_part_price unless Jejuro confirms whether cost already includes parts.
11259,1850,18년 아이오닉(전기),EV,0,,,,,0,0,,,,unavailable,observed_aggregate,Do not add maintenance_cost and detail_part_price unless Jejuro confirms whether cost already includes parts.
11260,1850,18년 아이오닉(전기),EV,0,,,,,0,0,,,,unavailable,observed_aggregate,Do not add maintenance_cost and detail_part_price unless Jejuro confirms whether cost already includes parts.
11261,1850,18년 아이오닉(전기),EV,0,,,,,0,0,,,,unavailable,observed_aggregate,Do not add maintenance_cost and detail_part_price unless Jejuro confirms whether cost already includes parts.
11262,1850,18년 아이오닉(전기),EV,0,,,,,0,0,,,,unavailable,observed_aggregate,Do not add maintenance_cost and detail_part_price unless Jejuro confirms whether cost already includes parts.
11263,1850,18년 아이오닉(전기),EV,0,,,,,0,0,,,,unavailable,observed_aggregate,Do not add maintenance_cost and detail_part_price unless Jejuro confirms whether cost already includes parts.
11264,1850,18년 아이오닉(전기),EV,0,,,,,0,0,,,,unavailable,observed_aggregate,Do not add maintenance_cost and detail_part_price unless Jejuro confirms whether cost already includes parts.
11265,1850,18년 아이오닉(전기),EV,0,,,,,0,0,,,,unavailable,observed_aggregate,Do not add maintenance_cost and detail_part_price unless Jejuro confirms whether cost already includes parts.
11266,1850,18년 아이오닉(전기),EV,0,,,,,0,0,,,,unavailable,observed_aggregate,Do not add maintenance_cost and detail_part_price unless Jejuro confirms whether cost already includes parts.
11267,1850,18년 아이오닉(전기),EV,0,,,,,0,0,,,,unavailable,observed_aggregate,Do not add maintenance_cost and detail_part_price unless Jejuro confirms whether cost already includes parts.
11268,1850,18년 아이오닉(전기),EV,0,,,,,0,0,,,,unavailable,observed_aggregate,Do not add maintenance_cost and detail_part_price unless Jejuro confirms whether cost already includes parts.
11269,1850,18년 아이오닉(전기),EV,0,,,,,0,0,,,,unavailable,observed_aggregate,Do not add maintenance_cost and detail_part_price unless Jejuro confirms whether cost already includes parts.
11270,1850,18년 아이오닉(전기),EV,0,,,,,0,0,,,,unavailable,observed_aggregate,Do not add maintenance_cost and detail_part_price unless Jejuro confirms whether cost already includes parts.
11271,1850,18년 아이오닉(전기),EV,0,,,,,0,0,,,,unavailable,observed_aggregate,Do not add maintenance_cost and detail_part_price unless Jejuro confirms whether cost already includes parts.
11272,1850,18년 아이오닉(전기),EV,0,,,,,0,0,,,,unavailable,observed_aggregate,Do not add maintenance_cost and detail_part_price unless Jejuro confirms whether cost already includes parts.
11273,1850,18년 아이오닉(전기),EV,0,,,,,0,0,,,,unavailable,observed_aggregate,Do not add maintenance_cost and detail_part_price unless Jejuro confirms whether cost already includes parts.
11274,1990,2020 뉴SM3 ZE RE(최고급형),CITY,0,,,,,0,0,,,,unavailable,observed_aggregate,Do not add maintenance_cost and detail_part_price unless Jejuro confirms whether cost already includes parts.
11275,1850,18년 아이오닉(전기),EV,0,,,,,0,0,,,,unavailable,observed_aggregate,Do not add maintenance_cost and detail_part_price unless Jejuro confirms whether cost already includes parts.
11276,1990,2020 뉴SM3 ZE RE(최고급형),CITY,0,,,,,0,0,,,,unavailable,observed_aggregate,Do not add maintenance_cost and detail_part_price unless Jejuro confirms whether cost already includes parts.
11277,1850,18년 아이오닉(전기),EV,0,,,,,0,0,,,,unavailable,observed_aggregate,Do not add maintenance_cost and detail_part_price unless Jejuro confirms whether cost already includes parts.
11278,1850,18년 아이오닉(전기),EV,0,,,,,0,0,,,,unavailable,observed_aggregate,Do not add maintenance_cost and detail_part_price unless Jejuro confirms whether cost already includes parts.
11279,1850,18년 아이오닉(전기),EV,0,,,,,0,0,,,,unavailable,observed_aggregate,Do not add maintenance_cost and detail_part_price unless Jejuro confirms whether cost already includes parts.
11280,1850,18년 아이오닉(전기),EV,0,,,,,0,0,,,,unavailable,observed_aggregate,Do not add maintenance_cost and detail_part_price unless Jejuro confirms whether cost already includes parts.
11281,1850,18년 아이오닉(전기),EV,0,,,,,0,0,,,,unavailable,observed_aggregate,Do not add maintenance_cost and detail_part_price unless Jejuro confirms whether cost already includes parts.
11282,1850,18년 아이오닉(전기),EV,0,,,,,0,0,,,,unavailable,observed_aggregate,Do not add maintenance_cost and detail_part_price unless Jejuro confirms whether cost already includes parts.
11283,1850,18년 아이오닉(전기),EV,0,,,,,0,0,,,,unavailable,observed_aggregate,Do not add maintenance_cost and detail_part_price unless Jejuro confirms whether cost already includes parts.
11284,1850,18년 아이오닉(전기),EV,0,,,,,0,0,,,,unavailable,observed_aggregate,Do not add maintenance_cost and detail_part_price unless Jejuro confirms whether cost already includes parts.
11285,1850,18년 아이오닉(전기),EV,0,,,,,0,0,,,,unavailable,observed_aggregate,Do not add maintenance_cost and detail_part_price unless Jejuro confirms whether cost already includes parts.
11286,1850,18년 아이오닉(전기),EV,0,,,,,0,0,,,,unavailable,observed_aggregate,Do not add maintenance_cost and detail_part_price unless Jejuro confirms whether cost already includes parts.
11287,1850,18년 아이오닉(전기),EV,0,,,,,0,0,,,,unavailable,observed_aggregate,Do not add maintenance_cost and detail_part_price unless Jejuro confirms whether cost already includes parts.
11288,1984,2018 싼타페TM (2WD)[경유],CITY,0,,,,,0,0,,,,unavailable,observed_aggregate,Do not add maintenance_cost and detail_part_price unless Jejuro confirms whether cost already includes parts.
11289,1984,2018 싼타페TM (2WD)[경유],CITY,0,,,,,0,0,,,,unavailable,observed_aggregate,Do not add maintenance_cost and detail_part_price unless Jejuro confirms whether cost already includes parts.
11290,1984,2018 싼타페TM (2WD)[경유],CITY,0,,,,,0,0,,,,unavailable,observed_aggregate,Do not add maintenance_cost and detail_part_price unless Jejuro confirms whether cost already includes parts.
11291,1854,19년 더뉴그랜드스타렉스12인(경유),RV,0,,,,,0,0,,,,unavailable,observed_aggregate,Do not add maintenance_cost and detail_part_price unless Jejuro confirms whether cost already includes parts.
11292,2073,그랜드스타렉스12인[경유],CITY,0,,,,,0,0,,,,unavailable,observed_aggregate,Do not add maintenance_cost and detail_part_price unless Jejuro confirms whether cost already includes parts.
11293,2073,그랜드스타렉스12인[경유],CITY,0,,,,,0,0,,,,unavailable,observed_aggregate,Do not add maintenance_cost and detail_part_price unless Jejuro confirms whether cost already includes parts.
11294,2073,그랜드스타렉스12인[경유],CITY,0,,,,,0,0,,,,unavailable,observed_aggregate,Do not add maintenance_cost and detail_part_price unless Jejuro confirms whether cost already includes parts.
11295,2073,그랜드스타렉스12인[경유],CITY,0,,,,,0,0,,,,unavailable,observed_aggregate,Do not add maintenance_cost and detail_part_price unless Jejuro confirms whether cost already includes parts.
11296,2073,그랜드스타렉스12인[경유],CITY,0,,,,,0,0,,,,unavailable,observed_aggregate,Do not add maintenance_cost and detail_part_price unless Jejuro confirms whether cost already includes parts.
11297,2039,그랜드카니발11인[경유],CITY,0,,,,,0,0,,,,unavailable,observed_aggregate,Do not add maintenance_cost and detail_part_price unless Jejuro confirms whether cost already includes parts.
11298,2039,그랜드카니발11인[경유],CITY,0,,,,,0,0,,,,unavailable,observed_aggregate,Do not add maintenance_cost and detail_part_price unless Jejuro confirms whether cost already includes parts.
11299,2039,그랜드카니발11인[경유],CITY,0,,,,,0,0,,,,unavailable,observed_aggregate,Do not add maintenance_cost and detail_part_price unless Jejuro confirms whether cost already includes parts.
11300,2039,그랜드카니발11인[경유],CITY,0,,,,,0,0,,,,unavailable,observed_aggregate,Do not add maintenance_cost and detail_part_price unless Jejuro confirms whether cost already includes parts.
11301,1854,19년 더뉴그랜드스타렉스12인(경유),RV,0,,,,,0,0,,,,unavailable,observed_aggregate,Do not add maintenance_cost and detail_part_price unless Jejuro confirms whether cost already includes parts.
11302,1854,19년 더뉴그랜드스타렉스12인(경유),RV,0,,,,,0,0,,,,unavailable,observed_aggregate,Do not add maintenance_cost and detail_part_price unless Jejuro confirms whether cost already includes parts.
11303,1854,19년 더뉴그랜드스타렉스12인(경유),RV,0,,,,,0,0,,,,unavailable,observed_aggregate,Do not add maintenance_cost and detail_part_price unless Jejuro confirms whether cost already includes parts.
11304,1854,19년 더뉴그랜드스타렉스12인(경유),RV,0,,,,,0,0,,,,unavailable,observed_aggregate,Do not add maintenance_cost and detail_part_price unless Jejuro confirms whether cost already includes parts.
11305,2039,그랜드카니발11인[경유],CITY,0,,,,,0,0,,,,unavailable,observed_aggregate,Do not add maintenance_cost and detail_part_price unless Jejuro confirms whether cost already includes parts.
11306,2039,그랜드카니발11인[경유],CITY,0,,,,,0,0,,,,unavailable,observed_aggregate,Do not add maintenance_cost and detail_part_price unless Jejuro confirms whether cost already includes parts.
11307,2039,그랜드카니발11인[경유],CITY,0,,,,,0,0,,,,unavailable,observed_aggregate,Do not add maintenance_cost and detail_part_price unless Jejuro confirms whether cost already includes parts.
11308,2039,그랜드카니발11인[경유],CITY,0,,,,,0,0,,,,unavailable,observed_aggregate,Do not add maintenance_cost and detail_part_price unless Jejuro confirms whether cost already includes parts.
11309,2039,그랜드카니발11인[경유],CITY,0,,,,,0,0,,,,unavailable,observed_aggregate,Do not add maintenance_cost and detail_part_price unless Jejuro confirms whether cost already includes parts.
11310,2039,그랜드카니발11인[경유],CITY,0,,,,,0,0,,,,unavailable,observed_aggregate,Do not add maintenance_cost and detail_part_price unless Jejuro confirms whether cost already includes parts.
11311,2073,그랜드스타렉스12인[경유],CITY,0,,,,,0,0,,,,unavailable,observed_aggregate,Do not add maintenance_cost and detail_part_price unless Jejuro confirms whether cost already includes parts.
11312,2073,그랜드스타렉스12인[경유],CITY,0,,,,,0,0,,,,unavailable,observed_aggregate,Do not add maintenance_cost and detail_part_price unless Jejuro confirms whether cost already includes parts.
11313,2073,그랜드스타렉스12인[경유],CITY,0,,,,,0,0,,,,unavailable,observed_aggregate,Do not add maintenance_cost and detail_part_price unless Jejuro confirms whether cost already includes parts.
11314,2073,그랜드스타렉스12인[경유],CITY,0,,,,,0,0,,,,unavailable,observed_aggregate,Do not add maintenance_cost and detail_part_price unless Jejuro confirms whether cost already includes parts.
11315,2073,그랜드스타렉스12인[경유],CITY,0,,,,,0,0,,,,unavailable,observed_aggregate,Do not add maintenance_cost and detail_part_price unless Jejuro confirms whether cost already includes parts.
11316,2073,그랜드스타렉스12인[경유],CITY,0,,,,,0,0,,,,unavailable,observed_aggregate,Do not add maintenance_cost and detail_part_price unless Jejuro confirms whether cost already includes parts.
11317,2073,그랜드스타렉스12인[경유],CITY,0,,,,,0,0,,,,unavailable,observed_aggregate,Do not add maintenance_cost and detail_part_price unless Jejuro confirms whether cost already includes parts.
11318,2073,그랜드스타렉스12인[경유],CITY,0,,,,,0,0,,,,unavailable,observed_aggregate,Do not add maintenance_cost and detail_part_price unless Jejuro confirms whether cost already includes parts.
11319,2073,그랜드스타렉스12인[경유],CITY,0,,,,,0,0,,,,unavailable,observed_aggregate,Do not add maintenance_cost and detail_part_price unless Jejuro confirms whether cost already includes parts.
11320,2073,그랜드스타렉스12인[경유],CITY,0,,,,,0,0,,,,unavailable,observed_aggregate,Do not add maintenance_cost and detail_part_price unless Jejuro confirms whether cost already includes parts.
11321,1854,19년 더뉴그랜드스타렉스12인(경유),RV,0,,,,,0,0,,,,unavailable,observed_aggregate,Do not add maintenance_cost and detail_part_price unless Jejuro confirms whether cost already includes parts.
11322,1854,19년 더뉴그랜드스타렉스12인(경유),RV,0,,,,,0,0,,,,unavailable,observed_aggregate,Do not add maintenance_cost and detail_part_price unless Jejuro confirms whether cost already includes parts.
11323,1854,19년 더뉴그랜드스타렉스12인(경유),RV,0,,,,,0,0,,,,unavailable,observed_aggregate,Do not add maintenance_cost and detail_part_price unless Jejuro confirms whether cost already includes parts.
11324,1854,19년 더뉴그랜드스타렉스12인(경유),RV,0,,,,,0,0,,,,unavailable,observed_aggregate,Do not add maintenance_cost and detail_part_price unless Jejuro confirms whether cost already includes parts.
11325,1854,19년 더뉴그랜드스타렉스12인(경유),RV,0,,,,,0,0,,,,unavailable,observed_aggregate,Do not add maintenance_cost and detail_part_price unless Jejuro confirms whether cost already includes parts.
11326,1854,19년 더뉴그랜드스타렉스12인(경유),RV,0,,,,,0,0,,,,unavailable,observed_aggregate,Do not add maintenance_cost and detail_part_price unless Jejuro confirms whether cost already includes parts.
11327,2073,그랜드스타렉스12인[경유],CITY,0,,,,,0,0,,,,unavailable,observed_aggregate,Do not add maintenance_cost and detail_part_price unless Jejuro confirms whether cost already includes parts.
11328,2073,그랜드스타렉스12인[경유],CITY,0,,,,,0,0,,,,unavailable,observed_aggregate,Do not add maintenance_cost and detail_part_price unless Jejuro confirms whether cost already includes parts.
11329,2073,그랜드스타렉스12인[경유],CITY,0,,,,,0,0,,,,unavailable,observed_aggregate,Do not add maintenance_cost and detail_part_price unless Jejuro confirms whether cost already includes parts.
11330,2073,그랜드스타렉스12인[경유],CITY,0,,,,,0,0,,,,unavailable,observed_aggregate,Do not add maintenance_cost and detail_part_price unless Jejuro confirms whether cost already includes parts.
11331,2073,그랜드스타렉스12인[경유],CITY,0,,,,,0,0,,,,unavailable,observed_aggregate,Do not add maintenance_cost and detail_part_price unless Jejuro confirms whether cost already includes parts.
11332,2073,그랜드스타렉스12인[경유],CITY,0,,,,,0,0,,,,unavailable,observed_aggregate,Do not add maintenance_cost and detail_part_price unless Jejuro confirms whether cost already includes parts.
11333,2073,그랜드스타렉스12인[경유],CITY,0,,,,,0,0,,,,unavailable,observed_aggregate,Do not add maintenance_cost and detail_part_price unless Jejuro confirms whether cost already includes parts.
11334,2073,그랜드스타렉스12인[경유],CITY,0,,,,,0,0,,,,unavailable,observed_aggregate,Do not add maintenance_cost and detail_part_price unless Jejuro confirms whether cost already includes parts.
11335,2073,그랜드스타렉스12인[경유],CITY,0,,,,,0,0,,,,unavailable,observed_aggregate,Do not add maintenance_cost and detail_part_price unless Jejuro confirms whether cost already includes parts.
11336,2073,그랜드스타렉스12인[경유],CITY,0,,,,,0,0,,,,unavailable,observed_aggregate,Do not add maintenance_cost and detail_part_price unless Jejuro confirms whether cost already includes parts.
11337,2039,그랜드카니발11인[경유],CITY,0,,,,,0,0,,,,unavailable,observed_aggregate,Do not add maintenance_cost and detail_part_price unless Jejuro confirms whether cost already includes parts.
11338,2039,그랜드카니발11인[경유],CITY,0,,,,,0,0,,,,unavailable,observed_aggregate,Do not add maintenance_cost and detail_part_price unless Jejuro confirms whether cost already includes parts.
11339,2039,그랜드카니발11인[경유],CITY,0,,,,,0,0,,,,unavailable,observed_aggregate,Do not add maintenance_cost and detail_part_price unless Jejuro confirms whether cost already includes parts.
11340,2039,그랜드카니발11인[경유],CITY,0,,,,,0,0,,,,unavailable,observed_aggregate,Do not add maintenance_cost and detail_part_price unless Jejuro confirms whether cost already includes parts.
11341,1844,16/18년 올뉴그랜드카니발11인(경유),RV,0,,,,,0,0,,,,unavailable,observed_aggregate,Do not add maintenance_cost and detail_part_price unless Jejuro confirms whether cost already includes parts.
11342,1844,16/18년 올뉴그랜드카니발11인(경유),RV,0,,,,,0,0,,,,unavailable,observed_aggregate,Do not add maintenance_cost and detail_part_price unless Jejuro confirms whether cost already includes parts.
11343,1844,16/18년 올뉴그랜드카니발11인(경유),RV,0,,,,,0,0,,,,unavailable,observed_aggregate,Do not add maintenance_cost and detail_part_price unless Jejuro confirms whether cost already includes parts.
11344,1846,18/19년 쏠라티(15인/경유),RV,0,,,,,0,0,,,,unavailable,observed_aggregate,Do not add maintenance_cost and detail_part_price unless Jejuro confirms whether cost already includes parts.
11345,1854,19년 더뉴그랜드스타렉스12인(경유),RV,0,,,,,0,0,,,,unavailable,observed_aggregate,Do not add maintenance_cost and detail_part_price unless Jejuro confirms whether cost already includes parts.
11346,1854,19년 더뉴그랜드스타렉스12인(경유),RV,0,,,,,0,0,,,,unavailable,observed_aggregate,Do not add maintenance_cost and detail_part_price unless Jejuro confirms whether cost already includes parts.
11347,1854,19년 더뉴그랜드스타렉스12인(경유),RV,0,,,,,0,0,,,,unavailable,observed_aggregate,Do not add maintenance_cost and detail_part_price unless Jejuro confirms whether cost already includes parts.
11348,1854,19년 더뉴그랜드스타렉스12인(경유),RV,0,,,,,0,0,,,,unavailable,observed_aggregate,Do not add maintenance_cost and detail_part_price unless Jejuro confirms whether cost already includes parts.
11349,1844,16/18년 올뉴그랜드카니발11인(경유),RV,0,,,,,0,0,,,,unavailable,observed_aggregate,Do not add maintenance_cost and detail_part_price unless Jejuro confirms whether cost already includes parts.
11350,1844,16/18년 올뉴그랜드카니발11인(경유),RV,0,,,,,0,0,,,,unavailable,observed_aggregate,Do not add maintenance_cost and detail_part_price unless Jejuro confirms whether cost already includes parts.
11351,1844,16/18년 올뉴그랜드카니발11인(경유),RV,0,,,,,0,0,,,,unavailable,observed_aggregate,Do not add maintenance_cost and detail_part_price unless Jejuro confirms whether cost already includes parts.
11352,1844,16/18년 올뉴그랜드카니발11인(경유),RV,0,,,,,0,0,,,,unavailable,observed_aggregate,Do not add maintenance_cost and detail_part_price unless Jejuro confirms whether cost already includes parts.
11353,1844,16/18년 올뉴그랜드카니발11인(경유),RV,0,,,,,0,0,,,,unavailable,observed_aggregate,Do not add maintenance_cost and detail_part_price unless Jejuro confirms whether cost already includes parts.
11354,2073,그랜드스타렉스12인[경유],CITY,0,,,,,0,0,,,,unavailable,observed_aggregate,Do not add maintenance_cost and detail_part_price unless Jejuro confirms whether cost already includes parts.
11355,2073,그랜드스타렉스12인[경유],CITY,0,,,,,0,0,,,,unavailable,observed_aggregate,Do not add maintenance_cost and detail_part_price unless Jejuro confirms whether cost already includes parts.
11356,2073,그랜드스타렉스12인[경유],CITY,0,,,,,0,0,,,,unavailable,observed_aggregate,Do not add maintenance_cost and detail_part_price unless Jejuro confirms whether cost already includes parts.
11357,2073,그랜드스타렉스12인[경유],CITY,0,,,,,0,0,,,,unavailable,observed_aggregate,Do not add maintenance_cost and detail_part_price unless Jejuro confirms whether cost already includes parts.
11358,2073,그랜드스타렉스12인[경유],CITY,0,,,,,0,0,,,,unavailable,observed_aggregate,Do not add maintenance_cost and detail_part_price unless Jejuro confirms whether cost already includes parts.
11359,2073,그랜드스타렉스12인[경유],CITY,0,,,,,0,0,,,,unavailable,observed_aggregate,Do not add maintenance_cost and detail_part_price unless Jejuro confirms whether cost already includes parts.
11360,2073,그랜드스타렉스12인[경유],CITY,0,,,,,0,0,,,,unavailable,observed_aggregate,Do not add maintenance_cost and detail_part_price unless Jejuro confirms whether cost already includes parts.
11361,2073,그랜드스타렉스12인[경유],CITY,0,,,,,0,0,,,,unavailable,observed_aggregate,Do not add maintenance_cost and detail_part_price unless Jejuro confirms whether cost already includes parts.
11362,2073,그랜드스타렉스12인[경유],CITY,0,,,,,0,0,,,,unavailable,observed_aggregate,Do not add maintenance_cost and detail_part_price unless Jejuro confirms whether cost already includes parts.
11363,2073,그랜드스타렉스12인[경유],CITY,0,,,,,0,0,,,,unavailable,observed_aggregate,Do not add maintenance_cost and detail_part_price unless Jejuro confirms whether cost already includes parts.
11364,1844,16/18년 올뉴그랜드카니발11인(경유),RV,0,,,,,0,0,,,,unavailable,observed_aggregate,Do not add maintenance_cost and detail_part_price unless Jejuro confirms whether cost already includes parts.
11365,1844,16/18년 올뉴그랜드카니발11인(경유),RV,0,,,,,0,0,,,,unavailable,observed_aggregate,Do not add maintenance_cost and detail_part_price unless Jejuro confirms whether cost already includes parts.
11366,2073,그랜드스타렉스12인[경유],CITY,0,,,,,0,0,,,,unavailable,observed_aggregate,Do not add maintenance_cost and detail_part_price unless Jejuro confirms whether cost already includes parts.
11367,1846,18/19년 쏠라티(15인/경유),RV,0,,,,,0,0,,,,unavailable,observed_aggregate,Do not add maintenance_cost and detail_part_price unless Jejuro confirms whether cost already includes parts.
11368,1854,19년 더뉴그랜드스타렉스12인(경유),RV,0,,,,,0,0,,,,unavailable,observed_aggregate,Do not add maintenance_cost and detail_part_price unless Jejuro confirms whether cost already includes parts.
11369,1854,19년 더뉴그랜드스타렉스12인(경유),RV,0,,,,,0,0,,,,unavailable,observed_aggregate,Do not add maintenance_cost and detail_part_price unless Jejuro confirms whether cost already includes parts.
11370,1844,16/18년 올뉴그랜드카니발11인(경유),RV,0,,,,,0,0,,,,unavailable,observed_aggregate,Do not add maintenance_cost and detail_part_price unless Jejuro confirms whether cost already includes parts.
11371,1844,16/18년 올뉴그랜드카니발11인(경유),RV,0,,,,,0,0,,,,unavailable,observed_aggregate,Do not add maintenance_cost and detail_part_price unless Jejuro confirms whether cost already includes parts.
11372,1844,16/18년 올뉴그랜드카니발11인(경유),RV,0,,,,,0,0,,,,unavailable,observed_aggregate,Do not add maintenance_cost and detail_part_price unless Jejuro confirms whether cost already includes parts.
11373,1844,16/18년 올뉴그랜드카니발11인(경유),RV,0,,,,,0,0,,,,unavailable,observed_aggregate,Do not add maintenance_cost and detail_part_price unless Jejuro confirms whether cost already includes parts.
11374,1854,19년 더뉴그랜드스타렉스12인(경유),RV,0,,,,,0,0,,,,unavailable,observed_aggregate,Do not add maintenance_cost and detail_part_price unless Jejuro confirms whether cost already includes parts.
11375,2073,그랜드스타렉스12인[경유],CITY,0,,,,,0,0,,,,unavailable,observed_aggregate,Do not add maintenance_cost and detail_part_price unless Jejuro confirms whether cost already includes parts.
11376,1854,19년 더뉴그랜드스타렉스12인(경유),RV,0,,,,,0,0,,,,unavailable,observed_aggregate,Do not add maintenance_cost and detail_part_price unless Jejuro confirms whether cost already includes parts.
11377,2073,그랜드스타렉스12인[경유],CITY,0,,,,,0,0,,,,unavailable,observed_aggregate,Do not add maintenance_cost and detail_part_price unless Jejuro confirms whether cost already includes parts.
11378,1854,19년 더뉴그랜드스타렉스12인(경유),RV,0,,,,,0,0,,,,unavailable,observed_aggregate,Do not add maintenance_cost and detail_part_price unless Jejuro confirms whether cost already includes parts.
11379,2073,그랜드스타렉스12인[경유],CITY,0,,,,,0,0,,,,unavailable,observed_aggregate,Do not add maintenance_cost and detail_part_price unless Jejuro confirms whether cost already includes parts.
11380,2073,그랜드스타렉스12인[경유],CITY,0,,,,,0,0,,,,unavailable,observed_aggregate,Do not add maintenance_cost and detail_part_price unless Jejuro confirms whether cost already includes parts.
11381,2073,그랜드스타렉스12인[경유],CITY,0,,,,,0,0,,,,unavailable,observed_aggregate,Do not add maintenance_cost and detail_part_price unless Jejuro confirms whether cost already includes parts.
11382,2073,그랜드스타렉스12인[경유],CITY,0,,,,,0,0,,,,unavailable,observed_aggregate,Do not add maintenance_cost and detail_part_price unless Jejuro confirms whether cost already includes parts.
11383,1854,19년 더뉴그랜드스타렉스12인(경유),RV,0,,,,,0,0,,,,unavailable,observed_aggregate,Do not add maintenance_cost and detail_part_price unless Jejuro confirms whether cost already includes parts.
11384,2073,그랜드스타렉스12인[경유],CITY,0,,,,,0,0,,,,unavailable,observed_aggregate,Do not add maintenance_cost and detail_part_price unless Jejuro confirms whether cost already includes parts.
11385,2073,그랜드스타렉스12인[경유],CITY,0,,,,,0,0,,,,unavailable,observed_aggregate,Do not add maintenance_cost and detail_part_price unless Jejuro confirms whether cost already includes parts.
11386,1854,19년 더뉴그랜드스타렉스12인(경유),RV,0,,,,,0,0,,,,unavailable,observed_aggregate,Do not add maintenance_cost and detail_part_price unless Jejuro confirms whether cost already includes parts.
11387,1854,19년 더뉴그랜드스타렉스12인(경유),RV,0,,,,,0,0,,,,unavailable,observed_aggregate,Do not add maintenance_cost and detail_part_price unless Jejuro confirms whether cost already includes parts.
11388,1846,18/19년 쏠라티(15인/경유),RV,0,,,,,0,0,,,,unavailable,observed_aggregate,Do not add maintenance_cost and detail_part_price unless Jejuro confirms whether cost already includes parts.
11389,1854,19년 더뉴그랜드스타렉스12인(경유),RV,0,,,,,0,0,,,,unavailable,observed_aggregate,Do not add maintenance_cost and detail_part_price unless Jejuro confirms whether cost already includes parts.
11390,1939,24년 레이(휘),URBAN,0,,,,,0,0,,,,unavailable,observed_aggregate,Do not add maintenance_cost and detail_part_price unless Jejuro confirms whether cost already includes parts.
11391,1939,24년 레이(휘),URBAN,0,,,,,0,0,,,,unavailable,observed_aggregate,Do not add maintenance_cost and detail_part_price unless Jejuro confirms whether cost already includes parts.
11392,1939,24년 레이(휘),URBAN,0,,,,,0,0,,,,unavailable,observed_aggregate,Do not add maintenance_cost and detail_part_price unless Jejuro confirms whether cost already includes parts.
11393,1939,24년 레이(휘),URBAN,0,,,,,0,0,,,,unavailable,observed_aggregate,Do not add maintenance_cost and detail_part_price unless Jejuro confirms whether cost already includes parts.
11394,1939,24년 레이(휘),URBAN,0,,,,,0,0,,,,unavailable,observed_aggregate,Do not add maintenance_cost and detail_part_price unless Jejuro confirms whether cost already includes parts.
11395,1939,24년 레이(휘),URBAN,0,,,,,0,0,,,,unavailable,observed_aggregate,Do not add maintenance_cost and detail_part_price unless Jejuro confirms whether cost already includes parts.
11396,1939,24년 레이(휘),URBAN,0,,,,,0,0,,,,unavailable,observed_aggregate,Do not add maintenance_cost and detail_part_price unless Jejuro confirms whether cost already includes parts.
11397,1939,24년 레이(휘),URBAN,0,,,,,0,0,,,,unavailable,observed_aggregate,Do not add maintenance_cost and detail_part_price unless Jejuro confirms whether cost already includes parts.
11398,1939,24년 레이(휘),URBAN,0,,,,,0,0,,,,unavailable,observed_aggregate,Do not add maintenance_cost and detail_part_price unless Jejuro confirms whether cost already includes parts.
11399,1939,24년 레이(휘),URBAN,0,,,,,0,0,,,,unavailable,observed_aggregate,Do not add maintenance_cost and detail_part_price unless Jejuro confirms whether cost already includes parts.
11400,2099,25년 EV3(전기),EV,5,2025-03-07 00:34:00,2026-05-30 09:17:00,0,0,0,4,4498,37909,,unavailable,observed_aggregate,Do not add maintenance_cost and detail_part_price unless Jejuro confirms whether cost already includes parts.
11401,2099,25년 EV3(전기),EV,6,2025-03-06 06:42:00,2026-06-16 06:01:00,0,0,0,5,4376,40560,,unavailable,observed_aggregate,Do not add maintenance_cost and detail_part_price unless Jejuro confirms whether cost already includes parts.
11402,2099,25년 EV3(전기),EV,7,2025-03-07 09:17:00,2026-05-11 07:18:00,0,0,0,6,4816,37621,,unavailable,observed_aggregate,Do not add maintenance_cost and detail_part_price unless Jejuro confirms whether cost already includes parts.
11403,2099,25년 EV3(전기),EV,9,2025-03-07 23:48:00,2026-05-22 06:20:00,0,0,0,8,5715,38318,,unavailable,observed_aggregate,Do not add maintenance_cost and detail_part_price unless Jejuro confirms whether cost already includes parts.
11404,2099,25년 EV3(전기),EV,0,,,,,0,0,,,,unavailable,observed_aggregate,Do not add maintenance_cost and detail_part_price unless Jejuro confirms whether cost already includes parts.
11405,2100,업무용차량,CITY,1,2025-07-18 00:00:00,2025-07-18 00:00:00,0,0,0,1,200422,200422,,unavailable,observed_aggregate,Do not add maintenance_cost and detail_part_price unless Jejuro confirms whether cost already includes parts.
11406,2100,업무용차량,CITY,7,2024-12-13 00:50:00,2025-10-30 06:53:00,0,0,910000,7,40273,45844,,unavailable,observed_aggregate,Do not add maintenance_cost and detail_part_price unless Jejuro confirms whether cost already includes parts.
11407,2100,업무용차량,CITY,0,,,,,0,0,,,,unavailable,observed_aggregate,Do not add maintenance_cost and detail_part_price unless Jejuro confirms whether cost already includes parts.
11408,2100,업무용차량,CITY,5,2025-02-12 08:58:00,2026-03-04 00:00:00,0,0,0,5,200846,201452,,unavailable,observed_aggregate,Do not add maintenance_cost and detail_part_price unless Jejuro confirms whether cost already includes parts.
11409,2100,업무용차량,CITY,0,,,,,0,0,,,,unavailable,observed_aggregate,Do not add maintenance_cost and detail_part_price unless Jejuro confirms whether cost already includes parts.
11410,2100,업무용차량,CITY,4,2025-01-17 02:39:00,2026-05-13 00:00:00,0,0,0,3,32400,40735,,unavailable,observed_aggregate,Do not add maintenance_cost and detail_part_price unless Jejuro confirms whether cost already includes parts.
11411,2100,업무용차량,CITY,12,2025-03-14 08:14:00,2026-05-13 00:00:00,0,0,3402000,7,73181,123896,,unavailable,observed_aggregate,Do not add maintenance_cost and detail_part_price unless Jejuro confirms whether cost already includes parts.
11412,2100,업무용차량,CITY,1,2025-01-08 01:18:00,2025-01-08 01:18:00,0,0,0,1,239253,239253,,unavailable,observed_aggregate,Do not add maintenance_cost and detail_part_price unless Jejuro confirms whether cost already includes parts.
11413,2100,업무용차량,CITY,16,2025-03-24 02:09:00,2026-06-04 04:17:00,0,0,6269000,11,120231,184641,,unavailable,observed_aggregate,Do not add maintenance_cost and detail_part_price unless Jejuro confirms whether cost already includes parts.
11418,2102,25년 G80 4륜(휘),LUXURY,5,2024-12-25 01:12:00,2026-07-22 07:30:00,0,0,408650,4,13538,38894,,unavailable,observed_aggregate,Do not add maintenance_cost and detail_part_price unless Jejuro confirms whether cost already includes parts.
11419,2102,25년 G80 4륜(휘),LUXURY,7,2024-12-25 01:12:00,2026-06-27 09:24:00,0,0,0,5,13261,38911,,unavailable,observed_aggregate,Do not add maintenance_cost and detail_part_price unless Jejuro confirms whether cost already includes parts.
11420,2102,25년 G80 4륜(휘),LUXURY,6,2024-12-25 01:11:00,2026-08-13 06:55:00,0,0,0,5,12643,45807,,unavailable,observed_aggregate,Do not add maintenance_cost and detail_part_price unless Jejuro confirms whether cost already includes parts.
11421,2102,25년 G80 4륜(휘),LUXURY,5,2024-12-25 01:11:00,2026-08-01 04:15:00,0,0,0,4,12221,42476,,unavailable,observed_aggregate,Do not add maintenance_cost and detail_part_price unless Jejuro confirms whether cost already includes parts.
11422,2103,25년 GV80 쿠페 4륜(5인/휘),SUV,6,2024-12-25 01:14:00,2026-07-08 01:21:00,0,0,0,5,11979,42992,,unavailable,observed_aggregate,Do not add maintenance_cost and detail_part_price unless Jejuro confirms whether cost already includes parts.
11423,2103,25년 GV80 쿠페 4륜(5인/휘),SUV,6,2024-12-25 01:13:00,2026-07-01 04:35:00,0,0,0,5,3313,41687,,unavailable,observed_aggregate,Do not add maintenance_cost and detail_part_price unless Jejuro confirms whether cost already includes parts.
11424,2104,25년 투싼 4륜(휘),SUV,5,2024-12-25 01:02:00,2026-07-28 06:47:00,0,0,0,4,12587,36477,,unavailable,observed_aggregate,Do not add maintenance_cost and detail_part_price unless Jejuro confirms whether cost already includes parts.
11425,2104,25년 투싼 4륜(휘),SUV,5,2024-12-25 01:01:00,2026-08-16 08:01:00,0,0,0,4,13082,37453,,unavailable,observed_aggregate,Do not add maintenance_cost and detail_part_price unless Jejuro confirms whether cost already includes parts.
11426,2104,25년 투싼 4륜(휘),SUV,4,2024-12-25 01:02:00,2026-07-28 06:40:00,0,0,0,3,12693,36403,,unavailable,observed_aggregate,Do not add maintenance_cost and detail_part_price unless Jejuro confirms whether cost already includes parts.
11427,2104,25년 투싼 4륜(휘),SUV,7,2024-12-25 01:02:00,2026-07-20 03:46:00,0,0,71610,6,10100,36144,,unavailable,observed_aggregate,Do not add maintenance_cost and detail_part_price unless Jejuro confirms whether cost already includes parts.
11428,2104,25년 투싼 4륜(휘),SUV,7,2024-12-25 01:02:00,2026-07-25 01:53:00,0,0,0,6,12996,37001,,unavailable,observed_aggregate,Do not add maintenance_cost and detail_part_price unless Jejuro confirms whether cost already includes parts.
11429,2104,25년 투싼 4륜(휘),SUV,6,2024-12-25 01:03:00,2026-08-10 01:37:00,0,0,0,5,12486,37242,,unavailable,observed_aggregate,Do not add maintenance_cost and detail_part_price unless Jejuro confirms whether cost already includes parts.
11430,2105,25년 카니발 하이브리드 9인승(휘),RV,5,2024-12-25 00:59:00,2026-04-13 03:36:00,0,0,0,4,13141,26167,,unavailable,observed_aggregate,Do not add maintenance_cost and detail_part_price unless Jejuro confirms whether cost already includes parts.
11431,2105,25년 카니발 하이브리드 9인승(휘),RV,5,2024-12-25 00:59:00,2026-07-10 09:15:00,0,0,0,3,12807,31696,,unavailable,observed_aggregate,Do not add maintenance_cost and detail_part_price unless Jejuro confirms whether cost already includes parts.
11432,2105,25년 카니발 하이브리드 9인승(휘),RV,5,2024-12-25 00:59:00,2026-08-06 08:48:00,0,0,0,4,12515,34698,,unavailable,observed_aggregate,Do not add maintenance_cost and detail_part_price unless Jejuro confirms whether cost already includes parts.
11433,2105,25년 카니발 하이브리드 9인승(휘),RV,4,2024-12-25 01:00:00,2026-04-09 05:08:00,0,0,0,3,13223,24596,,unavailable,observed_aggregate,Do not add maintenance_cost and detail_part_price unless Jejuro confirms whether cost already includes parts.
11434,2105,25년 카니발 하이브리드 9인승(휘),RV,4,2024-12-25 01:00:00,2026-08-02 02:11:00,0,0,0,3,13061,35135,,unavailable,observed_aggregate,Do not add maintenance_cost and detail_part_price unless Jejuro confirms whether cost already includes parts.
11435,2106,25년 레이(휘),URBAN,6,2024-12-25 01:06:00,2026-05-27 08:38:00,0,0,0,5,13078,37502,,unavailable,observed_aggregate,Do not add maintenance_cost and detail_part_price unless Jejuro confirms whether cost already includes parts.
11436,2106,25년 레이(휘),URBAN,8,2024-12-25 01:07:00,2026-06-27 05:32:00,0,0,115000,7,12823,37083,,unavailable,observed_aggregate,Do not add maintenance_cost and detail_part_price unless Jejuro confirms whether cost already includes parts.
11437,2106,25년 레이(휘),URBAN,10,2024-12-25 01:07:00,2026-07-25 09:37:00,0,0,0,9,12507,37014,,unavailable,observed_aggregate,Do not add maintenance_cost and detail_part_price unless Jejuro confirms whether cost already includes parts.
11438,2106,25년 레이(휘),URBAN,7,2024-12-25 01:07:00,2026-05-06 23:33:00,0,0,0,6,13078,38135,,unavailable,observed_aggregate,Do not add maintenance_cost and detail_part_price unless Jejuro confirms whether cost already includes parts.
11439,2106,25년 레이(휘),URBAN,6,2024-12-25 01:08:00,2026-05-26 23:22:00,0,0,0,5,12238,37027,,unavailable,observed_aggregate,Do not add maintenance_cost and detail_part_price unless Jejuro confirms whether cost already includes parts.
11440,2106,25년 레이(휘),URBAN,6,2024-12-25 01:08:00,2026-08-13 08:47:00,0,0,0,5,12947,43122,,unavailable,observed_aggregate,Do not add maintenance_cost and detail_part_price unless Jejuro confirms whether cost already includes parts.
11441,2106,25년 레이(휘),URBAN,6,2024-12-25 01:04:00,2026-05-27 02:56:00,0,0,0,5,12670,36484,,unavailable,observed_aggregate,Do not add maintenance_cost and detail_part_price unless Jejuro confirms whether cost already includes parts.
11442,2106,25년 레이(휘),URBAN,7,2024-12-25 01:04:00,2026-06-07 08:46:00,0,0,0,6,9430,36383,,unavailable,observed_aggregate,Do not add maintenance_cost and detail_part_price unless Jejuro confirms whether cost already includes parts.
11443,2106,25년 레이(휘),URBAN,9,2024-12-25 01:06:00,2026-07-20 03:20:00,0,0,0,8,12902,40364,,unavailable,observed_aggregate,Do not add maintenance_cost and detail_part_price unless Jejuro confirms whether cost already includes parts.
11444,2106,25년 레이(휘),URBAN,6,2024-12-25 01:06:00,2026-07-25 01:34:00,0,0,0,5,12718,41638,,unavailable,observed_aggregate,Do not add maintenance_cost and detail_part_price unless Jejuro confirms whether cost already includes parts.
11448,2100,업무용차량,CITY,0,,,,,0,0,,,,unavailable,observed_aggregate,Do not add maintenance_cost and detail_part_price unless Jejuro confirms whether cost already includes parts.
11477,2111,25년 쏠라티(15인/경유),RV,5,2025-01-11 07:54:00,2026-01-19 02:20:00,0,0,0,4,2091,11521,,unavailable,observed_aggregate,Do not add maintenance_cost and detail_part_price unless Jejuro confirms whether cost already includes parts.
11478,2111,25년 쏠라티(15인/경유),RV,4,2025-01-11 07:54:00,2026-01-19 01:34:00,0,0,0,3,4659,10035,,unavailable,observed_aggregate,Do not add maintenance_cost and detail_part_price unless Jejuro confirms whether cost already includes parts.
11479,2111,25년 쏠라티(15인/경유),RV,5,2025-01-11 07:55:00,2026-07-21 07:13:00,0,0,0,4,2843,11084,,unavailable,observed_aggregate,Do not add maintenance_cost and detail_part_price unless Jejuro confirms whether cost already includes parts.
11480,2111,25년 쏠라티(15인/경유),RV,5,2025-01-11 07:55:00,2026-04-13 09:19:00,0,0,0,4,4918,11720,,unavailable,observed_aggregate,Do not add maintenance_cost and detail_part_price unless Jejuro confirms whether cost already includes parts.
11482,2117,25년 더뉴스포티지 하이브리드 4륜(휘),SUV,5,2025-01-11 07:49:00,2026-05-13 03:39:00,0,0,0,4,12439,36011,,unavailable,observed_aggregate,Do not add maintenance_cost and detail_part_price unless Jejuro confirms whether cost already includes parts.
11483,2117,25년 더뉴스포티지 하이브리드 4륜(휘),SUV,7,2025-01-11 07:50:00,2026-06-14 01:34:00,0,0,0,6,9435,37156,,unavailable,observed_aggregate,Do not add maintenance_cost and detail_part_price unless Jejuro confirms whether cost already includes parts.
11484,2117,25년 더뉴스포티지 하이브리드 4륜(휘),SUV,7,2025-01-11 07:50:00,2026-05-27 23:33:00,0,0,0,6,12908,36502,,unavailable,observed_aggregate,Do not add maintenance_cost and detail_part_price unless Jejuro confirms whether cost already includes parts.
11485,2117,25년 더뉴스포티지 하이브리드 4륜(휘),SUV,6,2025-01-11 07:50:00,2026-06-07 07:48:00,0,0,0,5,12756,36778,,unavailable,observed_aggregate,Do not add maintenance_cost and detail_part_price unless Jejuro confirms whether cost already includes parts.
11486,2117,25년 더뉴스포티지 하이브리드 4륜(휘),SUV,6,2025-01-11 07:51:00,2026-06-01 23:54:00,0,0,0,5,9695,37191,,unavailable,observed_aggregate,Do not add maintenance_cost and detail_part_price unless Jejuro confirms whether cost already includes parts.
11487,2117,25년 더뉴스포티지 하이브리드 4륜(휘),SUV,5,2025-01-11 07:51:00,2026-06-07 00:29:00,0,0,0,4,10346,36766,,unavailable,observed_aggregate,Do not add maintenance_cost and detail_part_price unless Jejuro confirms whether cost already includes parts.
11488,2117,25년 더뉴스포티지 하이브리드 4륜(휘),SUV,5,2025-01-11 07:51:00,2026-06-12 01:43:00,0,0,0,4,12957,37148,,unavailable,observed_aggregate,Do not add maintenance_cost and detail_part_price unless Jejuro confirms whether cost already includes parts.
11489,2117,25년 더뉴스포티지 하이브리드 4륜(휘),SUV,7,2025-01-11 07:51:00,2026-06-07 00:44:00,0,0,0,6,10990,37152,,unavailable,observed_aggregate,Do not add maintenance_cost and detail_part_price unless Jejuro confirms whether cost already includes parts.
11490,2117,25년 더뉴스포티지 하이브리드 4륜(휘),SUV,7,2025-01-11 07:51:00,2026-07-25 05:47:00,0,0,0,6,11246,37654,,unavailable,observed_aggregate,Do not add maintenance_cost and detail_part_price unless Jejuro confirms whether cost already includes parts.
11491,2117,25년 더뉴스포티지 하이브리드 4륜(휘),SUV,6,2025-01-11 07:52:00,2026-08-06 05:38:00,0,0,0,5,12900,39110,,unavailable,observed_aggregate,Do not add maintenance_cost and detail_part_price unless Jejuro confirms whether cost already includes parts.
11512,2120,25년 GV80 4륜(7인/휘),SUV,7,2025-01-16 04:06:00,2026-04-08 02:25:00,0,0,0,6,10577,32234,,unavailable,observed_aggregate,Do not add maintenance_cost and detail_part_price unless Jejuro confirms whether cost already includes parts.
11513,2120,25년 GV80 4륜(7인/휘),SUV,8,2025-01-16 04:07:00,2026-06-10 08:22:00,0,0,0,7,11151,35395,,unavailable,observed_aggregate,Do not add maintenance_cost and detail_part_price unless Jejuro confirms whether cost already includes parts.
11514,2120,25년 GV80 4륜(7인/휘),SUV,6,2025-01-16 04:07:00,2026-05-14 08:26:00,0,0,0,5,8674,31781,,unavailable,observed_aggregate,Do not add maintenance_cost and detail_part_price unless Jejuro confirms whether cost already includes parts.
11523,2123,25년 카니발리무진 7인승(휘),RV,5,2025-01-16 04:43:00,2026-03-08 23:14:00,0,0,0,4,12453,24422,,unavailable,observed_aggregate,Do not add maintenance_cost and detail_part_price unless Jejuro confirms whether cost already includes parts.
11524,2123,25년 카니발리무진 7인승(휘),RV,5,2025-01-16 04:43:00,2026-01-22 07:07:00,0,0,0,4,12976,24480,,unavailable,observed_aggregate,Do not add maintenance_cost and detail_part_price unless Jejuro confirms whether cost already includes parts.
11525,2123,25년 카니발리무진 7인승(휘),RV,4,2025-01-16 04:43:00,2026-01-28 05:58:00,0,0,96000,3,11172,23553,,unavailable,observed_aggregate,Do not add maintenance_cost and detail_part_price unless Jejuro confirms whether cost already includes parts.
11526,2123,25년 카니발리무진 7인승(휘),RV,3,2025-01-16 04:43:00,2026-01-20 06:21:00,0,0,0,2,11476,22771,,unavailable,observed_aggregate,Do not add maintenance_cost and detail_part_price unless Jejuro confirms whether cost already includes parts.
11527,2124,25년 카니발리무진 7인승(경유),RV,6,2025-01-16 04:44:00,2026-06-18 04:09:00,0,0,0,5,11446,29543,,unavailable,observed_aggregate,Do not add maintenance_cost and detail_part_price unless Jejuro confirms whether cost already includes parts.
11528,2124,25년 카니발리무진 7인승(경유),RV,5,2025-01-16 04:44:00,2026-06-30 06:17:00,0,0,0,4,12603,30216,,unavailable,observed_aggregate,Do not add maintenance_cost and detail_part_price unless Jejuro confirms whether cost already includes parts.
11529,2100,업무용차량,CITY,3,2023-07-25 00:00:00,2025-03-17 07:03:00,0,0,0,3,7800,19225,,unavailable,observed_aggregate,Do not add maintenance_cost and detail_part_price unless Jejuro confirms whether cost already includes parts.
11530,2100,업무용차량,CITY,11,2025-05-23 06:50:00,2026-05-29 02:12:00,0,0,720000,5,307480,327216,,unavailable,observed_aggregate,Do not add maintenance_cost and detail_part_price unless Jejuro confirms whether cost already includes parts.
11542,2123,25년 카니발리무진 7인승(휘),RV,4,2025-01-23 05:08:00,2026-04-04 05:42:00,0,0,0,3,12540,24991,,unavailable,observed_aggregate,Do not add maintenance_cost and detail_part_price unless Jejuro confirms whether cost already includes parts.
11595,2133,25년 GV70 4륜(5인/휘),SUV,5,2025-02-13 05:08:00,2026-02-03 08:13:00,0,0,0,4,4595,22923,,unavailable,observed_aggregate,Do not add maintenance_cost and detail_part_price unless Jejuro confirms whether cost already includes parts.
11596,2124,25년 카니발리무진 7인승(경유),RV,7,2025-02-13 05:11:00,2026-06-19 03:46:00,0,0,0,6,12753,29285,,unavailable,observed_aggregate,Do not add maintenance_cost and detail_part_price unless Jejuro confirms whether cost already includes parts.
11597,2133,25년 GV70 4륜(5인/휘),SUV,5,2025-02-13 05:09:00,2026-07-14 09:15:00,0,0,0,4,9383,31052,,unavailable,observed_aggregate,Do not add maintenance_cost and detail_part_price unless Jejuro confirms whether cost already includes parts.
11598,2124,25년 카니발리무진 7인승(경유),RV,5,2025-02-13 05:11:00,2026-05-13 06:23:00,0,0,0,4,4749,28003,,unavailable,observed_aggregate,Do not add maintenance_cost and detail_part_price unless Jejuro confirms whether cost already includes parts.
11599,2105,25년 카니발 하이브리드 9인승(휘),RV,5,2025-02-13 05:10:00,2026-06-01 00:33:00,0,0,0,4,11675,31013,,unavailable,observed_aggregate,Do not add maintenance_cost and detail_part_price unless Jejuro confirms whether cost already includes parts.
11600,2105,25년 카니발 하이브리드 9인승(휘),RV,4,2025-02-13 05:10:00,2026-04-09 05:23:00,0,0,0,3,5188,23671,,unavailable,observed_aggregate,Do not add maintenance_cost and detail_part_price unless Jejuro confirms whether cost already includes parts.
11601,2105,25년 카니발 하이브리드 9인승(휘),RV,7,2025-02-13 05:11:00,2026-05-25 00:13:00,0,0,0,6,12627,25282,,unavailable,observed_aggregate,Do not add maintenance_cost and detail_part_price unless Jejuro confirms whether cost already includes parts.
11627,2102,25년 G80 4륜(휘),LUXURY,5,2025-03-02 04:00:00,2026-04-02 07:26:00,0,0,0,5,233,30816,,unavailable,observed_aggregate,Do not add maintenance_cost and detail_part_price unless Jejuro confirms whether cost already includes parts.
11628,2106,25년 레이(휘),URBAN,6,2025-03-02 03:55:00,2026-08-05 01:50:00,0,0,0,5,12547,35368,,unavailable,observed_aggregate,Do not add maintenance_cost and detail_part_price unless Jejuro confirms whether cost already includes parts.
11629,2106,25년 레이(휘),URBAN,6,2025-03-02 03:56:00,2026-07-25 00:13:00,0,0,0,5,13105,35052,,unavailable,observed_aggregate,Do not add maintenance_cost and detail_part_price unless Jejuro confirms whether cost already includes parts.
11630,2106,25년 레이(휘),URBAN,10,2025-03-02 03:56:00,2026-08-02 00:16:00,0,0,0,9,12483,37410,,unavailable,observed_aggregate,Do not add maintenance_cost and detail_part_price unless Jejuro confirms whether cost already includes parts.
11631,2106,25년 레이(휘),URBAN,5,2025-03-02 03:56:00,2026-07-14 04:41:00,0,0,0,4,12490,34605,,unavailable,observed_aggregate,Do not add maintenance_cost and detail_part_price unless Jejuro confirms whether cost already includes parts.
11632,2106,25년 레이(휘),URBAN,5,2025-03-02 03:56:00,2026-03-15 05:41:00,0,0,0,4,2005,25465,,unavailable,observed_aggregate,Do not add maintenance_cost and detail_part_price unless Jejuro confirms whether cost already includes parts.
11633,2106,25년 레이(휘),URBAN,5,2025-03-02 03:57:00,2026-07-14 03:25:00,0,0,0,4,12645,35922,,unavailable,observed_aggregate,Do not add maintenance_cost and detail_part_price unless Jejuro confirms whether cost already includes parts.
11634,2106,25년 레이(휘),URBAN,6,2025-03-02 03:57:00,2026-07-18 01:25:00,0,0,0,5,12585,35005,,unavailable,observed_aggregate,Do not add maintenance_cost and detail_part_price unless Jejuro confirms whether cost already includes parts.
11635,2106,25년 레이(휘),URBAN,8,2025-03-02 03:58:00,2026-08-16 23:43:00,0,0,0,7,7970,37242,,unavailable,observed_aggregate,Do not add maintenance_cost and detail_part_price unless Jejuro confirms whether cost already includes parts.
11636,2106,25년 레이(휘),URBAN,6,2025-03-02 03:58:00,2026-07-19 00:53:00,0,0,0,5,12774,34623,,unavailable,observed_aggregate,Do not add maintenance_cost and detail_part_price unless Jejuro confirms whether cost already includes parts.
11637,2106,25년 레이(휘),URBAN,6,2025-03-02 03:58:00,2026-08-05 06:04:00,0,0,0,5,12921,35785,,unavailable,observed_aggregate,Do not add maintenance_cost and detail_part_price unless Jejuro confirms whether cost already includes parts.
11638,2141,25년 BMW 미니 컨트리맨 4륜(휘),IMPORTED,4,2025-03-03 00:15:00,2026-04-02 07:51:00,0,0,0,3,820,19497,,unavailable,observed_aggregate,Do not add maintenance_cost and detail_part_price unless Jejuro confirms whether cost already includes parts.
11639,2141,25년 BMW 미니 컨트리맨 4륜(휘),IMPORTED,5,2025-03-03 00:15:00,2025-11-27 08:51:00,0,0,0,4,1734,19101,,unavailable,observed_aggregate,Do not add maintenance_cost and detail_part_price unless Jejuro confirms whether cost already includes parts.
11640,2141,25년 BMW 미니 컨트리맨 4륜(휘),IMPORTED,5,2025-03-03 00:14:00,2026-01-26 07:07:00,0,0,0,4,1926,21683,,unavailable,observed_aggregate,Do not add maintenance_cost and detail_part_price unless Jejuro confirms whether cost already includes parts.
11641,2141,25년 BMW 미니 컨트리맨 4륜(휘),IMPORTED,4,2025-03-03 00:15:00,2026-04-02 07:51:00,0,0,0,3,2083,20190,,unavailable,observed_aggregate,Do not add maintenance_cost and detail_part_price unless Jejuro confirms whether cost already includes parts.
11648,2141,25년 BMW 미니 컨트리맨 4륜(휘),IMPORTED,5,2025-03-03 00:16:00,2026-06-11 01:21:00,0,0,0,4,2910,25902,,unavailable,observed_aggregate,Do not add maintenance_cost and detail_part_price unless Jejuro confirms whether cost already includes parts.
11649,2141,25년 BMW 미니 컨트리맨 4륜(휘),IMPORTED,4,2025-03-03 00:16:00,2026-04-02 07:51:00,0,0,0,3,9703,18351,,unavailable,observed_aggregate,Do not add maintenance_cost and detail_part_price unless Jejuro confirms whether cost already includes parts.
11650,2143,25년 투싼 하이브리드 4륜(휘),SUV,3,2025-03-06 04:07:00,2026-04-06 04:41:00,0,0,0,2,12417,24271,,unavailable,observed_aggregate,Do not add maintenance_cost and detail_part_price unless Jejuro confirms whether cost already includes parts.
11651,2143,25년 투싼 하이브리드 4륜(휘),SUV,6,2025-03-06 04:07:00,2026-07-01 07:22:00,0,0,0,5,12110,31658,,unavailable,observed_aggregate,Do not add maintenance_cost and detail_part_price unless Jejuro confirms whether cost already includes parts.
11652,2143,25년 투싼 하이브리드 4륜(휘),SUV,6,2025-03-06 04:07:00,2026-08-05 03:40:00,0,0,0,5,3364,34250,,unavailable,observed_aggregate,Do not add maintenance_cost and detail_part_price unless Jejuro confirms whether cost already includes parts.
11653,2143,25년 투싼 하이브리드 4륜(휘),SUV,5,2025-03-06 04:05:00,2026-07-13 06:14:00,0,0,0,4,2287,30140,,unavailable,observed_aggregate,Do not add maintenance_cost and detail_part_price unless Jejuro confirms whether cost already includes parts.
11654,2143,25년 투싼 하이브리드 4륜(휘),SUV,4,2025-03-06 04:05:00,2026-07-26 06:45:00,0,0,0,3,12888,34852,,unavailable,observed_aggregate,Do not add maintenance_cost and detail_part_price unless Jejuro confirms whether cost already includes parts.
11655,2143,25년 투싼 하이브리드 4륜(휘),SUV,8,2025-03-06 04:06:00,2026-04-01 23:47:00,0,0,99000,7,237,24478,,unavailable,observed_aggregate,Do not add maintenance_cost and detail_part_price unless Jejuro confirms whether cost already includes parts.
11656,2143,25년 투싼 하이브리드 4륜(휘),SUV,4,2025-03-06 04:06:00,2026-05-30 03:59:00,0,0,0,3,12133,28333,,unavailable,observed_aggregate,Do not add maintenance_cost and detail_part_price unless Jejuro confirms whether cost already includes parts.
11657,2143,25년 투싼 하이브리드 4륜(휘),SUV,4,2025-03-06 04:06:00,2026-04-05 23:20:00,0,0,0,3,12812,24736,,unavailable,observed_aggregate,Do not add maintenance_cost and detail_part_price unless Jejuro confirms whether cost already includes parts.
11658,2143,25년 투싼 하이브리드 4륜(휘),SUV,7,2025-03-06 04:06:00,2026-08-04 08:00:00,0,0,0,6,13213,31512,,unavailable,observed_aggregate,Do not add maintenance_cost and detail_part_price unless Jejuro confirms whether cost already includes parts.
11678,2143,25년 투싼 하이브리드 4륜(휘),SUV,0,,,,,0,0,,,,unavailable,observed_aggregate,Do not add maintenance_cost and detail_part_price unless Jejuro confirms whether cost already includes parts.
11679,2143,25년 투싼 하이브리드 4륜(휘),SUV,4,2025-03-10 06:40:00,2026-08-10 01:11:00,0,0,0,3,11611,34062,,unavailable,observed_aggregate,Do not add maintenance_cost and detail_part_price unless Jejuro confirms whether cost already includes parts.
11705,2133,25년 GV70 4륜(5인/휘),SUV,3,2025-03-17 06:21:00,2026-02-26 06:48:00,0,0,0,2,11900,22653,,unavailable,observed_aggregate,Do not add maintenance_cost and detail_part_price unless Jejuro confirms whether cost already includes parts.
11706,2133,25년 GV70 4륜(5인/휘),SUV,5,2025-03-17 06:21:00,2026-04-06 03:31:00,0,0,0,4,11348,24048,,unavailable,observed_aggregate,Do not add maintenance_cost and detail_part_price unless Jejuro confirms whether cost already includes parts.
11707,2133,25년 GV70 4륜(5인/휘),SUV,4,2025-03-17 06:22:00,2026-06-11 08:14:00,0,0,0,3,12057,27665,,unavailable,observed_aggregate,Do not add maintenance_cost and detail_part_price unless Jejuro confirms whether cost already includes parts.
11708,2120,25년 GV80 4륜(7인/휘),SUV,6,2025-03-17 06:38:00,2026-07-22 23:46:00,0,0,0,5,6721,34717,,unavailable,observed_aggregate,Do not add maintenance_cost and detail_part_price unless Jejuro confirms whether cost already includes parts.
11709,2120,25년 GV80 4륜(7인/휘),SUV,6,2025-03-17 06:39:00,2026-03-03 07:03:00,0,0,0,4,2000,24272,,unavailable,observed_aggregate,Do not add maintenance_cost and detail_part_price unless Jejuro confirms whether cost already includes parts.
11755,2117,25년 더뉴스포티지 하이브리드 4륜(휘),SUV,6,2025-03-30 00:02:00,2026-06-11 01:20:00,0,0,0,5,12761,30419,,unavailable,observed_aggregate,Do not add maintenance_cost and detail_part_price unless Jejuro confirms whether cost already includes parts.
11756,2117,25년 더뉴스포티지 하이브리드 4륜(휘),SUV,6,2025-03-30 00:02:00,2026-08-10 07:18:00,0,0,0,5,7970,35012,,unavailable,observed_aggregate,Do not add maintenance_cost and detail_part_price unless Jejuro confirms whether cost already includes parts.
11757,2117,25년 더뉴스포티지 하이브리드 4륜(휘),SUV,4,2025-03-30 00:02:00,2026-04-02 07:50:00,0,0,0,3,12384,28147,,unavailable,observed_aggregate,Do not add maintenance_cost and detail_part_price unless Jejuro confirms whether cost already includes parts.
11778,2099,25년 EV3(전기),EV,5,2025-05-07 04:11:00,2026-06-09 00:28:00,0,0,0,4,8449,33413,,unavailable,observed_aggregate,Do not add maintenance_cost and detail_part_price unless Jejuro confirms whether cost already includes parts.
11779,2099,25년 EV3(전기),EV,4,2025-05-07 04:11:00,2026-06-08 06:12:00,0,0,0,3,14625,31614,,unavailable,observed_aggregate,Do not add maintenance_cost and detail_part_price unless Jejuro confirms whether cost already includes parts.
11780,2099,25년 EV3(전기),EV,5,2025-05-07 04:10:00,2026-04-14 07:47:00,0,0,0,4,2010,26554,,unavailable,observed_aggregate,Do not add maintenance_cost and detail_part_price unless Jejuro confirms whether cost already includes parts.
11781,2099,25년 EV3(전기),EV,6,2025-05-07 04:11:00,2026-05-26 04:35:00,0,0,0,5,7777,32762,,unavailable,observed_aggregate,Do not add maintenance_cost and detail_part_price unless Jejuro confirms whether cost already includes parts.
11790,2155,25년 아반떼 하이브리드(휘),COMPACT,3,2025-04-13 23:22:00,2026-03-19 23:23:00,0,0,0,2,11470,23673,,unavailable,observed_aggregate,Do not add maintenance_cost and detail_part_price unless Jejuro confirms whether cost already includes parts.
11791,2155,25년 아반떼 하이브리드(휘),COMPACT,5,2025-04-13 23:22:00,2026-04-15 09:29:00,0,0,0,4,5,25097,,unavailable,observed_aggregate,Do not add maintenance_cost and detail_part_price unless Jejuro confirms whether cost already includes parts.
11792,2155,25년 아반떼 하이브리드(휘),COMPACT,3,2025-04-13 23:22:00,2026-01-28 06:41:00,0,0,0,2,12591,23126,,unavailable,observed_aggregate,Do not add maintenance_cost and detail_part_price unless Jejuro confirms whether cost already includes parts.
11793,2155,25년 아반떼 하이브리드(휘),COMPACT,7,2025-04-13 23:23:00,2026-06-16 02:31:00,0,0,0,6,6935,28370,,unavailable,observed_aggregate,Do not add maintenance_cost and detail_part_price unless Jejuro confirms whether cost already includes parts.
11794,2155,25년 아반떼 하이브리드(휘),COMPACT,3,2025-04-13 23:21:00,2026-04-22 07:16:00,0,0,0,2,12578,24526,,unavailable,observed_aggregate,Do not add maintenance_cost and detail_part_price unless Jejuro confirms whether cost already includes parts.
11806,2099,25년 EV3(전기),EV,6,2025-05-07 04:11:00,2026-05-11 00:03:00,0,0,0,5,7006,31381,,unavailable,observed_aggregate,Do not add maintenance_cost and detail_part_price unless Jejuro confirms whether cost already includes parts.
11873,2155,25년 아반떼 하이브리드(휘),COMPACT,5,2025-04-14 03:48:00,2026-08-05 02:55:00,0,0,0,4,12153,34219,,unavailable,observed_aggregate,Do not add maintenance_cost and detail_part_price unless Jejuro confirms whether cost already includes parts.
11874,2155,25년 아반떼 하이브리드(휘),COMPACT,7,2025-04-14 03:49:00,2026-06-17 00:42:00,0,0,0,6,1332,29209,,unavailable,observed_aggregate,Do not add maintenance_cost and detail_part_price unless Jejuro confirms whether cost already includes parts.
11875,2155,25년 아반떼 하이브리드(휘),COMPACT,4,2025-04-14 03:49:00,2026-01-26 03:06:00,0,0,0,3,2060,22869,,unavailable,observed_aggregate,Do not add maintenance_cost and detail_part_price unless Jejuro confirms whether cost already includes parts.
11876,2155,25년 아반떼 하이브리드(휘),COMPACT,6,2025-04-14 03:49:00,2026-06-11 06:22:00,0,0,0,5,555,26557,,unavailable,observed_aggregate,Do not add maintenance_cost and detail_part_price unless Jejuro confirms whether cost already includes parts.
12026,2155,25년 아반떼 하이브리드(휘),COMPACT,7,2025-04-30 04:19:00,2026-06-17 00:42:00,0,0,0,6,12916,28383,,unavailable,observed_aggregate,Do not add maintenance_cost and detail_part_price unless Jejuro confirms whether cost already includes parts.
12027,2155,25년 아반떼 하이브리드(휘),COMPACT,3,2025-04-30 04:19:00,2026-04-10 07:04:00,0,0,0,2,12022,23511,,unavailable,observed_aggregate,Do not add maintenance_cost and detail_part_price unless Jejuro confirms whether cost already includes parts.
12028,2155,25년 아반떼 하이브리드(휘),COMPACT,3,2025-04-30 04:19:00,2026-04-23 05:41:00,0,0,0,2,13024,24329,,unavailable,observed_aggregate,Do not add maintenance_cost and detail_part_price unless Jejuro confirms whether cost already includes parts.
12029,2155,25년 아반떼 하이브리드(휘),COMPACT,3,2025-04-30 04:24:00,2026-04-07 08:08:00,0,0,0,2,12528,24605,,unavailable,observed_aggregate,Do not add maintenance_cost and detail_part_price unless Jejuro confirms whether cost already includes parts.
12030,2155,25년 아반떼 하이브리드(휘),COMPACT,5,2025-04-30 04:23:00,2026-05-28 09:37:00,0,0,0,4,12692,26404,,unavailable,observed_aggregate,Do not add maintenance_cost and detail_part_price unless Jejuro confirms whether cost already includes parts.
12031,2213,25년 포르쉐 카이엔 하이브리드 쿠페 4륜,SUPERCAR,9,2025-04-30 04:15:00,2026-03-05 06:05:00,0,0,703000,8,71,10781,,unavailable,observed_aggregate,Do not add maintenance_cost and detail_part_price unless Jejuro confirms whether cost already includes parts.
12032,2214,25년 BMW 미니 컨버터블(휘),IMPORTED,5,2025-04-30 04:16:00,2026-06-11 06:20:00,0,0,334136,4,15666,27985,,unavailable,observed_aggregate,Do not add maintenance_cost and detail_part_price unless Jejuro confirms whether cost already includes parts.
12033,2214,25년 BMW 미니 컨버터블(휘),IMPORTED,3,2025-05-09 04:13:00,2026-04-22 07:14:00,0,0,0,2,13520,19191,,unavailable,observed_aggregate,Do not add maintenance_cost and detail_part_price unless Jejuro confirms whether cost already includes parts.
12034,2214,25년 BMW 미니 컨버터블(휘),IMPORTED,6,2025-04-30 04:16:00,2026-07-15 03:43:00,0,0,570000,5,3537,29369,,unavailable,observed_aggregate,Do not add maintenance_cost and detail_part_price unless Jejuro confirms whether cost already includes parts.
12042,2217,25년 팰리세이드 4륜(휘),SUV,6,2025-05-14 06:45:00,2026-07-23 09:35:00,0,0,0,5,10349,26523,,unavailable,observed_aggregate,Do not add maintenance_cost and detail_part_price unless Jejuro confirms whether cost already includes parts.
12043,2217,25년 팰리세이드 4륜(휘),SUV,4,2025-05-14 06:45:00,2026-04-21 03:46:00,0,0,0,3,8048,22102,,unavailable,observed_aggregate,Do not add maintenance_cost and detail_part_price unless Jejuro confirms whether cost already includes parts.
12044,2217,25년 팰리세이드 4륜(휘),SUV,5,2025-05-14 06:45:00,2026-06-27 23:58:00,0,0,0,4,9350,25642,,unavailable,observed_aggregate,Do not add maintenance_cost and detail_part_price unless Jejuro confirms whether cost already includes parts.
12045,2214,25년 BMW 미니 컨버터블(휘),IMPORTED,5,2025-08-07 03:24:00,2026-06-12 09:23:00,0,0,0,4,16915,26546,,unavailable,observed_aggregate,Do not add maintenance_cost and detail_part_price unless Jejuro confirms whether cost already includes parts.
12046,2214,25년 BMW 미니 컨버터블(휘),IMPORTED,5,2025-05-13 03:25:00,2026-07-22 07:25:00,0,0,0,4,3376,28250,,unavailable,observed_aggregate,Do not add maintenance_cost and detail_part_price unless Jejuro confirms whether cost already includes parts.
12047,2217,25년 팰리세이드 4륜(휘),SUV,8,2025-05-14 06:46:00,2026-08-16 00:45:00,0,0,0,7,654,25260,,unavailable,observed_aggregate,Do not add maintenance_cost and detail_part_price unless Jejuro confirms whether cost already includes parts.
12048,2217,25년 팰리세이드 4륜(휘),SUV,4,2025-05-29 02:19:00,2026-06-18 04:57:00,0,0,0,3,8970,24194,,unavailable,observed_aggregate,Do not add maintenance_cost and detail_part_price unless Jejuro confirms whether cost already includes parts.
12059,2224,25년 카니발 리무진 하이브리드 7인(휘),RV,4,2025-05-29 08:48:00,2026-07-01 01:15:00,0,0,0,3,12508,23904,,unavailable,observed_aggregate,Do not add maintenance_cost and detail_part_price unless Jejuro confirms whether cost already includes parts.
12060,2224,25년 카니발 리무진 하이브리드 7인(휘),RV,0,,,,,0,0,,,,unavailable,observed_aggregate,Do not add maintenance_cost and detail_part_price unless Jejuro confirms whether cost already includes parts.
12061,2224,25년 카니발 리무진 하이브리드 7인(휘),RV,3,2025-05-29 08:47:00,2026-07-18 03:19:00,0,0,0,2,12751,24116,,unavailable,observed_aggregate,Do not add maintenance_cost and detail_part_price unless Jejuro confirms whether cost already includes parts.
12062,2224,25년 카니발 리무진 하이브리드 7인(휘),RV,9,2025-05-29 08:47:00,2026-08-09 07:42:00,0,0,0,8,490,24742,,unavailable,observed_aggregate,Do not add maintenance_cost and detail_part_price unless Jejuro confirms whether cost already includes parts.
12063,2224,25년 카니발 리무진 하이브리드 7인(휘),RV,4,2025-05-29 08:47:00,2026-07-20 04:33:00,0,0,0,3,12382,24290,,unavailable,observed_aggregate,Do not add maintenance_cost and detail_part_price unless Jejuro confirms whether cost already includes parts.
12066,1879,20년 코나(전기),EV,9,2025-06-23 03:47:00,2026-06-01 00:31:00,0,0,0,9,156222,182158,,unavailable,observed_aggregate,Do not add maintenance_cost and detail_part_price unless Jejuro confirms whether cost already includes parts.
12067,1879,20년 코나(전기),EV,9,2025-06-22 08:46:00,2026-06-05 06:02:00,0,0,30200,9,153825,184059,,unavailable,observed_aggregate,Do not add maintenance_cost and detail_part_price unless Jejuro confirms whether cost already includes parts.
12068,1879,20년 코나(전기),EV,8,2025-06-23 01:29:00,2026-04-17 04:17:00,0,0,460000,8,157280,180829,,unavailable,observed_aggregate,Do not add maintenance_cost and detail_part_price unless Jejuro confirms whether cost already includes parts.
12069,1879,20년 코나(전기),EV,8,2025-06-22 08:46:00,2026-05-18 06:11:00,0,0,0,8,155073,180914,,unavailable,observed_aggregate,Do not add maintenance_cost and detail_part_price unless Jejuro confirms whether cost already includes parts.
12070,1879,20년 코나(전기),EV,9,2025-06-22 08:46:00,2026-05-29 07:06:00,0,0,437800,9,160028,185428,,unavailable,observed_aggregate,Do not add maintenance_cost and detail_part_price unless Jejuro confirms whether cost already includes parts.
12071,1879,20년 코나(전기),EV,12,2025-06-22 08:09:00,2026-07-07 09:28:00,0,0,0,12,159220,187273,,unavailable,observed_aggregate,Do not add maintenance_cost and detail_part_price unless Jejuro confirms whether cost already includes parts.
12072,1879,20년 코나(전기),EV,9,2025-06-22 08:04:00,2026-05-14 23:44:00,0,0,272470,9,157898,184544,,unavailable,observed_aggregate,Do not add maintenance_cost and detail_part_price unless Jejuro confirms whether cost already includes parts.
12073,1879,20년 코나(전기),EV,7,2025-06-22 08:36:00,2026-05-18 06:12:00,0,0,0,7,166573,193051,,unavailable,observed_aggregate,Do not add maintenance_cost and detail_part_price unless Jejuro confirms whether cost already includes parts.
12074,1879,20년 코나(전기),EV,9,2025-06-22 08:47:00,2026-05-26 04:34:00,0,0,0,9,156826,180926,,unavailable,observed_aggregate,Do not add maintenance_cost and detail_part_price unless Jejuro confirms whether cost already includes parts.
12075,1879,20년 코나(전기),EV,9,2025-06-23 04:26:00,2026-04-27 05:55:00,0,0,0,9,160591,185467,,unavailable,observed_aggregate,Do not add maintenance_cost and detail_part_price unless Jejuro confirms whether cost already includes parts.
12076,2225,19년 올뉴K3(휘),COMPACT,6,2025-06-23 00:00:00,2025-12-08 07:05:00,0,0,0,6,183882,196238,,unavailable,observed_aggregate,Do not add maintenance_cost and detail_part_price unless Jejuro confirms whether cost already includes parts.
12077,2225,19년 올뉴K3(휘),COMPACT,7,2025-06-23 00:00:00,2026-01-19 04:35:00,0,0,68090,7,184590,199203,,unavailable,observed_aggregate,Do not add maintenance_cost and detail_part_price unless Jejuro confirms whether cost already includes parts.
12078,2225,19년 올뉴K3(휘),COMPACT,5,2025-06-23 04:35:00,2025-09-10 09:36:00,0,0,0,5,175496,182173,,unavailable,observed_aggregate,Do not add maintenance_cost and detail_part_price unless Jejuro confirms whether cost already includes parts.
12079,2225,19년 올뉴K3(휘),COMPACT,6,2025-06-23 00:00:00,2026-02-02 08:34:00,0,0,0,6,186425,203863,,unavailable,observed_aggregate,Do not add maintenance_cost and detail_part_price unless Jejuro confirms whether cost already includes parts.
12080,2225,19년 올뉴K3(휘),COMPACT,6,2025-06-23 00:00:00,2025-12-21 03:54:00,0,0,0,6,179651,192447,,unavailable,observed_aggregate,Do not add maintenance_cost and detail_part_price unless Jejuro confirms whether cost already includes parts.
12081,2225,19년 올뉴K3(휘),COMPACT,5,2025-06-23 03:05:00,2026-02-24 01:07:00,0,0,0,5,176747,193852,,unavailable,observed_aggregate,Do not add maintenance_cost and detail_part_price unless Jejuro confirms whether cost already includes parts.
12082,2225,19년 올뉴K3(휘),COMPACT,9,2025-06-23 04:02:00,2026-01-12 08:55:00,0,0,0,9,175277,189706,,unavailable,observed_aggregate,Do not add maintenance_cost and detail_part_price unless Jejuro confirms whether cost already includes parts.
12083,2225,19년 올뉴K3(휘),COMPACT,7,2025-06-23 04:12:00,2026-01-04 00:16:00,0,0,0,7,171620,186391,,unavailable,observed_aggregate,Do not add maintenance_cost and detail_part_price unless Jejuro confirms whether cost already includes parts.
12084,2225,19년 올뉴K3(휘),COMPACT,4,2025-06-23 02:44:00,2026-01-03 04:02:00,0,0,0,4,175694,188610,,unavailable,observed_aggregate,Do not add maintenance_cost and detail_part_price unless Jejuro confirms whether cost already includes parts.
12085,2225,19년 올뉴K3(휘),COMPACT,8,2025-06-23 01:43:00,2026-02-06 03:44:00,0,0,0,8,175836,192271,,unavailable,observed_aggregate,Do not add maintenance_cost and detail_part_price unless Jejuro confirms whether cost already includes parts.
12086,1864,20년 쏘나타DN8(LPG),MIDSIZE,8,2025-06-23 02:03:00,2026-07-18 00:29:00,0,0,0,8,173128,198703,,unavailable,observed_aggregate,Do not add maintenance_cost and detail_part_price unless Jejuro confirms whether cost already includes parts.
12087,1864,20년 쏘나타DN8(LPG),MIDSIZE,9,2025-06-23 00:00:00,2026-07-24 00:06:00,0,0,0,9,156385,183761,,unavailable,observed_aggregate,Do not add maintenance_cost and detail_part_price unless Jejuro confirms whether cost already includes parts.
12088,1864,20년 쏘나타DN8(LPG),MIDSIZE,8,2025-06-23 05:12:00,2026-06-07 06:32:00,0,0,0,8,153467,177723,,unavailable,observed_aggregate,Do not add maintenance_cost and detail_part_price unless Jejuro confirms whether cost already includes parts.
12089,1864,20년 쏘나타DN8(LPG),MIDSIZE,9,2025-06-23 00:00:00,2026-05-26 00:00:00,0,0,0,9,145832,171880,,unavailable,observed_aggregate,Do not add maintenance_cost and detail_part_price unless Jejuro confirms whether cost already includes parts.
12090,1864,20년 쏘나타DN8(LPG),MIDSIZE,8,2025-06-23 00:00:00,2026-06-05 00:00:00,0,0,0,8,153070,178087,,unavailable,observed_aggregate,Do not add maintenance_cost and detail_part_price unless Jejuro confirms whether cost already includes parts.
12091,1864,20년 쏘나타DN8(LPG),MIDSIZE,9,2025-06-22 23:04:00,2026-06-11 00:00:00,0,0,0,9,150600,174137,,unavailable,observed_aggregate,Do not add maintenance_cost and detail_part_price unless Jejuro confirms whether cost already includes parts.
12092,1864,20년 쏘나타DN8(LPG),MIDSIZE,8,2025-06-23 00:00:00,2026-06-09 09:16:00,0,0,0,8,155652,179963,,unavailable,observed_aggregate,Do not add maintenance_cost and detail_part_price unless Jejuro confirms whether cost already includes parts.
12093,1864,20년 쏘나타DN8(LPG),MIDSIZE,8,2025-06-23 00:00:00,2026-08-10 03:04:00,0,0,0,8,152729,181507,,unavailable,observed_aggregate,Do not add maintenance_cost and detail_part_price unless Jejuro confirms whether cost already includes parts.
12094,1873,20년 K5(LPG),MIDSIZE,10,2025-06-23 03:54:00,2026-07-29 00:00:00,0,0,0,10,148312,173968,,unavailable,observed_aggregate,Do not add maintenance_cost and detail_part_price unless Jejuro confirms whether cost already includes parts.
12095,1873,20년 K5(LPG),MIDSIZE,8,2025-06-22 09:31:00,2026-07-21 00:00:00,0,0,0,8,150421,179675,,unavailable,observed_aggregate,Do not add maintenance_cost and detail_part_price unless Jejuro confirms whether cost already includes parts.
12096,1873,20년 K5(LPG),MIDSIZE,7,2025-06-23 05:01:00,2026-07-23 03:41:00,0,0,0,7,151580,175751,,unavailable,observed_aggregate,Do not add maintenance_cost and detail_part_price unless Jejuro confirms whether cost already includes parts.
12097,1873,20년 K5(LPG),MIDSIZE,9,2025-06-23 03:03:00,2026-07-28 00:00:00,0,0,0,9,153834,179861,,unavailable,observed_aggregate,Do not add maintenance_cost and detail_part_price unless Jejuro confirms whether cost already includes parts.
12098,1873,20년 K5(LPG),MIDSIZE,8,2025-06-22 08:39:00,2026-08-17 01:20:00,0,0,0,8,138519,167888,,unavailable,observed_aggregate,Do not add maintenance_cost and detail_part_price unless Jejuro confirms whether cost already includes parts.
12099,1873,20년 K5(LPG),MIDSIZE,8,2025-06-22 09:32:00,2026-07-07 08:14:00,0,0,30000,8,136735,163194,,unavailable,observed_aggregate,Do not add maintenance_cost and detail_part_price unless Jejuro confirms whether cost already includes parts.
12100,1873,20년 K5(LPG),MIDSIZE,7,2025-06-22 09:33:00,2026-07-29 07:40:00,0,0,0,7,137605,165355,,unavailable,observed_aggregate,Do not add maintenance_cost and detail_part_price unless Jejuro confirms whether cost already includes parts.
12101,1870,20년 QM6(LPG),SUV,3,2025-06-22 09:34:00,2025-10-13 00:00:00,0,0,0,3,146339,154506,,unavailable,observed_aggregate,Do not add maintenance_cost and detail_part_price unless Jejuro confirms whether cost already includes parts.
12102,1873,20년 K5(LPG),MIDSIZE,8,2025-06-23 03:42:00,2026-05-15 08:15:00,0,0,0,8,139883,162004,,unavailable,observed_aggregate,Do not add maintenance_cost and detail_part_price unless Jejuro confirms whether cost already includes parts.
12103,2226,22년 K5(LPG),MIDSIZE,2,2025-06-22 09:26:00,2025-06-23 00:19:00,0,0,0,2,134589,134589,,unavailable,observed_aggregate,Do not add maintenance_cost and detail_part_price unless Jejuro confirms whether cost already includes parts.
12104,2226,22년 K5(LPG),MIDSIZE,2,2025-06-22 08:30:00,2025-06-22 09:33:00,0,0,0,2,135463,135463,,unavailable,observed_aggregate,Do not add maintenance_cost and detail_part_price unless Jejuro confirms whether cost already includes parts.
12105,2226,22년 K5(LPG),MIDSIZE,3,2025-06-23 04:42:00,2025-07-12 23:47:00,0,0,0,3,136641,137770,,unavailable,observed_aggregate,Do not add maintenance_cost and detail_part_price unless Jejuro confirms whether cost already includes parts.
12106,2226,22년 K5(LPG),MIDSIZE,4,2025-06-22 09:41:00,2025-07-27 01:24:00,0,0,0,4,131133,133144,,unavailable,observed_aggregate,Do not add maintenance_cost and detail_part_price unless Jejuro confirms whether cost already includes parts.
12107,2226,22년 K5(LPG),MIDSIZE,3,2025-06-23 02:50:00,2025-08-09 07:49:00,0,0,0,3,125660,128673,,unavailable,observed_aggregate,Do not add maintenance_cost and detail_part_price unless Jejuro confirms whether cost already includes parts.
12108,2226,22년 K5(LPG),MIDSIZE,2,2025-06-23 04:38:00,2025-06-23 05:44:00,0,0,0,2,102960,102960,,unavailable,observed_aggregate,Do not add maintenance_cost and detail_part_price unless Jejuro confirms whether cost already includes parts.
12109,2226,22년 K5(LPG),MIDSIZE,2,2025-06-23 05:00:00,2025-06-23 06:14:00,0,0,0,2,106628,106628,,unavailable,observed_aggregate,Do not add maintenance_cost and detail_part_price unless Jejuro confirms whether cost already includes parts.
12110,2226,22년 K5(LPG),MIDSIZE,4,2025-06-23 03:02:00,2025-08-25 09:40:00,0,0,0,4,102600,107485,,unavailable,observed_aggregate,Do not add maintenance_cost and detail_part_price unless Jejuro confirms whether cost already includes parts.
12111,2227,25년 BMW X7 xdrive40i 하이브리드(휘),SUPERCAR,4,2025-06-19 04:31:00,2026-04-28 05:57:00,0,0,0,3,80,15459,,unavailable,observed_aggregate,Do not add maintenance_cost and detail_part_price unless Jejuro confirms whether cost already includes parts.
12242,2155,25년 아반떼 하이브리드(휘),COMPACT,2,2025-09-17 09:23:00,2026-01-31 04:24:00,0,0,0,1,10204,10204,,unavailable,observed_aggregate,Do not add maintenance_cost and detail_part_price unless Jejuro confirms whether cost already includes parts.
12243,2250,25년 팰리세이드 하이브리드 4륜 (휘),SUV,4,2025-09-17 04:15:00,2026-05-11 07:15:00,0,0,0,3,3781,10595,,unavailable,observed_aggregate,Do not add maintenance_cost and detail_part_price unless Jejuro confirms whether cost already includes parts.
12244,2250,25년 팰리세이드 하이브리드 4륜 (휘),SUV,2,2025-09-17 04:16:00,2026-04-09 05:07:00,0,0,0,1,11449,11449,,unavailable,observed_aggregate,Do not add maintenance_cost and detail_part_price unless Jejuro confirms whether cost already includes parts.
12245,2250,25년 팰리세이드 하이브리드 4륜 (휘),SUV,3,2025-09-17 05:01:00,2026-08-13 09:17:00,0,0,0,2,12189,20101,,unavailable,observed_aggregate,Do not add maintenance_cost and detail_part_price unless Jejuro confirms whether cost already includes parts.
12246,2250,25년 팰리세이드 하이브리드 4륜 (휘),SUV,3,2025-09-17 05:01:00,2026-04-17 08:45:00,0,0,0,2,12189,12534,,unavailable,observed_aggregate,Do not add maintenance_cost and detail_part_price unless Jejuro confirms whether cost already includes parts.
12247,2250,25년 팰리세이드 하이브리드 4륜 (휘),SUV,2,2025-09-18 22:45:00,2026-04-28 05:48:00,0,0,0,1,11534,11534,,unavailable,observed_aggregate,Do not add maintenance_cost and detail_part_price unless Jejuro confirms whether cost already includes parts.
12248,2099,25년 EV3(전기),EV,4,2025-09-29 08:57:00,2026-08-17 03:55:00,0,0,0,3,12436,23950,,unavailable,observed_aggregate,Do not add maintenance_cost and detail_part_price unless Jejuro confirms whether cost already includes parts.
12249,2099,25년 EV3(전기),EV,2,2025-09-29 08:58:00,2026-04-16 00:47:00,0,0,0,1,12819,12819,,unavailable,observed_aggregate,Do not add maintenance_cost and detail_part_price unless Jejuro confirms whether cost already includes parts.
12253,2252,26년 BMW 420i 컨버터블(휘),IMPORTED,2,2025-11-15 05:12:00,2026-07-16 08:56:00,0,0,0,1,15383,15383,,unavailable,observed_aggregate,Do not add maintenance_cost and detail_part_price unless Jejuro confirms whether cost already includes parts.
12254,2252,26년 BMW 420i 컨버터블(휘),IMPORTED,4,2025-11-15 05:12:00,2026-07-27 08:06:00,0,0,0,3,5619,14698,,unavailable,observed_aggregate,Do not add maintenance_cost and detail_part_price unless Jejuro confirms whether cost already includes parts.
12255,2252,26년 BMW 420i 컨버터블(휘),IMPORTED,2,2025-11-15 05:12:00,2026-07-16 08:57:00,0,0,0,1,15962,15962,,unavailable,observed_aggregate,Do not add maintenance_cost and detail_part_price unless Jejuro confirms whether cost already includes parts.
12256,2252,26년 BMW 420i 컨버터블(휘),IMPORTED,3,2025-11-15 05:13:00,2026-08-17 00:21:00,0,0,0,2,11891,15646,,unavailable,observed_aggregate,Do not add maintenance_cost and detail_part_price unless Jejuro confirms whether cost already includes parts.
12257,2252,26년 BMW 420i 컨버터블(휘),IMPORTED,3,2025-11-15 05:13:00,2026-06-15 08:12:00,0,0,110000,2,596,12077,,unavailable,observed_aggregate,Do not add maintenance_cost and detail_part_price unless Jejuro confirms whether cost already includes parts.
12261,2253,26년 BMW X6 xdrive30d M sport(경유),SUPERCAR,1,2025-11-28 07:40:00,2025-11-28 07:40:00,0,0,0,0,,,,unavailable,observed_aggregate,Do not add maintenance_cost and detail_part_price unless Jejuro confirms whether cost already includes parts.
12262,2254,26년 쏠라티(15인/경유),RV,1,2025-12-18 03:35:00,2025-12-18 03:35:00,0,0,0,0,,,,unavailable,observed_aggregate,Do not add maintenance_cost and detail_part_price unless Jejuro confirms whether cost already includes parts.
12263,2255,26년 투싼(휘),SUV,2,2025-12-24 09:42:00,2026-06-28 08:13:00,0,0,0,1,11390,11390,,unavailable,observed_aggregate,Do not add maintenance_cost and detail_part_price unless Jejuro confirms whether cost already includes parts.
12264,2255,26년 투싼(휘),SUV,2,2025-12-24 09:42:00,2026-08-17 09:20:00,0,0,0,1,12236,12236,,unavailable,observed_aggregate,Do not add maintenance_cost and detail_part_price unless Jejuro confirms whether cost already includes parts.
12265,2256,26년  스포티지(휘),SUV,2,2025-12-23 08:48:00,2026-05-30 06:17:00,0,0,0,1,11116,11116,,unavailable,observed_aggregate,Do not add maintenance_cost and detail_part_price unless Jejuro confirms whether cost already includes parts.
12266,2256,26년  스포티지(휘),SUV,0,,,,,0,0,,,,unavailable,observed_aggregate,Do not add maintenance_cost and detail_part_price unless Jejuro confirms whether cost already includes parts.
12267,2255,26년 투싼(휘),SUV,2,2025-12-24 09:44:00,2026-06-25 01:03:00,0,0,0,1,11370,11370,,unavailable,observed_aggregate,Do not add maintenance_cost and detail_part_price unless Jejuro confirms whether cost already includes parts.
12268,2255,26년 투싼(휘),SUV,2,2025-12-24 09:42:00,2026-06-23 06:59:00,0,0,0,1,11301,11301,,unavailable,observed_aggregate,Do not add maintenance_cost and detail_part_price unless Jejuro confirms whether cost already includes parts.
12269,2257,26년 카니발리무진 7인승(휘),RV,3,2025-12-24 09:42:00,2026-07-16 02:31:00,0,0,0,2,7664,11635,,unavailable,observed_aggregate,Do not add maintenance_cost and detail_part_price unless Jejuro confirms whether cost already includes parts.
12270,2257,26년 카니발리무진 7인승(휘),RV,2,2025-12-24 09:43:00,2026-08-08 03:10:00,0,0,0,1,11700,11700,,unavailable,observed_aggregate,Do not add maintenance_cost and detail_part_price unless Jejuro confirms whether cost already includes parts.
12271,2257,26년 카니발리무진 7인승(휘),RV,3,2025-12-24 09:43:00,2026-07-29 07:55:00,0,0,0,2,10430,11907,,unavailable,observed_aggregate,Do not add maintenance_cost and detail_part_price unless Jejuro confirms whether cost already includes parts.
12272,2257,26년 카니발리무진 7인승(휘),RV,2,2025-12-24 09:45:00,2026-07-27 00:43:00,0,0,0,1,11694,11694,,unavailable,observed_aggregate,Do not add maintenance_cost and detail_part_price unless Jejuro confirms whether cost already includes parts.
12273,2257,26년 카니발리무진 7인승(휘),RV,3,2025-12-24 09:49:00,2026-07-04 01:01:00,0,0,0,2,6786,11412,,unavailable,observed_aggregate,Do not add maintenance_cost and detail_part_price unless Jejuro confirms whether cost already includes parts.
12274,2257,26년 카니발리무진 7인승(휘),RV,2,2025-12-24 09:51:00,2026-07-19 05:56:00,0,0,0,1,11291,11291,,unavailable,observed_aggregate,Do not add maintenance_cost and detail_part_price unless Jejuro confirms whether cost already includes parts.
12275,2257,26년 카니발리무진 7인승(휘),RV,1,2025-12-24 09:53:00,2025-12-24 09:53:00,0,0,0,0,,,,unavailable,observed_aggregate,Do not add maintenance_cost and detail_part_price unless Jejuro confirms whether cost already includes parts.
12276,2257,26년 카니발리무진 7인승(휘),RV,3,2025-12-24 10:13:00,2026-07-25 04:40:00,0,0,0,2,10978,11565,,unavailable,observed_aggregate,Do not add maintenance_cost and detail_part_price unless Jejuro confirms whether cost already includes parts.
12297,2262,26년 레이(휘),URBAN,3,2026-01-10 00:39:00,2026-06-24 08:50:00,0,0,0,2,8736,11469,,unavailable,observed_aggregate,Do not add maintenance_cost and detail_part_price unless Jejuro confirms whether cost already includes parts.
12298,2262,26년 레이(휘),URBAN,3,2026-01-10 00:41:00,2026-07-12 01:00:00,0,0,0,2,5336,11329,,unavailable,observed_aggregate,Do not add maintenance_cost and detail_part_price unless Jejuro confirms whether cost already includes parts.
12299,2262,26년 레이(휘),URBAN,2,2026-01-10 00:42:00,2026-07-18 07:09:00,0,0,0,1,11367,11367,,unavailable,observed_aggregate,Do not add maintenance_cost and detail_part_price unless Jejuro confirms whether cost already includes parts.
12300,2262,26년 레이(휘),URBAN,3,2026-01-10 00:46:00,2026-07-13 09:42:00,0,0,0,2,10842,13183,,unavailable,observed_aggregate,Do not add maintenance_cost and detail_part_price unless Jejuro confirms whether cost already includes parts.
12301,2262,26년 레이(휘),URBAN,2,2026-01-10 00:46:00,2026-07-02 06:17:00,0,0,0,1,11259,11259,,unavailable,observed_aggregate,Do not add maintenance_cost and detail_part_price unless Jejuro confirms whether cost already includes parts.
12302,2263,26년 팰리세이드4륜(휘),SUV,3,2026-01-12 08:33:00,2026-07-31 09:16:00,0,0,680000,2,7457,11701,,unavailable,observed_aggregate,Do not add maintenance_cost and detail_part_price unless Jejuro confirms whether cost already includes parts.
12303,2263,26년 팰리세이드4륜(휘),SUV,2,2026-01-12 08:35:00,2026-07-16 04:02:00,0,0,0,1,8361,8361,,unavailable,observed_aggregate,Do not add maintenance_cost and detail_part_price unless Jejuro confirms whether cost already includes parts.
12304,2263,26년 팰리세이드4륜(휘),SUV,2,2026-01-12 08:36:00,2026-08-09 00:22:00,0,0,0,1,11520,11520,,unavailable,observed_aggregate,Do not add maintenance_cost and detail_part_price unless Jejuro confirms whether cost already includes parts.
12305,2263,26년 팰리세이드4륜(휘),SUV,2,2026-01-12 08:37:00,2026-07-16 00:51:00,0,0,0,1,11546,11546,,unavailable,observed_aggregate,Do not add maintenance_cost and detail_part_price unless Jejuro confirms whether cost already includes parts.
12329,2263,26년 팰리세이드4륜(휘),SUV,3,2026-01-12 08:38:00,2026-06-05 05:57:00,0,0,0,2,7329,7494,,unavailable,observed_aggregate,Do not add maintenance_cost and detail_part_price unless Jejuro confirms whether cost already includes parts.
12330,2263,26년 팰리세이드4륜(휘),SUV,1,2026-01-12 08:38:00,2026-01-12 08:38:00,0,0,0,0,,,,unavailable,observed_aggregate,Do not add maintenance_cost and detail_part_price unless Jejuro confirms whether cost already includes parts.
12331,2263,26년 팰리세이드4륜(휘),SUV,2,2026-01-12 08:38:00,2026-08-06 01:01:00,0,0,0,1,11430,11430,,unavailable,observed_aggregate,Do not add maintenance_cost and detail_part_price unless Jejuro confirms whether cost already includes parts.
12332,2263,26년 팰리세이드4륜(휘),SUV,4,2026-01-12 08:39:00,2026-08-10 07:36:00,0,0,0,3,4663,11381,,unavailable,observed_aggregate,Do not add maintenance_cost and detail_part_price unless Jejuro confirms whether cost already includes parts.
12333,2263,26년 팰리세이드4륜(휘),SUV,2,2026-01-12 08:39:00,2026-06-16 08:46:00,0,0,0,1,7377,7377,,unavailable,observed_aggregate,Do not add maintenance_cost and detail_part_price unless Jejuro confirms whether cost already includes parts.
12334,2263,26년 팰리세이드4륜(휘),SUV,1,2026-01-12 08:39:00,2026-01-12 08:39:00,0,0,0,0,,,,unavailable,observed_aggregate,Do not add maintenance_cost and detail_part_price unless Jejuro confirms whether cost already includes parts.
12335,2263,26년 팰리세이드4륜(휘),SUV,1,2026-01-12 08:40:00,2026-01-12 08:40:00,0,0,0,0,,,,unavailable,observed_aggregate,Do not add maintenance_cost and detail_part_price unless Jejuro confirms whether cost already includes parts.
12336,2263,26년 팰리세이드4륜(휘),SUV,2,2026-01-12 08:40:00,2026-04-06 09:29:00,0,0,0,1,2481,2481,,unavailable,observed_aggregate,Do not add maintenance_cost and detail_part_price unless Jejuro confirms whether cost already includes parts.
12337,2263,26년 팰리세이드4륜(휘),SUV,2,2026-01-12 08:32:00,2026-07-19 00:29:00,0,0,0,1,11067,11067,,unavailable,observed_aggregate,Do not add maintenance_cost and detail_part_price unless Jejuro confirms whether cost already includes parts.
12484,2282,26년 더 K8(휘),LUXURY,2,2026-01-26 02:01:00,2026-06-18 09:19:00,0,0,0,1,7827,7827,,unavailable,observed_aggregate,Do not add maintenance_cost and detail_part_price unless Jejuro confirms whether cost already includes parts.
12485,2282,26년 더 K8(휘),LUXURY,4,2026-01-26 02:01:00,2026-08-02 06:41:00,0,0,0,3,7901,11100,,unavailable,observed_aggregate,Do not add maintenance_cost and detail_part_price unless Jejuro confirms whether cost already includes parts.
12486,2282,26년 더 K8(휘),LUXURY,2,2026-01-26 02:02:00,2026-06-19 09:19:00,0,0,0,1,7934,7934,,unavailable,observed_aggregate,Do not add maintenance_cost and detail_part_price unless Jejuro confirms whether cost already includes parts.
12487,2282,26년 더 K8(휘),LUXURY,4,2026-01-26 02:02:00,2026-08-08 00:54:00,0,0,0,3,2380,11674,,unavailable,observed_aggregate,Do not add maintenance_cost and detail_part_price unless Jejuro confirms whether cost already includes parts.
12511,2286,26년 스타리아 11인승 하이브리드(휘),RV,1,2026-02-08 01:00:00,2026-02-08 01:00:00,0,0,0,0,,,,unavailable,observed_aggregate,Do not add maintenance_cost and detail_part_price unless Jejuro confirms whether cost already includes parts.
12512,2286,26년 스타리아 11인승 하이브리드(휘),RV,1,2026-02-08 01:03:00,2026-02-08 01:03:00,0,0,0,0,,,,unavailable,observed_aggregate,Do not add maintenance_cost and detail_part_price unless Jejuro confirms whether cost already includes parts.
12567,2286,26년 스타리아 11인승 하이브리드(휘),RV,3,2026-02-08 01:05:00,2026-08-10 03:47:00,0,0,0,2,2196,11161,,unavailable,observed_aggregate,Do not add maintenance_cost and detail_part_price unless Jejuro confirms whether cost already includes parts.
12568,2286,26년 스타리아 11인승 하이브리드(휘),RV,1,2026-02-08 01:07:00,2026-02-08 01:07:00,0,0,0,0,,,,unavailable,observed_aggregate,Do not add maintenance_cost and detail_part_price unless Jejuro confirms whether cost already includes parts.
12569,2286,26년 스타리아 11인승 하이브리드(휘),RV,1,2026-02-08 08:11:00,2026-02-08 08:11:00,0,0,0,0,,,,unavailable,observed_aggregate,Do not add maintenance_cost and detail_part_price unless Jejuro confirms whether cost already includes parts.
12570,2288,26년 스포티지 4륜(휘),SUV,1,2026-02-08 08:11:00,2026-02-08 08:11:00,0,0,0,0,,,,unavailable,observed_aggregate,Do not add maintenance_cost and detail_part_price unless Jejuro confirms whether cost already includes parts.
12571,2289,26년 그랜저 GN7(휘),LUXURY,2,2026-02-08 00:57:00,2026-08-11 07:46:00,0,0,0,1,8961,8961,,unavailable,observed_aggregate,Do not add maintenance_cost and detail_part_price unless Jejuro confirms whether cost already includes parts.
12572,2289,26년 그랜저 GN7(휘),LUXURY,2,2026-02-08 00:56:00,2026-08-17 08:04:00,0,0,0,1,11953,11953,,unavailable,observed_aggregate,Do not add maintenance_cost and detail_part_price unless Jejuro confirms whether cost already includes parts.
12573,2289,26년 그랜저 GN7(휘),LUXURY,1,2026-02-08 00:58:00,2026-02-08 00:58:00,0,0,0,0,,,,unavailable,observed_aggregate,Do not add maintenance_cost and detail_part_price unless Jejuro confirms whether cost already includes parts.
12576,2291,26년 더 K5 하이브리드(휘),MIDSIZE,1,2026-02-09 08:21:00,2026-02-09 08:21:00,0,0,0,0,,,,unavailable,observed_aggregate,Do not add maintenance_cost and detail_part_price unless Jejuro confirms whether cost already includes parts.
12577,2291,26년 더 K5 하이브리드(휘),MIDSIZE,2,2026-02-09 08:21:00,2026-07-28 09:28:00,0,0,0,1,11460,11460,,unavailable,observed_aggregate,Do not add maintenance_cost and detail_part_price unless Jejuro confirms whether cost already includes parts.
12578,2291,26년 더 K5 하이브리드(휘),MIDSIZE,2,2026-02-09 08:21:00,2026-08-10 04:37:00,0,0,0,1,11304,11304,,unavailable,observed_aggregate,Do not add maintenance_cost and detail_part_price unless Jejuro confirms whether cost already includes parts.
12579,2291,26년 더 K5 하이브리드(휘),MIDSIZE,2,2026-02-09 08:22:00,2026-02-19 15:00:00,0,0,0,1,50,50,,unavailable,observed_aggregate,Do not add maintenance_cost and detail_part_price unless Jejuro confirms whether cost already includes parts.
12580,2291,26년 더 K5 하이브리드(휘),MIDSIZE,2,2026-02-09 08:22:00,2026-08-13 04:06:00,0,0,0,1,11899,11899,,unavailable,observed_aggregate,Do not add maintenance_cost and detail_part_price unless Jejuro confirms whether cost already includes parts.
12581,2291,26년 더 K5 하이브리드(휘),MIDSIZE,3,2026-02-09 08:22:00,2026-08-10 00:10:00,0,0,0,2,8907,12011,,unavailable,observed_aggregate,Do not add maintenance_cost and detail_part_price unless Jejuro confirms whether cost already includes parts.
12582,2290,26년 더 K5 고급형 (휘),MIDSIZE,1,2026-02-09 08:17:00,2026-02-09 08:17:00,0,0,0,0,,,,unavailable,observed_aggregate,Do not add maintenance_cost and detail_part_price unless Jejuro confirms whether cost already includes parts.
12583,2290,26년 더 K5 고급형 (휘),MIDSIZE,2,2026-02-09 08:18:00,2026-06-15 08:53:00,0,0,0,1,4545,4545,,unavailable,observed_aggregate,Do not add maintenance_cost and detail_part_price unless Jejuro confirms whether cost already includes parts.
12584,2290,26년 더 K5 고급형 (휘),MIDSIZE,1,2026-02-09 08:18:00,2026-02-09 08:18:00,0,0,0,0,,,,unavailable,observed_aggregate,Do not add maintenance_cost and detail_part_price unless Jejuro confirms whether cost already includes parts.
12585,2290,26년 더 K5 고급형 (휘),MIDSIZE,3,2026-02-09 08:18:00,2026-06-15 08:10:00,0,0,200000,2,2598,4543,,unavailable,observed_aggregate,Do not add maintenance_cost and detail_part_price unless Jejuro confirms whether cost already includes parts.
12586,2290,26년 더 K5 고급형 (휘),MIDSIZE,2,2026-02-09 08:18:00,2026-08-01 06:16:00,0,0,0,1,11363,11363,,unavailable,observed_aggregate,Do not add maintenance_cost and detail_part_price unless Jejuro confirms whether cost already includes parts.
12587,2290,26년 더 K5 고급형 (휘),MIDSIZE,1,2026-02-09 08:18:00,2026-02-09 08:18:00,0,0,0,0,,,,unavailable,observed_aggregate,Do not add maintenance_cost and detail_part_price unless Jejuro confirms whether cost already includes parts.
12588,2290,26년 더 K5 고급형 (휘),MIDSIZE,1,2026-02-09 08:19:00,2026-02-09 08:19:00,0,0,0,0,,,,unavailable,observed_aggregate,Do not add maintenance_cost and detail_part_price unless Jejuro confirms whether cost already includes parts.
12589,2290,26년 더 K5 고급형 (휘),MIDSIZE,2,2026-02-09 08:19:00,2026-06-18 08:08:00,0,0,0,1,5032,5032,,unavailable,observed_aggregate,Do not add maintenance_cost and detail_part_price unless Jejuro confirms whether cost already includes parts.
12590,2290,26년 더 K5 고급형 (휘),MIDSIZE,1,2026-02-09 08:19:00,2026-02-09 08:19:00,0,0,0,0,,,,unavailable,observed_aggregate,Do not add maintenance_cost and detail_part_price unless Jejuro confirms whether cost already includes parts.
12591,2290,26년 더 K5 고급형 (휘),MIDSIZE,1,2026-02-09 08:20:00,2026-02-09 08:20:00,0,0,0,0,,,,unavailable,observed_aggregate,Do not add maintenance_cost and detail_part_price unless Jejuro confirms whether cost already includes parts.
12592,2290,26년 더 K5 고급형 (휘),MIDSIZE,2,2026-02-09 08:20:00,2026-03-12 04:57:00,0,0,0,1,924,924,,unavailable,observed_aggregate,Do not add maintenance_cost and detail_part_price unless Jejuro confirms whether cost already includes parts.
12593,2290,26년 더 K5 고급형 (휘),MIDSIZE,1,2026-02-09 08:20:00,2026-02-09 08:20:00,0,0,0,0,,,,unavailable,observed_aggregate,Do not add maintenance_cost and detail_part_price unless Jejuro confirms whether cost already includes parts.
12594,2290,26년 더 K5 고급형 (휘),MIDSIZE,2,2026-02-09 08:20:00,2026-03-13 01:00:00,0,0,0,1,766,766,,unavailable,observed_aggregate,Do not add maintenance_cost and detail_part_price unless Jejuro confirms whether cost already includes parts.
12595,2290,26년 더 K5 고급형 (휘),MIDSIZE,1,2026-02-09 08:21:00,2026-02-09 08:21:00,0,0,0,0,,,,unavailable,observed_aggregate,Do not add maintenance_cost and detail_part_price unless Jejuro confirms whether cost already includes parts.
12596,2290,26년 더 K5 고급형 (휘),MIDSIZE,1,2026-02-09 08:21:00,2026-02-09 08:21:00,0,0,0,0,,,,unavailable,observed_aggregate,Do not add maintenance_cost and detail_part_price unless Jejuro confirms whether cost already includes parts.
12597,2289,26년 그랜저 GN7(휘),LUXURY,1,2026-02-09 08:23:00,2026-02-09 08:23:00,0,0,0,0,,,,unavailable,observed_aggregate,Do not add maintenance_cost and detail_part_price unless Jejuro confirms whether cost already includes parts.
12598,2289,26년 그랜저 GN7(휘),LUXURY,1,2026-02-09 08:23:00,2026-02-09 08:23:00,0,0,0,0,,,,unavailable,observed_aggregate,Do not add maintenance_cost and detail_part_price unless Jejuro confirms whether cost already includes parts.
12599,2293,26년 BMW 520i  M스포츠(휘),IMPORTED,1,2026-02-09 08:24:00,2026-02-09 08:24:00,0,0,0,0,,,,unavailable,observed_aggregate,Do not add maintenance_cost and detail_part_price unless Jejuro confirms whether cost already includes parts.
12600,2293,26년 BMW 520i  M스포츠(휘),IMPORTED,1,2026-02-09 08:24:00,2026-02-09 08:24:00,0,0,0,0,,,,unavailable,observed_aggregate,Do not add maintenance_cost and detail_part_price unless Jejuro confirms whether cost already includes parts.
12601,2293,26년 BMW 520i  M스포츠(휘),IMPORTED,2,2026-02-09 08:25:00,2026-04-09 05:40:00,0,0,0,1,2969,2969,,unavailable,observed_aggregate,Do not add maintenance_cost and detail_part_price unless Jejuro confirms whether cost already includes parts.
12602,2293,26년 BMW 520i  M스포츠(휘),IMPORTED,2,2026-02-09 08:25:00,2026-03-10 09:00:00,0,0,0,1,400,400,,unavailable,observed_aggregate,Do not add maintenance_cost and detail_part_price unless Jejuro confirms whether cost already includes parts.
12603,2252,26년 BMW 420i 컨버터블(휘),IMPORTED,1,2026-02-09 08:24:00,2026-02-09 08:24:00,0,0,0,0,,,,unavailable,observed_aggregate,Do not add maintenance_cost and detail_part_price unless Jejuro confirms whether cost already includes parts.
12608,2295,26년 아반떼(휘),COMPACT,2,2026-02-09 08:15:00,2026-04-23 03:13:00,0,0,0,1,3473,3473,,unavailable,observed_aggregate,Do not add maintenance_cost and detail_part_price unless Jejuro confirms whether cost already includes parts.
12609,2295,26년 아반떼(휘),COMPACT,1,2026-02-09 08:15:00,2026-02-09 08:15:00,0,0,0,0,,,,unavailable,observed_aggregate,Do not add maintenance_cost and detail_part_price unless Jejuro confirms whether cost already includes parts.
12610,2295,26년 아반떼(휘),COMPACT,2,2026-02-09 08:15:00,2026-08-08 00:36:00,0,0,0,1,11499,11499,,unavailable,observed_aggregate,Do not add maintenance_cost and detail_part_price unless Jejuro confirms whether cost already includes parts.
12611,2295,26년 아반떼(휘),COMPACT,1,2026-02-09 08:15:00,2026-02-09 08:15:00,0,0,0,0,,,,unavailable,observed_aggregate,Do not add maintenance_cost and detail_part_price unless Jejuro confirms whether cost already includes parts.
12612,2295,26년 아반떼(휘),COMPACT,1,2026-02-09 08:16:00,2026-02-09 08:16:00,0,0,0,0,,,,unavailable,observed_aggregate,Do not add maintenance_cost and detail_part_price unless Jejuro confirms whether cost already includes parts.
12613,2295,26년 아반떼(휘),COMPACT,1,2026-02-09 08:16:00,2026-02-09 08:16:00,0,0,0,0,,,,unavailable,observed_aggregate,Do not add maintenance_cost and detail_part_price unless Jejuro confirms whether cost already includes parts.
12614,2295,26년 아반떼(휘),COMPACT,1,2026-02-09 08:17:00,2026-02-09 08:17:00,0,0,0,0,,,,unavailable,observed_aggregate,Do not add maintenance_cost and detail_part_price unless Jejuro confirms whether cost already includes parts.
12615,2295,26년 아반떼(휘),COMPACT,2,2026-02-09 08:17:00,2026-06-18 08:08:00,0,0,0,1,5901,5901,,unavailable,observed_aggregate,Do not add maintenance_cost and detail_part_price unless Jejuro confirms whether cost already includes parts.
12631,2288,26년 스포티지 4륜(휘),SUV,1,2026-02-10 05:49:00,2026-02-10 05:49:00,0,0,0,0,,,,unavailable,observed_aggregate,Do not add maintenance_cost and detail_part_price unless Jejuro confirms whether cost already includes parts.
12632,2297,26년 더 K5(휘),MIDSIZE,1,2026-02-11 22:55:00,2026-02-11 22:55:00,0,0,0,0,,,,unavailable,observed_aggregate,Do not add maintenance_cost and detail_part_price unless Jejuro confirms whether cost already includes parts.
12633,2297,26년 더 K5(휘),MIDSIZE,2,2026-02-11 22:55:00,2026-03-17 08:51:00,0,0,0,1,1234,1234,,unavailable,observed_aggregate,Do not add maintenance_cost and detail_part_price unless Jejuro confirms whether cost already includes parts.
12634,2297,26년 더 K5(휘),MIDSIZE,1,2026-02-11 22:56:00,2026-02-11 22:56:00,0,0,0,0,,,,unavailable,observed_aggregate,Do not add maintenance_cost and detail_part_price unless Jejuro confirms whether cost already includes parts.
12635,2297,26년 더 K5(휘),MIDSIZE,1,2026-02-11 22:57:00,2026-02-11 22:57:00,0,0,0,0,,,,unavailable,observed_aggregate,Do not add maintenance_cost and detail_part_price unless Jejuro confirms whether cost already includes parts.
12636,2297,26년 더 K5(휘),MIDSIZE,1,2026-02-11 22:57:00,2026-02-11 22:57:00,0,0,0,0,,,,unavailable,observed_aggregate,Do not add maintenance_cost and detail_part_price unless Jejuro confirms whether cost already includes parts.
12637,2288,26년 스포티지 4륜(휘),SUV,1,2026-02-12 08:57:00,2026-02-12 08:57:00,0,0,0,0,,,,unavailable,observed_aggregate,Do not add maintenance_cost and detail_part_price unless Jejuro confirms whether cost already includes parts.
12638,2288,26년 스포티지 4륜(휘),SUV,1,2026-02-12 08:58:00,2026-02-12 08:58:00,0,0,0,0,,,,unavailable,observed_aggregate,Do not add maintenance_cost and detail_part_price unless Jejuro confirms whether cost already includes parts.
12639,2288,26년 스포티지 4륜(휘),SUV,2,2026-02-12 09:15:00,2026-08-13 04:55:00,0,0,0,1,11595,11595,,unavailable,observed_aggregate,Do not add maintenance_cost and detail_part_price unless Jejuro confirms whether cost already includes parts.
12640,2288,26년 스포티지 4륜(휘),SUV,1,2026-02-12 09:17:00,2026-02-12 09:17:00,0,0,0,0,,,,unavailable,observed_aggregate,Do not add maintenance_cost and detail_part_price unless Jejuro confirms whether cost already includes parts.
12641,2288,26년 스포티지 4륜(휘),SUV,1,2026-02-12 09:18:00,2026-02-12 09:18:00,0,0,0,0,,,,unavailable,observed_aggregate,Do not add maintenance_cost and detail_part_price unless Jejuro confirms whether cost already includes parts.
12642,2288,26년 스포티지 4륜(휘),SUV,1,2026-02-12 09:19:00,2026-02-12 09:19:00,0,0,0,0,,,,unavailable,observed_aggregate,Do not add maintenance_cost and detail_part_price unless Jejuro confirms whether cost already includes parts.
12643,2288,26년 스포티지 4륜(휘),SUV,1,2026-02-12 09:20:00,2026-02-12 09:20:00,0,0,0,0,,,,unavailable,observed_aggregate,Do not add maintenance_cost and detail_part_price unless Jejuro confirms whether cost already includes parts.
12644,2288,26년 스포티지 4륜(휘),SUV,1,2026-02-12 09:21:00,2026-02-12 09:21:00,0,0,0,0,,,,unavailable,observed_aggregate,Do not add maintenance_cost and detail_part_price unless Jejuro confirms whether cost already includes parts.
12755,2307,26년 EV4(전기),EV,1,2026-04-10 09:09:00,2026-04-10 09:09:00,0,0,0,0,,,,unavailable,observed_aggregate,Do not add maintenance_cost and detail_part_price unless Jejuro confirms whether cost already includes parts.
12756,2307,26년 EV4(전기),EV,1,2026-04-10 09:10:00,2026-04-10 09:10:00,0,0,0,0,,,,unavailable,observed_aggregate,Do not add maintenance_cost and detail_part_price unless Jejuro confirms whether cost already includes parts.
12757,2307,26년 EV4(전기),EV,2,2026-04-10 09:11:00,2026-07-29 07:59:00,0,0,0,1,7976,7976,,unavailable,observed_aggregate,Do not add maintenance_cost and detail_part_price unless Jejuro confirms whether cost already includes parts.
12758,2307,26년 EV4(전기),EV,1,2026-04-10 09:11:00,2026-04-10 09:11:00,0,0,0,0,,,,unavailable,observed_aggregate,Do not add maintenance_cost and detail_part_price unless Jejuro confirms whether cost already includes parts.
12759,2307,26년 EV4(전기),EV,1,2026-04-10 09:12:00,2026-04-10 09:12:00,0,0,0,0,,,,unavailable,observed_aggregate,Do not add maintenance_cost and detail_part_price unless Jejuro confirms whether cost already includes parts.
12771,2295,26년 아반떼(휘),COMPACT,3,2026-04-10 09:17:00,2026-08-12 06:32:00,0,0,0,2,1260,5420,,unavailable,observed_aggregate,Do not add maintenance_cost and detail_part_price unless Jejuro confirms whether cost already includes parts.
12772,2295,26년 아반떼(휘),COMPACT,1,2026-04-10 09:18:00,2026-04-10 09:18:00,0,0,0,0,,,,unavailable,observed_aggregate,Do not add maintenance_cost and detail_part_price unless Jejuro confirms whether cost already includes parts.
12773,2295,26년 아반떼(휘),COMPACT,1,2026-04-10 09:18:00,2026-04-10 09:18:00,0,0,0,0,,,,unavailable,observed_aggregate,Do not add maintenance_cost and detail_part_price unless Jejuro confirms whether cost already includes parts.
12774,2295,26년 아반떼(휘),COMPACT,1,2026-04-10 09:18:00,2026-04-10 09:18:00,0,0,0,0,,,,unavailable,observed_aggregate,Do not add maintenance_cost and detail_part_price unless Jejuro confirms whether cost already includes parts.
12775,2295,26년 아반떼(휘),COMPACT,2,2026-04-10 09:19:00,2026-04-30 09:36:00,0,0,0,1,740,740,,unavailable,observed_aggregate,Do not add maintenance_cost and detail_part_price unless Jejuro confirms whether cost already includes parts.
12776,2295,26년 아반떼(휘),COMPACT,1,2026-04-10 09:19:00,2026-04-10 09:19:00,0,0,0,0,,,,unavailable,observed_aggregate,Do not add maintenance_cost and detail_part_price unless Jejuro confirms whether cost already includes parts.
12777,2295,26년 아반떼(휘),COMPACT,0,,,,,0,0,,,,unavailable,observed_aggregate,Do not add maintenance_cost and detail_part_price unless Jejuro confirms whether cost already includes parts.
12778,2295,26년 아반떼(휘),COMPACT,1,2026-04-10 09:19:00,2026-04-10 09:19:00,0,0,0,0,,,,unavailable,observed_aggregate,Do not add maintenance_cost and detail_part_price unless Jejuro confirms whether cost already includes parts.
12779,2295,26년 아반떼(휘),COMPACT,1,2026-04-10 09:20:00,2026-04-10 09:20:00,0,0,0,0,,,,unavailable,observed_aggregate,Do not add maintenance_cost and detail_part_price unless Jejuro confirms whether cost already includes parts.
12780,2307,26년 EV4(전기),EV,1,2026-04-10 09:13:00,2026-04-10 09:13:00,0,0,0,0,,,,unavailable,observed_aggregate,Do not add maintenance_cost and detail_part_price unless Jejuro confirms whether cost already includes parts.
12781,2312,26년 테슬라 모델Y RWD(전기),IMPORTED,1,2026-04-10 09:14:00,2026-04-10 09:14:00,0,0,0,0,,,,unavailable,observed_aggregate,Do not add maintenance_cost and detail_part_price unless Jejuro confirms whether cost already includes parts.
12782,2312,26년 테슬라 모델Y RWD(전기),IMPORTED,1,2026-04-10 09:14:00,2026-04-10 09:14:00,0,0,0,0,,,,unavailable,observed_aggregate,Do not add maintenance_cost and detail_part_price unless Jejuro confirms whether cost already includes parts.
12783,2312,26년 테슬라 모델Y RWD(전기),IMPORTED,1,2026-04-10 09:15:00,2026-04-10 09:15:00,0,0,0,0,,,,unavailable,observed_aggregate,Do not add maintenance_cost and detail_part_price unless Jejuro confirms whether cost already includes parts.
12784,2312,26년 테슬라 모델Y RWD(전기),IMPORTED,1,2026-04-10 09:15:00,2026-04-10 09:15:00,0,0,0,0,,,,unavailable,observed_aggregate,Do not add maintenance_cost and detail_part_price unless Jejuro confirms whether cost already includes parts.
12785,2312,26년 테슬라 모델Y RWD(전기),IMPORTED,1,2026-04-10 09:16:00,2026-04-10 09:16:00,0,0,0,0,,,,unavailable,observed_aggregate,Do not add maintenance_cost and detail_part_price unless Jejuro confirms whether cost already includes parts.
12864,2312,26년 테슬라 모델Y RWD(전기),IMPORTED,1,2026-06-29 23:00:00,2026-06-29 23:00:00,0,0,0,0,,,,unavailable,observed_aggregate,Do not add maintenance_cost and detail_part_price unless Jejuro confirms whether cost already includes parts.
12865,2312,26년 테슬라 모델Y RWD(전기),IMPORTED,2,2026-06-29 23:01:00,2026-07-23 09:29:00,0,0,3219090,1,1005,1005,,unavailable,observed_aggregate,Do not add maintenance_cost and detail_part_price unless Jejuro confirms whether cost already includes parts.
12871,2326,26년 아우디 Q4 e-tron,IMPORTED,1,2026-07-02 23:59:00,2026-07-02 23:59:00,0,0,0,0,,,,unavailable,observed_aggregate,Do not add maintenance_cost and detail_part_price unless Jejuro confirms whether cost already includes parts.
12905,2291,26년 더 K5 하이브리드(휘),MIDSIZE,1,2026-07-16 00:37:00,2026-07-16 00:37:00,0,0,0,0,,,,unavailable,observed_aggregate,Do not add maintenance_cost and detail_part_price unless Jejuro confirms whether cost already includes parts.
12909,2329,26년 아우디Q5 40 TDI quattro,IMPORTED,1,2026-07-27 05:09:00,2026-07-27 05:09:00,0,0,0,1,130,130,,unavailable,observed_aggregate,Do not add maintenance_cost and detail_part_price unless Jejuro confirms whether cost already includes parts.
